<?xml version="1.0" encoding="UTF-8"?>
<kml xmlns="http://www.opengis.net/kml/2.2">
<Document>
  <name>Optimized CFLP Solution</name>
  <Style id="facilityStyle">
    <IconStyle>
      <color>ff0000ff</color>
      <scale>1.5</scale>
      <Icon><href>http://maps.google.com/mapfiles/kml/pushpin/red-pushpin.png</href></Icon>
    </IconStyle>
  </Style>
  <Style id="customerStyle">
    <IconStyle>
      <color>ffff0000</color>
      <scale>1.0</scale>
      <Icon><href>http://maps.google.com/mapfiles/kml/pushpin/blue-pushpin.png</href></Icon>
    </IconStyle>
  </Style>
  <Style id="lineStyle">
    <LineStyle>
      <color>7f00ff00</color>
      <width>2</width>
    </LineStyle>
  </Style>
  <Placemark>
    <name>Warehouse 0: Gobindaganj</name>
    <styleUrl>#facilityStyle</styleUrl>
    <description>
      Capacity: 113174
      Fixed Cost: 1.70168e+08
    </description>
    <Point>
      <coordinates>89.3869,25.1373,0</coordinates>
    </Point>
  </Placemark>
  <Placemark>
    <name>Warehouse 1: Patiya</name>
    <styleUrl>#facilityStyle</styleUrl>
    <description>
      Capacity: 57923.7
      Fixed Cost: 8.73115e+07
    </description>
    <Point>
      <coordinates>91.9759,22.295,0</coordinates>
    </Point>
  </Placemark>
  <Placemark>
    <name>Warehouse 2: Sonagazi</name>
    <styleUrl>#facilityStyle</styleUrl>
    <description>
      Capacity: 84657.7
      Fixed Cost: 1.27411e+08
    </description>
    <Point>
      <coordinates>91.3928,22.8492,0</coordinates>
    </Point>
  </Placemark>
  <Placemark>
    <name>Warehouse 3: Gangni</name>
    <styleUrl>#facilityStyle</styleUrl>
    <description>
      Capacity: 103371
      Fixed Cost: 1.5564e+08
    </description>
    <Point>
      <coordinates>88.7422,23.8207,0</coordinates>
    </Point>
  </Placemark>
  <Placemark>
    <name>Warehouse 4: Banaripara</name>
    <styleUrl>#facilityStyle</styleUrl>
    <description>
      Capacity: 119412
      Fixed Cost: 1.79711e+08
    </description>
    <Point>
      <coordinates>90.1623,22.7779,0</coordinates>
    </Point>
  </Placemark>
  <Placemark>
    <name>Warehouse 8: Kurigram-S</name>
    <styleUrl>#facilityStyle</styleUrl>
    <description>
      Capacity: 66835
      Fixed Cost: 1.0074e+08
    </description>
    <Point>
      <coordinates>89.6816,25.8282,0</coordinates>
    </Point>
  </Placemark>
  <Placemark>
    <name>Warehouse 9: Durgapur</name>
    <styleUrl>#facilityStyle</styleUrl>
    <description>
      Capacity: 90004.5
      Fixed Cost: 1.35465e+08
    </description>
    <Point>
      <coordinates>88.7696,24.445,0</coordinates>
    </Point>
  </Placemark>
  <Placemark>
    <name>Warehouse 10: Chirirbandar</name>
    <styleUrl>#facilityStyle</styleUrl>
    <description>
      Capacity: 119412
      Fixed Cost: 1.79579e+08
    </description>
    <Point>
      <coordinates>88.7771,25.6503,0</coordinates>
    </Point>
  </Placemark>
  <Placemark>
    <name>Warehouse 11: Lakhai</name>
    <styleUrl>#facilityStyle</styleUrl>
    <description>
      Capacity: 49012.3
      Fixed Cost: 7.40833e+07
    </description>
    <Point>
      <coordinates>91.3024,24.3106,0</coordinates>
    </Point>
  </Placemark>
  <Placemark>
    <name>Warehouse 12: Durgapur</name>
    <styleUrl>#facilityStyle</styleUrl>
    <description>
      Capacity: 101589
      Fixed Cost: 1.52803e+08
    </description>
    <Point>
      <coordinates>90.6757,25.1138,0</coordinates>
    </Point>
  </Placemark>
  <Placemark>
    <name>Warehouse 16: Gouripur</name>
    <styleUrl>#facilityStyle</styleUrl>
    <description>
      Capacity: 49903.5
      Fixed Cost: 7.54441e+07
    </description>
    <Point>
      <coordinates>90.5683,24.7548,0</coordinates>
    </Point>
  </Placemark>
  <Placemark>
    <name>Warehouse 17: Kalaroa</name>
    <styleUrl>#facilityStyle</styleUrl>
    <description>
      Capacity: 70399.5
      Fixed Cost: 1.06177e+08
    </description>
    <Point>
      <coordinates>89.0394,22.8583,0</coordinates>
    </Point>
  </Placemark>
  <Placemark>
    <name>Warehouse 18: Singair</name>
    <styleUrl>#facilityStyle</styleUrl>
    <description>
      Capacity: 72181.8
      Fixed Cost: 1.08778e+08
    </description>
    <Point>
      <coordinates>90.146,23.8137,0</coordinates>
    </Point>
  </Placemark>
  <Placemark>
    <name>Warehouse 19: Jaldhaka</name>
    <styleUrl>#facilityStyle</styleUrl>
    <description>
      Capacity: 90895.6
      Fixed Cost: 1.36928e+08
    </description>
    <Point>
      <coordinates>89.0215,26.0228,0</coordinates>
    </Point>
  </Placemark>
  <Placemark>
    <name>Warehouse 21: Kalia</name>
    <styleUrl>#facilityStyle</styleUrl>
    <description>
      Capacity: 86439.9
      Fixed Cost: 1.30063e+08
    </description>
    <Point>
      <coordinates>89.7519,23.0414,0</coordinates>
    </Point>
  </Placemark>
  <Placemark>
    <name>Warehouse 22: Sariakandi</name>
    <styleUrl>#facilityStyle</styleUrl>
    <description>
      Capacity: 56141.4
      Fixed Cost: 8.46314e+07
    </description>
    <Point>
      <coordinates>89.571,24.8888,0</coordinates>
    </Point>
  </Placemark>
  <Placemark>
    <name>Warehouse 24: Manda</name>
    <styleUrl>#facilityStyle</styleUrl>
    <description>
      Capacity: 54359.1
      Fixed Cost: 8.21353e+07
    </description>
    <Point>
      <coordinates>88.6701,24.7755,0</coordinates>
    </Point>
  </Placemark>
  <Placemark>
    <name>Warehouse 26: Kumarkhali</name>
    <styleUrl>#facilityStyle</styleUrl>
    <description>
      Capacity: 88222.2
      Fixed Cost: 1.32792e+08
    </description>
    <Point>
      <coordinates>89.2396,23.8596,0</coordinates>
    </Point>
  </Placemark>
  <Placemark>
    <name>Warehouse 27: Bhairab</name>
    <styleUrl>#facilityStyle</styleUrl>
    <description>
      Capacity: 122085
      Fixed Cost: 1.83708e+08
    </description>
    <Point>
      <coordinates>90.9802,24.0555,0</coordinates>
    </Point>
  </Placemark>
  <Placemark>
    <name>Warehouse 29: Sirajganj-S</name>
    <styleUrl>#facilityStyle</styleUrl>
    <description>
      Capacity: 103371
      Fixed Cost: 1.55489e+08
    </description>
    <Point>
      <coordinates>89.6816,24.4526,0</coordinates>
    </Point>
  </Placemark>
  <Placemark>
    <name>Warehouse 30: Thanchi</name>
    <styleUrl>#facilityStyle</styleUrl>
    <description>
      Capacity: 91786.7
      Fixed Cost: 1.38176e+08
    </description>
    <Point>
      <coordinates>92.4357,21.8211,0</coordinates>
    </Point>
  </Placemark>
  <Placemark>
    <name>Warehouse 32: Burichong</name>
    <styleUrl>#facilityStyle</styleUrl>
    <description>
      Capacity: 120303
      Fixed Cost: 1.81022e+08
    </description>
    <Point>
      <coordinates>91.1267,23.5535,0</coordinates>
    </Point>
  </Placemark>
  <Placemark>
    <name>Warehouse 33: Galachipa</name>
    <styleUrl>#facilityStyle</styleUrl>
    <description>
      Capacity: 81984.3
      Fixed Cost: 1.23507e+08
    </description>
    <Point>
      <coordinates>90.4102,22.1634,0</coordinates>
    </Point>
  </Placemark>
  <Placemark>
    <name>Warehouse 34: Dumki</name>
    <styleUrl>#facilityStyle</styleUrl>
    <description>
      Capacity: 129214
      Fixed Cost: 1.94359e+08
    </description>
    <Point>
      <coordinates>90.3843,22.4645,0</coordinates>
    </Point>
  </Placemark>
  <Placemark>
    <name>Warehouse 36: Khaliajuri</name>
    <styleUrl>#facilityStyle</styleUrl>
    <description>
      Capacity: 121194
      Fixed Cost: 1.82346e+08
    </description>
    <Point>
      <coordinates>91.1329,24.6893,0</coordinates>
    </Point>
  </Placemark>
  <Placemark>
    <name>Warehouse 37: Jhikargacha</name>
    <styleUrl>#facilityStyle</styleUrl>
    <description>
      Capacity: 44556.7
      Fixed Cost: 6.73647e+07
    </description>
    <Point>
      <coordinates>89.0991,23.0999,0</coordinates>
    </Point>
  </Placemark>
  <Placemark>
    <name>Warehouse 38: Rangamati-S</name>
    <styleUrl>#facilityStyle</styleUrl>
    <description>
      Capacity: 125650
      Fixed Cost: 1.89055e+08
    </description>
    <Point>
      <coordinates>92.1789,22.6533,0</coordinates>
    </Point>
  </Placemark>
  <Placemark>
    <name>Warehouse 39: Baliadangi</name>
    <styleUrl>#facilityStyle</styleUrl>
    <description>
      Capacity: 48121.2
      Fixed Cost: 7.27785e+07
    </description>
    <Point>
      <coordinates>88.2753,26.0902,0</coordinates>
    </Point>
  </Placemark>
  <Placemark>
    <name>Warehouse 40: Sonargaon</name>
    <styleUrl>#facilityStyle</styleUrl>
    <description>
      Capacity: 98915.8
      Fixed Cost: 1.48797e+08
    </description>
    <Point>
      <coordinates>90.5991,23.6461,0</coordinates>
    </Point>
  </Placemark>
  <Placemark>
    <name>Warehouse 42: Santhia</name>
    <styleUrl>#facilityStyle</styleUrl>
    <description>
      Capacity: 50794.6
      Fixed Cost: 7.66023e+07
    </description>
    <Point>
      <coordinates>89.5353,24.0562,0</coordinates>
    </Point>
  </Placemark>
  <Placemark>
    <name>Warehouse 43: Dakshin Surma</name>
    <styleUrl>#facilityStyle</styleUrl>
    <description>
      Capacity: 123868
      Fixed Cost: 1.86278e+08
    </description>
    <Point>
      <coordinates>91.9051,24.815,0</coordinates>
    </Point>
  </Placemark>
  <Placemark>
    <name>Warehouse 47: Shariatpur-S</name>
    <styleUrl>#facilityStyle</styleUrl>
    <description>
      Capacity: 100698
      Fixed Cost: 1.51497e+08
    </description>
    <Point>
      <coordinates>90.3501,23.2197,0</coordinates>
    </Point>
  </Placemark>
  <Placemark>
    <name>Warehouse 48: Charbhadrasan</name>
    <styleUrl>#facilityStyle</styleUrl>
    <description>
      Capacity: 74855.2
      Fixed Cost: 1.12778e+08
    </description>
    <Point>
      <coordinates>89.9953,23.5669,0</coordinates>
    </Point>
  </Placemark>
  <Placemark>
    <name>Customer 0: Sullah</name>
    <styleUrl>#customerStyle</styleUrl>
    <description>Demand: 8041</description>
    <Point>
      <coordinates>91.2624,24.6711,0</coordinates>
    </Point>
  </Placemark>
  <Placemark>
    <name>Customer 1: Rajibpur</name>
    <styleUrl>#customerStyle</styleUrl>
    <description>Demand: 5982</description>
    <Point>
      <coordinates>89.793,25.4451,0</coordinates>
    </Point>
  </Placemark>
  <Placemark>
    <name>Customer 2: Raipur</name>
    <styleUrl>#customerStyle</styleUrl>
    <description>Demand: 8893</description>
    <Point>
      <coordinates>90.7608,23.0367,0</coordinates>
    </Point>
  </Placemark>
  <Placemark>
    <name>Customer 3: Jhenaidah-S</name>
    <styleUrl>#customerStyle</styleUrl>
    <description>Demand: 6670</description>
    <Point>
      <coordinates>89.1754,23.5528,0</coordinates>
    </Point>
  </Placemark>
  <Placemark>
    <name>Customer 4: Zajira</name>
    <styleUrl>#customerStyle</styleUrl>
    <description>Demand: 4102</description>
    <Point>
      <coordinates>90.3586,23.3416,0</coordinates>
    </Point>
  </Placemark>
  <Placemark>
    <name>Customer 5: Sreebordi</name>
    <styleUrl>#customerStyle</styleUrl>
    <description>Demand: 5989</description>
    <Point>
      <coordinates>89.9393,25.1474,0</coordinates>
    </Point>
  </Placemark>
  <Placemark>
    <name>Customer 6: Palashbari</name>
    <styleUrl>#customerStyle</styleUrl>
    <description>Demand: 6320</description>
    <Point>
      <coordinates>89.3535,25.2794,0</coordinates>
    </Point>
  </Placemark>
  <Placemark>
    <name>Customer 7: Madaripur-S</name>
    <styleUrl>#customerStyle</styleUrl>
    <description>Demand: 5443</description>
    <Point>
      <coordinates>90.1939,23.1649,0</coordinates>
    </Point>
  </Placemark>
  <Placemark>
    <name>Customer 8: Kuliarchar</name>
    <styleUrl>#customerStyle</styleUrl>
    <description>Demand: 4187</description>
    <Point>
      <coordinates>90.9116,24.1368,0</coordinates>
    </Point>
  </Placemark>
  <Placemark>
    <name>Customer 9: Khetlal</name>
    <styleUrl>#customerStyle</styleUrl>
    <description>Demand: 7535</description>
    <Point>
      <coordinates>89.1086,25.038,0</coordinates>
    </Point>
  </Placemark>
  <Placemark>
    <name>Customer 10: Pangsha</name>
    <styleUrl>#customerStyle</styleUrl>
    <description>Demand: 8833</description>
    <Point>
      <coordinates>89.4127,23.78,0</coordinates>
    </Point>
  </Placemark>
  <Placemark>
    <name>Customer 11: Porsha</name>
    <styleUrl>#customerStyle</styleUrl>
    <description>Demand: 6470</description>
    <Point>
      <coordinates>88.1462,25.0526,0</coordinates>
    </Point>
  </Placemark>
  <Placemark>
    <name>Customer 12: Moulvibazar-S</name>
    <styleUrl>#customerStyle</styleUrl>
    <description>Demand: 5159</description>
    <Point>
      <coordinates>91.7685,24.4843,0</coordinates>
    </Point>
  </Placemark>
  <Placemark>
    <name>Customer 13: Dakhin Sunamganj</name>
    <styleUrl>#customerStyle</styleUrl>
    <description>Demand: 5687</description>
    <Point>
      <coordinates>91.4581,24.915,0</coordinates>
    </Point>
  </Placemark>
  <Placemark>
    <name>Customer 14: Paba</name>
    <styleUrl>#customerStyle</styleUrl>
    <description>Demand: 6222</description>
    <Point>
      <coordinates>88.6438,24.4362,0</coordinates>
    </Point>
  </Placemark>
  <Placemark>
    <name>Customer 15: Belkuchi</name>
    <styleUrl>#customerStyle</styleUrl>
    <description>Demand: 4002</description>
    <Point>
      <coordinates>89.6981,24.2952,0</coordinates>
    </Point>
  </Placemark>
  <Placemark>
    <name>Customer 16: Dhamoirhat</name>
    <styleUrl>#customerStyle</styleUrl>
    <description>Demand: 4780</description>
    <Point>
      <coordinates>88.8515,25.1504,0</coordinates>
    </Point>
  </Placemark>
  <Placemark>
    <name>Customer 17: Rangabali</name>
    <styleUrl>#customerStyle</styleUrl>
    <description>Demand: 7208</description>
    <Point>
      <coordinates>90.4408,21.9397,0</coordinates>
    </Point>
  </Placemark>
  <Placemark>
    <name>Customer 18: Faridganj</name>
    <styleUrl>#customerStyle</styleUrl>
    <description>Demand: 8334</description>
    <Point>
      <coordinates>90.7509,23.1275,0</coordinates>
    </Point>
  </Placemark>
  <Placemark>
    <name>Customer 19: Haripur</name>
    <styleUrl>#customerStyle</styleUrl>
    <description>Demand: 5319</description>
    <Point>
      <coordinates>88.1232,25.8444,0</coordinates>
    </Point>
  </Placemark>
  <Placemark>
    <name>Customer 20: Juraichari</name>
    <styleUrl>#customerStyle</styleUrl>
    <description>Demand: 6632</description>
    <Point>
      <coordinates>92.3789,22.6708,0</coordinates>
    </Point>
  </Placemark>
  <Placemark>
    <name>Customer 21: Lama</name>
    <styleUrl>#customerStyle</styleUrl>
    <description>Demand: 5261</description>
    <Point>
      <coordinates>92.1969,21.7744,0</coordinates>
    </Point>
  </Placemark>
  <Placemark>
    <name>Customer 22: Haluaghat</name>
    <styleUrl>#customerStyle</styleUrl>
    <description>Demand: 5541</description>
    <Point>
      <coordinates>90.3407,25.1218,0</coordinates>
    </Point>
  </Placemark>
  <Placemark>
    <name>Customer 23: Shakhipur</name>
    <styleUrl>#customerStyle</styleUrl>
    <description>Demand: 8859</description>
    <Point>
      <coordinates>90.1753,24.3192,0</coordinates>
    </Point>
  </Placemark>
  <Placemark>
    <name>Customer 24: Bijoynagar</name>
    <styleUrl>#customerStyle</styleUrl>
    <description>Demand: 6794</description>
    <Point>
      <coordinates>91.2266,24.0142,0</coordinates>
    </Point>
  </Placemark>
  <Placemark>
    <name>Customer 25: Charghat</name>
    <styleUrl>#customerStyle</styleUrl>
    <description>Demand: 7214</description>
    <Point>
      <coordinates>88.7518,24.2785,0</coordinates>
    </Point>
  </Placemark>
  <Placemark>
    <name>Customer 26: Kaharol</name>
    <styleUrl>#customerStyle</styleUrl>
    <description>Demand: 8164</description>
    <Point>
      <coordinates>88.6012,25.7937,0</coordinates>
    </Point>
  </Placemark>
  <Placemark>
    <name>Customer 27: Keshabpur</name>
    <styleUrl>#customerStyle</styleUrl>
    <description>Demand: 4239</description>
    <Point>
      <coordinates>89.2194,22.9055,0</coordinates>
    </Point>
  </Placemark>
  <Placemark>
    <name>Customer 28: Netrakona-S</name>
    <styleUrl>#customerStyle</styleUrl>
    <description>Demand: 5272</description>
    <Point>
      <coordinates>90.7271,24.8817,0</coordinates>
    </Point>
  </Placemark>
  <Placemark>
    <name>Customer 29: Sunamganj-S</name>
    <styleUrl>#customerStyle</styleUrl>
    <description>Demand: 5954</description>
    <Point>
      <coordinates>91.4073,25.0668,0</coordinates>
    </Point>
  </Placemark>
  <Placemark>
    <name>Customer 30: Kalukhali</name>
    <styleUrl>#customerStyle</styleUrl>
    <description>Demand: 8284</description>
    <Point>
      <coordinates>89.4691,23.7655,0</coordinates>
    </Point>
  </Placemark>
  <Placemark>
    <name>Customer 31: Pirganj</name>
    <styleUrl>#customerStyle</styleUrl>
    <description>Demand: 5873</description>
    <Point>
      <coordinates>89.3132,25.4362,0</coordinates>
    </Point>
  </Placemark>
  <Placemark>
    <name>Customer 32: Nawabganj-S</name>
    <styleUrl>#customerStyle</styleUrl>
    <description>Demand: 6325</description>
    <Point>
      <coordinates>90.1518,23.6531,0</coordinates>
    </Point>
  </Placemark>
  <Placemark>
    <name>Customer 33: Laksham</name>
    <styleUrl>#customerStyle</styleUrl>
    <description>Demand: 6062</description>
    <Point>
      <coordinates>91.1212,23.2449,0</coordinates>
    </Point>
  </Placemark>
  <Placemark>
    <name>Customer 34: Bishwanath</name>
    <styleUrl>#customerStyle</styleUrl>
    <description>Demand: 8941</description>
    <Point>
      <coordinates>91.7567,24.8171,0</coordinates>
    </Point>
  </Placemark>
  <Placemark>
    <name>Customer 35: Mujib Nagar</name>
    <styleUrl>#customerStyle</styleUrl>
    <description>Demand: 7501</description>
    <Point>
      <coordinates>88.5928,23.6468,0</coordinates>
    </Point>
  </Placemark>
  <Placemark>
    <name>Customer 36: Phulbari</name>
    <styleUrl>#customerStyle</styleUrl>
    <description>Demand: 6627</description>
    <Point>
      <coordinates>89.552,25.9495,0</coordinates>
    </Point>
  </Placemark>
  <Placemark>
    <name>Customer 37: Badalgachi</name>
    <styleUrl>#customerStyle</styleUrl>
    <description>Demand: 7471</description>
    <Point>
      <coordinates>88.9102,24.9685,0</coordinates>
    </Point>
  </Placemark>
  <Placemark>
    <name>Customer 38: Raipura</name>
    <styleUrl>#customerStyle</styleUrl>
    <description>Demand: 4152</description>
    <Point>
      <coordinates>90.8719,23.9944,0</coordinates>
    </Point>
  </Placemark>
  <Placemark>
    <name>Customer 39: Phultala</name>
    <styleUrl>#customerStyle</styleUrl>
    <description>Demand: 6845</description>
    <Point>
      <coordinates>89.4506,22.9705,0</coordinates>
    </Point>
  </Placemark>
  <Placemark>
    <name>Customer 40: Feni</name>
    <styleUrl>#customerStyle</styleUrl>
    <description>Demand: 7781</description>
    <Point>
      <coordinates>91.3964,23.0212,0</coordinates>
    </Point>
  </Placemark>
  <Placemark>
    <name>Customer 41: Nikli</name>
    <styleUrl>#customerStyle</styleUrl>
    <description>Demand: 4272</description>
    <Point>
      <coordinates>90.9336,24.3243,0</coordinates>
    </Point>
  </Placemark>
  <Placemark>
    <name>Customer 42: Jaintiapur</name>
    <styleUrl>#customerStyle</styleUrl>
    <description>Demand: 6193</description>
    <Point>
      <coordinates>92.1228,25.1353,0</coordinates>
    </Point>
  </Placemark>
  <Placemark>
    <name>Customer 43: Alamdanga</name>
    <styleUrl>#customerStyle</styleUrl>
    <description>Demand: 7201</description>
    <Point>
      <coordinates>88.9438,23.7627,0</coordinates>
    </Point>
  </Placemark>
  <Placemark>
    <name>Customer 44: Delduar</name>
    <styleUrl>#customerStyle</styleUrl>
    <description>Demand: 5055</description>
    <Point>
      <coordinates>89.9651,24.1647,0</coordinates>
    </Point>
  </Placemark>
  <Placemark>
    <name>Customer 45: Harirampur</name>
    <styleUrl>#customerStyle</styleUrl>
    <description>Demand: 8064</description>
    <Point>
      <coordinates>89.971,23.7511,0</coordinates>
    </Point>
  </Placemark>
  <Placemark>
    <name>Customer 46: Nandigram</name>
    <styleUrl>#customerStyle</styleUrl>
    <description>Demand: 7354</description>
    <Point>
      <coordinates>89.2457,24.6481,0</coordinates>
    </Point>
  </Placemark>
  <Placemark>
    <name>Customer 47: Chhagalniya</name>
    <styleUrl>#customerStyle</styleUrl>
    <description>Demand: 8555</description>
    <Point>
      <coordinates>91.5184,23.0386,0</coordinates>
    </Point>
  </Placemark>
  <Placemark>
    <name>Customer 48: Porshuram</name>
    <styleUrl>#customerStyle</styleUrl>
    <description>Demand: 7817</description>
    <Point>
      <coordinates>91.4446,23.2134,0</coordinates>
    </Point>
  </Placemark>
  <Placemark>
    <name>Customer 49: Bandarban-S</name>
    <styleUrl>#customerStyle</styleUrl>
    <description>Demand: 4818</description>
    <Point>
      <coordinates>92.2187,22.1936,0</coordinates>
    </Point>
  </Placemark>
  <Placemark>
    <name>Customer 50: Nilphamari-S</name>
    <styleUrl>#customerStyle</styleUrl>
    <description>Demand: 8912</description>
    <Point>
      <coordinates>88.8407,25.9363,0</coordinates>
    </Point>
  </Placemark>
  <Placemark>
    <name>Customer 51: Daudkandi</name>
    <styleUrl>#customerStyle</styleUrl>
    <description>Demand: 4578</description>
    <Point>
      <coordinates>90.7247,23.5338,0</coordinates>
    </Point>
  </Placemark>
  <Placemark>
    <name>Customer 52: Sarail</name>
    <styleUrl>#customerStyle</styleUrl>
    <description>Demand: 8636</description>
    <Point>
      <coordinates>91.1113,24.0745,0</coordinates>
    </Point>
  </Placemark>
  <Placemark>
    <name>Customer 53: Kathalia</name>
    <styleUrl>#customerStyle</styleUrl>
    <description>Demand: 4172</description>
    <Point>
      <coordinates>90.1406,22.441,0</coordinates>
    </Point>
  </Placemark>
  <Placemark>
    <name>Customer 54: Begumganj</name>
    <styleUrl>#customerStyle</styleUrl>
    <description>Demand: 5758</description>
    <Point>
      <coordinates>91.0921,22.9319,0</coordinates>
    </Point>
  </Placemark>
  <Placemark>
    <name>Customer 55: Lakshmipur-Sadar</name>
    <styleUrl>#customerStyle</styleUrl>
    <description>Demand: 4312</description>
    <Point>
      <coordinates>90.8673,22.9537,0</coordinates>
    </Point>
  </Placemark>
  <Placemark>
    <name>Customer 56: Badarganj</name>
    <styleUrl>#customerStyle</styleUrl>
    <description>Demand: 7072</description>
    <Point>
      <coordinates>89.0705,25.654,0</coordinates>
    </Point>
  </Placemark>
  <Placemark>
    <name>Customer 57: Kamarkhand</name>
    <styleUrl>#customerStyle</styleUrl>
    <description>Demand: 7609</description>
    <Point>
      <coordinates>89.6652,24.3605,0</coordinates>
    </Point>
  </Placemark>
  <Placemark>
    <name>Customer 58: Sharankhola</name>
    <styleUrl>#customerStyle</styleUrl>
    <description>Demand: 6997</description>
    <Point>
      <coordinates>89.8482,22.3128,0</coordinates>
    </Point>
  </Placemark>
  <Placemark>
    <name>Customer 59: Pabna-S</name>
    <styleUrl>#customerStyle</styleUrl>
    <description>Demand: 5124</description>
    <Point>
      <coordinates>89.2383,24.0076,0</coordinates>
    </Point>
  </Placemark>
  <Placemark>
    <name>Customer 60: Singra</name>
    <styleUrl>#customerStyle</styleUrl>
    <description>Demand: 4530</description>
    <Point>
      <coordinates>89.1429,24.5,0</coordinates>
    </Point>
  </Placemark>
  <Placemark>
    <name>Customer 61: Nesarabad</name>
    <styleUrl>#customerStyle</styleUrl>
    <description>Demand: 4984</description>
    <Point>
      <coordinates>90.1167,22.745,0</coordinates>
    </Point>
  </Placemark>
  <Placemark>
    <name>Customer 62: Naria</name>
    <styleUrl>#customerStyle</styleUrl>
    <description>Demand: 5178</description>
    <Point>
      <coordinates>90.409,23.3059,0</coordinates>
    </Point>
  </Placemark>
  <Placemark>
    <name>Customer 63: Mohammadpur</name>
    <styleUrl>#customerStyle</styleUrl>
    <description>Demand: 8282</description>
    <Point>
      <coordinates>90.3589,23.7662,0</coordinates>
    </Point>
  </Placemark>
  <Placemark>
    <name>Customer 64: Fulgazi</name>
    <styleUrl>#customerStyle</styleUrl>
    <description>Demand: 5670</description>
    <Point>
      <coordinates>91.4326,23.1554,0</coordinates>
    </Point>
  </Placemark>
  <Placemark>
    <name>Customer 65: Bera</name>
    <styleUrl>#customerStyle</styleUrl>
    <description>Demand: 5382</description>
    <Point>
      <coordinates>89.6531,24.0807,0</coordinates>
    </Point>
  </Placemark>
  <Placemark>
    <name>Customer 66: Beanibazar</name>
    <styleUrl>#customerStyle</styleUrl>
    <description>Demand: 7841</description>
    <Point>
      <coordinates>92.1585,24.822,0</coordinates>
    </Point>
  </Placemark>
  <Placemark>
    <name>Customer 67: Ramgarh</name>
    <styleUrl>#customerStyle</styleUrl>
    <description>Demand: 8131</description>
    <Point>
      <coordinates>91.7403,23.0091,0</coordinates>
    </Point>
  </Placemark>
  <Placemark>
    <name>Customer 68: Boda</name>
    <styleUrl>#customerStyle</styleUrl>
    <description>Demand: 8520</description>
    <Point>
      <coordinates>88.5582,26.2005,0</coordinates>
    </Point>
  </Placemark>
  <Placemark>
    <name>Customer 69: Saghata</name>
    <styleUrl>#customerStyle</styleUrl>
    <description>Demand: 5907</description>
    <Point>
      <coordinates>89.5828,25.1231,0</coordinates>
    </Point>
  </Placemark>
  <Placemark>
    <name>Customer 70: Adamdighi</name>
    <styleUrl>#customerStyle</styleUrl>
    <description>Demand: 4187</description>
    <Point>
      <coordinates>89.0418,24.8003,0</coordinates>
    </Point>
  </Placemark>
  <Placemark>
    <name>Customer 71: Naldanga</name>
    <styleUrl>#customerStyle</styleUrl>
    <description>Demand: 5938</description>
    <Point>
      <coordinates>88.9605,24.4969,0</coordinates>
    </Point>
  </Placemark>
  <Placemark>
    <name>Customer 72: Moheskhali</name>
    <styleUrl>#customerStyle</styleUrl>
    <description>Demand: 7513</description>
    <Point>
      <coordinates>91.9418,21.5374,0</coordinates>
    </Point>
  </Placemark>
  <Placemark>
    <name>Customer 73: Dimla</name>
    <styleUrl>#customerStyle</styleUrl>
    <description>Demand: 8182</description>
    <Point>
      <coordinates>88.951,26.144,0</coordinates>
    </Point>
  </Placemark>
  <Placemark>
    <name>Customer 74: Kaliakoir</name>
    <styleUrl>#customerStyle</styleUrl>
    <description>Demand: 6116</description>
    <Point>
      <coordinates>90.2221,24.0695,0</coordinates>
    </Point>
  </Placemark>
  <Placemark>
    <name>Customer 75: Juri</name>
    <styleUrl>#customerStyle</styleUrl>
    <description>Demand: 6470</description>
    <Point>
      <coordinates>91.942,24.6148,0</coordinates>
    </Point>
  </Placemark>
  <Placemark>
    <name>Customer 76: Borhanuddin</name>
    <styleUrl>#customerStyle</styleUrl>
    <description>Demand: 5655</description>
    <Point>
      <coordinates>90.7165,22.4974,0</coordinates>
    </Point>
  </Placemark>
  <Placemark>
    <name>Customer 77: Narail-S</name>
    <styleUrl>#customerStyle</styleUrl>
    <description>Demand: 8593</description>
    <Point>
      <coordinates>89.499,23.1657,0</coordinates>
    </Point>
  </Placemark>
  <Placemark>
    <name>Customer 78: Birampur</name>
    <styleUrl>#customerStyle</styleUrl>
    <description>Demand: 5103</description>
    <Point>
      <coordinates>88.9916,25.3899,0</coordinates>
    </Point>
  </Placemark>
  <Placemark>
    <name>Customer 79: Trishal</name>
    <styleUrl>#customerStyle</styleUrl>
    <description>Demand: 8417</description>
    <Point>
      <coordinates>90.3948,24.5817,0</coordinates>
    </Point>
  </Placemark>
  <Placemark>
    <name>Customer 80: Kahaloo</name>
    <styleUrl>#customerStyle</styleUrl>
    <description>Demand: 7065</description>
    <Point>
      <coordinates>89.2681,24.8283,0</coordinates>
    </Point>
  </Placemark>
  <Placemark>
    <name>Customer 81: Salikha</name>
    <styleUrl>#customerStyle</styleUrl>
    <description>Demand: 8935</description>
    <Point>
      <coordinates>89.3761,23.3021,0</coordinates>
    </Point>
  </Placemark>
  <Placemark>
    <name>Customer 82: Debidwar</name>
    <styleUrl>#customerStyle</styleUrl>
    <description>Demand: 8442</description>
    <Point>
      <coordinates>90.9773,23.6115,0</coordinates>
    </Point>
  </Placemark>
  <Placemark>
    <name>Customer 83: Dhamrai</name>
    <styleUrl>#customerStyle</styleUrl>
    <description>Demand: 6296</description>
    <Point>
      <coordinates>90.2174,23.9148,0</coordinates>
    </Point>
  </Placemark>
  <Placemark>
    <name>Customer 84: Katiadi</name>
    <styleUrl>#customerStyle</styleUrl>
    <description>Demand: 7950</description>
    <Point>
      <coordinates>90.7937,24.2459,0</coordinates>
    </Point>
  </Placemark>
  <Placemark>
    <name>Customer 85: Chilmari</name>
    <styleUrl>#customerStyle</styleUrl>
    <description>Demand: 5926</description>
    <Point>
      <coordinates>89.6616,25.581,0</coordinates>
    </Point>
  </Placemark>
  <Placemark>
    <name>Customer 86: Gurudaspur</name>
    <styleUrl>#customerStyle</styleUrl>
    <description>Demand: 5996</description>
    <Point>
      <coordinates>89.2332,24.3683,0</coordinates>
    </Point>
  </Placemark>
  <Placemark>
    <name>Customer 87: Barlekha</name>
    <styleUrl>#customerStyle</styleUrl>
    <description>Demand: 4228</description>
    <Point>
      <coordinates>92.1917,24.7073,0</coordinates>
    </Point>
  </Placemark>
  <Placemark>
    <name>Customer 88: Nalchity</name>
    <styleUrl>#customerStyle</styleUrl>
    <description>Demand: 6301</description>
    <Point>
      <coordinates>90.2688,22.6283,0</coordinates>
    </Point>
  </Placemark>
  <Placemark>
    <name>Customer 89: Nawabganj</name>
    <styleUrl>#customerStyle</styleUrl>
    <description>Demand: 6578</description>
    <Point>
      <coordinates>90.1518,23.6531,0</coordinates>
    </Point>
  </Placemark>
  <Placemark>
    <name>Customer 90: Uzirpur</name>
    <styleUrl>#customerStyle</styleUrl>
    <description>Demand: 8606</description>
    <Point>
      <coordinates>90.2503,22.8193,0</coordinates>
    </Point>
  </Placemark>
  <Placemark>
    <name>Customer 91: Dewanganj</name>
    <styleUrl>#customerStyle</styleUrl>
    <description>Demand: 6324</description>
    <Point>
      <coordinates>89.7582,25.153,0</coordinates>
    </Point>
  </Placemark>
  <Placemark>
    <name>Customer 92: Kushtia-S</name>
    <styleUrl>#customerStyle</styleUrl>
    <description>Demand: 6614</description>
    <Point>
      <coordinates>89.122,23.9088,0</coordinates>
    </Point>
  </Placemark>
  <Placemark>
    <name>Customer 93: Mymensingh-S</name>
    <styleUrl>#customerStyle</styleUrl>
    <description>Demand: 4910</description>
    <Point>
      <coordinates>90.356,24.7851,0</coordinates>
    </Point>
  </Placemark>
  <Placemark>
    <name>Customer 94: Ishwarganj</name>
    <styleUrl>#customerStyle</styleUrl>
    <description>Demand: 6262</description>
    <Point>
      <coordinates>90.5944,24.6923,0</coordinates>
    </Point>
  </Placemark>
  <Placemark>
    <name>Customer 95: Azmiriganj</name>
    <styleUrl>#customerStyle</styleUrl>
    <description>Demand: 6832</description>
    <Point>
      <coordinates>91.2362,24.5489,0</coordinates>
    </Point>
  </Placemark>
  <Placemark>
    <name>Customer 96: Saturia</name>
    <styleUrl>#customerStyle</styleUrl>
    <description>Demand: 4673</description>
    <Point>
      <coordinates>90.0362,23.973,0</coordinates>
    </Point>
  </Placemark>
  <Placemark>
    <name>Customer 97: Charfassion</name>
    <styleUrl>#customerStyle</styleUrl>
    <description>Demand: 6331</description>
    <Point>
      <coordinates>90.726,22.1995,0</coordinates>
    </Point>
  </Placemark>
  <Placemark>
    <name>Customer 98: Madhupur</name>
    <styleUrl>#customerStyle</styleUrl>
    <description>Demand: 8019</description>
    <Point>
      <coordinates>90.0104,24.6074,0</coordinates>
    </Point>
  </Placemark>
  <Placemark>
    <name>Customer 99: Panchbibi</name>
    <styleUrl>#customerStyle</styleUrl>
    <description>Demand: 7092</description>
    <Point>
      <coordinates>89.0191,25.1872,0</coordinates>
    </Point>
  </Placemark>
  <Placemark>
    <name>Customer 100: Rampal</name>
    <styleUrl>#customerStyle</styleUrl>
    <description>Demand: 6023</description>
    <Point>
      <coordinates>89.6722,22.5838,0</coordinates>
    </Point>
  </Placemark>
  <Placemark>
    <name>Customer 101: Moheshpur</name>
    <styleUrl>#customerStyle</styleUrl>
    <description>Demand: 7275</description>
    <Point>
      <coordinates>88.9172,23.3598,0</coordinates>
    </Point>
  </Placemark>
  <Placemark>
    <name>Customer 102: Atrai</name>
    <styleUrl>#customerStyle</styleUrl>
    <description>Demand: 5518</description>
    <Point>
      <coordinates>88.9897,24.6258,0</coordinates>
    </Point>
  </Placemark>
  <Placemark>
    <name>Customer 103: Bagerhat-S</name>
    <styleUrl>#customerStyle</styleUrl>
    <description>Demand: 4321</description>
    <Point>
      <coordinates>89.7662,22.6551,0</coordinates>
    </Point>
  </Placemark>
  <Placemark>
    <name>Customer 104: Nakla</name>
    <styleUrl>#customerStyle</styleUrl>
    <description>Demand: 6332</description>
    <Point>
      <coordinates>90.1788,24.9679,0</coordinates>
    </Point>
  </Placemark>
  <Placemark>
    <name>Customer 105: Brahmanpara</name>
    <styleUrl>#customerStyle</styleUrl>
    <description>Demand: 6702</description>
    <Point>
      <coordinates>91.1017,23.6225,0</coordinates>
    </Point>
  </Placemark>
  <Placemark>
    <name>Customer 106: Sadullapur</name>
    <styleUrl>#customerStyle</styleUrl>
    <description>Demand: 7369</description>
    <Point>
      <coordinates>89.4659,25.3909,0</coordinates>
    </Point>
  </Placemark>
  <Placemark>
    <name>Customer 107: Bhanga</name>
    <styleUrl>#customerStyle</styleUrl>
    <description>Demand: 8618</description>
    <Point>
      <coordinates>89.9837,23.3853,0</coordinates>
    </Point>
  </Placemark>
  <Placemark>
    <name>Customer 108: Kotwalipara</name>
    <styleUrl>#customerStyle</styleUrl>
    <description>Demand: 4140</description>
    <Point>
      <coordinates>90.028,22.9893,0</coordinates>
    </Point>
  </Placemark>
  <Placemark>
    <name>Customer 109: Ranisankail</name>
    <styleUrl>#customerStyle</styleUrl>
    <description>Demand: 8731</description>
    <Point>
      <coordinates>88.2583,25.892,0</coordinates>
    </Point>
  </Placemark>
  <Placemark>
    <name>Customer 110: Alfadanga</name>
    <styleUrl>#customerStyle</styleUrl>
    <description>Demand: 7934</description>
    <Point>
      <coordinates>89.7028,23.2898,0</coordinates>
    </Point>
  </Placemark>
  <Placemark>
    <name>Customer 111: Sarishabari</name>
    <styleUrl>#customerStyle</styleUrl>
    <description>Demand: 4879</description>
    <Point>
      <coordinates>89.8409,24.7669,0</coordinates>
    </Point>
  </Placemark>
  <Placemark>
    <name>Customer 112: Dumuria</name>
    <styleUrl>#customerStyle</styleUrl>
    <description>Demand: 6528</description>
    <Point>
      <coordinates>89.4194,22.8052,0</coordinates>
    </Point>
  </Placemark>
  <Placemark>
    <name>Customer 113: Ramganj</name>
    <styleUrl>#customerStyle</styleUrl>
    <description>Demand: 4435</description>
    <Point>
      <coordinates>90.8627,23.1001,0</coordinates>
    </Point>
  </Placemark>
  <Placemark>
    <name>Customer 114: Lalmonirhat-S</name>
    <styleUrl>#customerStyle</styleUrl>
    <description>Demand: 5330</description>
    <Point>
      <coordinates>89.4506,25.9162,0</coordinates>
    </Point>
  </Placemark>
  <Placemark>
    <name>Customer 115: Parbatipur</name>
    <styleUrl>#customerStyle</styleUrl>
    <description>Demand: 4451</description>
    <Point>
      <coordinates>88.9162,25.6544,0</coordinates>
    </Point>
  </Placemark>
  <Placemark>
    <name>Customer 116: Madan</name>
    <styleUrl>#customerStyle</styleUrl>
    <description>Demand: 8460</description>
    <Point>
      <coordinates>90.9489,24.7136,0</coordinates>
    </Point>
  </Placemark>
  <Placemark>
    <name>Customer 117: Alikadam</name>
    <styleUrl>#customerStyle</styleUrl>
    <description>Demand: 8055</description>
    <Point>
      <coordinates>92.3148,21.653,0</coordinates>
    </Point>
  </Placemark>
  <Placemark>
    <name>Customer 118: Debiganj</name>
    <styleUrl>#customerStyle</styleUrl>
    <description>Demand: 7913</description>
    <Point>
      <coordinates>88.7542,26.1247,0</coordinates>
    </Point>
  </Placemark>
  <Placemark>
    <name>Customer 119: Mithamoin</name>
    <styleUrl>#customerStyle</styleUrl>
    <description>Demand: 7853</description>
    <Point>
      <coordinates>91.0634,24.4196,0</coordinates>
    </Point>
  </Placemark>
  <Placemark>
    <name>Customer 120: Bholahat</name>
    <styleUrl>#customerStyle</styleUrl>
    <description>Demand: 8364</description>
    <Point>
      <coordinates>88.2279,24.9457,0</coordinates>
    </Point>
  </Placemark>
  <Placemark>
    <name>Customer 121: Puthia</name>
    <styleUrl>#customerStyle</styleUrl>
    <description>Demand: 7924</description>
    <Point>
      <coordinates>88.8367,24.3638,0</coordinates>
    </Point>
  </Placemark>
  <Placemark>
    <name>Customer 122: Bagmara</name>
    <styleUrl>#customerStyle</styleUrl>
    <description>Demand: 8533</description>
    <Point>
      <coordinates>88.8311,24.597,0</coordinates>
    </Point>
  </Placemark>
  <Placemark>
    <name>Customer 123: Gazaria</name>
    <styleUrl>#customerStyle</styleUrl>
    <description>Demand: 4466</description>
    <Point>
      <coordinates>90.6408,23.5798,0</coordinates>
    </Point>
  </Placemark>
  <Placemark>
    <name>Customer 124: Bhangura</name>
    <styleUrl>#customerStyle</styleUrl>
    <description>Demand: 7893</description>
    <Point>
      <coordinates>89.3654,24.208,0</coordinates>
    </Point>
  </Placemark>
  <Placemark>
    <name>Customer 125: Magura-S</name>
    <styleUrl>#customerStyle</styleUrl>
    <description>Demand: 6741</description>
    <Point>
      <coordinates>89.4364,23.429,0</coordinates>
    </Point>
  </Placemark>
  <Placemark>
    <name>Customer 126: Teknaf</name>
    <styleUrl>#customerStyle</styleUrl>
    <description>Demand: 7365</description>
    <Point>
      <coordinates>92.2975,20.8578,0</coordinates>
    </Point>
  </Placemark>
  <Placemark>
    <name>Customer 127: Kaliganj</name>
    <styleUrl>#customerStyle</styleUrl>
    <description>Demand: 5270</description>
    <Point>
      <coordinates>90.5731,23.9645,0</coordinates>
    </Point>
  </Placemark>
  <Placemark>
    <name>Customer 128: Bhaluka</name>
    <styleUrl>#customerStyle</styleUrl>
    <description>Demand: 8419</description>
    <Point>
      <coordinates>90.3866,24.4079,0</coordinates>
    </Point>
  </Placemark>
  <Placemark>
    <name>Customer 129: Jhenaigati</name>
    <styleUrl>#customerStyle</styleUrl>
    <description>Demand: 5178</description>
    <Point>
      <coordinates>90.063,25.1859,0</coordinates>
    </Point>
  </Placemark>
  <Placemark>
    <name>Customer 130: Laxmichari</name>
    <styleUrl>#customerStyle</styleUrl>
    <description>Demand: 6458</description>
    <Point>
      <coordinates>91.9124,22.7962,0</coordinates>
    </Point>
  </Placemark>
  <Placemark>
    <name>Customer 131: Tarakanda</name>
    <styleUrl>#customerStyle</styleUrl>
    <description>Demand: 6414</description>
    <Point>
      <coordinates>90.488,24.856,0</coordinates>
    </Point>
  </Placemark>
  <Placemark>
    <name>Customer 132: Derai</name>
    <styleUrl>#customerStyle</styleUrl>
    <description>Demand: 7773</description>
    <Point>
      <coordinates>91.3542,24.7881,0</coordinates>
    </Point>
  </Placemark>
  <Placemark>
    <name>Customer 133: Gazipur-S</name>
    <styleUrl>#customerStyle</styleUrl>
    <description>Demand: 8468</description>
    <Point>
      <coordinates>90.4202,23.9999,0</coordinates>
    </Point>
  </Placemark>
  <Placemark>
    <name>Customer 134: Tazumuddin</name>
    <styleUrl>#customerStyle</styleUrl>
    <description>Demand: 8427</description>
    <Point>
      <coordinates>90.8508,22.418,0</coordinates>
    </Point>
  </Placemark>
  <Placemark>
    <name>Customer 135: Godagari</name>
    <styleUrl>#customerStyle</styleUrl>
    <description>Demand: 7132</description>
    <Point>
      <coordinates>88.3361,24.4587,0</coordinates>
    </Point>
  </Placemark>
  <Placemark>
    <name>Customer 136: Narshingdi-S</name>
    <styleUrl>#customerStyle</styleUrl>
    <description>Demand: 5918</description>
    <Point>
      <coordinates>90.7176,23.9193,0</coordinates>
    </Point>
  </Placemark>
  <Placemark>
    <name>Customer 137: Kasba</name>
    <styleUrl>#customerStyle</styleUrl>
    <description>Demand: 4937</description>
    <Point>
      <coordinates>91.1256,23.7485,0</coordinates>
    </Point>
  </Placemark>
  <Placemark>
    <name>Customer 138: Rajoir</name>
    <styleUrl>#customerStyle</styleUrl>
    <description>Demand: 5789</description>
    <Point>
      <coordinates>90.049,23.2067,0</coordinates>
    </Point>
  </Placemark>
  <Placemark>
    <name>Customer 139: Naogaon-S</name>
    <styleUrl>#customerStyle</styleUrl>
    <description>Demand: 5979</description>
    <Point>
      <coordinates>88.9318,24.7936,0</coordinates>
    </Point>
  </Placemark>
  <Placemark>
    <name>Customer 140: Sylhet-S</name>
    <styleUrl>#customerStyle</styleUrl>
    <description>Demand: 8623</description>
    <Point>
      <coordinates>91.8688,24.8951,0</coordinates>
    </Point>
  </Placemark>
  <Placemark>
    <name>Customer 141: Nangalkot</name>
    <styleUrl>#customerStyle</styleUrl>
    <description>Demand: 4873</description>
    <Point>
      <coordinates>91.1977,23.1694,0</coordinates>
    </Point>
  </Placemark>
  <Placemark>
    <name>Customer 142: Hathazari</name>
    <styleUrl>#customerStyle</styleUrl>
    <description>Demand: 4115</description>
    <Point>
      <coordinates>91.8075,22.5085,0</coordinates>
    </Point>
  </Placemark>
  <Placemark>
    <name>Customer 143: Langadu</name>
    <styleUrl>#customerStyle</styleUrl>
    <description>Demand: 4711</description>
    <Point>
      <coordinates>92.1535,22.8993,0</coordinates>
    </Point>
  </Placemark>
  <Placemark>
    <name>Customer 144: Kaunia</name>
    <styleUrl>#customerStyle</styleUrl>
    <description>Demand: 5214</description>
    <Point>
      <coordinates>89.4317,25.7742,0</coordinates>
    </Point>
  </Placemark>
  <Placemark>
    <name>Customer 145: Bhuapur</name>
    <styleUrl>#customerStyle</styleUrl>
    <description>Demand: 5968</description>
    <Point>
      <coordinates>89.8704,24.4663,0</coordinates>
    </Point>
  </Placemark>
  <Placemark>
    <name>Customer 146: Patgram</name>
    <styleUrl>#customerStyle</styleUrl>
    <description>Demand: 6779</description>
    <Point>
      <coordinates>89.0084,26.357,0</coordinates>
    </Point>
  </Placemark>
  <Placemark>
    <name>Customer 147: Gaibandha-S</name>
    <styleUrl>#customerStyle</styleUrl>
    <description>Demand: 7145</description>
    <Point>
      <coordinates>89.5429,25.3297,0</coordinates>
    </Point>
  </Placemark>
  <Placemark>
    <name>Customer 148: Sreepur</name>
    <styleUrl>#customerStyle</styleUrl>
    <description>Demand: 5595</description>
    <Point>
      <coordinates>90.4809,24.1997,0</coordinates>
    </Point>
  </Placemark>
  <Placemark>
    <name>Customer 149: Kachua</name>
    <styleUrl>#customerStyle</styleUrl>
    <description>Demand: 6736</description>
    <Point>
      <coordinates>90.889,23.3411,0</coordinates>
    </Point>
  </Placemark>
  <Placemark>
    <name>Customer 150: Dhanbari</name>
    <styleUrl>#customerStyle</styleUrl>
    <description>Demand: 7983</description>
    <Point>
      <coordinates>89.9487,24.6846,0</coordinates>
    </Point>
  </Placemark>
  <Placemark>
    <name>Customer 151: Cox'S Bazar-S</name>
    <styleUrl>#customerStyle</styleUrl>
    <description>Demand: 4663</description>
    <Point>
      <coordinates>92.0058,21.4272,0</coordinates>
    </Point>
  </Placemark>
  <Placemark>
    <name>Customer 152: Nagarpur</name>
    <styleUrl>#customerStyle</styleUrl>
    <description>Demand: 6921</description>
    <Point>
      <coordinates>89.8762,24.0577,0</coordinates>
    </Point>
  </Placemark>
  <Placemark>
    <name>Customer 153: Rajarhat</name>
    <styleUrl>#customerStyle</styleUrl>
    <description>Demand: 6365</description>
    <Point>
      <coordinates>89.5466,25.799,0</coordinates>
    </Point>
  </Placemark>
  <Placemark>
    <name>Customer 154: Biswamvarpur</name>
    <styleUrl>#customerStyle</styleUrl>
    <description>Demand: 4236</description>
    <Point>
      <coordinates>91.2999,25.0988,0</coordinates>
    </Point>
  </Placemark>
  <Placemark>
    <name>Customer 155: Guimara</name>
    <styleUrl>#customerStyle</styleUrl>
    <description>Demand: 8485</description>
    <Point>
      <coordinates>91.8695,22.9604,0</coordinates>
    </Point>
  </Placemark>
  <Placemark>
    <name>Customer 156: Goshairhat</name>
    <styleUrl>#customerStyle</styleUrl>
    <description>Demand: 8149</description>
    <Point>
      <coordinates>90.4526,23.0988,0</coordinates>
    </Point>
  </Placemark>
  <Placemark>
    <name>Customer 157: Kaliganj</name>
    <styleUrl>#customerStyle</styleUrl>
    <description>Demand: 6008</description>
    <Point>
      <coordinates>90.5731,23.9645,0</coordinates>
    </Point>
  </Placemark>
  <Placemark>
    <name>Customer 158: Matlab (Dakshin)</name>
    <styleUrl>#customerStyle</styleUrl>
    <description>Demand: 4122</description>
    <Point>
      <coordinates>90.7091,23.3449,0</coordinates>
    </Point>
  </Placemark>
  <Placemark>
    <name>Customer 159: Chowgacha</name>
    <styleUrl>#customerStyle</styleUrl>
    <description>Demand: 4481</description>
    <Point>
      <coordinates>89.0203,23.2632,0</coordinates>
    </Point>
  </Placemark>
  <Placemark>
    <name>Customer 160: Daulatpur</name>
    <styleUrl>#customerStyle</styleUrl>
    <description>Demand: 6689</description>
    <Point>
      <coordinates>88.8738,24.0113,0</coordinates>
    </Point>
  </Placemark>
  <Placemark>
    <name>Customer 161: Shapahar</name>
    <styleUrl>#customerStyle</styleUrl>
    <description>Demand: 7768</description>
    <Point>
      <coordinates>88.5879,25.1259,0</coordinates>
    </Point>
  </Placemark>
  <Placemark>
    <name>Customer 162: Chuadanga-S</name>
    <styleUrl>#customerStyle</styleUrl>
    <description>Demand: 5821</description>
    <Point>
      <coordinates>88.8577,23.6418,0</coordinates>
    </Point>
  </Placemark>
  <Placemark>
    <name>Customer 163: Baghaichari</name>
    <styleUrl>#customerStyle</styleUrl>
    <description>Demand: 8909</description>
    <Point>
      <coordinates>92.1914,23.1649,0</coordinates>
    </Point>
  </Placemark>
  <Placemark>
    <name>Customer 164: Keraniganj</name>
    <styleUrl>#customerStyle</styleUrl>
    <description>Demand: 8421</description>
    <Point>
      <coordinates>90.3976,23.7012,0</coordinates>
    </Point>
  </Placemark>
  <Placemark>
    <name>Customer 165: Tetulia</name>
    <styleUrl>#customerStyle</styleUrl>
    <description>Demand: 4260</description>
    <Point>
      <coordinates>88.3504,26.482,0</coordinates>
    </Point>
  </Placemark>
  <Placemark>
    <name>Customer 166: Paikgacha</name>
    <styleUrl>#customerStyle</styleUrl>
    <description>Demand: 8917</description>
    <Point>
      <coordinates>89.3168,22.5931,0</coordinates>
    </Point>
  </Placemark>
  <Placemark>
    <name>Customer 167: Gopalganj-S</name>
    <styleUrl>#customerStyle</styleUrl>
    <description>Demand: 6369</description>
    <Point>
      <coordinates>89.8225,23.0132,0</coordinates>
    </Point>
  </Placemark>
  <Placemark>
    <name>Customer 168: Fulbaria</name>
    <styleUrl>#customerStyle</styleUrl>
    <description>Demand: 6605</description>
    <Point>
      <coordinates>90.2667,24.625,0</coordinates>
    </Point>
  </Placemark>
  <Placemark>
    <name>Customer 169: Chunarughat</name>
    <styleUrl>#customerStyle</styleUrl>
    <description>Demand: 4491</description>
    <Point>
      <coordinates>91.5172,24.1974,0</coordinates>
    </Point>
  </Placemark>
  <Placemark>
    <name>Customer 170: Kasiani</name>
    <styleUrl>#customerStyle</styleUrl>
    <description>Demand: 5615</description>
    <Point>
      <coordinates>89.7239,23.2332,0</coordinates>
    </Point>
  </Placemark>
  <Placemark>
    <name>Customer 171: Mothbaria</name>
    <styleUrl>#customerStyle</styleUrl>
    <description>Demand: 5339</description>
    <Point>
      <coordinates>89.958,22.292,0</coordinates>
    </Point>
  </Placemark>
  <Placemark>
    <name>Customer 172: Shibpur</name>
    <styleUrl>#customerStyle</styleUrl>
    <description>Demand: 8294</description>
    <Point>
      <coordinates>90.7526,23.9806,0</coordinates>
    </Point>
  </Placemark>
  <Placemark>
    <name>Customer 173: Mollahat</name>
    <styleUrl>#customerStyle</styleUrl>
    <description>Demand: 6248</description>
    <Point>
      <coordinates>89.806,22.9266,0</coordinates>
    </Point>
  </Placemark>
  <Placemark>
    <name>Customer 174: Taraganj</name>
    <styleUrl>#customerStyle</styleUrl>
    <description>Demand: 4525</description>
    <Point>
      <coordinates>89.0356,25.808,0</coordinates>
    </Point>
  </Placemark>
  <Placemark>
    <name>Customer 175: Savar</name>
    <styleUrl>#customerStyle</styleUrl>
    <description>Demand: 7649</description>
    <Point>
      <coordinates>90.2576,23.8479,0</coordinates>
    </Point>
  </Placemark>
  <Placemark>
    <name>Customer 176: Manikganj-S</name>
    <styleUrl>#customerStyle</styleUrl>
    <description>Demand: 4106</description>
    <Point>
      <coordinates>90.0047,23.8644,0</coordinates>
    </Point>
  </Placemark>
  <Placemark>
    <name>Customer 177: Mahalchari</name>
    <styleUrl>#customerStyle</styleUrl>
    <description>Demand: 4354</description>
    <Point>
      <coordinates>92.0298,22.9317,0</coordinates>
    </Point>
  </Placemark>
  <Placemark>
    <name>Customer 178: Koyra</name>
    <styleUrl>#customerStyle</styleUrl>
    <description>Demand: 8670</description>
    <Point>
      <coordinates>89.4227,22.3699,0</coordinates>
    </Point>
  </Placemark>
  <Placemark>
    <name>Customer 179: Sundarganj</name>
    <styleUrl>#customerStyle</styleUrl>
    <description>Demand: 5241</description>
    <Point>
      <coordinates>89.5191,25.5644,0</coordinates>
    </Point>
  </Placemark>
  <Placemark>
    <name>Customer 180: Barura</name>
    <styleUrl>#customerStyle</styleUrl>
    <description>Demand: 5867</description>
    <Point>
      <coordinates>91.055,23.3773,0</coordinates>
    </Point>
  </Placemark>
  <Placemark>
    <name>Customer 181: Pirojpur-S</name>
    <styleUrl>#customerStyle</styleUrl>
    <description>Demand: 6641</description>
    <Point>
      <coordinates>89.9721,22.5841,0</coordinates>
    </Point>
  </Placemark>
  <Placemark>
    <name>Customer 182: Hakimpur</name>
    <styleUrl>#customerStyle</styleUrl>
    <description>Demand: 4734</description>
    <Point>
      <coordinates>89.0132,25.2746,0</coordinates>
    </Point>
  </Placemark>
  <Placemark>
    <name>Customer 183: Zakiganj</name>
    <styleUrl>#customerStyle</styleUrl>
    <description>Demand: 5252</description>
    <Point>
      <coordinates>92.3678,24.8781,0</coordinates>
    </Point>
  </Placemark>
  <Placemark>
    <name>Customer 184: Kaukhali</name>
    <styleUrl>#customerStyle</styleUrl>
    <description>Demand: 8415</description>
    <Point>
      <coordinates>90.07,22.6258,0</coordinates>
    </Point>
  </Placemark>
  <Placemark>
    <name>Customer 185: Golapganj</name>
    <styleUrl>#customerStyle</styleUrl>
    <description>Demand: 4729</description>
    <Point>
      <coordinates>92.0151,24.8581,0</coordinates>
    </Point>
  </Placemark>
  <Placemark>
    <name>Customer 186: Monpura</name>
    <styleUrl>#customerStyle</styleUrl>
    <description>Demand: 8302</description>
    <Point>
      <coordinates>90.9659,22.265,0</coordinates>
    </Point>
  </Placemark>
  <Placemark>
    <name>Customer 187: Muladi</name>
    <styleUrl>#customerStyle</styleUrl>
    <description>Demand: 7855</description>
    <Point>
      <coordinates>90.389,22.8875,0</coordinates>
    </Point>
  </Placemark>
  <Placemark>
    <name>Customer 188: Homna</name>
    <styleUrl>#customerStyle</styleUrl>
    <description>Demand: 4346</description>
    <Point>
      <coordinates>90.7833,23.6825,0</coordinates>
    </Point>
  </Placemark>
  <Placemark>
    <name>Customer 189: Sonaimuri</name>
    <styleUrl>#customerStyle</styleUrl>
    <description>Demand: 4779</description>
    <Point>
      <coordinates>91.1113,23.0509,0</coordinates>
    </Point>
  </Placemark>
  <Placemark>
    <name>Customer 190: Dinajpur-S</name>
    <styleUrl>#customerStyle</styleUrl>
    <description>Demand: 8102</description>
    <Point>
      <coordinates>88.6438,25.6221,0</coordinates>
    </Point>
  </Placemark>
  <Placemark>
    <name>Customer 191: Ramu</name>
    <styleUrl>#customerStyle</styleUrl>
    <description>Demand: 4001</description>
    <Point>
      <coordinates>92.1254,21.438,0</coordinates>
    </Point>
  </Placemark>
  <Placemark>
    <name>Customer 192: Jhalokathi-S</name>
    <styleUrl>#customerStyle</styleUrl>
    <description>Demand: 5118</description>
    <Point>
      <coordinates>90.187,22.5721,0</coordinates>
    </Point>
  </Placemark>
  <Placemark>
    <name>Customer 193: Kendua</name>
    <styleUrl>#customerStyle</styleUrl>
    <description>Demand: 7289</description>
    <Point>
      <coordinates>90.8437,24.6704,0</coordinates>
    </Point>
  </Placemark>
  <Placemark>
    <name>Customer 194: Chatkhil</name>
    <styleUrl>#customerStyle</styleUrl>
    <description>Demand: 5013</description>
    <Point>
      <coordinates>90.9773,23.0518,0</coordinates>
    </Point>
  </Placemark>
  <Placemark>
    <name>Customer 195: Karnaphuli</name>
    <styleUrl>#customerStyle</styleUrl>
    <description>Demand: 5930</description>
    <Point>
      <coordinates>92.1069,22.5819,0</coordinates>
    </Point>
  </Placemark>
  <Placemark>
    <name>Customer 196: Niamatpur</name>
    <styleUrl>#customerStyle</styleUrl>
    <description>Demand: 4607</description>
    <Point>
      <coordinates>88.5698,24.8336,0</coordinates>
    </Point>
  </Placemark>
  <Placemark>
    <name>Customer 197: Chauhali</name>
    <styleUrl>#customerStyle</styleUrl>
    <description>Demand: 4882</description>
    <Point>
      <coordinates>89.7541,24.194,0</coordinates>
    </Point>
  </Placemark>
  <Placemark>
    <name>Customer 198: Taltali</name>
    <styleUrl>#customerStyle</styleUrl>
    <description>Demand: 6404</description>
    <Point>
      <coordinates>90.0864,21.985,0</coordinates>
    </Point>
  </Placemark>
  <Placemark>
    <name>Customer 199: Dighinala</name>
    <styleUrl>#customerStyle</styleUrl>
    <description>Demand: 7945</description>
    <Point>
      <coordinates>92.0641,23.2408,0</coordinates>
    </Point>
  </Placemark>
  <Placemark>
    <name>Customer 200: Fakirhat</name>
    <styleUrl>#customerStyle</styleUrl>
    <description>Demand: 5741</description>
    <Point>
      <coordinates>89.7075,22.7775,0</coordinates>
    </Point>
  </Placemark>
  <Placemark>
    <name>Customer 201: Phulbari</name>
    <styleUrl>#customerStyle</styleUrl>
    <description>Demand: 8450</description>
    <Point>
      <coordinates>88.9501,25.4973,0</coordinates>
    </Point>
  </Placemark>
  <Placemark>
    <name>Customer 202: Jagannathpur</name>
    <styleUrl>#customerStyle</styleUrl>
    <description>Demand: 4945</description>
    <Point>
      <coordinates>91.5451,24.7717,0</coordinates>
    </Point>
  </Placemark>
  <Placemark>
    <name>Customer 203: Nabinagar</name>
    <styleUrl>#customerStyle</styleUrl>
    <description>Demand: 8746</description>
    <Point>
      <coordinates>90.9605,23.8887,0</coordinates>
    </Point>
  </Placemark>
  <Placemark>
    <name>Customer 204: Kamalnagar</name>
    <styleUrl>#customerStyle</styleUrl>
    <description>Demand: 8509</description>
    <Point>
      <coordinates>90.9939,22.5932,0</coordinates>
    </Point>
  </Placemark>
  <Placemark>
    <name>Customer 205: Bhurungamari</name>
    <styleUrl>#customerStyle</styleUrl>
    <description>Demand: 5349</description>
    <Point>
      <coordinates>89.6699,26.109,0</coordinates>
    </Point>
  </Placemark>
  <Placemark>
    <name>Customer 206: Hatiya</name>
    <styleUrl>#customerStyle</styleUrl>
    <description>Demand: 6108</description>
    <Point>
      <coordinates>91.1401,22.2881,0</coordinates>
    </Point>
  </Placemark>
  <Placemark>
    <name>Customer 207: Mirzapur</name>
    <styleUrl>#customerStyle</styleUrl>
    <description>Demand: 7914</description>
    <Point>
      <coordinates>90.1655,24.1149,0</coordinates>
    </Point>
  </Placemark>
  <Placemark>
    <name>Customer 208: Karimganj</name>
    <styleUrl>#customerStyle</styleUrl>
    <description>Demand: 4501</description>
    <Point>
      <coordinates>90.8656,24.4741,0</coordinates>
    </Point>
  </Placemark>
  <Placemark>
    <name>Customer 209: Tanore</name>
    <styleUrl>#customerStyle</styleUrl>
    <description>Demand: 7002</description>
    <Point>
      <coordinates>88.5746,24.5873,0</coordinates>
    </Point>
  </Placemark>
  <Placemark>
    <name>Customer 210: Damuddya</name>
    <styleUrl>#customerStyle</styleUrl>
    <description>Demand: 6117</description>
    <Point>
      <coordinates>90.4396,23.1391,0</coordinates>
    </Point>
  </Placemark>
  <Placemark>
    <name>Customer 211: Ruma</name>
    <styleUrl>#customerStyle</styleUrl>
    <description>Demand: 8856</description>
    <Point>
      <coordinates>92.4103,22.0511,0</coordinates>
    </Point>
  </Placemark>
  <Placemark>
    <name>Customer 212: Rajosthali</name>
    <styleUrl>#customerStyle</styleUrl>
    <description>Demand: 4012</description>
    <Point>
      <coordinates>92.1523,22.3762,0</coordinates>
    </Point>
  </Placemark>
  <Placemark>
    <name>Customer 213: Kaptai</name>
    <styleUrl>#customerStyle</styleUrl>
    <description>Demand: 8648</description>
    <Point>
      <coordinates>92.2212,22.4944,0</coordinates>
    </Point>
  </Placemark>
  <Placemark>
    <name>Customer 214: Batiaghata</name>
    <styleUrl>#customerStyle</styleUrl>
    <description>Demand: 6166</description>
    <Point>
      <coordinates>89.5026,22.7264,0</coordinates>
    </Point>
  </Placemark>
  <Placemark>
    <name>Customer 215: Gomostapur</name>
    <styleUrl>#customerStyle</styleUrl>
    <description>Demand: 6242</description>
    <Point>
      <coordinates>88.2898,24.7934,0</coordinates>
    </Point>
  </Placemark>
  <Placemark>
    <name>Customer 216: Kalihati</name>
    <styleUrl>#customerStyle</styleUrl>
    <description>Demand: 7932</description>
    <Point>
      <coordinates>89.993,24.3906,0</coordinates>
    </Point>
  </Placemark>
  <Placemark>
    <name>Customer 217: Fenchuganj</name>
    <styleUrl>#customerStyle</styleUrl>
    <description>Demand: 6527</description>
    <Point>
      <coordinates>91.9441,24.6958,0</coordinates>
    </Point>
  </Placemark>
  <Placemark>
    <name>Customer 218: Mithapukur</name>
    <styleUrl>#customerStyle</styleUrl>
    <description>Demand: 6273</description>
    <Point>
      <coordinates>89.28,25.5723,0</coordinates>
    </Point>
  </Placemark>
  <Placemark>
    <name>Customer 219: Sayestaganj</name>
    <styleUrl>#customerStyle</styleUrl>
    <description>Demand: 8595</description>
    <Point>
      <coordinates>91.4556,24.2767,0</coordinates>
    </Point>
  </Placemark>
  <Placemark>
    <name>Customer 220: Ashuganj</name>
    <styleUrl>#customerStyle</styleUrl>
    <description>Demand: 5266</description>
    <Point>
      <coordinates>90.9964,24.0277,0</coordinates>
    </Point>
  </Placemark>
  <Placemark>
    <name>Customer 221: Bagha</name>
    <styleUrl>#customerStyle</styleUrl>
    <description>Demand: 8721</description>
    <Point>
      <coordinates>88.8371,24.1975,0</coordinates>
    </Point>
  </Placemark>
  <Placemark>
    <name>Customer 222: Khoksha</name>
    <styleUrl>#customerStyle</styleUrl>
    <description>Demand: 7117</description>
    <Point>
      <coordinates>89.2895,23.8033,0</coordinates>
    </Point>
  </Placemark>
  <Placemark>
    <name>Customer 223: Agailjhara</name>
    <styleUrl>#customerStyle</styleUrl>
    <description>Demand: 7132</description>
    <Point>
      <coordinates>90.1635,22.9713,0</coordinates>
    </Point>
  </Placemark>
  <Placemark>
    <name>Customer 224: Betagi</name>
    <styleUrl>#customerStyle</styleUrl>
    <description>Demand: 5687</description>
    <Point>
      <coordinates>90.1659,22.4142,0</coordinates>
    </Point>
  </Placemark>
  <Placemark>
    <name>Customer 225: Titas</name>
    <styleUrl>#customerStyle</styleUrl>
    <description>Demand: 8104</description>
    <Point>
      <coordinates>90.8173,23.6001,0</coordinates>
    </Point>
  </Placemark>
  <Placemark>
    <name>Customer 226: Thakurgaon-S</name>
    <styleUrl>#customerStyle</styleUrl>
    <description>Demand: 7942</description>
    <Point>
      <coordinates>88.4646,26.0274,0</coordinates>
    </Point>
  </Placemark>
  <Placemark>
    <name>Customer 227: Nalitabari</name>
    <styleUrl>#customerStyle</styleUrl>
    <description>Demand: 5650</description>
    <Point>
      <coordinates>90.194,25.085,0</coordinates>
    </Point>
  </Placemark>
  <Placemark>
    <name>Customer 228: Companiganj</name>
    <styleUrl>#customerStyle</styleUrl>
    <description>Demand: 7161</description>
    <Point>
      <coordinates>91.2779,22.8737,0</coordinates>
    </Point>
  </Placemark>
  <Placemark>
    <name>Customer 229: Manikchari</name>
    <styleUrl>#customerStyle</styleUrl>
    <description>Demand: 6262</description>
    <Point>
      <coordinates>91.8367,22.8417,0</coordinates>
    </Point>
  </Placemark>
  <Placemark>
    <name>Customer 230: Belaichari</name>
    <styleUrl>#customerStyle</styleUrl>
    <description>Demand: 7536</description>
    <Point>
      <coordinates>92.3437,22.5117,0</coordinates>
    </Point>
  </Placemark>
  <Placemark>
    <name>Customer 231: Atpara</name>
    <styleUrl>#customerStyle</styleUrl>
    <description>Demand: 4856</description>
    <Point>
      <coordinates>90.8604,24.8098,0</coordinates>
    </Point>
  </Placemark>
  <Placemark>
    <name>Customer 232: Rupsha</name>
    <styleUrl>#customerStyle</styleUrl>
    <description>Demand: 7186</description>
    <Point>
      <coordinates>89.529,22.8062,0</coordinates>
    </Point>
  </Placemark>
  <Placemark>
    <name>Customer 233: Munshiganj-S</name>
    <styleUrl>#customerStyle</styleUrl>
    <description>Demand: 7958</description>
    <Point>
      <coordinates>90.5303,23.5416,0</coordinates>
    </Point>
  </Placemark>
  <Placemark>
    <name>Customer 234: Lalpur</name>
    <styleUrl>#customerStyle</styleUrl>
    <description>Demand: 6183</description>
    <Point>
      <coordinates>88.7377,24.1997,0</coordinates>
    </Point>
  </Placemark>
  <Placemark>
    <name>Customer 235: Ramgati</name>
    <styleUrl>#customerStyle</styleUrl>
    <description>Demand: 7726</description>
    <Point>
      <coordinates>90.9318,22.7452,0</coordinates>
    </Point>
  </Placemark>
  <Placemark>
    <name>Customer 236: Shailkupa</name>
    <styleUrl>#customerStyle</styleUrl>
    <description>Demand: 8982</description>
    <Point>
      <coordinates>89.242,23.6841,0</coordinates>
    </Point>
  </Placemark>
  <Placemark>
    <name>Customer 237: Panchagarh-S</name>
    <styleUrl>#customerStyle</styleUrl>
    <description>Demand: 7590</description>
    <Point>
      <coordinates>88.5517,26.3354,0</coordinates>
    </Point>
  </Placemark>
  <Placemark>
    <name>Customer 238: Khanshama</name>
    <styleUrl>#customerStyle</styleUrl>
    <description>Demand: 8928</description>
    <Point>
      <coordinates>88.7314,25.925,0</coordinates>
    </Point>
  </Placemark>
  <Placemark>
    <name>Customer 239: Bhola-S</name>
    <styleUrl>#customerStyle</styleUrl>
    <description>Demand: 5525</description>
    <Point>
      <coordinates>90.6439,22.6855,0</coordinates>
    </Point>
  </Placemark>
  <Placemark>
    <name>Customer 240: Dighalia</name>
    <styleUrl>#customerStyle</styleUrl>
    <description>Demand: 5724</description>
    <Point>
      <coordinates>89.5218,22.8958,0</coordinates>
    </Point>
  </Placemark>
  <Placemark>
    <name>Customer 241: Nasirnagar</name>
    <styleUrl>#customerStyle</styleUrl>
    <description>Demand: 4884</description>
    <Point>
      <coordinates>91.1953,24.1958,0</coordinates>
    </Point>
  </Placemark>
  <Placemark>
    <name>Customer 242: Naikhyongchari</name>
    <styleUrl>#customerStyle</styleUrl>
    <description>Demand: 8720</description>
    <Point>
      <coordinates>92.1757,21.4269,0</coordinates>
    </Point>
  </Placemark>
  <Placemark>
    <name>Customer 243: Tala</name>
    <styleUrl>#customerStyle</styleUrl>
    <description>Demand: 8860</description>
    <Point>
      <coordinates>89.3082,22.7571,0</coordinates>
    </Point>
  </Placemark>
  <Placemark>
    <name>Customer 244: Mohanganj</name>
    <styleUrl>#customerStyle</styleUrl>
    <description>Demand: 6196</description>
    <Point>
      <coordinates>90.9797,24.8743,0</coordinates>
    </Point>
  </Placemark>
  <Placemark>
    <name>Customer 245: Melandaha</name>
    <styleUrl>#customerStyle</styleUrl>
    <description>Demand: 8184</description>
    <Point>
      <coordinates>24.9391,24.9391,0</coordinates>
    </Point>
  </Placemark>
  <Placemark>
    <name>Customer 246: Damurhuda</name>
    <styleUrl>#customerStyle</styleUrl>
    <description>Demand: 7324</description>
    <Point>
      <coordinates>88.7759,23.6067,0</coordinates>
    </Point>
  </Placemark>
  <Placemark>
    <name>Customer 247: Palash</name>
    <styleUrl>#customerStyle</styleUrl>
    <description>Demand: 5447</description>
    <Point>
      <coordinates>90.6543,23.9372,0</coordinates>
    </Point>
  </Placemark>
  <Placemark>
    <name>Customer 248: Kawkhali</name>
    <styleUrl>#customerStyle</styleUrl>
    <description>Demand: 4400</description>
    <Point>
      <coordinates>90.07,22.6258,0</coordinates>
    </Point>
  </Placemark>
  <Placemark>
    <name>Customer 249: Kishoreganj-S</name>
    <styleUrl>#customerStyle</styleUrl>
    <description>Demand: 6439</description>
    <Point>
      <coordinates>90.7866,24.4331,0</coordinates>
    </Point>
  </Placemark>
  <Placemark>
    <name>Customer 250: Jamalganj</name>
    <styleUrl>#customerStyle</styleUrl>
    <description>Demand: 5909</description>
    <Point>
      <coordinates>91.2338,24.997,0</coordinates>
    </Point>
  </Placemark>
  <Placemark>
    <name>Customer 251: Haimchar</name>
    <styleUrl>#customerStyle</styleUrl>
    <description>Demand: 5648</description>
    <Point>
      <coordinates>90.592,23.0595,0</coordinates>
    </Point>
  </Placemark>
  <Placemark>
    <name>Customer 252: Gabtali</name>
    <styleUrl>#customerStyle</styleUrl>
    <description>Demand: 4475</description>
    <Point>
      <coordinates>89.4553,24.8795,0</coordinates>
    </Point>
  </Placemark>
  <Placemark>
    <name>Customer 253: Nageswari</name>
    <styleUrl>#customerStyle</styleUrl>
    <description>Demand: 5200</description>
    <Point>
      <coordinates>89.6957,25.9642,0</coordinates>
    </Point>
  </Placemark>
  <Placemark>
    <name>Customer 254: Rangunia</name>
    <styleUrl>#customerStyle</styleUrl>
    <description>Demand: 5350</description>
    <Point>
      <coordinates>92.0518,22.4698,0</coordinates>
    </Point>
  </Placemark>
  <Placemark>
    <name>Customer 255: Kalai</name>
    <styleUrl>#customerStyle</styleUrl>
    <description>Demand: 6688</description>
    <Point>
      <coordinates>89.1697,25.0582,0</coordinates>
    </Point>
  </Placemark>
  <Placemark>
    <name>Customer 256: Bahubal</name>
    <styleUrl>#customerStyle</styleUrl>
    <description>Demand: 6587</description>
    <Point>
      <coordinates>91.5378,24.3412,0</coordinates>
    </Point>
  </Placemark>
  <Placemark>
    <name>Customer 257: Mirzaganj</name>
    <styleUrl>#customerStyle</styleUrl>
    <description>Demand: 6924</description>
    <Point>
      <coordinates>90.2114,22.3672,0</coordinates>
    </Point>
  </Placemark>
  <Placemark>
    <name>Customer 258: Kishoreganj</name>
    <styleUrl>#customerStyle</styleUrl>
    <description>Demand: 7327</description>
    <Point>
      <coordinates>90.7866,24.4331,0</coordinates>
    </Point>
  </Placemark>
  <Placemark>
    <name>Customer 259: Shyamnagar</name>
    <styleUrl>#customerStyle</styleUrl>
    <description>Demand: 7848</description>
    <Point>
      <coordinates>89.5527,22.3568,0</coordinates>
    </Point>
  </Placemark>
  <Placemark>
    <name>Customer 260: Dacope</name>
    <styleUrl>#customerStyle</styleUrl>
    <description>Demand: 5372</description>
    <Point>
      <coordinates>89.5073,22.6012,0</coordinates>
    </Point>
  </Placemark>
  <Placemark>
    <name>Customer 261: Sirajdikhan</name>
    <styleUrl>#customerStyle</styleUrl>
    <description>Demand: 4076</description>
    <Point>
      <coordinates>90.3937,23.5962,0</coordinates>
    </Point>
  </Placemark>
  <Placemark>
    <name>Customer 262: Morrelganj</name>
    <styleUrl>#customerStyle</styleUrl>
    <description>Demand: 6393</description>
    <Point>
      <coordinates>89.8528,22.4499,0</coordinates>
    </Point>
  </Placemark>
  <Placemark>
    <name>Customer 263: Satkania</name>
    <styleUrl>#customerStyle</styleUrl>
    <description>Demand: 5106</description>
    <Point>
      <coordinates>92.0812,22.1,0</coordinates>
    </Point>
  </Placemark>
  <Placemark>
    <name>Customer 264: Faridpur-S</name>
    <styleUrl>#customerStyle</styleUrl>
    <description>Demand: 7343</description>
    <Point>
      <coordinates>89.8333,23.6019,0</coordinates>
    </Point>
  </Placemark>
  <Placemark>
    <name>Customer 265: Abhaynagar</name>
    <styleUrl>#customerStyle</styleUrl>
    <description>Demand: 7558</description>
    <Point>
      <coordinates>89.3143,23.0156,0</coordinates>
    </Point>
  </Placemark>
  <Placemark>
    <name>Customer 266: Kotchandpur</name>
    <styleUrl>#customerStyle</styleUrl>
    <description>Demand: 7401</description>
    <Point>
      <coordinates>89.012,23.4075,0</coordinates>
    </Point>
  </Placemark>
  <Placemark>
    <name>Customer 267: Sreenagar</name>
    <styleUrl>#customerStyle</styleUrl>
    <description>Demand: 4778</description>
    <Point>
      <coordinates>90.295,23.5429,0</coordinates>
    </Point>
  </Placemark>
  <Placemark>
    <name>Customer 268: Patnitala</name>
    <styleUrl>#customerStyle</styleUrl>
    <description>Demand: 8930</description>
    <Point>
      <coordinates>88.7625,25.0498,0</coordinates>
    </Point>
  </Placemark>
  <Placemark>
    <name>Customer 269: Noakhali-S</name>
    <styleUrl>#customerStyle</styleUrl>
    <description>Demand: 4101</description>
    <Point>
      <coordinates>91.1017,22.8246,0</coordinates>
    </Point>
  </Placemark>
  <Placemark>
    <name>Customer 270: Ghoraghat</name>
    <styleUrl>#customerStyle</styleUrl>
    <description>Demand: 8404</description>
    <Point>
      <coordinates>89.1809,25.3007,0</coordinates>
    </Point>
  </Placemark>
  <Placemark>
    <name>Customer 271: Saltha</name>
    <styleUrl>#customerStyle</styleUrl>
    <description>Demand: 6901</description>
    <Point>
      <coordinates>89.7826,23.4328,0</coordinates>
    </Point>
  </Placemark>
  <Placemark>
    <name>Customer 272: Daulatkhan</name>
    <styleUrl>#customerStyle</styleUrl>
    <description>Demand: 6588</description>
    <Point>
      <coordinates>90.7414,22.6051,0</coordinates>
    </Point>
  </Placemark>
  <Placemark>
    <name>Customer 273: Shibchar</name>
    <styleUrl>#customerStyle</styleUrl>
    <description>Demand: 5504</description>
    <Point>
      <coordinates>90.187,23.3346,0</coordinates>
    </Point>
  </Placemark>
  <Placemark>
    <name>Customer 274: Sadarpur</name>
    <styleUrl>#customerStyle</styleUrl>
    <description>Demand: 6016</description>
    <Point>
      <coordinates>90.0365,23.4664,0</coordinates>
    </Point>
  </Placemark>
  <Placemark>
    <name>Customer 275: Rupganj</name>
    <styleUrl>#customerStyle</styleUrl>
    <description>Demand: 4935</description>
    <Point>
      <coordinates>90.54,23.8159,0</coordinates>
    </Point>
  </Placemark>
  <Placemark>
    <name>Customer 276: Pekua</name>
    <styleUrl>#customerStyle</styleUrl>
    <description>Demand: 4395</description>
    <Point>
      <coordinates>91.9574,21.8327,0</coordinates>
    </Point>
  </Placemark>
  <Placemark>
    <name>Customer 277: Bochaganj</name>
    <styleUrl>#customerStyle</styleUrl>
    <description>Demand: 5060</description>
    <Point>
      <coordinates>88.4622,25.7997,0</coordinates>
    </Point>
  </Placemark>
  <Placemark>
    <name>Customer 278: Chakoria</name>
    <styleUrl>#customerStyle</styleUrl>
    <description>Demand: 6255</description>
    <Point>
      <coordinates>92.0469,21.725,0</coordinates>
    </Point>
  </Placemark>
  <Placemark>
    <name>Customer 279: Nagarkanda</name>
    <styleUrl>#customerStyle</styleUrl>
    <description>Demand: 4893</description>
    <Point>
      <coordinates>89.8949,23.421,0</coordinates>
    </Point>
  </Placemark>
  <Placemark>
    <name>Customer 280: Ullapara</name>
    <styleUrl>#customerStyle</styleUrl>
    <description>Demand: 7659</description>
    <Point>
      <coordinates>89.5622,24.3174,0</coordinates>
    </Point>
  </Placemark>
  <Placemark>
    <name>Customer 281: Baliakandi</name>
    <styleUrl>#customerStyle</styleUrl>
    <description>Demand: 7045</description>
    <Point>
      <coordinates>89.5474,23.6347,0</coordinates>
    </Point>
  </Placemark>
  <Placemark>
    <name>Customer 282: Kulaura</name>
    <styleUrl>#customerStyle</styleUrl>
    <description>Demand: 8214</description>
    <Point>
      <coordinates>92.0347,24.5255,0</coordinates>
    </Point>
  </Placemark>
  <Placemark>
    <name>Customer 283: Bagatipara</name>
    <styleUrl>#customerStyle</styleUrl>
    <description>Demand: 7171</description>
    <Point>
      <coordinates>88.9641,24.3024,0</coordinates>
    </Point>
  </Placemark>
  <Placemark>
    <name>Customer 284: Dhupchancia</name>
    <styleUrl>#customerStyle</styleUrl>
    <description>Demand: 8015</description>
    <Point>
      <coordinates>89.1777,24.8812,0</coordinates>
    </Point>
  </Placemark>
  <Placemark>
    <name>Customer 285: Satkhira-S</name>
    <styleUrl>#customerStyle</styleUrl>
    <description>Demand: 7069</description>
    <Point>
      <coordinates>89.0705,22.7185,0</coordinates>
    </Point>
  </Placemark>
  <Placemark>
    <name>Customer 286: Birganj</name>
    <styleUrl>#customerStyle</styleUrl>
    <description>Demand: 5771</description>
    <Point>
      <coordinates>88.6555,25.8608,0</coordinates>
    </Point>
  </Placemark>
  <Placemark>
    <name>Customer 287: Rowangchari</name>
    <styleUrl>#customerStyle</styleUrl>
    <description>Demand: 7618</description>
    <Point>
      <coordinates>92.3367,22.1832,0</coordinates>
    </Point>
  </Placemark>
  <Placemark>
    <name>Customer 288: Raojan</name>
    <styleUrl>#customerStyle</styleUrl>
    <description>Demand: 8686</description>
    <Point>
      <coordinates>91.9104,22.5349,0</coordinates>
    </Point>
  </Placemark>
  <Placemark>
    <name>Customer 289: Mongla</name>
    <styleUrl>#customerStyle</styleUrl>
    <description>Demand: 8938</description>
    <Point>
      <coordinates>89.4772,22.5456,0</coordinates>
    </Point>
  </Placemark>
  <Placemark>
    <name>Customer 290: Ulipur</name>
    <styleUrl>#customerStyle</styleUrl>
    <description>Demand: 5563</description>
    <Point>
      <coordinates>89.6205,25.6564,0</coordinates>
    </Point>
  </Placemark>
  <Placemark>
    <name>Customer 291: Ghatail</name>
    <styleUrl>#customerStyle</styleUrl>
    <description>Demand: 7596</description>
    <Point>
      <coordinates>89.9732,24.4812,0</coordinates>
    </Point>
  </Placemark>
  <Placemark>
    <name>Customer 292: Osmaninagar</name>
    <styleUrl>#customerStyle</styleUrl>
    <description>Demand: 4503</description>
    <Point>
      <coordinates>91.7466,24.719,0</coordinates>
    </Point>
  </Placemark>
  <Placemark>
    <name>Customer 293: Hatibandha</name>
    <styleUrl>#customerStyle</styleUrl>
    <description>Demand: 8690</description>
    <Point>
      <coordinates>89.1349,26.1422,0</coordinates>
    </Point>
  </Placemark>
  <Placemark>
    <name>Customer 294: Zianagar</name>
    <styleUrl>#customerStyle</styleUrl>
    <description>Demand: 8123</description>
    <Point>
      <coordinates>89.9603,22.4858,0</coordinates>
    </Point>
  </Placemark>
  <Placemark>
    <name>Customer 295: Sharsha</name>
    <styleUrl>#customerStyle</styleUrl>
    <description>Demand: 5388</description>
    <Point>
      <coordinates>88.9266,23.0529,0</coordinates>
    </Point>
  </Placemark>
  <Placemark>
    <name>Customer 296: Bogura-S</name>
    <styleUrl>#customerStyle</styleUrl>
    <description>Demand: 6862</description>
    <Point>
      <coordinates>89.373,24.8481,0</coordinates>
    </Point>
  </Placemark>
  <Placemark>
    <name>Customer 297: Kapasia</name>
    <styleUrl>#customerStyle</styleUrl>
    <description>Demand: 4743</description>
    <Point>
      <coordinates>90.5666,24.1124,0</coordinates>
    </Point>
  </Placemark>
  <Placemark>
    <name>Customer 298: Mirpur</name>
    <styleUrl>#customerStyle</styleUrl>
    <description>Demand: 5610</description>
    <Point>
      <coordinates>88.9949,23.9317,0</coordinates>
    </Point>
  </Placemark>
  <Placemark>
    <name>Customer 299: Lohagara</name>
    <styleUrl>#customerStyle</styleUrl>
    <description>Demand: 7920</description>
    <Point>
      <coordinates>92.1008,22.0402,0</coordinates>
    </Point>
  </Placemark>
  <Placemark>
    <name>Customer 300: Senbag</name>
    <styleUrl>#customerStyle</styleUrl>
    <description>Demand: 8046</description>
    <Point>
      <coordinates>91.2338,22.9875,0</coordinates>
    </Point>
  </Placemark>
  <Placemark>
    <name>Customer 301: Lohagara</name>
    <styleUrl>#customerStyle</styleUrl>
    <description>Demand: 5781</description>
    <Point>
      <coordinates>92.1008,22.0402,0</coordinates>
    </Point>
  </Placemark>
  <Placemark>
    <name>Customer 302: Tangail-S</name>
    <styleUrl>#customerStyle</styleUrl>
    <description>Demand: 7497</description>
    <Point>
      <coordinates>89.9167,24.2513,0</coordinates>
    </Point>
  </Placemark>
  <Placemark>
    <name>Customer 303: Goalanda</name>
    <styleUrl>#customerStyle</styleUrl>
    <description>Demand: 4788</description>
    <Point>
      <coordinates>89.7637,23.7237,0</coordinates>
    </Point>
  </Placemark>
  <Placemark>
    <name>Customer 304: Tarail</name>
    <styleUrl>#customerStyle</styleUrl>
    <description>Demand: 5505</description>
    <Point>
      <coordinates>90.8908,24.5491,0</coordinates>
    </Point>
  </Placemark>
  <Placemark>
    <name>Customer 305: Domar</name>
    <styleUrl>#customerStyle</styleUrl>
    <description>Demand: 6916</description>
    <Point>
      <coordinates>88.8215,26.1016,0</coordinates>
    </Point>
  </Placemark>
  <Placemark>
    <name>Customer 306: Bamna</name>
    <styleUrl>#customerStyle</styleUrl>
    <description>Demand: 7441</description>
    <Point>
      <coordinates>90.091,22.3129,0</coordinates>
    </Point>
  </Placemark>
  <Placemark>
    <name>Customer 307: Shahrasti</name>
    <styleUrl>#customerStyle</styleUrl>
    <description>Demand: 4132</description>
    <Point>
      <coordinates>90.9486,23.2306,0</coordinates>
    </Point>
  </Placemark>
  <Placemark>
    <name>Customer 308: Banskhali</name>
    <styleUrl>#customerStyle</styleUrl>
    <description>Demand: 6953</description>
    <Point>
      <coordinates>91.9463,22.0254,0</coordinates>
    </Point>
  </Placemark>
  <Placemark>
    <name>Customer 309: Nanniarchar</name>
    <styleUrl>#customerStyle</styleUrl>
    <description>Demand: 5456</description>
    <Point>
      <coordinates>92.1107,22.8622,0</coordinates>
    </Point>
  </Placemark>
  <Placemark>
    <name>Customer 310: Nazirpur</name>
    <styleUrl>#customerStyle</styleUrl>
    <description>Demand: 4854</description>
    <Point>
      <coordinates>89.9813,22.7867,0</coordinates>
    </Point>
  </Placemark>
  <Placemark>
    <name>Customer 311: Pakundia</name>
    <styleUrl>#customerStyle</styleUrl>
    <description>Demand: 7858</description>
    <Point>
      <coordinates>90.6797,24.3297,0</coordinates>
    </Point>
  </Placemark>
  <Placemark>
    <name>Customer 312: Raiganj</name>
    <styleUrl>#customerStyle</styleUrl>
    <description>Demand: 7866</description>
    <Point>
      <coordinates>89.5449,24.5327,0</coordinates>
    </Point>
  </Placemark>
  <Placemark>
    <name>Customer 313: Shajahanpur</name>
    <styleUrl>#customerStyle</styleUrl>
    <description>Demand: 4829</description>
    <Point>
      <coordinates>89.3838,24.7661,0</coordinates>
    </Point>
  </Placemark>
  <Placemark>
    <name>Customer 314: Rajbari-S</name>
    <styleUrl>#customerStyle</styleUrl>
    <description>Demand: 6641</description>
    <Point>
      <coordinates>89.6467,23.7639,0</coordinates>
    </Point>
  </Placemark>
  <Placemark>
    <name>Customer 315: Chatmohar</name>
    <styleUrl>#customerStyle</styleUrl>
    <description>Demand: 7382</description>
    <Point>
      <coordinates>89.2905,24.2269,0</coordinates>
    </Point>
  </Placemark>
  <Placemark>
    <name>Customer 316: Chitalmari</name>
    <styleUrl>#customerStyle</styleUrl>
    <description>Demand: 7510</description>
    <Point>
      <coordinates>89.8778,22.7904,0</coordinates>
    </Point>
  </Placemark>
  <Placemark>
    <name>Customer 317: Balaganj</name>
    <styleUrl>#customerStyle</styleUrl>
    <description>Demand: 4863</description>
    <Point>
      <coordinates>91.8177,24.6614,0</coordinates>
    </Point>
  </Placemark>
  <Placemark>
    <name>Customer 318: Kalkini</name>
    <styleUrl>#customerStyle</styleUrl>
    <description>Demand: 5342</description>
    <Point>
      <coordinates>90.2268,23.0755,0</coordinates>
    </Point>
  </Placemark>
  <Placemark>
    <name>Customer 319: Jamalpur-S</name>
    <styleUrl>#customerStyle</styleUrl>
    <description>Demand: 8156</description>
    <Point>
      <coordinates>89.9463,24.925,0</coordinates>
    </Point>
  </Placemark>
  <Placemark>
    <name>Customer 320: Barguna-S</name>
    <styleUrl>#customerStyle</styleUrl>
    <description>Demand: 6117</description>
    <Point>
      <coordinates>90.1201,22.1605,0</coordinates>
    </Point>
  </Placemark>
  <Placemark>
    <name>Customer 321: Boalkhali</name>
    <styleUrl>#customerStyle</styleUrl>
    <description>Demand: 4995</description>
    <Point>
      <coordinates>91.9173,22.3791,0</coordinates>
    </Point>
  </Placemark>
  <Placemark>
    <name>Customer 322: Nawabganj</name>
    <styleUrl>#customerStyle</styleUrl>
    <description>Demand: 8309</description>
    <Point>
      <coordinates>90.1518,23.6531,0</coordinates>
    </Point>
  </Placemark>
  <Placemark>
    <name>Customer 323: Gopalpur</name>
    <styleUrl>#customerStyle</styleUrl>
    <description>Demand: 8323</description>
    <Point>
      <coordinates>89.8418,24.5629,0</coordinates>
    </Point>
  </Placemark>
  <Placemark>
    <name>Customer 324: Doarabazar</name>
    <styleUrl>#customerStyle</styleUrl>
    <description>Demand: 8461</description>
    <Point>
      <coordinates>91.5588,25.0483,0</coordinates>
    </Point>
  </Placemark>
  <Placemark>
    <name>Customer 325: Chandina</name>
    <styleUrl>#customerStyle</styleUrl>
    <description>Demand: 4258</description>
    <Point>
      <coordinates>91.0084,23.4892,0</coordinates>
    </Point>
  </Placemark>
  <Placemark>
    <name>Customer 326: Ukhiya</name>
    <styleUrl>#customerStyle</styleUrl>
    <description>Demand: 5160</description>
    <Point>
      <coordinates>92.1389,21.2447,0</coordinates>
    </Point>
  </Placemark>
  <Placemark>
    <name>Customer 327: Assasuni</name>
    <styleUrl>#customerStyle</styleUrl>
    <description>Demand: 6649</description>
    <Point>
      <coordinates>89.1619,22.5409,0</coordinates>
    </Point>
  </Placemark>
  <Placemark>
    <name>Customer 328: Fulchari</name>
    <styleUrl>#customerStyle</styleUrl>
    <description>Demand: 7693</description>
    <Point>
      <coordinates>89.5959,25.3198,0</coordinates>
    </Point>
  </Placemark>
  <Placemark>
    <name>Customer 329: Tarash</name>
    <styleUrl>#customerStyle</styleUrl>
    <description>Demand: 6511</description>
    <Point>
      <coordinates>89.3725,24.4309,0</coordinates>
    </Point>
  </Placemark>
  <Placemark>
    <name>Customer 330: Dharmapasha</name>
    <styleUrl>#customerStyle</styleUrl>
    <description>Demand: 5007</description>
    <Point>
      <coordinates>91.012,24.8993,0</coordinates>
    </Point>
  </Placemark>
  <Placemark>
    <name>Customer 331: Sonatala</name>
    <styleUrl>#customerStyle</styleUrl>
    <description>Demand: 7434</description>
    <Point>
      <coordinates>89.4978,25.0398,0</coordinates>
    </Point>
  </Placemark>
  <Placemark>
    <name>Customer 332: Monirampur</name>
    <styleUrl>#customerStyle</styleUrl>
    <description>Demand: 4435</description>
    <Point>
      <coordinates>89.2327,23.0242,0</coordinates>
    </Point>
  </Placemark>
  <Placemark>
    <name>Customer 333: Meghna</name>
    <styleUrl>#customerStyle</styleUrl>
    <description>Demand: 5444</description>
    <Point>
      <coordinates>90.7007,23.6256,0</coordinates>
    </Point>
  </Placemark>
  <Placemark>
    <name>Customer 334: Aditmari</name>
    <styleUrl>#customerStyle</styleUrl>
    <description>Demand: 8503</description>
    <Point>
      <coordinates>89.3842,25.9273,0</coordinates>
    </Point>
  </Placemark>
  <Placemark>
    <name>Customer 335: Rajapur</name>
    <styleUrl>#customerStyle</styleUrl>
    <description>Demand: 7590</description>
    <Point>
      <coordinates>90.1431,22.574,0</coordinates>
    </Point>
  </Placemark>
  <Placemark>
    <name>Customer 336: Kachua</name>
    <styleUrl>#customerStyle</styleUrl>
    <description>Demand: 5435</description>
    <Point>
      <coordinates>90.889,23.3411,0</coordinates>
    </Point>
  </Placemark>
  <Placemark>
    <name>Customer 337: Lalmohan</name>
    <styleUrl>#customerStyle</styleUrl>
    <description>Demand: 7707</description>
    <Point>
      <coordinates>90.7319,22.3411,0</coordinates>
    </Point>
  </Placemark>
  <Placemark>
    <name>Customer 338: Nachol</name>
    <styleUrl>#customerStyle</styleUrl>
    <description>Demand: 4837</description>
    <Point>
      <coordinates>88.4137,24.7327,0</coordinates>
    </Point>
  </Placemark>
  <Placemark>
    <name>Customer 339: Bhandaria</name>
    <styleUrl>#customerStyle</styleUrl>
    <description>Demand: 5907</description>
    <Point>
      <coordinates>90.0591,22.4832,0</coordinates>
    </Point>
  </Placemark>
  <Placemark>
    <name>Customer 340: Phulpur</name>
    <styleUrl>#customerStyle</styleUrl>
    <description>Demand: 7883</description>
    <Point>
      <coordinates>90.4481,24.9621,0</coordinates>
    </Point>
  </Placemark>
  <Placemark>
    <name>Customer 341: Jibannagar</name>
    <styleUrl>#customerStyle</styleUrl>
    <description>Demand: 4841</description>
    <Point>
      <coordinates>88.8239,23.4226,0</coordinates>
    </Point>
  </Placemark>
  <Placemark>
    <name>Customer 342: Matlab (Uttar)</name>
    <styleUrl>#customerStyle</styleUrl>
    <description>Demand: 5111</description>
    <Point>
      <coordinates>90.6181,23.3837,0</coordinates>
    </Point>
  </Placemark>
  <Placemark>
    <name>Customer 343: Eidgaon</name>
    <styleUrl>#customerStyle</styleUrl>
    <description>Demand: 7112</description>
    <Point>
      <coordinates>92.0684,21.5527,0</coordinates>
    </Point>
  </Placemark>
  <Placemark>
    <name>Customer 344: Matiranga</name>
    <styleUrl>#customerStyle</styleUrl>
    <description>Demand: 5328</description>
    <Point>
      <coordinates>91.8733,23.0408,0</coordinates>
    </Point>
  </Placemark>
  <Placemark>
    <name>Customer 345: Habiganj-S</name>
    <styleUrl>#customerStyle</styleUrl>
    <description>Demand: 8164</description>
    <Point>
      <coordinates>91.4169,24.384,0</coordinates>
    </Point>
  </Placemark>
  <Placemark>
    <name>Customer 346: Terokhada</name>
    <styleUrl>#customerStyle</styleUrl>
    <description>Demand: 6146</description>
    <Point>
      <coordinates>89.6675,22.9353,0</coordinates>
    </Point>
  </Placemark>
  <Placemark>
    <name>Customer 347: Boalmari</name>
    <styleUrl>#customerStyle</styleUrl>
    <description>Demand: 7540</description>
    <Point>
      <coordinates>89.684,23.391,0</coordinates>
    </Point>
  </Placemark>
  <Placemark>
    <name>Customer 348: Dhobaura</name>
    <styleUrl>#customerStyle</styleUrl>
    <description>Demand: 7331</description>
    <Point>
      <coordinates>90.5234,25.0902,0</coordinates>
    </Point>
  </Placemark>
  <Placemark>
    <name>Customer 349: Patharghata</name>
    <styleUrl>#customerStyle</styleUrl>
    <description>Demand: 7478</description>
    <Point>
      <coordinates>89.9697,22.0387,0</coordinates>
    </Point>
  </Placemark>
  <Placemark>
    <name>Customer 350: Narayanganj-S</name>
    <styleUrl>#customerStyle</styleUrl>
    <description>Demand: 4225</description>
    <Point>
      <coordinates>90.5002,23.6238,0</coordinates>
    </Point>
  </Placemark>
  <Placemark>
    <name>Customer 351: Sujanagar</name>
    <styleUrl>#customerStyle</styleUrl>
    <description>Demand: 4021</description>
    <Point>
      <coordinates>89.421,23.9422,0</coordinates>
    </Point>
  </Placemark>
  <Placemark>
    <name>Customer 352: Cumilla-S Daksin</name>
    <styleUrl>#customerStyle</styleUrl>
    <description>Demand: 5876</description>
    <Point>
      <coordinates>91.1809,23.4607,0</coordinates>
    </Point>
  </Placemark>
  <Placemark>
    <name>Customer 353: Barhatta</name>
    <styleUrl>#customerStyle</styleUrl>
    <description>Demand: 7467</description>
    <Point>
      <coordinates>90.8842,24.8986,0</coordinates>
    </Point>
  </Placemark>
  <Placemark>
    <name>Customer 354: Basail</name>
    <styleUrl>#customerStyle</styleUrl>
    <description>Demand: 4861</description>
    <Point>
      <coordinates>90.0513,24.2331,0</coordinates>
    </Point>
  </Placemark>
  <Placemark>
    <name>Customer 355: Companiganj</name>
    <styleUrl>#customerStyle</styleUrl>
    <description>Demand: 8818</description>
    <Point>
      <coordinates>91.7548,25.0881,0</coordinates>
    </Point>
  </Placemark>
  <Placemark>
    <name>Customer 356: Sitakunda</name>
    <styleUrl>#customerStyle</styleUrl>
    <description>Demand: 4570</description>
    <Point>
      <coordinates>91.6809,22.6171,0</coordinates>
    </Point>
  </Placemark>
  <Placemark>
    <name>Customer 357: Ghior</name>
    <styleUrl>#customerStyle</styleUrl>
    <description>Demand: 7379</description>
    <Point>
      <coordinates>89.8716,23.8971,0</coordinates>
    </Point>
  </Placemark>
  <Placemark>
    <name>Customer 358: Barishal-S</name>
    <styleUrl>#customerStyle</styleUrl>
    <description>Demand: 6754</description>
    <Point>
      <coordinates>90.3535,22.701,0</coordinates>
    </Point>
  </Placemark>
  <Placemark>
    <name>Customer 359: Bajitpur</name>
    <styleUrl>#customerStyle</styleUrl>
    <description>Demand: 6743</description>
    <Point>
      <coordinates>90.9522,24.2138,0</coordinates>
    </Point>
  </Placemark>
  <Placemark>
    <name>Customer 360: Subarna Char</name>
    <styleUrl>#customerStyle</styleUrl>
    <description>Demand: 7985</description>
    <Point>
      <coordinates>91.1257,22.6756,0</coordinates>
    </Point>
  </Placemark>
  <Placemark>
    <name>Customer 361: Mirsharai</name>
    <styleUrl>#customerStyle</styleUrl>
    <description>Demand: 5409</description>
    <Point>
      <coordinates>91.5742,22.773,0</coordinates>
    </Point>
  </Placemark>
  <Placemark>
    <name>Customer 362: Gowainghat</name>
    <styleUrl>#customerStyle</styleUrl>
    <description>Demand: 6685</description>
    <Point>
      <coordinates>91.9823,25.091,0</coordinates>
    </Point>
  </Placemark>
  <Placemark>
    <name>Customer 363: Monohorganj</name>
    <styleUrl>#customerStyle</styleUrl>
    <description>Demand: 6201</description>
    <Point>
      <coordinates>91.1158,23.1123,0</coordinates>
    </Point>
  </Placemark>
  <Placemark>
    <name>Customer 364: Pirgacha</name>
    <styleUrl>#customerStyle</styleUrl>
    <description>Demand: 6166</description>
    <Point>
      <coordinates>89.4056,25.6578,0</coordinates>
    </Point>
  </Placemark>
  <Placemark>
    <name>Customer 365: Amtali</name>
    <styleUrl>#customerStyle</styleUrl>
    <description>Demand: 6774</description>
    <Point>
      <coordinates>90.2362,22.1339,0</coordinates>
    </Point>
  </Placemark>
  <Placemark>
    <name>Customer 366: Atghoria</name>
    <styleUrl>#customerStyle</styleUrl>
    <description>Demand: 8966</description>
    <Point>
      <coordinates>89.2431,24.1134,0</coordinates>
    </Point>
  </Placemark>
  <Placemark>
    <name>Customer 367: Shibganj</name>
    <styleUrl>#customerStyle</styleUrl>
    <description>Demand: 6859</description>
    <Point>
      <coordinates>89.3203,25.0006,0</coordinates>
    </Point>
  </Placemark>
  <Placemark>
    <name>Customer 368: Nandail</name>
    <styleUrl>#customerStyle</styleUrl>
    <description>Demand: 7040</description>
    <Point>
      <coordinates>90.6904,24.5687,0</coordinates>
    </Point>
  </Placemark>
  <Placemark>
    <name>Customer 369: Sayedpur</name>
    <styleUrl>#customerStyle</styleUrl>
    <description>Demand: 7970</description>
    <Point>
      <coordinates>88.8983,25.783,0</coordinates>
    </Point>
  </Placemark>
  <Placemark>
    <name>Customer 370: Dohar</name>
    <styleUrl>#customerStyle</styleUrl>
    <description>Demand: 8018</description>
    <Point>
      <coordinates>90.1197,23.6182,0</coordinates>
    </Point>
  </Placemark>
  <Placemark>
    <name>Customer 371: Sherpur-S</name>
    <styleUrl>#customerStyle</styleUrl>
    <description>Demand: 4503</description>
    <Point>
      <coordinates>90.0137,25.0194,0</coordinates>
    </Point>
  </Placemark>
  <Placemark>
    <name>Customer 372: Daganbhuiyan</name>
    <styleUrl>#customerStyle</styleUrl>
    <description>Demand: 6220</description>
    <Point>
      <coordinates>91.318,22.9124,0</coordinates>
    </Point>
  </Placemark>
  <Placemark>
    <name>Customer 373: Haziganj</name>
    <styleUrl>#customerStyle</styleUrl>
    <description>Demand: 6896</description>
    <Point>
      <coordinates>90.8508,23.252,0</coordinates>
    </Point>
  </Placemark>
  <Placemark>
    <name>Customer 374: Sherpur</name>
    <styleUrl>#customerStyle</styleUrl>
    <description>Demand: 7741</description>
    <Point>
      <coordinates>90.0137,25.0194,0</coordinates>
    </Point>
  </Placemark>
  <Placemark>
    <name>Customer 375: Rajnagar</name>
    <styleUrl>#customerStyle</styleUrl>
    <description>Demand: 8037</description>
    <Point>
      <coordinates>86.1607,24.5316,0</coordinates>
    </Point>
  </Placemark>
  <Placemark>
    <name>Customer 376: Shibganj</name>
    <styleUrl>#customerStyle</styleUrl>
    <description>Demand: 7785</description>
    <Point>
      <coordinates>89.3203,25.0006,0</coordinates>
    </Point>
  </Placemark>
  <Placemark>
    <name>Customer 377: Atwari</name>
    <styleUrl>#customerStyle</styleUrl>
    <description>Demand: 7684</description>
    <Point>
      <coordinates>88.4137,26.2365,0</coordinates>
    </Point>
  </Placemark>
  <Placemark>
    <name>Customer 378: Akkelpur</name>
    <styleUrl>#customerStyle</styleUrl>
    <description>Demand: 7083</description>
    <Point>
      <coordinates>89.0203,24.9692,0</coordinates>
    </Point>
  </Placemark>
  <Placemark>
    <name>Customer 379: Monohardi</name>
    <styleUrl>#customerStyle</styleUrl>
    <description>Demand: 7561</description>
    <Point>
      <coordinates>90.7032,24.141,0</coordinates>
    </Point>
  </Placemark>
  <Placemark>
    <name>Customer 380: Itna</name>
    <styleUrl>#customerStyle</styleUrl>
    <description>Demand: 8910</description>
    <Point>
      <coordinates>91.0957,24.5277,0</coordinates>
    </Point>
  </Placemark>
  <Placemark>
    <name>Customer 381: Kaliganj</name>
    <styleUrl>#customerStyle</styleUrl>
    <description>Demand: 5749</description>
    <Point>
      <coordinates>90.5731,23.9645,0</coordinates>
    </Point>
  </Placemark>
  <Placemark>
    <name>Customer 382: Meherpur-S</name>
    <styleUrl>#customerStyle</styleUrl>
    <description>Demand: 8097</description>
    <Point>
      <coordinates>88.6314,23.7721,0</coordinates>
    </Point>
  </Placemark>
  <Placemark>
    <name>Customer 383: Harinakunda</name>
    <styleUrl>#customerStyle</styleUrl>
    <description>Demand: 8539</description>
    <Point>
      <coordinates>89.043,23.6488,0</coordinates>
    </Point>
  </Placemark>
  <Placemark>
    <name>Customer 384: Sandwip</name>
    <styleUrl>#customerStyle</styleUrl>
    <description>Demand: 6126</description>
    <Point>
      <coordinates>91.5015,22.4937,0</coordinates>
    </Point>
  </Placemark>
  <Placemark>
    <name>Customer 385: Hossainpur</name>
    <styleUrl>#customerStyle</styleUrl>
    <description>Demand: 5720</description>
    <Point>
      <coordinates>90.6548,24.4174,0</coordinates>
    </Point>
  </Placemark>
  <Placemark>
    <name>Customer 386: Bakshiganj</name>
    <styleUrl>#customerStyle</styleUrl>
    <description>Demand: 4576</description>
    <Point>
      <coordinates>89.8681,25.1844,0</coordinates>
    </Point>
  </Placemark>
  <Placemark>
    <name>Customer 387: Dashmina</name>
    <styleUrl>#customerStyle</styleUrl>
    <description>Demand: 6762</description>
    <Point>
      <coordinates>90.5683,22.2791,0</coordinates>
    </Point>
  </Placemark>
  <Placemark>
    <name>Customer 388: Shivalaya</name>
    <styleUrl>#customerStyle</styleUrl>
    <description>Demand: 7086</description>
    <Point>
      <coordinates>89.7055,23.8471,0</coordinates>
    </Point>
  </Placemark>
  <Placemark>
    <name>Customer 389: Rowmari</name>
    <styleUrl>#customerStyle</styleUrl>
    <description>Demand: 6664</description>
    <Point>
      <coordinates>89.8306,25.5754,0</coordinates>
    </Point>
  </Placemark>
  <Placemark>
    <name>Customer 390: Belabo</name>
    <styleUrl>#customerStyle</styleUrl>
    <description>Demand: 4193</description>
    <Point>
      <coordinates>90.8514,24.1051,0</coordinates>
    </Point>
  </Placemark>
  <Placemark>
    <name>Customer 391: Babuganj</name>
    <styleUrl>#customerStyle</styleUrl>
    <description>Demand: 7457</description>
    <Point>
      <coordinates>90.3246,22.8172,0</coordinates>
    </Point>
  </Placemark>
  <Placemark>
    <name>Customer 392: Gangachara</name>
    <styleUrl>#customerStyle</styleUrl>
    <description>Demand: 7532</description>
    <Point>
      <coordinates>89.2229,25.856,0</coordinates>
    </Point>
  </Placemark>
  <Placemark>
    <name>Customer 393: Chhatak</name>
    <styleUrl>#customerStyle</styleUrl>
    <description>Demand: 8803</description>
    <Point>
      <coordinates>91.6664,25.0417,0</coordinates>
    </Point>
  </Placemark>
  <Placemark>
    <name>Customer 394: Chandpur-S</name>
    <styleUrl>#customerStyle</styleUrl>
    <description>Demand: 5372</description>
    <Point>
      <coordinates>90.6631,23.2321,0</coordinates>
    </Point>
  </Placemark>
  <Placemark>
    <name>Customer 395: Austagram</name>
    <styleUrl>#customerStyle</styleUrl>
    <description>Demand: 5230</description>
    <Point>
      <coordinates>91.1185,24.2795,0</coordinates>
    </Point>
  </Placemark>
  <Placemark>
    <name>Customer 396: Tungipara</name>
    <styleUrl>#customerStyle</styleUrl>
    <description>Demand: 5763</description>
    <Point>
      <coordinates>89.8985,22.9073,0</coordinates>
    </Point>
  </Placemark>
  <Placemark>
    <name>Customer 397: Debhata</name>
    <styleUrl>#customerStyle</styleUrl>
    <description>Demand: 6468</description>
    <Point>
      <coordinates>88.9892,22.5809,0</coordinates>
    </Point>
  </Placemark>
  <Placemark>
    <name>Customer 398: Gouranadi</name>
    <styleUrl>#customerStyle</styleUrl>
    <description>Demand: 7415</description>
    <Point>
      <coordinates>90.2221,22.9743,0</coordinates>
    </Point>
  </Placemark>
  <Placemark>
    <name>Customer 399: Bakerganj</name>
    <styleUrl>#customerStyle</styleUrl>
    <description>Demand: 4106</description>
    <Point>
      <coordinates>90.3384,22.5405,0</coordinates>
    </Point>
  </Placemark>
  <Placemark>
    <name>Customer 400: Jashore-S</name>
    <styleUrl>#customerStyle</styleUrl>
    <description>Demand: 7665</description>
    <Point>
      <coordinates>89.2182,23.1634,0</coordinates>
    </Point>
  </Placemark>
  <Placemark>
    <name>Customer 401: Madarganj</name>
    <styleUrl>#customerStyle</styleUrl>
    <description>Demand: 5677</description>
    <Point>
      <coordinates>89.7167,24.9068,0</coordinates>
    </Point>
  </Placemark>
  <Placemark>
    <name>Customer 402: Dashar</name>
    <styleUrl>#customerStyle</styleUrl>
    <description>Demand: 6801</description>
    <Point>
      <coordinates>90.1448,23.0786,0</coordinates>
    </Point>
  </Placemark>
  <Placemark>
    <name>Customer 403: Cumilla-S</name>
    <styleUrl>#customerStyle</styleUrl>
    <description>Demand: 7418</description>
    <Point>
      <coordinates>91.1809,23.4607,0</coordinates>
    </Point>
  </Placemark>
  <Placemark>
    <name>Customer 404: Natore-S</name>
    <styleUrl>#customerStyle</styleUrl>
    <description>Demand: 4569</description>
    <Point>
      <coordinates>88.975,24.4084,0</coordinates>
    </Point>
  </Placemark>
  <Placemark>
    <name>Customer 405: Anwara</name>
    <styleUrl>#customerStyle</styleUrl>
    <description>Demand: 5011</description>
    <Point>
      <coordinates>91.866,22.2337,0</coordinates>
    </Point>
  </Placemark>
  <Placemark>
    <name>Customer 406: Akhaura</name>
    <styleUrl>#customerStyle</styleUrl>
    <description>Demand: 6328</description>
    <Point>
      <coordinates>91.2097,23.8686,0</coordinates>
    </Point>
  </Placemark>
  <Placemark>
    <name>Customer 407: Baniachong</name>
    <styleUrl>#customerStyle</styleUrl>
    <description>Demand: 4924</description>
    <Point>
      <coordinates>91.3566,24.5063,0</coordinates>
    </Point>
  </Placemark>
  <Placemark>
    <name>Customer 408: Kaliganj</name>
    <styleUrl>#customerStyle</styleUrl>
    <description>Demand: 5952</description>
    <Point>
      <coordinates>90.5731,23.9645,0</coordinates>
    </Point>
  </Placemark>
  <Placemark>
    <name>Customer 409: Panchari</name>
    <styleUrl>#customerStyle</styleUrl>
    <description>Demand: 6007</description>
    <Point>
      <coordinates>91.899,23.3029,0</coordinates>
    </Point>
  </Placemark>
  <Placemark>
    <name>Customer 410: Dhunot</name>
    <styleUrl>#customerStyle</styleUrl>
    <description>Demand: 7232</description>
    <Point>
      <coordinates>89.5403,24.678,0</coordinates>
    </Point>
  </Placemark>
  <Placemark>
    <name>Customer 411: Kalapara</name>
    <styleUrl>#customerStyle</styleUrl>
    <description>Demand: 5040</description>
    <Point>
      <coordinates>90.2315,21.9849,0</coordinates>
    </Point>
  </Placemark>
  <Placemark>
    <name>Customer 412: Patuakhali-S</name>
    <styleUrl>#customerStyle</styleUrl>
    <description>Demand: 6992</description>
    <Point>
      <coordinates>90.3452,22.3588,0</coordinates>
    </Point>
  </Placemark>
  <Placemark>
    <name>Customer 413: Kazipur</name>
    <styleUrl>#customerStyle</styleUrl>
    <description>Demand: 8954</description>
    <Point>
      <coordinates>89.6346,24.6545,0</coordinates>
    </Point>
  </Placemark>
  <Placemark>
    <name>Customer 414: Mohadevpur</name>
    <styleUrl>#customerStyle</styleUrl>
    <description>Demand: 6797</description>
    <Point>
      <coordinates>88.7518,24.9198,0</coordinates>
    </Point>
  </Placemark>
  <Placemark>
    <name>Customer 415: Nabiganj</name>
    <styleUrl>#customerStyle</styleUrl>
    <description>Demand: 6431</description>
    <Point>
      <coordinates>91.5136,24.5672,0</coordinates>
    </Point>
  </Placemark>
  <Placemark>
    <name>Customer 416: Kabir Hat</name>
    <styleUrl>#customerStyle</styleUrl>
    <description>Demand: 7579</description>
    <Point>
      <coordinates>91.1989,22.7956,0</coordinates>
    </Point>
  </Placemark>
  <Placemark>
    <name>Customer 417: Muradnagar</name>
    <styleUrl>#customerStyle</styleUrl>
    <description>Demand: 7360</description>
    <Point>
      <coordinates>90.944,23.7149,0</coordinates>
    </Point>
  </Placemark>
  <Placemark>
    <name>Customer 418: Chouddagram</name>
    <styleUrl>#customerStyle</styleUrl>
    <description>Demand: 4428</description>
    <Point>
      <coordinates>91.3132,23.228,0</coordinates>
    </Point>
  </Placemark>
  <Placemark>
    <name>Customer 419: Kalmakanda</name>
    <styleUrl>#customerStyle</styleUrl>
    <description>Demand: 8940</description>
    <Point>
      <coordinates>90.889,25.0766,0</coordinates>
    </Point>
  </Placemark>
  <Placemark>
    <name>Customer 420: Bandar</name>
    <styleUrl>#customerStyle</styleUrl>
    <description>Demand: 5578</description>
    <Point>
      <coordinates>90.5315,23.6332,0</coordinates>
    </Point>
  </Placemark>
  <Placemark>
    <name>Customer 421: Pirganj</name>
    <styleUrl>#customerStyle</styleUrl>
    <description>Demand: 4407</description>
    <Point>
      <coordinates>89.3132,25.4362,0</coordinates>
    </Point>
  </Placemark>
  <Placemark>
    <name>Customer 422: Madhukhali</name>
    <styleUrl>#customerStyle</styleUrl>
    <description>Demand: 4299</description>
    <Point>
      <coordinates>89.6287,23.5441,0</coordinates>
    </Point>
  </Placemark>
  <Placemark>
    <name>Customer 423: Muksudpur</name>
    <styleUrl>#customerStyle</styleUrl>
    <description>Demand: 8998</description>
    <Point>
      <coordinates>89.8669,23.3198,0</coordinates>
    </Point>
  </Placemark>
  <Placemark>
    <name>Customer 424: Khagrachari-S</name>
    <styleUrl>#customerStyle</styleUrl>
    <description>Demand: 5755</description>
    <Point>
      <coordinates>91.9888,23.1117,0</coordinates>
    </Point>
  </Placemark>
  <Placemark>
    <name>Customer 425: Bagherpara</name>
    <styleUrl>#customerStyle</styleUrl>
    <description>Demand: 4423</description>
    <Point>
      <coordinates>89.3488,23.2173,0</coordinates>
    </Point>
  </Placemark>
  <Placemark>
    <name>Customer 426: Shahjadpur</name>
    <styleUrl>#customerStyle</styleUrl>
    <description>Demand: 6202</description>
    <Point>
      <coordinates>89.6,24.1761,0</coordinates>
    </Point>
  </Placemark>
  <Placemark>
    <name>Customer 427: Joypurhat-S</name>
    <styleUrl>#customerStyle</styleUrl>
    <description>Demand: 8816</description>
    <Point>
      <coordinates>89.0227,25.0968,0</coordinates>
    </Point>
  </Placemark>
  <Placemark>
    <name>Customer 428: Rangpur-S</name>
    <styleUrl>#customerStyle</styleUrl>
    <description>Demand: 8593</description>
    <Point>
      <coordinates>89.2752,25.7439,0</coordinates>
    </Point>
  </Placemark>
  <Placemark>
    <name>Customer 429: Lalmai</name>
    <styleUrl>#customerStyle</styleUrl>
    <description>Demand: 5456</description>
    <Point>
      <coordinates>91.1467,23.359,0</coordinates>
    </Point>
  </Placemark>
  <Placemark>
    <name>Customer 430: Sreepur</name>
    <styleUrl>#customerStyle</styleUrl>
    <description>Demand: 5733</description>
    <Point>
      <coordinates>90.4809,24.1997,0</coordinates>
    </Point>
  </Placemark>
  <Placemark>
    <name>Customer 431: Bancharampur</name>
    <styleUrl>#customerStyle</styleUrl>
    <description>Demand: 6427</description>
    <Point>
      <coordinates>90.8038,23.7753,0</coordinates>
    </Point>
  </Placemark>
  <Placemark>
    <name>Customer 432: Tongibari</name>
    <styleUrl>#customerStyle</styleUrl>
    <description>Demand: 7835</description>
    <Point>
      <coordinates>90.4668,23.5097,0</coordinates>
    </Point>
  </Placemark>
  <Placemark>
    <name>Customer 433: Purbadhala</name>
    <styleUrl>#customerStyle</styleUrl>
    <description>Demand: 8309</description>
    <Point>
      <coordinates>90.6003,24.9431,0</coordinates>
    </Point>
  </Placemark>
  <Placemark>
    <name>Customer 434: Madhabpur</name>
    <styleUrl>#customerStyle</styleUrl>
    <description>Demand: 6328</description>
    <Point>
      <coordinates>91.2963,24.0998,0</coordinates>
    </Point>
  </Placemark>
  <Placemark>
    <name>Customer 435: Islampur</name>
    <styleUrl>#customerStyle</styleUrl>
    <description>Demand: 8314</description>
    <Point>
      <coordinates>89.4079,25.1108,0</coordinates>
    </Point>
  </Placemark>
  <Placemark>
    <name>Customer 436: Ishwardi</name>
    <styleUrl>#customerStyle</styleUrl>
    <description>Demand: 4751</description>
    <Point>
      <coordinates>89.0657,24.1292,0</coordinates>
    </Point>
  </Placemark>
  <Placemark>
    <name>Customer 437: Bheramara</name>
    <styleUrl>#customerStyle</styleUrl>
    <description>Demand: 4595</description>
    <Point>
      <coordinates>88.9922,24.021,0</coordinates>
    </Point>
  </Placemark>
  <Placemark>
    <name>Customer 438: Gaffargaon</name>
    <styleUrl>#customerStyle</styleUrl>
    <description>Demand: 8833</description>
    <Point>
      <coordinates>90.5492,24.4173,0</coordinates>
    </Point>
  </Placemark>
  <Placemark>
    <name>Customer 439: Muktagacha</name>
    <styleUrl>#customerStyle</styleUrl>
    <description>Demand: 8524</description>
    <Point>
      <coordinates>90.2561,24.766,0</coordinates>
    </Point>
  </Placemark>
  <Placemark>
    <name>Customer 440: Kutubdia</name>
    <styleUrl>#customerStyle</styleUrl>
    <description>Demand: 5395</description>
    <Point>
      <coordinates>91.8583,21.8167,0</coordinates>
    </Point>
  </Placemark>
  <Placemark>
    <name>Customer 441: Birol</name>
    <styleUrl>#customerStyle</styleUrl>
    <description>Demand: 4231</description>
    <Point>
      <coordinates>88.5565,25.6328,0</coordinates>
    </Point>
  </Placemark>
  <Placemark>
    <name>Customer 442: Daulatpur</name>
    <styleUrl>#customerStyle</styleUrl>
    <description>Demand: 8279</description>
    <Point>
      <coordinates>89.7791,23.9654,0</coordinates>
    </Point>
  </Placemark>
  <Placemark>
    <name>Customer 443: B.Baria-S</name>
    <styleUrl>#customerStyle</styleUrl>
    <description>Demand: 7771</description>
    <Point>
      <coordinates>91.1115,23.9608,0</coordinates>
    </Point>
  </Placemark>
  <Placemark>
    <name>Customer 444: Bauphal</name>
    <styleUrl>#customerStyle</styleUrl>
    <description>Demand: 4550</description>
    <Point>
      <coordinates>90.5565,22.4193,0</coordinates>
    </Point>
  </Placemark>
  <Placemark>
    <name>Customer 445: Bhedarganj</name>
    <styleUrl>#customerStyle</styleUrl>
    <description>Demand: 5232</description>
    <Point>
      <coordinates>90.4455,23.1971,0</coordinates>
    </Point>
  </Placemark>
  <Placemark>
    <name>Route Sullah to Khaliajuri</name>
    <description>Assigned Demand Flow: 8041</description>
    <styleUrl>#lineStyle</styleUrl>
    <LineString>
      <tessellate>1</tessellate>
      <coordinates>
        91.2624,24.6711,0
        91.1329,24.6893,0
      </coordinates>
    </LineString>
  </Placemark>
  <Placemark>
    <name>Route Rajibpur to Kurigram-S</name>
    <description>Assigned Demand Flow: 5982</description>
    <styleUrl>#lineStyle</styleUrl>
    <LineString>
      <tessellate>1</tessellate>
      <coordinates>
        89.793,25.4451,0
        89.6816,25.8282,0
      </coordinates>
    </LineString>
  </Placemark>
  <Placemark>
    <name>Route Raipur to Shariatpur-S</name>
    <description>Assigned Demand Flow: 8893</description>
    <styleUrl>#lineStyle</styleUrl>
    <LineString>
      <tessellate>1</tessellate>
      <coordinates>
        90.7608,23.0367,0
        90.3501,23.2197,0
      </coordinates>
    </LineString>
  </Placemark>
  <Placemark>
    <name>Route Jhenaidah-S to Kumarkhali</name>
    <description>Assigned Demand Flow: 6670</description>
    <styleUrl>#lineStyle</styleUrl>
    <LineString>
      <tessellate>1</tessellate>
      <coordinates>
        89.1754,23.5528,0
        89.2396,23.8596,0
      </coordinates>
    </LineString>
  </Placemark>
  <Placemark>
    <name>Route Zajira to Shariatpur-S</name>
    <description>Assigned Demand Flow: 4102</description>
    <styleUrl>#lineStyle</styleUrl>
    <LineString>
      <tessellate>1</tessellate>
      <coordinates>
        90.3586,23.3416,0
        90.3501,23.2197,0
      </coordinates>
    </LineString>
  </Placemark>
  <Placemark>
    <name>Route Sreebordi to Durgapur</name>
    <description>Assigned Demand Flow: 5921.69</description>
    <styleUrl>#lineStyle</styleUrl>
    <LineString>
      <tessellate>1</tessellate>
      <coordinates>
        89.9393,25.1474,0
        90.6757,25.1138,0
      </coordinates>
    </LineString>
  </Placemark>
  <Placemark>
    <name>Route Sreebordi to Sariakandi</name>
    <description>Assigned Demand Flow: 67.3102</description>
    <styleUrl>#lineStyle</styleUrl>
    <LineString>
      <tessellate>1</tessellate>
      <coordinates>
        89.9393,25.1474,0
        89.571,24.8888,0
      </coordinates>
    </LineString>
  </Placemark>
  <Placemark>
    <name>Route Palashbari to Gobindaganj</name>
    <description>Assigned Demand Flow: 6320</description>
    <styleUrl>#lineStyle</styleUrl>
    <LineString>
      <tessellate>1</tessellate>
      <coordinates>
        89.3535,25.2794,0
        89.3869,25.1373,0
      </coordinates>
    </LineString>
  </Placemark>
  <Placemark>
    <name>Route Madaripur-S to Shariatpur-S</name>
    <description>Assigned Demand Flow: 5443</description>
    <styleUrl>#lineStyle</styleUrl>
    <LineString>
      <tessellate>1</tessellate>
      <coordinates>
        90.1939,23.1649,0
        90.3501,23.2197,0
      </coordinates>
    </LineString>
  </Placemark>
  <Placemark>
    <name>Route Kuliarchar to Bhairab</name>
    <description>Assigned Demand Flow: 4187</description>
    <styleUrl>#lineStyle</styleUrl>
    <LineString>
      <tessellate>1</tessellate>
      <coordinates>
        90.9116,24.1368,0
        90.9802,24.0555,0
      </coordinates>
    </LineString>
  </Placemark>
  <Placemark>
    <name>Route Khetlal to Gobindaganj</name>
    <description>Assigned Demand Flow: 7535</description>
    <styleUrl>#lineStyle</styleUrl>
    <LineString>
      <tessellate>1</tessellate>
      <coordinates>
        89.1086,25.038,0
        89.3869,25.1373,0
      </coordinates>
    </LineString>
  </Placemark>
  <Placemark>
    <name>Route Pangsha to Kumarkhali</name>
    <description>Assigned Demand Flow: 8833</description>
    <styleUrl>#lineStyle</styleUrl>
    <LineString>
      <tessellate>1</tessellate>
      <coordinates>
        89.4127,23.78,0
        89.2396,23.8596,0
      </coordinates>
    </LineString>
  </Placemark>
  <Placemark>
    <name>Route Porsha to Chirirbandar</name>
    <description>Assigned Demand Flow: 4623.38</description>
    <styleUrl>#lineStyle</styleUrl>
    <LineString>
      <tessellate>1</tessellate>
      <coordinates>
        88.1462,25.0526,0
        88.7771,25.6503,0
      </coordinates>
    </LineString>
  </Placemark>
  <Placemark>
    <name>Route Porsha to Manda</name>
    <description>Assigned Demand Flow: 1846.62</description>
    <styleUrl>#lineStyle</styleUrl>
    <LineString>
      <tessellate>1</tessellate>
      <coordinates>
        88.1462,25.0526,0
        88.6701,24.7755,0
      </coordinates>
    </LineString>
  </Placemark>
  <Placemark>
    <name>Route Moulvibazar-S to Dakshin Surma</name>
    <description>Assigned Demand Flow: 5159</description>
    <styleUrl>#lineStyle</styleUrl>
    <LineString>
      <tessellate>1</tessellate>
      <coordinates>
        91.7685,24.4843,0
        91.9051,24.815,0
      </coordinates>
    </LineString>
  </Placemark>
  <Placemark>
    <name>Route Dakhin Sunamganj to Khaliajuri</name>
    <description>Assigned Demand Flow: 1074.45</description>
    <styleUrl>#lineStyle</styleUrl>
    <LineString>
      <tessellate>1</tessellate>
      <coordinates>
        91.4581,24.915,0
        91.1329,24.6893,0
      </coordinates>
    </LineString>
  </Placemark>
  <Placemark>
    <name>Route Dakhin Sunamganj to Dakshin Surma</name>
    <description>Assigned Demand Flow: 4612.55</description>
    <styleUrl>#lineStyle</styleUrl>
    <LineString>
      <tessellate>1</tessellate>
      <coordinates>
        91.4581,24.915,0
        91.9051,24.815,0
      </coordinates>
    </LineString>
  </Placemark>
  <Placemark>
    <name>Route Paba to Durgapur</name>
    <description>Assigned Demand Flow: 6222</description>
    <styleUrl>#lineStyle</styleUrl>
    <LineString>
      <tessellate>1</tessellate>
      <coordinates>
        88.6438,24.4362,0
        88.7696,24.445,0
      </coordinates>
    </LineString>
  </Placemark>
  <Placemark>
    <name>Route Belkuchi to Sirajganj-S</name>
    <description>Assigned Demand Flow: 4002</description>
    <styleUrl>#lineStyle</styleUrl>
    <LineString>
      <tessellate>1</tessellate>
      <coordinates>
        89.6981,24.2952,0
        89.6816,24.4526,0
      </coordinates>
    </LineString>
  </Placemark>
  <Placemark>
    <name>Route Dhamoirhat to Chirirbandar</name>
    <description>Assigned Demand Flow: 4780</description>
    <styleUrl>#lineStyle</styleUrl>
    <LineString>
      <tessellate>1</tessellate>
      <coordinates>
        88.8515,25.1504,0
        88.7771,25.6503,0
      </coordinates>
    </LineString>
  </Placemark>
  <Placemark>
    <name>Route Rangabali to Galachipa</name>
    <description>Assigned Demand Flow: 7208</description>
    <styleUrl>#lineStyle</styleUrl>
    <LineString>
      <tessellate>1</tessellate>
      <coordinates>
        90.4408,21.9397,0
        90.4102,22.1634,0
      </coordinates>
    </LineString>
  </Placemark>
  <Placemark>
    <name>Route Faridganj to Shariatpur-S</name>
    <description>Assigned Demand Flow: 8334</description>
    <styleUrl>#lineStyle</styleUrl>
    <LineString>
      <tessellate>1</tessellate>
      <coordinates>
        90.7509,23.1275,0
        90.3501,23.2197,0
      </coordinates>
    </LineString>
  </Placemark>
  <Placemark>
    <name>Route Haripur to Baliadangi</name>
    <description>Assigned Demand Flow: 5319</description>
    <styleUrl>#lineStyle</styleUrl>
    <LineString>
      <tessellate>1</tessellate>
      <coordinates>
        88.1232,25.8444,0
        88.2753,26.0902,0
      </coordinates>
    </LineString>
  </Placemark>
  <Placemark>
    <name>Route Juraichari to Rangamati-S</name>
    <description>Assigned Demand Flow: 6632</description>
    <styleUrl>#lineStyle</styleUrl>
    <LineString>
      <tessellate>1</tessellate>
      <coordinates>
        92.3789,22.6708,0
        92.1789,22.6533,0
      </coordinates>
    </LineString>
  </Placemark>
  <Placemark>
    <name>Route Lama to Thanchi</name>
    <description>Assigned Demand Flow: 5261</description>
    <styleUrl>#lineStyle</styleUrl>
    <LineString>
      <tessellate>1</tessellate>
      <coordinates>
        92.1969,21.7744,0
        92.4357,21.8211,0
      </coordinates>
    </LineString>
  </Placemark>
  <Placemark>
    <name>Route Haluaghat to Durgapur</name>
    <description>Assigned Demand Flow: 5541</description>
    <styleUrl>#lineStyle</styleUrl>
    <LineString>
      <tessellate>1</tessellate>
      <coordinates>
        90.3407,25.1218,0
        90.6757,25.1138,0
      </coordinates>
    </LineString>
  </Placemark>
  <Placemark>
    <name>Route Shakhipur to Singair</name>
    <description>Assigned Demand Flow: 1591.13</description>
    <styleUrl>#lineStyle</styleUrl>
    <LineString>
      <tessellate>1</tessellate>
      <coordinates>
        90.1753,24.3192,0
        90.146,23.8137,0
      </coordinates>
    </LineString>
  </Placemark>
  <Placemark>
    <name>Route Shakhipur to Sirajganj-S</name>
    <description>Assigned Demand Flow: 7267.87</description>
    <styleUrl>#lineStyle</styleUrl>
    <LineString>
      <tessellate>1</tessellate>
      <coordinates>
        90.1753,24.3192,0
        89.6816,24.4526,0
      </coordinates>
    </LineString>
  </Placemark>
  <Placemark>
    <name>Route Bijoynagar to Bhairab</name>
    <description>Assigned Demand Flow: 6794</description>
    <styleUrl>#lineStyle</styleUrl>
    <LineString>
      <tessellate>1</tessellate>
      <coordinates>
        91.2266,24.0142,0
        90.9802,24.0555,0
      </coordinates>
    </LineString>
  </Placemark>
  <Placemark>
    <name>Route Charghat to Durgapur</name>
    <description>Assigned Demand Flow: 7214</description>
    <styleUrl>#lineStyle</styleUrl>
    <LineString>
      <tessellate>1</tessellate>
      <coordinates>
        88.7518,24.2785,0
        88.7696,24.445,0
      </coordinates>
    </LineString>
  </Placemark>
  <Placemark>
    <name>Route Kaharol to Chirirbandar</name>
    <description>Assigned Demand Flow: 8164</description>
    <styleUrl>#lineStyle</styleUrl>
    <LineString>
      <tessellate>1</tessellate>
      <coordinates>
        88.6012,25.7937,0
        88.7771,25.6503,0
      </coordinates>
    </LineString>
  </Placemark>
  <Placemark>
    <name>Route Keshabpur to Kalaroa</name>
    <description>Assigned Demand Flow: 4239</description>
    <styleUrl>#lineStyle</styleUrl>
    <LineString>
      <tessellate>1</tessellate>
      <coordinates>
        89.2194,22.9055,0
        89.0394,22.8583,0
      </coordinates>
    </LineString>
  </Placemark>
  <Placemark>
    <name>Route Netrakona-S to Durgapur</name>
    <description>Assigned Demand Flow: 5272</description>
    <styleUrl>#lineStyle</styleUrl>
    <LineString>
      <tessellate>1</tessellate>
      <coordinates>
        90.7271,24.8817,0
        90.6757,25.1138,0
      </coordinates>
    </LineString>
  </Placemark>
  <Placemark>
    <name>Route Sunamganj-S to Khaliajuri</name>
    <description>Assigned Demand Flow: 5954</description>
    <styleUrl>#lineStyle</styleUrl>
    <LineString>
      <tessellate>1</tessellate>
      <coordinates>
        91.4073,25.0668,0
        91.1329,24.6893,0
      </coordinates>
    </LineString>
  </Placemark>
  <Placemark>
    <name>Route Kalukhali to Kumarkhali</name>
    <description>Assigned Demand Flow: 8284</description>
    <styleUrl>#lineStyle</styleUrl>
    <LineString>
      <tessellate>1</tessellate>
      <coordinates>
        89.4691,23.7655,0
        89.2396,23.8596,0
      </coordinates>
    </LineString>
  </Placemark>
  <Placemark>
    <name>Route Pirganj to Chirirbandar</name>
    <description>Assigned Demand Flow: 5873</description>
    <styleUrl>#lineStyle</styleUrl>
    <LineString>
      <tessellate>1</tessellate>
      <coordinates>
        89.3132,25.4362,0
        88.7771,25.6503,0
      </coordinates>
    </LineString>
  </Placemark>
  <Placemark>
    <name>Route Nawabganj-S to Charbhadrasan</name>
    <description>Assigned Demand Flow: 6325</description>
    <styleUrl>#lineStyle</styleUrl>
    <LineString>
      <tessellate>1</tessellate>
      <coordinates>
        90.1518,23.6531,0
        89.9953,23.5669,0
      </coordinates>
    </LineString>
  </Placemark>
  <Placemark>
    <name>Route Laksham to Burichong</name>
    <description>Assigned Demand Flow: 6062</description>
    <styleUrl>#lineStyle</styleUrl>
    <LineString>
      <tessellate>1</tessellate>
      <coordinates>
        91.1212,23.2449,0
        91.1267,23.5535,0
      </coordinates>
    </LineString>
  </Placemark>
  <Placemark>
    <name>Route Bishwanath to Dakshin Surma</name>
    <description>Assigned Demand Flow: 8941</description>
    <styleUrl>#lineStyle</styleUrl>
    <LineString>
      <tessellate>1</tessellate>
      <coordinates>
        91.7567,24.8171,0
        91.9051,24.815,0
      </coordinates>
    </LineString>
  </Placemark>
  <Placemark>
    <name>Route Mujib Nagar to Gangni</name>
    <description>Assigned Demand Flow: 7501</description>
    <styleUrl>#lineStyle</styleUrl>
    <LineString>
      <tessellate>1</tessellate>
      <coordinates>
        88.5928,23.6468,0
        88.7422,23.8207,0
      </coordinates>
    </LineString>
  </Placemark>
  <Placemark>
    <name>Route Phulbari to Kurigram-S</name>
    <description>Assigned Demand Flow: 6627</description>
    <styleUrl>#lineStyle</styleUrl>
    <LineString>
      <tessellate>1</tessellate>
      <coordinates>
        89.552,25.9495,0
        89.6816,25.8282,0
      </coordinates>
    </LineString>
  </Placemark>
  <Placemark>
    <name>Route Badalgachi to Manda</name>
    <description>Assigned Demand Flow: 7471</description>
    <styleUrl>#lineStyle</styleUrl>
    <LineString>
      <tessellate>1</tessellate>
      <coordinates>
        88.9102,24.9685,0
        88.6701,24.7755,0
      </coordinates>
    </LineString>
  </Placemark>
  <Placemark>
    <name>Route Raipura to Bhairab</name>
    <description>Assigned Demand Flow: 4152</description>
    <styleUrl>#lineStyle</styleUrl>
    <LineString>
      <tessellate>1</tessellate>
      <coordinates>
        90.8719,23.9944,0
        90.9802,24.0555,0
      </coordinates>
    </LineString>
  </Placemark>
  <Placemark>
    <name>Route Phultala to Kalia</name>
    <description>Assigned Demand Flow: 6845</description>
    <styleUrl>#lineStyle</styleUrl>
    <LineString>
      <tessellate>1</tessellate>
      <coordinates>
        89.4506,22.9705,0
        89.7519,23.0414,0
      </coordinates>
    </LineString>
  </Placemark>
  <Placemark>
    <name>Route Feni to Sonagazi</name>
    <description>Assigned Demand Flow: 7781</description>
    <styleUrl>#lineStyle</styleUrl>
    <LineString>
      <tessellate>1</tessellate>
      <coordinates>
        91.3964,23.0212,0
        91.3928,22.8492,0
      </coordinates>
    </LineString>
  </Placemark>
  <Placemark>
    <name>Route Nikli to Bhairab</name>
    <description>Assigned Demand Flow: 4272</description>
    <styleUrl>#lineStyle</styleUrl>
    <LineString>
      <tessellate>1</tessellate>
      <coordinates>
        90.9336,24.3243,0
        90.9802,24.0555,0
      </coordinates>
    </LineString>
  </Placemark>
  <Placemark>
    <name>Route Jaintiapur to Dakshin Surma</name>
    <description>Assigned Demand Flow: 6193</description>
    <styleUrl>#lineStyle</styleUrl>
    <LineString>
      <tessellate>1</tessellate>
      <coordinates>
        92.1228,25.1353,0
        91.9051,24.815,0
      </coordinates>
    </LineString>
  </Placemark>
  <Placemark>
    <name>Route Alamdanga to Gangni</name>
    <description>Assigned Demand Flow: 7201</description>
    <styleUrl>#lineStyle</styleUrl>
    <LineString>
      <tessellate>1</tessellate>
      <coordinates>
        88.9438,23.7627,0
        88.7422,23.8207,0
      </coordinates>
    </LineString>
  </Placemark>
  <Placemark>
    <name>Route Delduar to Singair</name>
    <description>Assigned Demand Flow: 5055</description>
    <styleUrl>#lineStyle</styleUrl>
    <LineString>
      <tessellate>1</tessellate>
      <coordinates>
        89.9651,24.1647,0
        90.146,23.8137,0
      </coordinates>
    </LineString>
  </Placemark>
  <Placemark>
    <name>Route Harirampur to Singair</name>
    <description>Assigned Demand Flow: 5296.79</description>
    <styleUrl>#lineStyle</styleUrl>
    <LineString>
      <tessellate>1</tessellate>
      <coordinates>
        89.971,23.7511,0
        90.146,23.8137,0
      </coordinates>
    </LineString>
  </Placemark>
  <Placemark>
    <name>Route Harirampur to Charbhadrasan</name>
    <description>Assigned Demand Flow: 2767.21</description>
    <styleUrl>#lineStyle</styleUrl>
    <LineString>
      <tessellate>1</tessellate>
      <coordinates>
        89.971,23.7511,0
        89.9953,23.5669,0
      </coordinates>
    </LineString>
  </Placemark>
  <Placemark>
    <name>Route Nandigram to Durgapur</name>
    <description>Assigned Demand Flow: 7354</description>
    <styleUrl>#lineStyle</styleUrl>
    <LineString>
      <tessellate>1</tessellate>
      <coordinates>
        89.2457,24.6481,0
        88.7696,24.445,0
      </coordinates>
    </LineString>
  </Placemark>
  <Placemark>
    <name>Route Chhagalniya to Sonagazi</name>
    <description>Assigned Demand Flow: 8555</description>
    <styleUrl>#lineStyle</styleUrl>
    <LineString>
      <tessellate>1</tessellate>
      <coordinates>
        91.5184,23.0386,0
        91.3928,22.8492,0
      </coordinates>
    </LineString>
  </Placemark>
  <Placemark>
    <name>Route Porshuram to Sonagazi</name>
    <description>Assigned Demand Flow: 1965.94</description>
    <styleUrl>#lineStyle</styleUrl>
    <LineString>
      <tessellate>1</tessellate>
      <coordinates>
        91.4446,23.2134,0
        91.3928,22.8492,0
      </coordinates>
    </LineString>
  </Placemark>
  <Placemark>
    <name>Route Porshuram to Burichong</name>
    <description>Assigned Demand Flow: 5851.06</description>
    <styleUrl>#lineStyle</styleUrl>
    <LineString>
      <tessellate>1</tessellate>
      <coordinates>
        91.4446,23.2134,0
        91.1267,23.5535,0
      </coordinates>
    </LineString>
  </Placemark>
  <Placemark>
    <name>Route Bandarban-S to Patiya</name>
    <description>Assigned Demand Flow: 4818</description>
    <styleUrl>#lineStyle</styleUrl>
    <LineString>
      <tessellate>1</tessellate>
      <coordinates>
        92.2187,22.1936,0
        91.9759,22.295,0
      </coordinates>
    </LineString>
  </Placemark>
  <Placemark>
    <name>Route Nilphamari-S to Jaldhaka</name>
    <description>Assigned Demand Flow: 8912</description>
    <styleUrl>#lineStyle</styleUrl>
    <LineString>
      <tessellate>1</tessellate>
      <coordinates>
        88.8407,25.9363,0
        89.0215,26.0228,0
      </coordinates>
    </LineString>
  </Placemark>
  <Placemark>
    <name>Route Daudkandi to Sonargaon</name>
    <description>Assigned Demand Flow: 4578</description>
    <styleUrl>#lineStyle</styleUrl>
    <LineString>
      <tessellate>1</tessellate>
      <coordinates>
        90.7247,23.5338,0
        90.5991,23.6461,0
      </coordinates>
    </LineString>
  </Placemark>
  <Placemark>
    <name>Route Sarail to Bhairab</name>
    <description>Assigned Demand Flow: 8636</description>
    <styleUrl>#lineStyle</styleUrl>
    <LineString>
      <tessellate>1</tessellate>
      <coordinates>
        91.1113,24.0745,0
        90.9802,24.0555,0
      </coordinates>
    </LineString>
  </Placemark>
  <Placemark>
    <name>Route Kathalia to Dumki</name>
    <description>Assigned Demand Flow: 4172</description>
    <styleUrl>#lineStyle</styleUrl>
    <LineString>
      <tessellate>1</tessellate>
      <coordinates>
        90.1406,22.441,0
        90.3843,22.4645,0
      </coordinates>
    </LineString>
  </Placemark>
  <Placemark>
    <name>Route Begumganj to Sonagazi</name>
    <description>Assigned Demand Flow: 5758</description>
    <styleUrl>#lineStyle</styleUrl>
    <LineString>
      <tessellate>1</tessellate>
      <coordinates>
        91.0921,22.9319,0
        91.3928,22.8492,0
      </coordinates>
    </LineString>
  </Placemark>
  <Placemark>
    <name>Route Lakshmipur-Sadar to Dumki</name>
    <description>Assigned Demand Flow: 4312</description>
    <styleUrl>#lineStyle</styleUrl>
    <LineString>
      <tessellate>1</tessellate>
      <coordinates>
        90.8673,22.9537,0
        90.3843,22.4645,0
      </coordinates>
    </LineString>
  </Placemark>
  <Placemark>
    <name>Route Badarganj to Chirirbandar</name>
    <description>Assigned Demand Flow: 7072</description>
    <styleUrl>#lineStyle</styleUrl>
    <LineString>
      <tessellate>1</tessellate>
      <coordinates>
        89.0705,25.654,0
        88.7771,25.6503,0
      </coordinates>
    </LineString>
  </Placemark>
  <Placemark>
    <name>Route Kamarkhand to Sirajganj-S</name>
    <description>Assigned Demand Flow: 7609</description>
    <styleUrl>#lineStyle</styleUrl>
    <LineString>
      <tessellate>1</tessellate>
      <coordinates>
        89.6652,24.3605,0
        89.6816,24.4526,0
      </coordinates>
    </LineString>
  </Placemark>
  <Placemark>
    <name>Route Sharankhola to Dumki</name>
    <description>Assigned Demand Flow: 6997</description>
    <styleUrl>#lineStyle</styleUrl>
    <LineString>
      <tessellate>1</tessellate>
      <coordinates>
        89.8482,22.3128,0
        90.3843,22.4645,0
      </coordinates>
    </LineString>
  </Placemark>
  <Placemark>
    <name>Route Pabna-S to Kumarkhali</name>
    <description>Assigned Demand Flow: 5124</description>
    <styleUrl>#lineStyle</styleUrl>
    <LineString>
      <tessellate>1</tessellate>
      <coordinates>
        89.2383,24.0076,0
        89.2396,23.8596,0
      </coordinates>
    </LineString>
  </Placemark>
  <Placemark>
    <name>Route Singra to Durgapur</name>
    <description>Assigned Demand Flow: 4530</description>
    <styleUrl>#lineStyle</styleUrl>
    <LineString>
      <tessellate>1</tessellate>
      <coordinates>
        89.1429,24.5,0
        88.7696,24.445,0
      </coordinates>
    </LineString>
  </Placemark>
  <Placemark>
    <name>Route Nesarabad to Banaripara</name>
    <description>Assigned Demand Flow: 4984</description>
    <styleUrl>#lineStyle</styleUrl>
    <LineString>
      <tessellate>1</tessellate>
      <coordinates>
        90.1167,22.745,0
        90.1623,22.7779,0
      </coordinates>
    </LineString>
  </Placemark>
  <Placemark>
    <name>Route Naria to Shariatpur-S</name>
    <description>Assigned Demand Flow: 5178</description>
    <styleUrl>#lineStyle</styleUrl>
    <LineString>
      <tessellate>1</tessellate>
      <coordinates>
        90.409,23.3059,0
        90.3501,23.2197,0
      </coordinates>
    </LineString>
  </Placemark>
  <Placemark>
    <name>Route Mohammadpur to Singair</name>
    <description>Assigned Demand Flow: 2776.89</description>
    <styleUrl>#lineStyle</styleUrl>
    <LineString>
      <tessellate>1</tessellate>
      <coordinates>
        90.3589,23.7662,0
        90.146,23.8137,0
      </coordinates>
    </LineString>
  </Placemark>
  <Placemark>
    <name>Route Mohammadpur to Sonargaon</name>
    <description>Assigned Demand Flow: 5505.11</description>
    <styleUrl>#lineStyle</styleUrl>
    <LineString>
      <tessellate>1</tessellate>
      <coordinates>
        90.3589,23.7662,0
        90.5991,23.6461,0
      </coordinates>
    </LineString>
  </Placemark>
  <Placemark>
    <name>Route Fulgazi to Sonagazi</name>
    <description>Assigned Demand Flow: 5670</description>
    <styleUrl>#lineStyle</styleUrl>
    <LineString>
      <tessellate>1</tessellate>
      <coordinates>
        91.4326,23.1554,0
        91.3928,22.8492,0
      </coordinates>
    </LineString>
  </Placemark>
  <Placemark>
    <name>Route Bera to Santhia</name>
    <description>Assigned Demand Flow: 5382</description>
    <styleUrl>#lineStyle</styleUrl>
    <LineString>
      <tessellate>1</tessellate>
      <coordinates>
        89.6531,24.0807,0
        89.5353,24.0562,0
      </coordinates>
    </LineString>
  </Placemark>
  <Placemark>
    <name>Route Beanibazar to Dakshin Surma</name>
    <description>Assigned Demand Flow: 7841</description>
    <styleUrl>#lineStyle</styleUrl>
    <LineString>
      <tessellate>1</tessellate>
      <coordinates>
        92.1585,24.822,0
        91.9051,24.815,0
      </coordinates>
    </LineString>
  </Placemark>
  <Placemark>
    <name>Route Ramgarh to Rangamati-S</name>
    <description>Assigned Demand Flow: 8131</description>
    <styleUrl>#lineStyle</styleUrl>
    <LineString>
      <tessellate>1</tessellate>
      <coordinates>
        91.7403,23.0091,0
        92.1789,22.6533,0
      </coordinates>
    </LineString>
  </Placemark>
  <Placemark>
    <name>Route Boda to Jaldhaka</name>
    <description>Assigned Demand Flow: 8520</description>
    <styleUrl>#lineStyle</styleUrl>
    <LineString>
      <tessellate>1</tessellate>
      <coordinates>
        88.5582,26.2005,0
        89.0215,26.0228,0
      </coordinates>
    </LineString>
  </Placemark>
  <Placemark>
    <name>Route Saghata to Gobindaganj</name>
    <description>Assigned Demand Flow: 5907</description>
    <styleUrl>#lineStyle</styleUrl>
    <LineString>
      <tessellate>1</tessellate>
      <coordinates>
        89.5828,25.1231,0
        89.3869,25.1373,0
      </coordinates>
    </LineString>
  </Placemark>
  <Placemark>
    <name>Route Adamdighi to Durgapur</name>
    <description>Assigned Demand Flow: 4187</description>
    <styleUrl>#lineStyle</styleUrl>
    <LineString>
      <tessellate>1</tessellate>
      <coordinates>
        89.0418,24.8003,0
        88.7696,24.445,0
      </coordinates>
    </LineString>
  </Placemark>
  <Placemark>
    <name>Route Naldanga to Durgapur</name>
    <description>Assigned Demand Flow: 5938</description>
    <styleUrl>#lineStyle</styleUrl>
    <LineString>
      <tessellate>1</tessellate>
      <coordinates>
        88.9605,24.4969,0
        88.7696,24.445,0
      </coordinates>
    </LineString>
  </Placemark>
  <Placemark>
    <name>Route Moheskhali to Thanchi</name>
    <description>Assigned Demand Flow: 7513</description>
    <styleUrl>#lineStyle</styleUrl>
    <LineString>
      <tessellate>1</tessellate>
      <coordinates>
        91.9418,21.5374,0
        92.4357,21.8211,0
      </coordinates>
    </LineString>
  </Placemark>
  <Placemark>
    <name>Route Dimla to Jaldhaka</name>
    <description>Assigned Demand Flow: 8182</description>
    <styleUrl>#lineStyle</styleUrl>
    <LineString>
      <tessellate>1</tessellate>
      <coordinates>
        88.951,26.144,0
        89.0215,26.0228,0
      </coordinates>
    </LineString>
  </Placemark>
  <Placemark>
    <name>Route Kaliakoir to Singair</name>
    <description>Assigned Demand Flow: 6116</description>
    <styleUrl>#lineStyle</styleUrl>
    <LineString>
      <tessellate>1</tessellate>
      <coordinates>
        90.2221,24.0695,0
        90.146,23.8137,0
      </coordinates>
    </LineString>
  </Placemark>
  <Placemark>
    <name>Route Juri to Dakshin Surma</name>
    <description>Assigned Demand Flow: 6470</description>
    <styleUrl>#lineStyle</styleUrl>
    <LineString>
      <tessellate>1</tessellate>
      <coordinates>
        91.942,24.6148,0
        91.9051,24.815,0
      </coordinates>
    </LineString>
  </Placemark>
  <Placemark>
    <name>Route Borhanuddin to Dumki</name>
    <description>Assigned Demand Flow: 5655</description>
    <styleUrl>#lineStyle</styleUrl>
    <LineString>
      <tessellate>1</tessellate>
      <coordinates>
        90.7165,22.4974,0
        90.3843,22.4645,0
      </coordinates>
    </LineString>
  </Placemark>
  <Placemark>
    <name>Route Narail-S to Kalia</name>
    <description>Assigned Demand Flow: 8593</description>
    <styleUrl>#lineStyle</styleUrl>
    <LineString>
      <tessellate>1</tessellate>
      <coordinates>
        89.499,23.1657,0
        89.7519,23.0414,0
      </coordinates>
    </LineString>
  </Placemark>
  <Placemark>
    <name>Route Birampur to Chirirbandar</name>
    <description>Assigned Demand Flow: 5103</description>
    <styleUrl>#lineStyle</styleUrl>
    <LineString>
      <tessellate>1</tessellate>
      <coordinates>
        88.9916,25.3899,0
        88.7771,25.6503,0
      </coordinates>
    </LineString>
  </Placemark>
  <Placemark>
    <name>Route Trishal to Gouripur</name>
    <description>Assigned Demand Flow: 8417</description>
    <styleUrl>#lineStyle</styleUrl>
    <LineString>
      <tessellate>1</tessellate>
      <coordinates>
        90.3948,24.5817,0
        90.5683,24.7548,0
      </coordinates>
    </LineString>
  </Placemark>
  <Placemark>
    <name>Route Kahaloo to Sariakandi</name>
    <description>Assigned Demand Flow: 7065</description>
    <styleUrl>#lineStyle</styleUrl>
    <LineString>
      <tessellate>1</tessellate>
      <coordinates>
        89.2681,24.8283,0
        89.571,24.8888,0
      </coordinates>
    </LineString>
  </Placemark>
  <Placemark>
    <name>Route Salikha to Jhikargacha</name>
    <description>Assigned Demand Flow: 8935</description>
    <styleUrl>#lineStyle</styleUrl>
    <LineString>
      <tessellate>1</tessellate>
      <coordinates>
        89.3761,23.3021,0
        89.0991,23.0999,0
      </coordinates>
    </LineString>
  </Placemark>
  <Placemark>
    <name>Route Debidwar to Burichong</name>
    <description>Assigned Demand Flow: 8442</description>
    <styleUrl>#lineStyle</styleUrl>
    <LineString>
      <tessellate>1</tessellate>
      <coordinates>
        90.9773,23.6115,0
        91.1267,23.5535,0
      </coordinates>
    </LineString>
  </Placemark>
  <Placemark>
    <name>Route Dhamrai to Singair</name>
    <description>Assigned Demand Flow: 6296</description>
    <styleUrl>#lineStyle</styleUrl>
    <LineString>
      <tessellate>1</tessellate>
      <coordinates>
        90.2174,23.9148,0
        90.146,23.8137,0
      </coordinates>
    </LineString>
  </Placemark>
  <Placemark>
    <name>Route Katiadi to Bhairab</name>
    <description>Assigned Demand Flow: 7950</description>
    <styleUrl>#lineStyle</styleUrl>
    <LineString>
      <tessellate>1</tessellate>
      <coordinates>
        90.7937,24.2459,0
        90.9802,24.0555,0
      </coordinates>
    </LineString>
  </Placemark>
  <Placemark>
    <name>Route Chilmari to Kurigram-S</name>
    <description>Assigned Demand Flow: 5926</description>
    <styleUrl>#lineStyle</styleUrl>
    <LineString>
      <tessellate>1</tessellate>
      <coordinates>
        89.6616,25.581,0
        89.6816,25.8282,0
      </coordinates>
    </LineString>
  </Placemark>
  <Placemark>
    <name>Route Gurudaspur to Durgapur</name>
    <description>Assigned Demand Flow: 5996</description>
    <styleUrl>#lineStyle</styleUrl>
    <LineString>
      <tessellate>1</tessellate>
      <coordinates>
        89.2332,24.3683,0
        88.7696,24.445,0
      </coordinates>
    </LineString>
  </Placemark>
  <Placemark>
    <name>Route Barlekha to Dakshin Surma</name>
    <description>Assigned Demand Flow: 4228</description>
    <styleUrl>#lineStyle</styleUrl>
    <LineString>
      <tessellate>1</tessellate>
      <coordinates>
        92.1917,24.7073,0
        91.9051,24.815,0
      </coordinates>
    </LineString>
  </Placemark>
  <Placemark>
    <name>Route Nalchity to Dumki</name>
    <description>Assigned Demand Flow: 6301</description>
    <styleUrl>#lineStyle</styleUrl>
    <LineString>
      <tessellate>1</tessellate>
      <coordinates>
        90.2688,22.6283,0
        90.3843,22.4645,0
      </coordinates>
    </LineString>
  </Placemark>
  <Placemark>
    <name>Route Nawabganj to Charbhadrasan</name>
    <description>Assigned Demand Flow: 6578</description>
    <styleUrl>#lineStyle</styleUrl>
    <LineString>
      <tessellate>1</tessellate>
      <coordinates>
        90.1518,23.6531,0
        89.9953,23.5669,0
      </coordinates>
    </LineString>
  </Placemark>
  <Placemark>
    <name>Route Uzirpur to Banaripara</name>
    <description>Assigned Demand Flow: 8606</description>
    <styleUrl>#lineStyle</styleUrl>
    <LineString>
      <tessellate>1</tessellate>
      <coordinates>
        90.2503,22.8193,0
        90.1623,22.7779,0
      </coordinates>
    </LineString>
  </Placemark>
  <Placemark>
    <name>Route Dewanganj to Gobindaganj</name>
    <description>Assigned Demand Flow: 3816.29</description>
    <styleUrl>#lineStyle</styleUrl>
    <LineString>
      <tessellate>1</tessellate>
      <coordinates>
        89.7582,25.153,0
        89.3869,25.1373,0
      </coordinates>
    </LineString>
  </Placemark>
  <Placemark>
    <name>Route Dewanganj to Sariakandi</name>
    <description>Assigned Demand Flow: 2507.71</description>
    <styleUrl>#lineStyle</styleUrl>
    <LineString>
      <tessellate>1</tessellate>
      <coordinates>
        89.7582,25.153,0
        89.571,24.8888,0
      </coordinates>
    </LineString>
  </Placemark>
  <Placemark>
    <name>Route Kushtia-S to Kumarkhali</name>
    <description>Assigned Demand Flow: 6614</description>
    <styleUrl>#lineStyle</styleUrl>
    <LineString>
      <tessellate>1</tessellate>
      <coordinates>
        89.122,23.9088,0
        89.2396,23.8596,0
      </coordinates>
    </LineString>
  </Placemark>
  <Placemark>
    <name>Route Mymensingh-S to Durgapur</name>
    <description>Assigned Demand Flow: 582.526</description>
    <styleUrl>#lineStyle</styleUrl>
    <LineString>
      <tessellate>1</tessellate>
      <coordinates>
        90.356,24.7851,0
        90.6757,25.1138,0
      </coordinates>
    </LineString>
  </Placemark>
  <Placemark>
    <name>Route Mymensingh-S to Gouripur</name>
    <description>Assigned Demand Flow: 4327.47</description>
    <styleUrl>#lineStyle</styleUrl>
    <LineString>
      <tessellate>1</tessellate>
      <coordinates>
        90.356,24.7851,0
        90.5683,24.7548,0
      </coordinates>
    </LineString>
  </Placemark>
  <Placemark>
    <name>Route Ishwarganj to Gouripur</name>
    <description>Assigned Demand Flow: 6262</description>
    <styleUrl>#lineStyle</styleUrl>
    <LineString>
      <tessellate>1</tessellate>
      <coordinates>
        90.5944,24.6923,0
        90.5683,24.7548,0
      </coordinates>
    </LineString>
  </Placemark>
  <Placemark>
    <name>Route Azmiriganj to Khaliajuri</name>
    <description>Assigned Demand Flow: 6832</description>
    <styleUrl>#lineStyle</styleUrl>
    <LineString>
      <tessellate>1</tessellate>
      <coordinates>
        91.2362,24.5489,0
        91.1329,24.6893,0
      </coordinates>
    </LineString>
  </Placemark>
  <Placemark>
    <name>Route Saturia to Singair</name>
    <description>Assigned Demand Flow: 4673</description>
    <styleUrl>#lineStyle</styleUrl>
    <LineString>
      <tessellate>1</tessellate>
      <coordinates>
        90.0362,23.973,0
        90.146,23.8137,0
      </coordinates>
    </LineString>
  </Placemark>
  <Placemark>
    <name>Route Charfassion to Galachipa</name>
    <description>Assigned Demand Flow: 6331</description>
    <styleUrl>#lineStyle</styleUrl>
    <LineString>
      <tessellate>1</tessellate>
      <coordinates>
        90.726,22.1995,0
        90.4102,22.1634,0
      </coordinates>
    </LineString>
  </Placemark>
  <Placemark>
    <name>Route Madhupur to Sirajganj-S</name>
    <description>Assigned Demand Flow: 8019</description>
    <styleUrl>#lineStyle</styleUrl>
    <LineString>
      <tessellate>1</tessellate>
      <coordinates>
        90.0104,24.6074,0
        89.6816,24.4526,0
      </coordinates>
    </LineString>
  </Placemark>
  <Placemark>
    <name>Route Panchbibi to Chirirbandar</name>
    <description>Assigned Demand Flow: 7092</description>
    <styleUrl>#lineStyle</styleUrl>
    <LineString>
      <tessellate>1</tessellate>
      <coordinates>
        89.0191,25.1872,0
        88.7771,25.6503,0
      </coordinates>
    </LineString>
  </Placemark>
  <Placemark>
    <name>Route Rampal to Banaripara</name>
    <description>Assigned Demand Flow: 6023</description>
    <styleUrl>#lineStyle</styleUrl>
    <LineString>
      <tessellate>1</tessellate>
      <coordinates>
        89.6722,22.5838,0
        90.1623,22.7779,0
      </coordinates>
    </LineString>
  </Placemark>
  <Placemark>
    <name>Route Moheshpur to Gangni</name>
    <description>Assigned Demand Flow: 2060.48</description>
    <styleUrl>#lineStyle</styleUrl>
    <LineString>
      <tessellate>1</tessellate>
      <coordinates>
        88.9172,23.3598,0
        88.7422,23.8207,0
      </coordinates>
    </LineString>
  </Placemark>
  <Placemark>
    <name>Route Moheshpur to Jhikargacha</name>
    <description>Assigned Demand Flow: 5214.52</description>
    <styleUrl>#lineStyle</styleUrl>
    <LineString>
      <tessellate>1</tessellate>
      <coordinates>
        88.9172,23.3598,0
        89.0991,23.0999,0
      </coordinates>
    </LineString>
  </Placemark>
  <Placemark>
    <name>Route Atrai to Durgapur</name>
    <description>Assigned Demand Flow: 5518</description>
    <styleUrl>#lineStyle</styleUrl>
    <LineString>
      <tessellate>1</tessellate>
      <coordinates>
        88.9897,24.6258,0
        88.7696,24.445,0
      </coordinates>
    </LineString>
  </Placemark>
  <Placemark>
    <name>Route Bagerhat-S to Banaripara</name>
    <description>Assigned Demand Flow: 4321</description>
    <styleUrl>#lineStyle</styleUrl>
    <LineString>
      <tessellate>1</tessellate>
      <coordinates>
        89.7662,22.6551,0
        90.1623,22.7779,0
      </coordinates>
    </LineString>
  </Placemark>
  <Placemark>
    <name>Route Nakla to Durgapur</name>
    <description>Assigned Demand Flow: 6332</description>
    <styleUrl>#lineStyle</styleUrl>
    <LineString>
      <tessellate>1</tessellate>
      <coordinates>
        90.1788,24.9679,0
        90.6757,25.1138,0
      </coordinates>
    </LineString>
  </Placemark>
  <Placemark>
    <name>Route Brahmanpara to Burichong</name>
    <description>Assigned Demand Flow: 6702</description>
    <styleUrl>#lineStyle</styleUrl>
    <LineString>
      <tessellate>1</tessellate>
      <coordinates>
        91.1017,23.6225,0
        91.1267,23.5535,0
      </coordinates>
    </LineString>
  </Placemark>
  <Placemark>
    <name>Route Sadullapur to Gobindaganj</name>
    <description>Assigned Demand Flow: 7369</description>
    <styleUrl>#lineStyle</styleUrl>
    <LineString>
      <tessellate>1</tessellate>
      <coordinates>
        89.4659,25.3909,0
        89.3869,25.1373,0
      </coordinates>
    </LineString>
  </Placemark>
  <Placemark>
    <name>Route Bhanga to Charbhadrasan</name>
    <description>Assigned Demand Flow: 8618</description>
    <styleUrl>#lineStyle</styleUrl>
    <LineString>
      <tessellate>1</tessellate>
      <coordinates>
        89.9837,23.3853,0
        89.9953,23.5669,0
      </coordinates>
    </LineString>
  </Placemark>
  <Placemark>
    <name>Route Kotwalipara to Banaripara</name>
    <description>Assigned Demand Flow: 4140</description>
    <styleUrl>#lineStyle</styleUrl>
    <LineString>
      <tessellate>1</tessellate>
      <coordinates>
        90.028,22.9893,0
        90.1623,22.7779,0
      </coordinates>
    </LineString>
  </Placemark>
  <Placemark>
    <name>Route Ranisankail to Baliadangi</name>
    <description>Assigned Demand Flow: 8731</description>
    <styleUrl>#lineStyle</styleUrl>
    <LineString>
      <tessellate>1</tessellate>
      <coordinates>
        88.2583,25.892,0
        88.2753,26.0902,0
      </coordinates>
    </LineString>
  </Placemark>
  <Placemark>
    <name>Route Alfadanga to Kalia</name>
    <description>Assigned Demand Flow: 7934</description>
    <styleUrl>#lineStyle</styleUrl>
    <LineString>
      <tessellate>1</tessellate>
      <coordinates>
        89.7028,23.2898,0
        89.7519,23.0414,0
      </coordinates>
    </LineString>
  </Placemark>
  <Placemark>
    <name>Route Sarishabari to Sariakandi</name>
    <description>Assigned Demand Flow: 4879</description>
    <styleUrl>#lineStyle</styleUrl>
    <LineString>
      <tessellate>1</tessellate>
      <coordinates>
        89.8409,24.7669,0
        89.571,24.8888,0
      </coordinates>
    </LineString>
  </Placemark>
  <Placemark>
    <name>Route Dumuria to Kalaroa</name>
    <description>Assigned Demand Flow: 6528</description>
    <styleUrl>#lineStyle</styleUrl>
    <LineString>
      <tessellate>1</tessellate>
      <coordinates>
        89.4194,22.8052,0
        89.0394,22.8583,0
      </coordinates>
    </LineString>
  </Placemark>
  <Placemark>
    <name>Route Ramganj to Shariatpur-S</name>
    <description>Assigned Demand Flow: 4435</description>
    <styleUrl>#lineStyle</styleUrl>
    <LineString>
      <tessellate>1</tessellate>
      <coordinates>
        90.8627,23.1001,0
        90.3501,23.2197,0
      </coordinates>
    </LineString>
  </Placemark>
  <Placemark>
    <name>Route Lalmonirhat-S to Kurigram-S</name>
    <description>Assigned Demand Flow: 2538.01</description>
    <styleUrl>#lineStyle</styleUrl>
    <LineString>
      <tessellate>1</tessellate>
      <coordinates>
        89.4506,25.9162,0
        89.6816,25.8282,0
      </coordinates>
    </LineString>
  </Placemark>
  <Placemark>
    <name>Route Lalmonirhat-S to Jaldhaka</name>
    <description>Assigned Demand Flow: 2791.99</description>
    <styleUrl>#lineStyle</styleUrl>
    <LineString>
      <tessellate>1</tessellate>
      <coordinates>
        89.4506,25.9162,0
        89.0215,26.0228,0
      </coordinates>
    </LineString>
  </Placemark>
  <Placemark>
    <name>Route Parbatipur to Chirirbandar</name>
    <description>Assigned Demand Flow: 4451</description>
    <styleUrl>#lineStyle</styleUrl>
    <LineString>
      <tessellate>1</tessellate>
      <coordinates>
        88.9162,25.6544,0
        88.7771,25.6503,0
      </coordinates>
    </LineString>
  </Placemark>
  <Placemark>
    <name>Route Madan to Khaliajuri</name>
    <description>Assigned Demand Flow: 8460</description>
    <styleUrl>#lineStyle</styleUrl>
    <LineString>
      <tessellate>1</tessellate>
      <coordinates>
        90.9489,24.7136,0
        91.1329,24.6893,0
      </coordinates>
    </LineString>
  </Placemark>
  <Placemark>
    <name>Route Alikadam to Thanchi</name>
    <description>Assigned Demand Flow: 8055</description>
    <styleUrl>#lineStyle</styleUrl>
    <LineString>
      <tessellate>1</tessellate>
      <coordinates>
        92.3148,21.653,0
        92.4357,21.8211,0
      </coordinates>
    </LineString>
  </Placemark>
  <Placemark>
    <name>Route Debiganj to Jaldhaka</name>
    <description>Assigned Demand Flow: 7913</description>
    <styleUrl>#lineStyle</styleUrl>
    <LineString>
      <tessellate>1</tessellate>
      <coordinates>
        88.7542,26.1247,0
        89.0215,26.0228,0
      </coordinates>
    </LineString>
  </Placemark>
  <Placemark>
    <name>Route Mithamoin to Khaliajuri</name>
    <description>Assigned Demand Flow: 7853</description>
    <styleUrl>#lineStyle</styleUrl>
    <LineString>
      <tessellate>1</tessellate>
      <coordinates>
        91.0634,24.4196,0
        91.1329,24.6893,0
      </coordinates>
    </LineString>
  </Placemark>
  <Placemark>
    <name>Route Bholahat to Manda</name>
    <description>Assigned Demand Flow: 8364</description>
    <styleUrl>#lineStyle</styleUrl>
    <LineString>
      <tessellate>1</tessellate>
      <coordinates>
        88.2279,24.9457,0
        88.6701,24.7755,0
      </coordinates>
    </LineString>
  </Placemark>
  <Placemark>
    <name>Route Puthia to Durgapur</name>
    <description>Assigned Demand Flow: 7924</description>
    <styleUrl>#lineStyle</styleUrl>
    <LineString>
      <tessellate>1</tessellate>
      <coordinates>
        88.8367,24.3638,0
        88.7696,24.445,0
      </coordinates>
    </LineString>
  </Placemark>
  <Placemark>
    <name>Route Bagmara to Durgapur</name>
    <description>Assigned Demand Flow: 8533</description>
    <styleUrl>#lineStyle</styleUrl>
    <LineString>
      <tessellate>1</tessellate>
      <coordinates>
        88.8311,24.597,0
        88.7696,24.445,0
      </coordinates>
    </LineString>
  </Placemark>
  <Placemark>
    <name>Route Gazaria to Sonargaon</name>
    <description>Assigned Demand Flow: 4466</description>
    <styleUrl>#lineStyle</styleUrl>
    <LineString>
      <tessellate>1</tessellate>
      <coordinates>
        90.6408,23.5798,0
        90.5991,23.6461,0
      </coordinates>
    </LineString>
  </Placemark>
  <Placemark>
    <name>Route Bhangura to Santhia</name>
    <description>Assigned Demand Flow: 7893</description>
    <styleUrl>#lineStyle</styleUrl>
    <LineString>
      <tessellate>1</tessellate>
      <coordinates>
        89.3654,24.208,0
        89.5353,24.0562,0
      </coordinates>
    </LineString>
  </Placemark>
  <Placemark>
    <name>Route Magura-S to Kumarkhali</name>
    <description>Assigned Demand Flow: 6692.82</description>
    <styleUrl>#lineStyle</styleUrl>
    <LineString>
      <tessellate>1</tessellate>
      <coordinates>
        89.4364,23.429,0
        89.2396,23.8596,0
      </coordinates>
    </LineString>
  </Placemark>
  <Placemark>
    <name>Route Magura-S to Jhikargacha</name>
    <description>Assigned Demand Flow: 48.1788</description>
    <styleUrl>#lineStyle</styleUrl>
    <LineString>
      <tessellate>1</tessellate>
      <coordinates>
        89.4364,23.429,0
        89.0991,23.0999,0
      </coordinates>
    </LineString>
  </Placemark>
  <Placemark>
    <name>Route Teknaf to Thanchi</name>
    <description>Assigned Demand Flow: 7365</description>
    <styleUrl>#lineStyle</styleUrl>
    <LineString>
      <tessellate>1</tessellate>
      <coordinates>
        92.2975,20.8578,0
        92.4357,21.8211,0
      </coordinates>
    </LineString>
  </Placemark>
  <Placemark>
    <name>Route Kaliganj to Sonargaon</name>
    <description>Assigned Demand Flow: 5270</description>
    <styleUrl>#lineStyle</styleUrl>
    <LineString>
      <tessellate>1</tessellate>
      <coordinates>
        90.5731,23.9645,0
        90.5991,23.6461,0
      </coordinates>
    </LineString>
  </Placemark>
  <Placemark>
    <name>Route Bhaluka to Gouripur</name>
    <description>Assigned Demand Flow: 8419</description>
    <styleUrl>#lineStyle</styleUrl>
    <LineString>
      <tessellate>1</tessellate>
      <coordinates>
        90.3866,24.4079,0
        90.5683,24.7548,0
      </coordinates>
    </LineString>
  </Placemark>
  <Placemark>
    <name>Route Jhenaigati to Durgapur</name>
    <description>Assigned Demand Flow: 5178</description>
    <styleUrl>#lineStyle</styleUrl>
    <LineString>
      <tessellate>1</tessellate>
      <coordinates>
        90.063,25.1859,0
        90.6757,25.1138,0
      </coordinates>
    </LineString>
  </Placemark>
  <Placemark>
    <name>Route Laxmichari to Rangamati-S</name>
    <description>Assigned Demand Flow: 6458</description>
    <styleUrl>#lineStyle</styleUrl>
    <LineString>
      <tessellate>1</tessellate>
      <coordinates>
        91.9124,22.7962,0
        92.1789,22.6533,0
      </coordinates>
    </LineString>
  </Placemark>
  <Placemark>
    <name>Route Tarakanda to Durgapur</name>
    <description>Assigned Demand Flow: 6414</description>
    <styleUrl>#lineStyle</styleUrl>
    <LineString>
      <tessellate>1</tessellate>
      <coordinates>
        90.488,24.856,0
        90.6757,25.1138,0
      </coordinates>
    </LineString>
  </Placemark>
  <Placemark>
    <name>Route Derai to Khaliajuri</name>
    <description>Assigned Demand Flow: 7773</description>
    <styleUrl>#lineStyle</styleUrl>
    <LineString>
      <tessellate>1</tessellate>
      <coordinates>
        91.3542,24.7881,0
        91.1329,24.6893,0
      </coordinates>
    </LineString>
  </Placemark>
  <Placemark>
    <name>Route Gazipur-S to Singair</name>
    <description>Assigned Demand Flow: 8468</description>
    <styleUrl>#lineStyle</styleUrl>
    <LineString>
      <tessellate>1</tessellate>
      <coordinates>
        90.4202,23.9999,0
        90.146,23.8137,0
      </coordinates>
    </LineString>
  </Placemark>
  <Placemark>
    <name>Route Tazumuddin to Dumki</name>
    <description>Assigned Demand Flow: 8427</description>
    <styleUrl>#lineStyle</styleUrl>
    <LineString>
      <tessellate>1</tessellate>
      <coordinates>
        90.8508,22.418,0
        90.3843,22.4645,0
      </coordinates>
    </LineString>
  </Placemark>
  <Placemark>
    <name>Route Godagari to Durgapur</name>
    <description>Assigned Demand Flow: 7132</description>
    <styleUrl>#lineStyle</styleUrl>
    <LineString>
      <tessellate>1</tessellate>
      <coordinates>
        88.3361,24.4587,0
        88.7696,24.445,0
      </coordinates>
    </LineString>
  </Placemark>
  <Placemark>
    <name>Route Narshingdi-S to Bhairab</name>
    <description>Assigned Demand Flow: 5918</description>
    <styleUrl>#lineStyle</styleUrl>
    <LineString>
      <tessellate>1</tessellate>
      <coordinates>
        90.7176,23.9193,0
        90.9802,24.0555,0
      </coordinates>
    </LineString>
  </Placemark>
  <Placemark>
    <name>Route Kasba to Burichong</name>
    <description>Assigned Demand Flow: 4937</description>
    <styleUrl>#lineStyle</styleUrl>
    <LineString>
      <tessellate>1</tessellate>
      <coordinates>
        91.1256,23.7485,0
        91.1267,23.5535,0
      </coordinates>
    </LineString>
  </Placemark>
  <Placemark>
    <name>Route Rajoir to Shariatpur-S</name>
    <description>Assigned Demand Flow: 5789</description>
    <styleUrl>#lineStyle</styleUrl>
    <LineString>
      <tessellate>1</tessellate>
      <coordinates>
        90.049,23.2067,0
        90.3501,23.2197,0
      </coordinates>
    </LineString>
  </Placemark>
  <Placemark>
    <name>Route Naogaon-S to Durgapur</name>
    <description>Assigned Demand Flow: 714.48</description>
    <styleUrl>#lineStyle</styleUrl>
    <LineString>
      <tessellate>1</tessellate>
      <coordinates>
        88.9318,24.7936,0
        88.7696,24.445,0
      </coordinates>
    </LineString>
  </Placemark>
  <Placemark>
    <name>Route Naogaon-S to Manda</name>
    <description>Assigned Demand Flow: 5264.52</description>
    <styleUrl>#lineStyle</styleUrl>
    <LineString>
      <tessellate>1</tessellate>
      <coordinates>
        88.9318,24.7936,0
        88.6701,24.7755,0
      </coordinates>
    </LineString>
  </Placemark>
  <Placemark>
    <name>Route Sylhet-S to Dakshin Surma</name>
    <description>Assigned Demand Flow: 8623</description>
    <styleUrl>#lineStyle</styleUrl>
    <LineString>
      <tessellate>1</tessellate>
      <coordinates>
        91.8688,24.8951,0
        91.9051,24.815,0
      </coordinates>
    </LineString>
  </Placemark>
  <Placemark>
    <name>Route Nangalkot to Burichong</name>
    <description>Assigned Demand Flow: 4873</description>
    <styleUrl>#lineStyle</styleUrl>
    <LineString>
      <tessellate>1</tessellate>
      <coordinates>
        91.1977,23.1694,0
        91.1267,23.5535,0
      </coordinates>
    </LineString>
  </Placemark>
  <Placemark>
    <name>Route Hathazari to Patiya</name>
    <description>Assigned Demand Flow: 4115</description>
    <styleUrl>#lineStyle</styleUrl>
    <LineString>
      <tessellate>1</tessellate>
      <coordinates>
        91.8075,22.5085,0
        91.9759,22.295,0
      </coordinates>
    </LineString>
  </Placemark>
  <Placemark>
    <name>Route Langadu to Rangamati-S</name>
    <description>Assigned Demand Flow: 4711</description>
    <styleUrl>#lineStyle</styleUrl>
    <LineString>
      <tessellate>1</tessellate>
      <coordinates>
        92.1535,22.8993,0
        92.1789,22.6533,0
      </coordinates>
    </LineString>
  </Placemark>
  <Placemark>
    <name>Route Kaunia to Kurigram-S</name>
    <description>Assigned Demand Flow: 5214</description>
    <styleUrl>#lineStyle</styleUrl>
    <LineString>
      <tessellate>1</tessellate>
      <coordinates>
        89.4317,25.7742,0
        89.6816,25.8282,0
      </coordinates>
    </LineString>
  </Placemark>
  <Placemark>
    <name>Route Bhuapur to Sirajganj-S</name>
    <description>Assigned Demand Flow: 5968</description>
    <styleUrl>#lineStyle</styleUrl>
    <LineString>
      <tessellate>1</tessellate>
      <coordinates>
        89.8704,24.4663,0
        89.6816,24.4526,0
      </coordinates>
    </LineString>
  </Placemark>
  <Placemark>
    <name>Route Patgram to Jaldhaka</name>
    <description>Assigned Demand Flow: 6779</description>
    <styleUrl>#lineStyle</styleUrl>
    <LineString>
      <tessellate>1</tessellate>
      <coordinates>
        89.0084,26.357,0
        89.0215,26.0228,0
      </coordinates>
    </LineString>
  </Placemark>
  <Placemark>
    <name>Route Gaibandha-S to Gobindaganj</name>
    <description>Assigned Demand Flow: 7145</description>
    <styleUrl>#lineStyle</styleUrl>
    <LineString>
      <tessellate>1</tessellate>
      <coordinates>
        89.5429,25.3297,0
        89.3869,25.1373,0
      </coordinates>
    </LineString>
  </Placemark>
  <Placemark>
    <name>Route Sreepur to Bhairab</name>
    <description>Assigned Demand Flow: 5595</description>
    <styleUrl>#lineStyle</styleUrl>
    <LineString>
      <tessellate>1</tessellate>
      <coordinates>
        90.4809,24.1997,0
        90.9802,24.0555,0
      </coordinates>
    </LineString>
  </Placemark>
  <Placemark>
    <name>Route Kachua to Burichong</name>
    <description>Assigned Demand Flow: 6736</description>
    <styleUrl>#lineStyle</styleUrl>
    <LineString>
      <tessellate>1</tessellate>
      <coordinates>
        90.889,23.3411,0
        91.1267,23.5535,0
      </coordinates>
    </LineString>
  </Placemark>
  <Placemark>
    <name>Route Dhanbari to Sirajganj-S</name>
    <description>Assigned Demand Flow: 7983</description>
    <styleUrl>#lineStyle</styleUrl>
    <LineString>
      <tessellate>1</tessellate>
      <coordinates>
        89.9487,24.6846,0
        89.6816,24.4526,0
      </coordinates>
    </LineString>
  </Placemark>
  <Placemark>
    <name>Route Cox'S Bazar-S to Thanchi</name>
    <description>Assigned Demand Flow: 4663</description>
    <styleUrl>#lineStyle</styleUrl>
    <LineString>
      <tessellate>1</tessellate>
      <coordinates>
        92.0058,21.4272,0
        92.4357,21.8211,0
      </coordinates>
    </LineString>
  </Placemark>
  <Placemark>
    <name>Route Nagarpur to Santhia</name>
    <description>Assigned Demand Flow: 6921</description>
    <styleUrl>#lineStyle</styleUrl>
    <LineString>
      <tessellate>1</tessellate>
      <coordinates>
        89.8762,24.0577,0
        89.5353,24.0562,0
      </coordinates>
    </LineString>
  </Placemark>
  <Placemark>
    <name>Route Rajarhat to Kurigram-S</name>
    <description>Assigned Demand Flow: 6365</description>
    <styleUrl>#lineStyle</styleUrl>
    <LineString>
      <tessellate>1</tessellate>
      <coordinates>
        89.5466,25.799,0
        89.6816,25.8282,0
      </coordinates>
    </LineString>
  </Placemark>
  <Placemark>
    <name>Route Biswamvarpur to Khaliajuri</name>
    <description>Assigned Demand Flow: 4236</description>
    <styleUrl>#lineStyle</styleUrl>
    <LineString>
      <tessellate>1</tessellate>
      <coordinates>
        91.2999,25.0988,0
        91.1329,24.6893,0
      </coordinates>
    </LineString>
  </Placemark>
  <Placemark>
    <name>Route Guimara to Rangamati-S</name>
    <description>Assigned Demand Flow: 8485</description>
    <styleUrl>#lineStyle</styleUrl>
    <LineString>
      <tessellate>1</tessellate>
      <coordinates>
        91.8695,22.9604,0
        92.1789,22.6533,0
      </coordinates>
    </LineString>
  </Placemark>
  <Placemark>
    <name>Route Goshairhat to Shariatpur-S</name>
    <description>Assigned Demand Flow: 8149</description>
    <styleUrl>#lineStyle</styleUrl>
    <LineString>
      <tessellate>1</tessellate>
      <coordinates>
        90.4526,23.0988,0
        90.3501,23.2197,0
      </coordinates>
    </LineString>
  </Placemark>
  <Placemark>
    <name>Route Kaliganj to Sonargaon</name>
    <description>Assigned Demand Flow: 6008</description>
    <styleUrl>#lineStyle</styleUrl>
    <LineString>
      <tessellate>1</tessellate>
      <coordinates>
        90.5731,23.9645,0
        90.5991,23.6461,0
      </coordinates>
    </LineString>
  </Placemark>
  <Placemark>
    <name>Route Matlab (Dakshin) to Shariatpur-S</name>
    <description>Assigned Demand Flow: 4122</description>
    <styleUrl>#lineStyle</styleUrl>
    <LineString>
      <tessellate>1</tessellate>
      <coordinates>
        90.7091,23.3449,0
        90.3501,23.2197,0
      </coordinates>
    </LineString>
  </Placemark>
  <Placemark>
    <name>Route Chowgacha to Jhikargacha</name>
    <description>Assigned Demand Flow: 4481</description>
    <styleUrl>#lineStyle</styleUrl>
    <LineString>
      <tessellate>1</tessellate>
      <coordinates>
        89.0203,23.2632,0
        89.0991,23.0999,0
      </coordinates>
    </LineString>
  </Placemark>
  <Placemark>
    <name>Route Daulatpur to Gangni</name>
    <description>Assigned Demand Flow: 6689</description>
    <styleUrl>#lineStyle</styleUrl>
    <LineString>
      <tessellate>1</tessellate>
      <coordinates>
        88.8738,24.0113,0
        88.7422,23.8207,0
      </coordinates>
    </LineString>
  </Placemark>
  <Placemark>
    <name>Route Shapahar to Chirirbandar</name>
    <description>Assigned Demand Flow: 7768</description>
    <styleUrl>#lineStyle</styleUrl>
    <LineString>
      <tessellate>1</tessellate>
      <coordinates>
        88.5879,25.1259,0
        88.7771,25.6503,0
      </coordinates>
    </LineString>
  </Placemark>
  <Placemark>
    <name>Route Chuadanga-S to Gangni</name>
    <description>Assigned Demand Flow: 5821</description>
    <styleUrl>#lineStyle</styleUrl>
    <LineString>
      <tessellate>1</tessellate>
      <coordinates>
        88.8577,23.6418,0
        88.7422,23.8207,0
      </coordinates>
    </LineString>
  </Placemark>
  <Placemark>
    <name>Route Baghaichari to Rangamati-S</name>
    <description>Assigned Demand Flow: 8909</description>
    <styleUrl>#lineStyle</styleUrl>
    <LineString>
      <tessellate>1</tessellate>
      <coordinates>
        92.1914,23.1649,0
        92.1789,22.6533,0
      </coordinates>
    </LineString>
  </Placemark>
  <Placemark>
    <name>Route Keraniganj to Sonargaon</name>
    <description>Assigned Demand Flow: 8421</description>
    <styleUrl>#lineStyle</styleUrl>
    <LineString>
      <tessellate>1</tessellate>
      <coordinates>
        90.3976,23.7012,0
        90.5991,23.6461,0
      </coordinates>
    </LineString>
  </Placemark>
  <Placemark>
    <name>Route Tetulia to Baliadangi</name>
    <description>Assigned Demand Flow: 4260</description>
    <styleUrl>#lineStyle</styleUrl>
    <LineString>
      <tessellate>1</tessellate>
      <coordinates>
        88.3504,26.482,0
        88.2753,26.0902,0
      </coordinates>
    </LineString>
  </Placemark>
  <Placemark>
    <name>Route Paikgacha to Kalaroa</name>
    <description>Assigned Demand Flow: 8917</description>
    <styleUrl>#lineStyle</styleUrl>
    <LineString>
      <tessellate>1</tessellate>
      <coordinates>
        89.3168,22.5931,0
        89.0394,22.8583,0
      </coordinates>
    </LineString>
  </Placemark>
  <Placemark>
    <name>Route Gopalganj-S to Kalia</name>
    <description>Assigned Demand Flow: 6369</description>
    <styleUrl>#lineStyle</styleUrl>
    <LineString>
      <tessellate>1</tessellate>
      <coordinates>
        89.8225,23.0132,0
        89.7519,23.0414,0
      </coordinates>
    </LineString>
  </Placemark>
  <Placemark>
    <name>Route Fulbaria to Gouripur</name>
    <description>Assigned Demand Flow: 6605</description>
    <styleUrl>#lineStyle</styleUrl>
    <LineString>
      <tessellate>1</tessellate>
      <coordinates>
        90.2667,24.625,0
        90.5683,24.7548,0
      </coordinates>
    </LineString>
  </Placemark>
  <Placemark>
    <name>Route Chunarughat to Lakhai</name>
    <description>Assigned Demand Flow: 4491</description>
    <styleUrl>#lineStyle</styleUrl>
    <LineString>
      <tessellate>1</tessellate>
      <coordinates>
        91.5172,24.1974,0
        91.3024,24.3106,0
      </coordinates>
    </LineString>
  </Placemark>
  <Placemark>
    <name>Route Kasiani to Kalia</name>
    <description>Assigned Demand Flow: 5615</description>
    <styleUrl>#lineStyle</styleUrl>
    <LineString>
      <tessellate>1</tessellate>
      <coordinates>
        89.7239,23.2332,0
        89.7519,23.0414,0
      </coordinates>
    </LineString>
  </Placemark>
  <Placemark>
    <name>Route Mothbaria to Galachipa</name>
    <description>Assigned Demand Flow: 5339</description>
    <styleUrl>#lineStyle</styleUrl>
    <LineString>
      <tessellate>1</tessellate>
      <coordinates>
        89.958,22.292,0
        90.4102,22.1634,0
      </coordinates>
    </LineString>
  </Placemark>
  <Placemark>
    <name>Route Shibpur to Bhairab</name>
    <description>Assigned Demand Flow: 8294</description>
    <styleUrl>#lineStyle</styleUrl>
    <LineString>
      <tessellate>1</tessellate>
      <coordinates>
        90.7526,23.9806,0
        90.9802,24.0555,0
      </coordinates>
    </LineString>
  </Placemark>
  <Placemark>
    <name>Route Mollahat to Kalia</name>
    <description>Assigned Demand Flow: 6248</description>
    <styleUrl>#lineStyle</styleUrl>
    <LineString>
      <tessellate>1</tessellate>
      <coordinates>
        89.806,22.9266,0
        89.7519,23.0414,0
      </coordinates>
    </LineString>
  </Placemark>
  <Placemark>
    <name>Route Taraganj to Jaldhaka</name>
    <description>Assigned Demand Flow: 4525</description>
    <styleUrl>#lineStyle</styleUrl>
    <LineString>
      <tessellate>1</tessellate>
      <coordinates>
        89.0356,25.808,0
        89.0215,26.0228,0
      </coordinates>
    </LineString>
  </Placemark>
  <Placemark>
    <name>Route Savar to Singair</name>
    <description>Assigned Demand Flow: 7649</description>
    <styleUrl>#lineStyle</styleUrl>
    <LineString>
      <tessellate>1</tessellate>
      <coordinates>
        90.2576,23.8479,0
        90.146,23.8137,0
      </coordinates>
    </LineString>
  </Placemark>
  <Placemark>
    <name>Route Manikganj-S to Singair</name>
    <description>Assigned Demand Flow: 4106</description>
    <styleUrl>#lineStyle</styleUrl>
    <LineString>
      <tessellate>1</tessellate>
      <coordinates>
        90.0047,23.8644,0
        90.146,23.8137,0
      </coordinates>
    </LineString>
  </Placemark>
  <Placemark>
    <name>Route Mahalchari to Rangamati-S</name>
    <description>Assigned Demand Flow: 4354</description>
    <styleUrl>#lineStyle</styleUrl>
    <LineString>
      <tessellate>1</tessellate>
      <coordinates>
        92.0298,22.9317,0
        92.1789,22.6533,0
      </coordinates>
    </LineString>
  </Placemark>
  <Placemark>
    <name>Route Koyra to Kalaroa</name>
    <description>Assigned Demand Flow: 8670</description>
    <styleUrl>#lineStyle</styleUrl>
    <LineString>
      <tessellate>1</tessellate>
      <coordinates>
        89.4227,22.3699,0
        89.0394,22.8583,0
      </coordinates>
    </LineString>
  </Placemark>
  <Placemark>
    <name>Route Sundarganj to Kurigram-S</name>
    <description>Assigned Demand Flow: 5241</description>
    <styleUrl>#lineStyle</styleUrl>
    <LineString>
      <tessellate>1</tessellate>
      <coordinates>
        89.5191,25.5644,0
        89.6816,25.8282,0
      </coordinates>
    </LineString>
  </Placemark>
  <Placemark>
    <name>Route Barura to Burichong</name>
    <description>Assigned Demand Flow: 5867</description>
    <styleUrl>#lineStyle</styleUrl>
    <LineString>
      <tessellate>1</tessellate>
      <coordinates>
        91.055,23.3773,0
        91.1267,23.5535,0
      </coordinates>
    </LineString>
  </Placemark>
  <Placemark>
    <name>Route Pirojpur-S to Banaripara</name>
    <description>Assigned Demand Flow: 6641</description>
    <styleUrl>#lineStyle</styleUrl>
    <LineString>
      <tessellate>1</tessellate>
      <coordinates>
        89.9721,22.5841,0
        90.1623,22.7779,0
      </coordinates>
    </LineString>
  </Placemark>
  <Placemark>
    <name>Route Hakimpur to Chirirbandar</name>
    <description>Assigned Demand Flow: 4734</description>
    <styleUrl>#lineStyle</styleUrl>
    <LineString>
      <tessellate>1</tessellate>
      <coordinates>
        89.0132,25.2746,0
        88.7771,25.6503,0
      </coordinates>
    </LineString>
  </Placemark>
  <Placemark>
    <name>Route Zakiganj to Dakshin Surma</name>
    <description>Assigned Demand Flow: 5252</description>
    <styleUrl>#lineStyle</styleUrl>
    <LineString>
      <tessellate>1</tessellate>
      <coordinates>
        92.3678,24.8781,0
        91.9051,24.815,0
      </coordinates>
    </LineString>
  </Placemark>
  <Placemark>
    <name>Route Kaukhali to Banaripara</name>
    <description>Assigned Demand Flow: 8415</description>
    <styleUrl>#lineStyle</styleUrl>
    <LineString>
      <tessellate>1</tessellate>
      <coordinates>
        90.07,22.6258,0
        90.1623,22.7779,0
      </coordinates>
    </LineString>
  </Placemark>
  <Placemark>
    <name>Route Golapganj to Dakshin Surma</name>
    <description>Assigned Demand Flow: 4729</description>
    <styleUrl>#lineStyle</styleUrl>
    <LineString>
      <tessellate>1</tessellate>
      <coordinates>
        92.0151,24.8581,0
        91.9051,24.815,0
      </coordinates>
    </LineString>
  </Placemark>
  <Placemark>
    <name>Route Monpura to Galachipa</name>
    <description>Assigned Demand Flow: 8302</description>
    <styleUrl>#lineStyle</styleUrl>
    <LineString>
      <tessellate>1</tessellate>
      <coordinates>
        90.9659,22.265,0
        90.4102,22.1634,0
      </coordinates>
    </LineString>
  </Placemark>
  <Placemark>
    <name>Route Muladi to Banaripara</name>
    <description>Assigned Demand Flow: 7855</description>
    <styleUrl>#lineStyle</styleUrl>
    <LineString>
      <tessellate>1</tessellate>
      <coordinates>
        90.389,22.8875,0
        90.1623,22.7779,0
      </coordinates>
    </LineString>
  </Placemark>
  <Placemark>
    <name>Route Homna to Sonargaon</name>
    <description>Assigned Demand Flow: 4346</description>
    <styleUrl>#lineStyle</styleUrl>
    <LineString>
      <tessellate>1</tessellate>
      <coordinates>
        90.7833,23.6825,0
        90.5991,23.6461,0
      </coordinates>
    </LineString>
  </Placemark>
  <Placemark>
    <name>Route Sonaimuri to Sonagazi</name>
    <description>Assigned Demand Flow: 4779</description>
    <styleUrl>#lineStyle</styleUrl>
    <LineString>
      <tessellate>1</tessellate>
      <coordinates>
        91.1113,23.0509,0
        91.3928,22.8492,0
      </coordinates>
    </LineString>
  </Placemark>
  <Placemark>
    <name>Route Dinajpur-S to Chirirbandar</name>
    <description>Assigned Demand Flow: 8102</description>
    <styleUrl>#lineStyle</styleUrl>
    <LineString>
      <tessellate>1</tessellate>
      <coordinates>
        88.6438,25.6221,0
        88.7771,25.6503,0
      </coordinates>
    </LineString>
  </Placemark>
  <Placemark>
    <name>Route Ramu to Thanchi</name>
    <description>Assigned Demand Flow: 4001</description>
    <styleUrl>#lineStyle</styleUrl>
    <LineString>
      <tessellate>1</tessellate>
      <coordinates>
        92.1254,21.438,0
        92.4357,21.8211,0
      </coordinates>
    </LineString>
  </Placemark>
  <Placemark>
    <name>Route Jhalokathi-S to Dumki</name>
    <description>Assigned Demand Flow: 5118</description>
    <styleUrl>#lineStyle</styleUrl>
    <LineString>
      <tessellate>1</tessellate>
      <coordinates>
        90.187,22.5721,0
        90.3843,22.4645,0
      </coordinates>
    </LineString>
  </Placemark>
  <Placemark>
    <name>Route Kendua to Khaliajuri</name>
    <description>Assigned Demand Flow: 7289</description>
    <styleUrl>#lineStyle</styleUrl>
    <LineString>
      <tessellate>1</tessellate>
      <coordinates>
        90.8437,24.6704,0
        91.1329,24.6893,0
      </coordinates>
    </LineString>
  </Placemark>
  <Placemark>
    <name>Route Chatkhil to Sonagazi</name>
    <description>Assigned Demand Flow: 5013</description>
    <styleUrl>#lineStyle</styleUrl>
    <LineString>
      <tessellate>1</tessellate>
      <coordinates>
        90.9773,23.0518,0
        91.3928,22.8492,0
      </coordinates>
    </LineString>
  </Placemark>
  <Placemark>
    <name>Route Karnaphuli to Rangamati-S</name>
    <description>Assigned Demand Flow: 5930</description>
    <styleUrl>#lineStyle</styleUrl>
    <LineString>
      <tessellate>1</tessellate>
      <coordinates>
        92.1069,22.5819,0
        92.1789,22.6533,0
      </coordinates>
    </LineString>
  </Placemark>
  <Placemark>
    <name>Route Niamatpur to Manda</name>
    <description>Assigned Demand Flow: 4607</description>
    <styleUrl>#lineStyle</styleUrl>
    <LineString>
      <tessellate>1</tessellate>
      <coordinates>
        88.5698,24.8336,0
        88.6701,24.7755,0
      </coordinates>
    </LineString>
  </Placemark>
  <Placemark>
    <name>Route Chauhali to Santhia</name>
    <description>Assigned Demand Flow: 4882</description>
    <styleUrl>#lineStyle</styleUrl>
    <LineString>
      <tessellate>1</tessellate>
      <coordinates>
        89.7541,24.194,0
        89.5353,24.0562,0
      </coordinates>
    </LineString>
  </Placemark>
  <Placemark>
    <name>Route Taltali to Galachipa</name>
    <description>Assigned Demand Flow: 6404</description>
    <styleUrl>#lineStyle</styleUrl>
    <LineString>
      <tessellate>1</tessellate>
      <coordinates>
        90.0864,21.985,0
        90.4102,22.1634,0
      </coordinates>
    </LineString>
  </Placemark>
  <Placemark>
    <name>Route Dighinala to Rangamati-S</name>
    <description>Assigned Demand Flow: 7945</description>
    <styleUrl>#lineStyle</styleUrl>
    <LineString>
      <tessellate>1</tessellate>
      <coordinates>
        92.0641,23.2408,0
        92.1789,22.6533,0
      </coordinates>
    </LineString>
  </Placemark>
  <Placemark>
    <name>Route Fakirhat to Banaripara</name>
    <description>Assigned Demand Flow: 2665.05</description>
    <styleUrl>#lineStyle</styleUrl>
    <LineString>
      <tessellate>1</tessellate>
      <coordinates>
        89.7075,22.7775,0
        90.1623,22.7779,0
      </coordinates>
    </LineString>
  </Placemark>
  <Placemark>
    <name>Route Fakirhat to Kalia</name>
    <description>Assigned Demand Flow: 3075.95</description>
    <styleUrl>#lineStyle</styleUrl>
    <LineString>
      <tessellate>1</tessellate>
      <coordinates>
        89.7075,22.7775,0
        89.7519,23.0414,0
      </coordinates>
    </LineString>
  </Placemark>
  <Placemark>
    <name>Route Phulbari to Chirirbandar</name>
    <description>Assigned Demand Flow: 8450</description>
    <styleUrl>#lineStyle</styleUrl>
    <LineString>
      <tessellate>1</tessellate>
      <coordinates>
        88.9501,25.4973,0
        88.7771,25.6503,0
      </coordinates>
    </LineString>
  </Placemark>
  <Placemark>
    <name>Route Jagannathpur to Dakshin Surma</name>
    <description>Assigned Demand Flow: 4945</description>
    <styleUrl>#lineStyle</styleUrl>
    <LineString>
      <tessellate>1</tessellate>
      <coordinates>
        91.5451,24.7717,0
        91.9051,24.815,0
      </coordinates>
    </LineString>
  </Placemark>
  <Placemark>
    <name>Route Nabinagar to Bhairab</name>
    <description>Assigned Demand Flow: 8746</description>
    <styleUrl>#lineStyle</styleUrl>
    <LineString>
      <tessellate>1</tessellate>
      <coordinates>
        90.9605,23.8887,0
        90.9802,24.0555,0
      </coordinates>
    </LineString>
  </Placemark>
  <Placemark>
    <name>Route Kamalnagar to Dumki</name>
    <description>Assigned Demand Flow: 8509</description>
    <styleUrl>#lineStyle</styleUrl>
    <LineString>
      <tessellate>1</tessellate>
      <coordinates>
        90.9939,22.5932,0
        90.3843,22.4645,0
      </coordinates>
    </LineString>
  </Placemark>
  <Placemark>
    <name>Route Bhurungamari to Kurigram-S</name>
    <description>Assigned Demand Flow: 5349</description>
    <styleUrl>#lineStyle</styleUrl>
    <LineString>
      <tessellate>1</tessellate>
      <coordinates>
        89.6699,26.109,0
        89.6816,25.8282,0
      </coordinates>
    </LineString>
  </Placemark>
  <Placemark>
    <name>Route Hatiya to Patiya</name>
    <description>Assigned Demand Flow: 3338.93</description>
    <styleUrl>#lineStyle</styleUrl>
    <LineString>
      <tessellate>1</tessellate>
      <coordinates>
        91.1401,22.2881,0
        91.9759,22.295,0
      </coordinates>
    </LineString>
  </Placemark>
  <Placemark>
    <name>Route Hatiya to Galachipa</name>
    <description>Assigned Demand Flow: 2769.07</description>
    <styleUrl>#lineStyle</styleUrl>
    <LineString>
      <tessellate>1</tessellate>
      <coordinates>
        91.1401,22.2881,0
        90.4102,22.1634,0
      </coordinates>
    </LineString>
  </Placemark>
  <Placemark>
    <name>Route Mirzapur to Singair</name>
    <description>Assigned Demand Flow: 7914</description>
    <styleUrl>#lineStyle</styleUrl>
    <LineString>
      <tessellate>1</tessellate>
      <coordinates>
        90.1655,24.1149,0
        90.146,23.8137,0
      </coordinates>
    </LineString>
  </Placemark>
  <Placemark>
    <name>Route Karimganj to Khaliajuri</name>
    <description>Assigned Demand Flow: 4501</description>
    <styleUrl>#lineStyle</styleUrl>
    <LineString>
      <tessellate>1</tessellate>
      <coordinates>
        90.8656,24.4741,0
        91.1329,24.6893,0
      </coordinates>
    </LineString>
  </Placemark>
  <Placemark>
    <name>Route Tanore to Durgapur</name>
    <description>Assigned Demand Flow: 7002</description>
    <styleUrl>#lineStyle</styleUrl>
    <LineString>
      <tessellate>1</tessellate>
      <coordinates>
        88.5746,24.5873,0
        88.7696,24.445,0
      </coordinates>
    </LineString>
  </Placemark>
  <Placemark>
    <name>Route Damuddya to Shariatpur-S</name>
    <description>Assigned Demand Flow: 6117</description>
    <styleUrl>#lineStyle</styleUrl>
    <LineString>
      <tessellate>1</tessellate>
      <coordinates>
        90.4396,23.1391,0
        90.3501,23.2197,0
      </coordinates>
    </LineString>
  </Placemark>
  <Placemark>
    <name>Route Ruma to Thanchi</name>
    <description>Assigned Demand Flow: 8856</description>
    <styleUrl>#lineStyle</styleUrl>
    <LineString>
      <tessellate>1</tessellate>
      <coordinates>
        92.4103,22.0511,0
        92.4357,21.8211,0
      </coordinates>
    </LineString>
  </Placemark>
  <Placemark>
    <name>Route Rajosthali to Patiya</name>
    <description>Assigned Demand Flow: 4012</description>
    <styleUrl>#lineStyle</styleUrl>
    <LineString>
      <tessellate>1</tessellate>
      <coordinates>
        92.1523,22.3762,0
        91.9759,22.295,0
      </coordinates>
    </LineString>
  </Placemark>
  <Placemark>
    <name>Route Kaptai to Rangamati-S</name>
    <description>Assigned Demand Flow: 8648</description>
    <styleUrl>#lineStyle</styleUrl>
    <LineString>
      <tessellate>1</tessellate>
      <coordinates>
        92.2212,22.4944,0
        92.1789,22.6533,0
      </coordinates>
    </LineString>
  </Placemark>
  <Placemark>
    <name>Route Batiaghata to Kalia</name>
    <description>Assigned Demand Flow: 6166</description>
    <styleUrl>#lineStyle</styleUrl>
    <LineString>
      <tessellate>1</tessellate>
      <coordinates>
        89.5026,22.7264,0
        89.7519,23.0414,0
      </coordinates>
    </LineString>
  </Placemark>
  <Placemark>
    <name>Route Gomostapur to Manda</name>
    <description>Assigned Demand Flow: 6242</description>
    <styleUrl>#lineStyle</styleUrl>
    <LineString>
      <tessellate>1</tessellate>
      <coordinates>
        88.2898,24.7934,0
        88.6701,24.7755,0
      </coordinates>
    </LineString>
  </Placemark>
  <Placemark>
    <name>Route Kalihati to Sirajganj-S</name>
    <description>Assigned Demand Flow: 7932</description>
    <styleUrl>#lineStyle</styleUrl>
    <LineString>
      <tessellate>1</tessellate>
      <coordinates>
        89.993,24.3906,0
        89.6816,24.4526,0
      </coordinates>
    </LineString>
  </Placemark>
  <Placemark>
    <name>Route Fenchuganj to Dakshin Surma</name>
    <description>Assigned Demand Flow: 6527</description>
    <styleUrl>#lineStyle</styleUrl>
    <LineString>
      <tessellate>1</tessellate>
      <coordinates>
        91.9441,24.6958,0
        91.9051,24.815,0
      </coordinates>
    </LineString>
  </Placemark>
  <Placemark>
    <name>Route Mithapukur to Chirirbandar</name>
    <description>Assigned Demand Flow: 6273</description>
    <styleUrl>#lineStyle</styleUrl>
    <LineString>
      <tessellate>1</tessellate>
      <coordinates>
        89.28,25.5723,0
        88.7771,25.6503,0
      </coordinates>
    </LineString>
  </Placemark>
  <Placemark>
    <name>Route Sayestaganj to Lakhai</name>
    <description>Assigned Demand Flow: 8595</description>
    <styleUrl>#lineStyle</styleUrl>
    <LineString>
      <tessellate>1</tessellate>
      <coordinates>
        91.4556,24.2767,0
        91.3024,24.3106,0
      </coordinates>
    </LineString>
  </Placemark>
  <Placemark>
    <name>Route Ashuganj to Bhairab</name>
    <description>Assigned Demand Flow: 5266</description>
    <styleUrl>#lineStyle</styleUrl>
    <LineString>
      <tessellate>1</tessellate>
      <coordinates>
        90.9964,24.0277,0
        90.9802,24.0555,0
      </coordinates>
    </LineString>
  </Placemark>
  <Placemark>
    <name>Route Bagha to Gangni</name>
    <description>Assigned Demand Flow: 8721</description>
    <styleUrl>#lineStyle</styleUrl>
    <LineString>
      <tessellate>1</tessellate>
      <coordinates>
        88.8371,24.1975,0
        88.7422,23.8207,0
      </coordinates>
    </LineString>
  </Placemark>
  <Placemark>
    <name>Route Khoksha to Kumarkhali</name>
    <description>Assigned Demand Flow: 7117</description>
    <styleUrl>#lineStyle</styleUrl>
    <LineString>
      <tessellate>1</tessellate>
      <coordinates>
        89.2895,23.8033,0
        89.2396,23.8596,0
      </coordinates>
    </LineString>
  </Placemark>
  <Placemark>
    <name>Route Agailjhara to Banaripara</name>
    <description>Assigned Demand Flow: 7132</description>
    <styleUrl>#lineStyle</styleUrl>
    <LineString>
      <tessellate>1</tessellate>
      <coordinates>
        90.1635,22.9713,0
        90.1623,22.7779,0
      </coordinates>
    </LineString>
  </Placemark>
  <Placemark>
    <name>Route Betagi to Dumki</name>
    <description>Assigned Demand Flow: 5687</description>
    <styleUrl>#lineStyle</styleUrl>
    <LineString>
      <tessellate>1</tessellate>
      <coordinates>
        90.1659,22.4142,0
        90.3843,22.4645,0
      </coordinates>
    </LineString>
  </Placemark>
  <Placemark>
    <name>Route Titas to Burichong</name>
    <description>Assigned Demand Flow: 7044.96</description>
    <styleUrl>#lineStyle</styleUrl>
    <LineString>
      <tessellate>1</tessellate>
      <coordinates>
        90.8173,23.6001,0
        91.1267,23.5535,0
      </coordinates>
    </LineString>
  </Placemark>
  <Placemark>
    <name>Route Titas to Sonargaon</name>
    <description>Assigned Demand Flow: 1059.04</description>
    <styleUrl>#lineStyle</styleUrl>
    <LineString>
      <tessellate>1</tessellate>
      <coordinates>
        90.8173,23.6001,0
        90.5991,23.6461,0
      </coordinates>
    </LineString>
  </Placemark>
  <Placemark>
    <name>Route Thakurgaon-S to Baliadangi</name>
    <description>Assigned Demand Flow: 7942</description>
    <styleUrl>#lineStyle</styleUrl>
    <LineString>
      <tessellate>1</tessellate>
      <coordinates>
        88.4646,26.0274,0
        88.2753,26.0902,0
      </coordinates>
    </LineString>
  </Placemark>
  <Placemark>
    <name>Route Nalitabari to Durgapur</name>
    <description>Assigned Demand Flow: 5650</description>
    <styleUrl>#lineStyle</styleUrl>
    <LineString>
      <tessellate>1</tessellate>
      <coordinates>
        90.194,25.085,0
        90.6757,25.1138,0
      </coordinates>
    </LineString>
  </Placemark>
  <Placemark>
    <name>Route Companiganj to Sonagazi</name>
    <description>Assigned Demand Flow: 7161</description>
    <styleUrl>#lineStyle</styleUrl>
    <LineString>
      <tessellate>1</tessellate>
      <coordinates>
        91.2779,22.8737,0
        91.3928,22.8492,0
      </coordinates>
    </LineString>
  </Placemark>
  <Placemark>
    <name>Route Manikchari to Rangamati-S</name>
    <description>Assigned Demand Flow: 6262</description>
    <styleUrl>#lineStyle</styleUrl>
    <LineString>
      <tessellate>1</tessellate>
      <coordinates>
        91.8367,22.8417,0
        92.1789,22.6533,0
      </coordinates>
    </LineString>
  </Placemark>
  <Placemark>
    <name>Route Belaichari to Rangamati-S</name>
    <description>Assigned Demand Flow: 7536</description>
    <styleUrl>#lineStyle</styleUrl>
    <LineString>
      <tessellate>1</tessellate>
      <coordinates>
        92.3437,22.5117,0
        92.1789,22.6533,0
      </coordinates>
    </LineString>
  </Placemark>
  <Placemark>
    <name>Route Atpara to Khaliajuri</name>
    <description>Assigned Demand Flow: 4856</description>
    <styleUrl>#lineStyle</styleUrl>
    <LineString>
      <tessellate>1</tessellate>
      <coordinates>
        90.8604,24.8098,0
        91.1329,24.6893,0
      </coordinates>
    </LineString>
  </Placemark>
  <Placemark>
    <name>Route Rupsha to Kalia</name>
    <description>Assigned Demand Flow: 7186</description>
    <styleUrl>#lineStyle</styleUrl>
    <LineString>
      <tessellate>1</tessellate>
      <coordinates>
        89.529,22.8062,0
        89.7519,23.0414,0
      </coordinates>
    </LineString>
  </Placemark>
  <Placemark>
    <name>Route Munshiganj-S to Sonargaon</name>
    <description>Assigned Demand Flow: 7958</description>
    <styleUrl>#lineStyle</styleUrl>
    <LineString>
      <tessellate>1</tessellate>
      <coordinates>
        90.5303,23.5416,0
        90.5991,23.6461,0
      </coordinates>
    </LineString>
  </Placemark>
  <Placemark>
    <name>Route Lalpur to Gangni</name>
    <description>Assigned Demand Flow: 6183</description>
    <styleUrl>#lineStyle</styleUrl>
    <LineString>
      <tessellate>1</tessellate>
      <coordinates>
        88.7377,24.1997,0
        88.7422,23.8207,0
      </coordinates>
    </LineString>
  </Placemark>
  <Placemark>
    <name>Route Ramgati to Dumki</name>
    <description>Assigned Demand Flow: 7726</description>
    <styleUrl>#lineStyle</styleUrl>
    <LineString>
      <tessellate>1</tessellate>
      <coordinates>
        90.9318,22.7452,0
        90.3843,22.4645,0
      </coordinates>
    </LineString>
  </Placemark>
  <Placemark>
    <name>Route Shailkupa to Kumarkhali</name>
    <description>Assigned Demand Flow: 8982</description>
    <styleUrl>#lineStyle</styleUrl>
    <LineString>
      <tessellate>1</tessellate>
      <coordinates>
        89.242,23.6841,0
        89.2396,23.8596,0
      </coordinates>
    </LineString>
  </Placemark>
  <Placemark>
    <name>Route Panchagarh-S to Jaldhaka</name>
    <description>Assigned Demand Flow: 1588.79</description>
    <styleUrl>#lineStyle</styleUrl>
    <LineString>
      <tessellate>1</tessellate>
      <coordinates>
        88.5517,26.3354,0
        89.0215,26.0228,0
      </coordinates>
    </LineString>
  </Placemark>
  <Placemark>
    <name>Route Panchagarh-S to Baliadangi</name>
    <description>Assigned Demand Flow: 6001.21</description>
    <styleUrl>#lineStyle</styleUrl>
    <LineString>
      <tessellate>1</tessellate>
      <coordinates>
        88.5517,26.3354,0
        88.2753,26.0902,0
      </coordinates>
    </LineString>
  </Placemark>
  <Placemark>
    <name>Route Khanshama to Chirirbandar</name>
    <description>Assigned Demand Flow: 7478.17</description>
    <styleUrl>#lineStyle</styleUrl>
    <LineString>
      <tessellate>1</tessellate>
      <coordinates>
        88.7314,25.925,0
        88.7771,25.6503,0
      </coordinates>
    </LineString>
  </Placemark>
  <Placemark>
    <name>Route Khanshama to Jaldhaka</name>
    <description>Assigned Demand Flow: 1449.83</description>
    <styleUrl>#lineStyle</styleUrl>
    <LineString>
      <tessellate>1</tessellate>
      <coordinates>
        88.7314,25.925,0
        89.0215,26.0228,0
      </coordinates>
    </LineString>
  </Placemark>
  <Placemark>
    <name>Route Bhola-S to Dumki</name>
    <description>Assigned Demand Flow: 5525</description>
    <styleUrl>#lineStyle</styleUrl>
    <LineString>
      <tessellate>1</tessellate>
      <coordinates>
        90.6439,22.6855,0
        90.3843,22.4645,0
      </coordinates>
    </LineString>
  </Placemark>
  <Placemark>
    <name>Route Dighalia to Kalia</name>
    <description>Assigned Demand Flow: 5724</description>
    <styleUrl>#lineStyle</styleUrl>
    <LineString>
      <tessellate>1</tessellate>
      <coordinates>
        89.5218,22.8958,0
        89.7519,23.0414,0
      </coordinates>
    </LineString>
  </Placemark>
  <Placemark>
    <name>Route Nasirnagar to Lakhai</name>
    <description>Assigned Demand Flow: 4884</description>
    <styleUrl>#lineStyle</styleUrl>
    <LineString>
      <tessellate>1</tessellate>
      <coordinates>
        91.1953,24.1958,0
        91.3024,24.3106,0
      </coordinates>
    </LineString>
  </Placemark>
  <Placemark>
    <name>Route Naikhyongchari to Thanchi</name>
    <description>Assigned Demand Flow: 8720</description>
    <styleUrl>#lineStyle</styleUrl>
    <LineString>
      <tessellate>1</tessellate>
      <coordinates>
        92.1757,21.4269,0
        92.4357,21.8211,0
      </coordinates>
    </LineString>
  </Placemark>
  <Placemark>
    <name>Route Tala to Kalaroa</name>
    <description>Assigned Demand Flow: 8860</description>
    <styleUrl>#lineStyle</styleUrl>
    <LineString>
      <tessellate>1</tessellate>
      <coordinates>
        89.3082,22.7571,0
        89.0394,22.8583,0
      </coordinates>
    </LineString>
  </Placemark>
  <Placemark>
    <name>Route Mohanganj to Khaliajuri</name>
    <description>Assigned Demand Flow: 6196</description>
    <styleUrl>#lineStyle</styleUrl>
    <LineString>
      <tessellate>1</tessellate>
      <coordinates>
        90.9797,24.8743,0
        91.1329,24.6893,0
      </coordinates>
    </LineString>
  </Placemark>
  <Placemark>
    <name>Route Melandaha to Baliadangi</name>
    <description>Assigned Demand Flow: 8184</description>
    <styleUrl>#lineStyle</styleUrl>
    <LineString>
      <tessellate>1</tessellate>
      <coordinates>
        24.9391,24.9391,0
        88.2753,26.0902,0
      </coordinates>
    </LineString>
  </Placemark>
  <Placemark>
    <name>Route Damurhuda to Gangni</name>
    <description>Assigned Demand Flow: 7324</description>
    <styleUrl>#lineStyle</styleUrl>
    <LineString>
      <tessellate>1</tessellate>
      <coordinates>
        88.7759,23.6067,0
        88.7422,23.8207,0
      </coordinates>
    </LineString>
  </Placemark>
  <Placemark>
    <name>Route Palash to Bhairab</name>
    <description>Assigned Demand Flow: 4363.33</description>
    <styleUrl>#lineStyle</styleUrl>
    <LineString>
      <tessellate>1</tessellate>
      <coordinates>
        90.6543,23.9372,0
        90.9802,24.0555,0
      </coordinates>
    </LineString>
  </Placemark>
  <Placemark>
    <name>Route Palash to Sonargaon</name>
    <description>Assigned Demand Flow: 1083.67</description>
    <styleUrl>#lineStyle</styleUrl>
    <LineString>
      <tessellate>1</tessellate>
      <coordinates>
        90.6543,23.9372,0
        90.5991,23.6461,0
      </coordinates>
    </LineString>
  </Placemark>
  <Placemark>
    <name>Route Kawkhali to Banaripara</name>
    <description>Assigned Demand Flow: 4400</description>
    <styleUrl>#lineStyle</styleUrl>
    <LineString>
      <tessellate>1</tessellate>
      <coordinates>
        90.07,22.6258,0
        90.1623,22.7779,0
      </coordinates>
    </LineString>
  </Placemark>
  <Placemark>
    <name>Route Kishoreganj-S to Khaliajuri</name>
    <description>Assigned Demand Flow: 6439</description>
    <styleUrl>#lineStyle</styleUrl>
    <LineString>
      <tessellate>1</tessellate>
      <coordinates>
        90.7866,24.4331,0
        91.1329,24.6893,0
      </coordinates>
    </LineString>
  </Placemark>
  <Placemark>
    <name>Route Jamalganj to Khaliajuri</name>
    <description>Assigned Demand Flow: 5909</description>
    <styleUrl>#lineStyle</styleUrl>
    <LineString>
      <tessellate>1</tessellate>
      <coordinates>
        91.2338,24.997,0
        91.1329,24.6893,0
      </coordinates>
    </LineString>
  </Placemark>
  <Placemark>
    <name>Route Haimchar to Shariatpur-S</name>
    <description>Assigned Demand Flow: 5648</description>
    <styleUrl>#lineStyle</styleUrl>
    <LineString>
      <tessellate>1</tessellate>
      <coordinates>
        90.592,23.0595,0
        90.3501,23.2197,0
      </coordinates>
    </LineString>
  </Placemark>
  <Placemark>
    <name>Route Gabtali to Sariakandi</name>
    <description>Assigned Demand Flow: 4475</description>
    <styleUrl>#lineStyle</styleUrl>
    <LineString>
      <tessellate>1</tessellate>
      <coordinates>
        89.4553,24.8795,0
        89.571,24.8888,0
      </coordinates>
    </LineString>
  </Placemark>
  <Placemark>
    <name>Route Nageswari to Kurigram-S</name>
    <description>Assigned Demand Flow: 5200</description>
    <styleUrl>#lineStyle</styleUrl>
    <LineString>
      <tessellate>1</tessellate>
      <coordinates>
        89.6957,25.9642,0
        89.6816,25.8282,0
      </coordinates>
    </LineString>
  </Placemark>
  <Placemark>
    <name>Route Rangunia to Rangamati-S</name>
    <description>Assigned Demand Flow: 5350</description>
    <styleUrl>#lineStyle</styleUrl>
    <LineString>
      <tessellate>1</tessellate>
      <coordinates>
        92.0518,22.4698,0
        92.1789,22.6533,0
      </coordinates>
    </LineString>
  </Placemark>
  <Placemark>
    <name>Route Kalai to Gobindaganj</name>
    <description>Assigned Demand Flow: 6688</description>
    <styleUrl>#lineStyle</styleUrl>
    <LineString>
      <tessellate>1</tessellate>
      <coordinates>
        89.1697,25.0582,0
        89.3869,25.1373,0
      </coordinates>
    </LineString>
  </Placemark>
  <Placemark>
    <name>Route Bahubal to Lakhai</name>
    <description>Assigned Demand Flow: 6587</description>
    <styleUrl>#lineStyle</styleUrl>
    <LineString>
      <tessellate>1</tessellate>
      <coordinates>
        91.5378,24.3412,0
        91.3024,24.3106,0
      </coordinates>
    </LineString>
  </Placemark>
  <Placemark>
    <name>Route Mirzaganj to Dumki</name>
    <description>Assigned Demand Flow: 6924</description>
    <styleUrl>#lineStyle</styleUrl>
    <LineString>
      <tessellate>1</tessellate>
      <coordinates>
        90.2114,22.3672,0
        90.3843,22.4645,0
      </coordinates>
    </LineString>
  </Placemark>
  <Placemark>
    <name>Route Kishoreganj to Khaliajuri</name>
    <description>Assigned Demand Flow: 7327</description>
    <styleUrl>#lineStyle</styleUrl>
    <LineString>
      <tessellate>1</tessellate>
      <coordinates>
        90.7866,24.4331,0
        91.1329,24.6893,0
      </coordinates>
    </LineString>
  </Placemark>
  <Placemark>
    <name>Route Shyamnagar to Banaripara</name>
    <description>Assigned Demand Flow: 7848</description>
    <styleUrl>#lineStyle</styleUrl>
    <LineString>
      <tessellate>1</tessellate>
      <coordinates>
        89.5527,22.3568,0
        90.1623,22.7779,0
      </coordinates>
    </LineString>
  </Placemark>
  <Placemark>
    <name>Route Dacope to Banaripara</name>
    <description>Assigned Demand Flow: 4901.48</description>
    <styleUrl>#lineStyle</styleUrl>
    <LineString>
      <tessellate>1</tessellate>
      <coordinates>
        89.5073,22.6012,0
        90.1623,22.7779,0
      </coordinates>
    </LineString>
  </Placemark>
  <Placemark>
    <name>Route Dacope to Kalaroa</name>
    <description>Assigned Demand Flow: 470.521</description>
    <styleUrl>#lineStyle</styleUrl>
    <LineString>
      <tessellate>1</tessellate>
      <coordinates>
        89.5073,22.6012,0
        89.0394,22.8583,0
      </coordinates>
    </LineString>
  </Placemark>
  <Placemark>
    <name>Route Sirajdikhan to Sonargaon</name>
    <description>Assigned Demand Flow: 4076</description>
    <styleUrl>#lineStyle</styleUrl>
    <LineString>
      <tessellate>1</tessellate>
      <coordinates>
        90.3937,23.5962,0
        90.5991,23.6461,0
      </coordinates>
    </LineString>
  </Placemark>
  <Placemark>
    <name>Route Morrelganj to Banaripara</name>
    <description>Assigned Demand Flow: 4829.43</description>
    <styleUrl>#lineStyle</styleUrl>
    <LineString>
      <tessellate>1</tessellate>
      <coordinates>
        89.8528,22.4499,0
        90.1623,22.7779,0
      </coordinates>
    </LineString>
  </Placemark>
  <Placemark>
    <name>Route Morrelganj to Dumki</name>
    <description>Assigned Demand Flow: 1563.57</description>
    <styleUrl>#lineStyle</styleUrl>
    <LineString>
      <tessellate>1</tessellate>
      <coordinates>
        89.8528,22.4499,0
        90.3843,22.4645,0
      </coordinates>
    </LineString>
  </Placemark>
  <Placemark>
    <name>Route Satkania to Patiya</name>
    <description>Assigned Demand Flow: 5106</description>
    <styleUrl>#lineStyle</styleUrl>
    <LineString>
      <tessellate>1</tessellate>
      <coordinates>
        92.0812,22.1,0
        91.9759,22.295,0
      </coordinates>
    </LineString>
  </Placemark>
  <Placemark>
    <name>Route Faridpur-S to Charbhadrasan</name>
    <description>Assigned Demand Flow: 7343</description>
    <styleUrl>#lineStyle</styleUrl>
    <LineString>
      <tessellate>1</tessellate>
      <coordinates>
        89.8333,23.6019,0
        89.9953,23.5669,0
      </coordinates>
    </LineString>
  </Placemark>
  <Placemark>
    <name>Route Abhaynagar to Jhikargacha</name>
    <description>Assigned Demand Flow: 7558</description>
    <styleUrl>#lineStyle</styleUrl>
    <LineString>
      <tessellate>1</tessellate>
      <coordinates>
        89.3143,23.0156,0
        89.0991,23.0999,0
      </coordinates>
    </LineString>
  </Placemark>
  <Placemark>
    <name>Route Kotchandpur to Gangni</name>
    <description>Assigned Demand Flow: 7401</description>
    <styleUrl>#lineStyle</styleUrl>
    <LineString>
      <tessellate>1</tessellate>
      <coordinates>
        89.012,23.4075,0
        88.7422,23.8207,0
      </coordinates>
    </LineString>
  </Placemark>
  <Placemark>
    <name>Route Sreenagar to Shariatpur-S</name>
    <description>Assigned Demand Flow: 4778</description>
    <styleUrl>#lineStyle</styleUrl>
    <LineString>
      <tessellate>1</tessellate>
      <coordinates>
        90.295,23.5429,0
        90.3501,23.2197,0
      </coordinates>
    </LineString>
  </Placemark>
  <Placemark>
    <name>Route Patnitala to Manda</name>
    <description>Assigned Demand Flow: 8930</description>
    <styleUrl>#lineStyle</styleUrl>
    <LineString>
      <tessellate>1</tessellate>
      <coordinates>
        88.7625,25.0498,0
        88.6701,24.7755,0
      </coordinates>
    </LineString>
  </Placemark>
  <Placemark>
    <name>Route Noakhali-S to Sonagazi</name>
    <description>Assigned Demand Flow: 4101</description>
    <styleUrl>#lineStyle</styleUrl>
    <LineString>
      <tessellate>1</tessellate>
      <coordinates>
        91.1017,22.8246,0
        91.3928,22.8492,0
      </coordinates>
    </LineString>
  </Placemark>
  <Placemark>
    <name>Route Ghoraghat to Gobindaganj</name>
    <description>Assigned Demand Flow: 6394.66</description>
    <styleUrl>#lineStyle</styleUrl>
    <LineString>
      <tessellate>1</tessellate>
      <coordinates>
        89.1809,25.3007,0
        89.3869,25.1373,0
      </coordinates>
    </LineString>
  </Placemark>
  <Placemark>
    <name>Route Ghoraghat to Chirirbandar</name>
    <description>Assigned Demand Flow: 2009.34</description>
    <styleUrl>#lineStyle</styleUrl>
    <LineString>
      <tessellate>1</tessellate>
      <coordinates>
        89.1809,25.3007,0
        88.7771,25.6503,0
      </coordinates>
    </LineString>
  </Placemark>
  <Placemark>
    <name>Route Saltha to Charbhadrasan</name>
    <description>Assigned Demand Flow: 6901</description>
    <styleUrl>#lineStyle</styleUrl>
    <LineString>
      <tessellate>1</tessellate>
      <coordinates>
        89.7826,23.4328,0
        89.9953,23.5669,0
      </coordinates>
    </LineString>
  </Placemark>
  <Placemark>
    <name>Route Daulatkhan to Dumki</name>
    <description>Assigned Demand Flow: 6588</description>
    <styleUrl>#lineStyle</styleUrl>
    <LineString>
      <tessellate>1</tessellate>
      <coordinates>
        90.7414,22.6051,0
        90.3843,22.4645,0
      </coordinates>
    </LineString>
  </Placemark>
  <Placemark>
    <name>Route Shibchar to Shariatpur-S</name>
    <description>Assigned Demand Flow: 5504</description>
    <styleUrl>#lineStyle</styleUrl>
    <LineString>
      <tessellate>1</tessellate>
      <coordinates>
        90.187,23.3346,0
        90.3501,23.2197,0
      </coordinates>
    </LineString>
  </Placemark>
  <Placemark>
    <name>Route Sadarpur to Charbhadrasan</name>
    <description>Assigned Demand Flow: 6016</description>
    <styleUrl>#lineStyle</styleUrl>
    <LineString>
      <tessellate>1</tessellate>
      <coordinates>
        90.0365,23.4664,0
        89.9953,23.5669,0
      </coordinates>
    </LineString>
  </Placemark>
  <Placemark>
    <name>Route Rupganj to Sonargaon</name>
    <description>Assigned Demand Flow: 4935</description>
    <styleUrl>#lineStyle</styleUrl>
    <LineString>
      <tessellate>1</tessellate>
      <coordinates>
        90.54,23.8159,0
        90.5991,23.6461,0
      </coordinates>
    </LineString>
  </Placemark>
  <Placemark>
    <name>Route Pekua to Thanchi</name>
    <description>Assigned Demand Flow: 4395</description>
    <styleUrl>#lineStyle</styleUrl>
    <LineString>
      <tessellate>1</tessellate>
      <coordinates>
        91.9574,21.8327,0
        92.4357,21.8211,0
      </coordinates>
    </LineString>
  </Placemark>
  <Placemark>
    <name>Route Bochaganj to Chirirbandar</name>
    <description>Assigned Demand Flow: 5060</description>
    <styleUrl>#lineStyle</styleUrl>
    <LineString>
      <tessellate>1</tessellate>
      <coordinates>
        88.4622,25.7997,0
        88.7771,25.6503,0
      </coordinates>
    </LineString>
  </Placemark>
  <Placemark>
    <name>Route Chakoria to Thanchi</name>
    <description>Assigned Demand Flow: 6255</description>
    <styleUrl>#lineStyle</styleUrl>
    <LineString>
      <tessellate>1</tessellate>
      <coordinates>
        92.0469,21.725,0
        92.4357,21.8211,0
      </coordinates>
    </LineString>
  </Placemark>
  <Placemark>
    <name>Route Nagarkanda to Charbhadrasan</name>
    <description>Assigned Demand Flow: 4893</description>
    <styleUrl>#lineStyle</styleUrl>
    <LineString>
      <tessellate>1</tessellate>
      <coordinates>
        89.8949,23.421,0
        89.9953,23.5669,0
      </coordinates>
    </LineString>
  </Placemark>
  <Placemark>
    <name>Route Ullapara to Sirajganj-S</name>
    <description>Assigned Demand Flow: 7659</description>
    <styleUrl>#lineStyle</styleUrl>
    <LineString>
      <tessellate>1</tessellate>
      <coordinates>
        89.5622,24.3174,0
        89.6816,24.4526,0
      </coordinates>
    </LineString>
  </Placemark>
  <Placemark>
    <name>Route Baliakandi to Kumarkhali</name>
    <description>Assigned Demand Flow: 7045</description>
    <styleUrl>#lineStyle</styleUrl>
    <LineString>
      <tessellate>1</tessellate>
      <coordinates>
        89.5474,23.6347,0
        89.2396,23.8596,0
      </coordinates>
    </LineString>
  </Placemark>
  <Placemark>
    <name>Route Kulaura to Dakshin Surma</name>
    <description>Assigned Demand Flow: 8214</description>
    <styleUrl>#lineStyle</styleUrl>
    <LineString>
      <tessellate>1</tessellate>
      <coordinates>
        92.0347,24.5255,0
        91.9051,24.815,0
      </coordinates>
    </LineString>
  </Placemark>
  <Placemark>
    <name>Route Bagatipara to Durgapur</name>
    <description>Assigned Demand Flow: 7171</description>
    <styleUrl>#lineStyle</styleUrl>
    <LineString>
      <tessellate>1</tessellate>
      <coordinates>
        88.9641,24.3024,0
        88.7696,24.445,0
      </coordinates>
    </LineString>
  </Placemark>
  <Placemark>
    <name>Route Dhupchancia to Gobindaganj</name>
    <description>Assigned Demand Flow: 8015</description>
    <styleUrl>#lineStyle</styleUrl>
    <LineString>
      <tessellate>1</tessellate>
      <coordinates>
        89.1777,24.8812,0
        89.3869,25.1373,0
      </coordinates>
    </LineString>
  </Placemark>
  <Placemark>
    <name>Route Satkhira-S to Kalaroa</name>
    <description>Assigned Demand Flow: 7069</description>
    <styleUrl>#lineStyle</styleUrl>
    <LineString>
      <tessellate>1</tessellate>
      <coordinates>
        89.0705,22.7185,0
        89.0394,22.8583,0
      </coordinates>
    </LineString>
  </Placemark>
  <Placemark>
    <name>Route Birganj to Chirirbandar</name>
    <description>Assigned Demand Flow: 5771</description>
    <styleUrl>#lineStyle</styleUrl>
    <LineString>
      <tessellate>1</tessellate>
      <coordinates>
        88.6555,25.8608,0
        88.7771,25.6503,0
      </coordinates>
    </LineString>
  </Placemark>
  <Placemark>
    <name>Route Rowangchari to Thanchi</name>
    <description>Assigned Demand Flow: 7618</description>
    <styleUrl>#lineStyle</styleUrl>
    <LineString>
      <tessellate>1</tessellate>
      <coordinates>
        92.3367,22.1832,0
        92.4357,21.8211,0
      </coordinates>
    </LineString>
  </Placemark>
  <Placemark>
    <name>Route Raojan to Rangamati-S</name>
    <description>Assigned Demand Flow: 8686</description>
    <styleUrl>#lineStyle</styleUrl>
    <LineString>
      <tessellate>1</tessellate>
      <coordinates>
        91.9104,22.5349,0
        92.1789,22.6533,0
      </coordinates>
    </LineString>
  </Placemark>
  <Placemark>
    <name>Route Mongla to Kalaroa</name>
    <description>Assigned Demand Flow: 8938</description>
    <styleUrl>#lineStyle</styleUrl>
    <LineString>
      <tessellate>1</tessellate>
      <coordinates>
        89.4772,22.5456,0
        89.0394,22.8583,0
      </coordinates>
    </LineString>
  </Placemark>
  <Placemark>
    <name>Route Ulipur to Kurigram-S</name>
    <description>Assigned Demand Flow: 5563</description>
    <styleUrl>#lineStyle</styleUrl>
    <LineString>
      <tessellate>1</tessellate>
      <coordinates>
        89.6205,25.6564,0
        89.6816,25.8282,0
      </coordinates>
    </LineString>
  </Placemark>
  <Placemark>
    <name>Route Ghatail to Sirajganj-S</name>
    <description>Assigned Demand Flow: 7596</description>
    <styleUrl>#lineStyle</styleUrl>
    <LineString>
      <tessellate>1</tessellate>
      <coordinates>
        89.9732,24.4812,0
        89.6816,24.4526,0
      </coordinates>
    </LineString>
  </Placemark>
  <Placemark>
    <name>Route Osmaninagar to Dakshin Surma</name>
    <description>Assigned Demand Flow: 4503</description>
    <styleUrl>#lineStyle</styleUrl>
    <LineString>
      <tessellate>1</tessellate>
      <coordinates>
        91.7466,24.719,0
        91.9051,24.815,0
      </coordinates>
    </LineString>
  </Placemark>
  <Placemark>
    <name>Route Hatibandha to Jaldhaka</name>
    <description>Assigned Demand Flow: 8690</description>
    <styleUrl>#lineStyle</styleUrl>
    <LineString>
      <tessellate>1</tessellate>
      <coordinates>
        89.1349,26.1422,0
        89.0215,26.0228,0
      </coordinates>
    </LineString>
  </Placemark>
  <Placemark>
    <name>Route Zianagar to Dumki</name>
    <description>Assigned Demand Flow: 8123</description>
    <styleUrl>#lineStyle</styleUrl>
    <LineString>
      <tessellate>1</tessellate>
      <coordinates>
        89.9603,22.4858,0
        90.3843,22.4645,0
      </coordinates>
    </LineString>
  </Placemark>
  <Placemark>
    <name>Route Sharsha to Kalaroa</name>
    <description>Assigned Demand Flow: 3591.02</description>
    <styleUrl>#lineStyle</styleUrl>
    <LineString>
      <tessellate>1</tessellate>
      <coordinates>
        88.9266,23.0529,0
        89.0394,22.8583,0
      </coordinates>
    </LineString>
  </Placemark>
  <Placemark>
    <name>Route Sharsha to Jhikargacha</name>
    <description>Assigned Demand Flow: 1796.98</description>
    <styleUrl>#lineStyle</styleUrl>
    <LineString>
      <tessellate>1</tessellate>
      <coordinates>
        88.9266,23.0529,0
        89.0991,23.0999,0
      </coordinates>
    </LineString>
  </Placemark>
  <Placemark>
    <name>Route Bogura-S to Sariakandi</name>
    <description>Assigned Demand Flow: 6862</description>
    <styleUrl>#lineStyle</styleUrl>
    <LineString>
      <tessellate>1</tessellate>
      <coordinates>
        89.373,24.8481,0
        89.571,24.8888,0
      </coordinates>
    </LineString>
  </Placemark>
  <Placemark>
    <name>Route Kapasia to Bhairab</name>
    <description>Assigned Demand Flow: 4743</description>
    <styleUrl>#lineStyle</styleUrl>
    <LineString>
      <tessellate>1</tessellate>
      <coordinates>
        90.5666,24.1124,0
        90.9802,24.0555,0
      </coordinates>
    </LineString>
  </Placemark>
  <Placemark>
    <name>Route Mirpur to Gangni</name>
    <description>Assigned Demand Flow: 5610</description>
    <styleUrl>#lineStyle</styleUrl>
    <LineString>
      <tessellate>1</tessellate>
      <coordinates>
        88.9949,23.9317,0
        88.7422,23.8207,0
      </coordinates>
    </LineString>
  </Placemark>
  <Placemark>
    <name>Route Lohagara to Patiya</name>
    <description>Assigned Demand Flow: 6799.3</description>
    <styleUrl>#lineStyle</styleUrl>
    <LineString>
      <tessellate>1</tessellate>
      <coordinates>
        92.1008,22.0402,0
        91.9759,22.295,0
      </coordinates>
    </LineString>
  </Placemark>
  <Placemark>
    <name>Route Lohagara to Thanchi</name>
    <description>Assigned Demand Flow: 1120.7</description>
    <styleUrl>#lineStyle</styleUrl>
    <LineString>
      <tessellate>1</tessellate>
      <coordinates>
        92.1008,22.0402,0
        92.4357,21.8211,0
      </coordinates>
    </LineString>
  </Placemark>
  <Placemark>
    <name>Route Senbag to Sonagazi</name>
    <description>Assigned Demand Flow: 8046</description>
    <styleUrl>#lineStyle</styleUrl>
    <LineString>
      <tessellate>1</tessellate>
      <coordinates>
        91.2338,22.9875,0
        91.3928,22.8492,0
      </coordinates>
    </LineString>
  </Placemark>
  <Placemark>
    <name>Route Lohagara to Patiya</name>
    <description>Assigned Demand Flow: 5781</description>
    <styleUrl>#lineStyle</styleUrl>
    <LineString>
      <tessellate>1</tessellate>
      <coordinates>
        92.1008,22.0402,0
        91.9759,22.295,0
      </coordinates>
    </LineString>
  </Placemark>
  <Placemark>
    <name>Route Tangail-S to Sirajganj-S</name>
    <description>Assigned Demand Flow: 7497</description>
    <styleUrl>#lineStyle</styleUrl>
    <LineString>
      <tessellate>1</tessellate>
      <coordinates>
        89.9167,24.2513,0
        89.6816,24.4526,0
      </coordinates>
    </LineString>
  </Placemark>
  <Placemark>
    <name>Route Goalanda to Charbhadrasan</name>
    <description>Assigned Demand Flow: 4788</description>
    <styleUrl>#lineStyle</styleUrl>
    <LineString>
      <tessellate>1</tessellate>
      <coordinates>
        89.7637,23.7237,0
        89.9953,23.5669,0
      </coordinates>
    </LineString>
  </Placemark>
  <Placemark>
    <name>Route Tarail to Khaliajuri</name>
    <description>Assigned Demand Flow: 5505</description>
    <styleUrl>#lineStyle</styleUrl>
    <LineString>
      <tessellate>1</tessellate>
      <coordinates>
        90.8908,24.5491,0
        91.1329,24.6893,0
      </coordinates>
    </LineString>
  </Placemark>
  <Placemark>
    <name>Route Domar to Jaldhaka</name>
    <description>Assigned Demand Flow: 6916</description>
    <styleUrl>#lineStyle</styleUrl>
    <LineString>
      <tessellate>1</tessellate>
      <coordinates>
        88.8215,26.1016,0
        89.0215,26.0228,0
      </coordinates>
    </LineString>
  </Placemark>
  <Placemark>
    <name>Route Bamna to Galachipa</name>
    <description>Assigned Demand Flow: 5753.21</description>
    <styleUrl>#lineStyle</styleUrl>
    <LineString>
      <tessellate>1</tessellate>
      <coordinates>
        90.091,22.3129,0
        90.4102,22.1634,0
      </coordinates>
    </LineString>
  </Placemark>
  <Placemark>
    <name>Route Bamna to Dumki</name>
    <description>Assigned Demand Flow: 1687.79</description>
    <styleUrl>#lineStyle</styleUrl>
    <LineString>
      <tessellate>1</tessellate>
      <coordinates>
        90.091,22.3129,0
        90.3843,22.4645,0
      </coordinates>
    </LineString>
  </Placemark>
  <Placemark>
    <name>Route Shahrasti to Burichong</name>
    <description>Assigned Demand Flow: 4132</description>
    <styleUrl>#lineStyle</styleUrl>
    <LineString>
      <tessellate>1</tessellate>
      <coordinates>
        90.9486,23.2306,0
        91.1267,23.5535,0
      </coordinates>
    </LineString>
  </Placemark>
  <Placemark>
    <name>Route Banskhali to Patiya</name>
    <description>Assigned Demand Flow: 6953</description>
    <styleUrl>#lineStyle</styleUrl>
    <LineString>
      <tessellate>1</tessellate>
      <coordinates>
        91.9463,22.0254,0
        91.9759,22.295,0
      </coordinates>
    </LineString>
  </Placemark>
  <Placemark>
    <name>Route Nanniarchar to Rangamati-S</name>
    <description>Assigned Demand Flow: 5456</description>
    <styleUrl>#lineStyle</styleUrl>
    <LineString>
      <tessellate>1</tessellate>
      <coordinates>
        92.1107,22.8622,0
        92.1789,22.6533,0
      </coordinates>
    </LineString>
  </Placemark>
  <Placemark>
    <name>Route Nazirpur to Banaripara</name>
    <description>Assigned Demand Flow: 4854</description>
    <styleUrl>#lineStyle</styleUrl>
    <LineString>
      <tessellate>1</tessellate>
      <coordinates>
        89.9813,22.7867,0
        90.1623,22.7779,0
      </coordinates>
    </LineString>
  </Placemark>
  <Placemark>
    <name>Route Pakundia to Bhairab</name>
    <description>Assigned Demand Flow: 7858</description>
    <styleUrl>#lineStyle</styleUrl>
    <LineString>
      <tessellate>1</tessellate>
      <coordinates>
        90.6797,24.3297,0
        90.9802,24.0555,0
      </coordinates>
    </LineString>
  </Placemark>
  <Placemark>
    <name>Route Raiganj to Sirajganj-S</name>
    <description>Assigned Demand Flow: 7866</description>
    <styleUrl>#lineStyle</styleUrl>
    <LineString>
      <tessellate>1</tessellate>
      <coordinates>
        89.5449,24.5327,0
        89.6816,24.4526,0
      </coordinates>
    </LineString>
  </Placemark>
  <Placemark>
    <name>Route Shajahanpur to Sariakandi</name>
    <description>Assigned Demand Flow: 4829</description>
    <styleUrl>#lineStyle</styleUrl>
    <LineString>
      <tessellate>1</tessellate>
      <coordinates>
        89.3838,24.7661,0
        89.571,24.8888,0
      </coordinates>
    </LineString>
  </Placemark>
  <Placemark>
    <name>Route Rajbari-S to Kumarkhali</name>
    <description>Assigned Demand Flow: 6641</description>
    <styleUrl>#lineStyle</styleUrl>
    <LineString>
      <tessellate>1</tessellate>
      <coordinates>
        89.6467,23.7639,0
        89.2396,23.8596,0
      </coordinates>
    </LineString>
  </Placemark>
  <Placemark>
    <name>Route Chatmohar to Kumarkhali</name>
    <description>Assigned Demand Flow: 3232.39</description>
    <styleUrl>#lineStyle</styleUrl>
    <LineString>
      <tessellate>1</tessellate>
      <coordinates>
        89.2905,24.2269,0
        89.2396,23.8596,0
      </coordinates>
    </LineString>
  </Placemark>
  <Placemark>
    <name>Route Chatmohar to Santhia</name>
    <description>Assigned Demand Flow: 4149.61</description>
    <styleUrl>#lineStyle</styleUrl>
    <LineString>
      <tessellate>1</tessellate>
      <coordinates>
        89.2905,24.2269,0
        89.5353,24.0562,0
      </coordinates>
    </LineString>
  </Placemark>
  <Placemark>
    <name>Route Chitalmari to Banaripara</name>
    <description>Assigned Demand Flow: 7510</description>
    <styleUrl>#lineStyle</styleUrl>
    <LineString>
      <tessellate>1</tessellate>
      <coordinates>
        89.8778,22.7904,0
        90.1623,22.7779,0
      </coordinates>
    </LineString>
  </Placemark>
  <Placemark>
    <name>Route Balaganj to Dakshin Surma</name>
    <description>Assigned Demand Flow: 4863</description>
    <styleUrl>#lineStyle</styleUrl>
    <LineString>
      <tessellate>1</tessellate>
      <coordinates>
        91.8177,24.6614,0
        91.9051,24.815,0
      </coordinates>
    </LineString>
  </Placemark>
  <Placemark>
    <name>Route Kalkini to Shariatpur-S</name>
    <description>Assigned Demand Flow: 5342</description>
    <styleUrl>#lineStyle</styleUrl>
    <LineString>
      <tessellate>1</tessellate>
      <coordinates>
        90.2268,23.0755,0
        90.3501,23.2197,0
      </coordinates>
    </LineString>
  </Placemark>
  <Placemark>
    <name>Route Jamalpur-S to Sariakandi</name>
    <description>Assigned Demand Flow: 8156</description>
    <styleUrl>#lineStyle</styleUrl>
    <LineString>
      <tessellate>1</tessellate>
      <coordinates>
        89.9463,24.925,0
        89.571,24.8888,0
      </coordinates>
    </LineString>
  </Placemark>
  <Placemark>
    <name>Route Barguna-S to Galachipa</name>
    <description>Assigned Demand Flow: 6117</description>
    <styleUrl>#lineStyle</styleUrl>
    <LineString>
      <tessellate>1</tessellate>
      <coordinates>
        90.1201,22.1605,0
        90.4102,22.1634,0
      </coordinates>
    </LineString>
  </Placemark>
  <Placemark>
    <name>Route Boalkhali to Patiya</name>
    <description>Assigned Demand Flow: 4995</description>
    <styleUrl>#lineStyle</styleUrl>
    <LineString>
      <tessellate>1</tessellate>
      <coordinates>
        91.9173,22.3791,0
        91.9759,22.295,0
      </coordinates>
    </LineString>
  </Placemark>
  <Placemark>
    <name>Route Nawabganj to Charbhadrasan</name>
    <description>Assigned Demand Flow: 8309</description>
    <styleUrl>#lineStyle</styleUrl>
    <LineString>
      <tessellate>1</tessellate>
      <coordinates>
        90.1518,23.6531,0
        89.9953,23.5669,0
      </coordinates>
    </LineString>
  </Placemark>
  <Placemark>
    <name>Route Gopalpur to Sirajganj-S</name>
    <description>Assigned Demand Flow: 8323</description>
    <styleUrl>#lineStyle</styleUrl>
    <LineString>
      <tessellate>1</tessellate>
      <coordinates>
        89.8418,24.5629,0
        89.6816,24.4526,0
      </coordinates>
    </LineString>
  </Placemark>
  <Placemark>
    <name>Route Doarabazar to Dakshin Surma</name>
    <description>Assigned Demand Flow: 8461</description>
    <styleUrl>#lineStyle</styleUrl>
    <LineString>
      <tessellate>1</tessellate>
      <coordinates>
        91.5588,25.0483,0
        91.9051,24.815,0
      </coordinates>
    </LineString>
  </Placemark>
  <Placemark>
    <name>Route Chandina to Burichong</name>
    <description>Assigned Demand Flow: 4258</description>
    <styleUrl>#lineStyle</styleUrl>
    <LineString>
      <tessellate>1</tessellate>
      <coordinates>
        91.0084,23.4892,0
        91.1267,23.5535,0
      </coordinates>
    </LineString>
  </Placemark>
  <Placemark>
    <name>Route Ukhiya to Thanchi</name>
    <description>Assigned Demand Flow: 5160</description>
    <styleUrl>#lineStyle</styleUrl>
    <LineString>
      <tessellate>1</tessellate>
      <coordinates>
        92.1389,21.2447,0
        92.4357,21.8211,0
      </coordinates>
    </LineString>
  </Placemark>
  <Placemark>
    <name>Route Assasuni to Kalaroa</name>
    <description>Assigned Demand Flow: 6649</description>
    <styleUrl>#lineStyle</styleUrl>
    <LineString>
      <tessellate>1</tessellate>
      <coordinates>
        89.1619,22.5409,0
        89.0394,22.8583,0
      </coordinates>
    </LineString>
  </Placemark>
  <Placemark>
    <name>Route Fulchari to Gobindaganj</name>
    <description>Assigned Demand Flow: 7693</description>
    <styleUrl>#lineStyle</styleUrl>
    <LineString>
      <tessellate>1</tessellate>
      <coordinates>
        89.5959,25.3198,0
        89.3869,25.1373,0
      </coordinates>
    </LineString>
  </Placemark>
  <Placemark>
    <name>Route Tarash to Sirajganj-S</name>
    <description>Assigned Demand Flow: 6511</description>
    <styleUrl>#lineStyle</styleUrl>
    <LineString>
      <tessellate>1</tessellate>
      <coordinates>
        89.3725,24.4309,0
        89.6816,24.4526,0
      </coordinates>
    </LineString>
  </Placemark>
  <Placemark>
    <name>Route Dharmapasha to Khaliajuri</name>
    <description>Assigned Demand Flow: 5007</description>
    <styleUrl>#lineStyle</styleUrl>
    <LineString>
      <tessellate>1</tessellate>
      <coordinates>
        91.012,24.8993,0
        91.1329,24.6893,0
      </coordinates>
    </LineString>
  </Placemark>
  <Placemark>
    <name>Route Sonatala to Gobindaganj</name>
    <description>Assigned Demand Flow: 7434</description>
    <styleUrl>#lineStyle</styleUrl>
    <LineString>
      <tessellate>1</tessellate>
      <coordinates>
        89.4978,25.0398,0
        89.3869,25.1373,0
      </coordinates>
    </LineString>
  </Placemark>
  <Placemark>
    <name>Route Monirampur to Jhikargacha</name>
    <description>Assigned Demand Flow: 4435</description>
    <styleUrl>#lineStyle</styleUrl>
    <LineString>
      <tessellate>1</tessellate>
      <coordinates>
        89.2327,23.0242,0
        89.0991,23.0999,0
      </coordinates>
    </LineString>
  </Placemark>
  <Placemark>
    <name>Route Meghna to Sonargaon</name>
    <description>Assigned Demand Flow: 5444</description>
    <styleUrl>#lineStyle</styleUrl>
    <LineString>
      <tessellate>1</tessellate>
      <coordinates>
        90.7007,23.6256,0
        90.5991,23.6461,0
      </coordinates>
    </LineString>
  </Placemark>
  <Placemark>
    <name>Route Aditmari to Jaldhaka</name>
    <description>Assigned Demand Flow: 8503</description>
    <styleUrl>#lineStyle</styleUrl>
    <LineString>
      <tessellate>1</tessellate>
      <coordinates>
        89.3842,25.9273,0
        89.0215,26.0228,0
      </coordinates>
    </LineString>
  </Placemark>
  <Placemark>
    <name>Route Rajapur to Dumki</name>
    <description>Assigned Demand Flow: 7590</description>
    <styleUrl>#lineStyle</styleUrl>
    <LineString>
      <tessellate>1</tessellate>
      <coordinates>
        90.1431,22.574,0
        90.3843,22.4645,0
      </coordinates>
    </LineString>
  </Placemark>
  <Placemark>
    <name>Route Kachua to Burichong</name>
    <description>Assigned Demand Flow: 5435</description>
    <styleUrl>#lineStyle</styleUrl>
    <LineString>
      <tessellate>1</tessellate>
      <coordinates>
        90.889,23.3411,0
        91.1267,23.5535,0
      </coordinates>
    </LineString>
  </Placemark>
  <Placemark>
    <name>Route Lalmohan to Galachipa</name>
    <description>Assigned Demand Flow: 7707</description>
    <styleUrl>#lineStyle</styleUrl>
    <LineString>
      <tessellate>1</tessellate>
      <coordinates>
        90.7319,22.3411,0
        90.4102,22.1634,0
      </coordinates>
    </LineString>
  </Placemark>
  <Placemark>
    <name>Route Nachol to Manda</name>
    <description>Assigned Demand Flow: 4837</description>
    <styleUrl>#lineStyle</styleUrl>
    <LineString>
      <tessellate>1</tessellate>
      <coordinates>
        88.4137,24.7327,0
        88.6701,24.7755,0
      </coordinates>
    </LineString>
  </Placemark>
  <Placemark>
    <name>Route Bhandaria to Dumki</name>
    <description>Assigned Demand Flow: 5907</description>
    <styleUrl>#lineStyle</styleUrl>
    <LineString>
      <tessellate>1</tessellate>
      <coordinates>
        90.0591,22.4832,0
        90.3843,22.4645,0
      </coordinates>
    </LineString>
  </Placemark>
  <Placemark>
    <name>Route Phulpur to Durgapur</name>
    <description>Assigned Demand Flow: 7883</description>
    <styleUrl>#lineStyle</styleUrl>
    <LineString>
      <tessellate>1</tessellate>
      <coordinates>
        90.4481,24.9621,0
        90.6757,25.1138,0
      </coordinates>
    </LineString>
  </Placemark>
  <Placemark>
    <name>Route Jibannagar to Gangni</name>
    <description>Assigned Demand Flow: 4841</description>
    <styleUrl>#lineStyle</styleUrl>
    <LineString>
      <tessellate>1</tessellate>
      <coordinates>
        88.8239,23.4226,0
        88.7422,23.8207,0
      </coordinates>
    </LineString>
  </Placemark>
  <Placemark>
    <name>Route Matlab (Uttar) to Shariatpur-S</name>
    <description>Assigned Demand Flow: 5111</description>
    <styleUrl>#lineStyle</styleUrl>
    <LineString>
      <tessellate>1</tessellate>
      <coordinates>
        90.6181,23.3837,0
        90.3501,23.2197,0
      </coordinates>
    </LineString>
  </Placemark>
  <Placemark>
    <name>Route Eidgaon to Thanchi</name>
    <description>Assigned Demand Flow: 7112</description>
    <styleUrl>#lineStyle</styleUrl>
    <LineString>
      <tessellate>1</tessellate>
      <coordinates>
        92.0684,21.5527,0
        92.4357,21.8211,0
      </coordinates>
    </LineString>
  </Placemark>
  <Placemark>
    <name>Route Matiranga to Rangamati-S</name>
    <description>Assigned Demand Flow: 5328</description>
    <styleUrl>#lineStyle</styleUrl>
    <LineString>
      <tessellate>1</tessellate>
      <coordinates>
        91.8733,23.0408,0
        92.1789,22.6533,0
      </coordinates>
    </LineString>
  </Placemark>
  <Placemark>
    <name>Route Habiganj-S to Lakhai</name>
    <description>Assigned Demand Flow: 8164</description>
    <styleUrl>#lineStyle</styleUrl>
    <LineString>
      <tessellate>1</tessellate>
      <coordinates>
        91.4169,24.384,0
        91.3024,24.3106,0
      </coordinates>
    </LineString>
  </Placemark>
  <Placemark>
    <name>Route Terokhada to Kalia</name>
    <description>Assigned Demand Flow: 6146</description>
    <styleUrl>#lineStyle</styleUrl>
    <LineString>
      <tessellate>1</tessellate>
      <coordinates>
        89.6675,22.9353,0
        89.7519,23.0414,0
      </coordinates>
    </LineString>
  </Placemark>
  <Placemark>
    <name>Route Boalmari to Kalia</name>
    <description>Assigned Demand Flow: 7540</description>
    <styleUrl>#lineStyle</styleUrl>
    <LineString>
      <tessellate>1</tessellate>
      <coordinates>
        89.684,23.391,0
        89.7519,23.0414,0
      </coordinates>
    </LineString>
  </Placemark>
  <Placemark>
    <name>Route Dhobaura to Durgapur</name>
    <description>Assigned Demand Flow: 7331</description>
    <styleUrl>#lineStyle</styleUrl>
    <LineString>
      <tessellate>1</tessellate>
      <coordinates>
        90.5234,25.0902,0
        90.6757,25.1138,0
      </coordinates>
    </LineString>
  </Placemark>
  <Placemark>
    <name>Route Patharghata to Galachipa</name>
    <description>Assigned Demand Flow: 7478</description>
    <styleUrl>#lineStyle</styleUrl>
    <LineString>
      <tessellate>1</tessellate>
      <coordinates>
        89.9697,22.0387,0
        90.4102,22.1634,0
      </coordinates>
    </LineString>
  </Placemark>
  <Placemark>
    <name>Route Narayanganj-S to Sonargaon</name>
    <description>Assigned Demand Flow: 4225</description>
    <styleUrl>#lineStyle</styleUrl>
    <LineString>
      <tessellate>1</tessellate>
      <coordinates>
        90.5002,23.6238,0
        90.5991,23.6461,0
      </coordinates>
    </LineString>
  </Placemark>
  <Placemark>
    <name>Route Sujanagar to Kumarkhali</name>
    <description>Assigned Demand Flow: 4021</description>
    <styleUrl>#lineStyle</styleUrl>
    <LineString>
      <tessellate>1</tessellate>
      <coordinates>
        89.421,23.9422,0
        89.2396,23.8596,0
      </coordinates>
    </LineString>
  </Placemark>
  <Placemark>
    <name>Route Cumilla-S Daksin to Burichong</name>
    <description>Assigned Demand Flow: 5876</description>
    <styleUrl>#lineStyle</styleUrl>
    <LineString>
      <tessellate>1</tessellate>
      <coordinates>
        91.1809,23.4607,0
        91.1267,23.5535,0
      </coordinates>
    </LineString>
  </Placemark>
  <Placemark>
    <name>Route Barhatta to Durgapur</name>
    <description>Assigned Demand Flow: 7467</description>
    <styleUrl>#lineStyle</styleUrl>
    <LineString>
      <tessellate>1</tessellate>
      <coordinates>
        90.8842,24.8986,0
        90.6757,25.1138,0
      </coordinates>
    </LineString>
  </Placemark>
  <Placemark>
    <name>Route Basail to Singair</name>
    <description>Assigned Demand Flow: 4861</description>
    <styleUrl>#lineStyle</styleUrl>
    <LineString>
      <tessellate>1</tessellate>
      <coordinates>
        90.0513,24.2331,0
        90.146,23.8137,0
      </coordinates>
    </LineString>
  </Placemark>
  <Placemark>
    <name>Route Companiganj to Dakshin Surma</name>
    <description>Assigned Demand Flow: 8818</description>
    <styleUrl>#lineStyle</styleUrl>
    <LineString>
      <tessellate>1</tessellate>
      <coordinates>
        91.7548,25.0881,0
        91.9051,24.815,0
      </coordinates>
    </LineString>
  </Placemark>
  <Placemark>
    <name>Route Sitakunda to Patiya</name>
    <description>Assigned Demand Flow: 868.445</description>
    <styleUrl>#lineStyle</styleUrl>
    <LineString>
      <tessellate>1</tessellate>
      <coordinates>
        91.6809,22.6171,0
        91.9759,22.295,0
      </coordinates>
    </LineString>
  </Placemark>
  <Placemark>
    <name>Route Sitakunda to Rangamati-S</name>
    <description>Assigned Demand Flow: 3701.55</description>
    <styleUrl>#lineStyle</styleUrl>
    <LineString>
      <tessellate>1</tessellate>
      <coordinates>
        91.6809,22.6171,0
        92.1789,22.6533,0
      </coordinates>
    </LineString>
  </Placemark>
  <Placemark>
    <name>Route Ghior to Singair</name>
    <description>Assigned Demand Flow: 7379</description>
    <styleUrl>#lineStyle</styleUrl>
    <LineString>
      <tessellate>1</tessellate>
      <coordinates>
        89.8716,23.8971,0
        90.146,23.8137,0
      </coordinates>
    </LineString>
  </Placemark>
  <Placemark>
    <name>Route Barishal-S to Dumki</name>
    <description>Assigned Demand Flow: 6754</description>
    <styleUrl>#lineStyle</styleUrl>
    <LineString>
      <tessellate>1</tessellate>
      <coordinates>
        90.3535,22.701,0
        90.3843,22.4645,0
      </coordinates>
    </LineString>
  </Placemark>
  <Placemark>
    <name>Route Bajitpur to Bhairab</name>
    <description>Assigned Demand Flow: 6743</description>
    <styleUrl>#lineStyle</styleUrl>
    <LineString>
      <tessellate>1</tessellate>
      <coordinates>
        90.9522,24.2138,0
        90.9802,24.0555,0
      </coordinates>
    </LineString>
  </Placemark>
  <Placemark>
    <name>Route Subarna Char to Sonagazi</name>
    <description>Assigned Demand Flow: 7985</description>
    <styleUrl>#lineStyle</styleUrl>
    <LineString>
      <tessellate>1</tessellate>
      <coordinates>
        91.1257,22.6756,0
        91.3928,22.8492,0
      </coordinates>
    </LineString>
  </Placemark>
  <Placemark>
    <name>Route Mirsharai to Sonagazi</name>
    <description>Assigned Demand Flow: 4043.74</description>
    <styleUrl>#lineStyle</styleUrl>
    <LineString>
      <tessellate>1</tessellate>
      <coordinates>
        91.5742,22.773,0
        91.3928,22.8492,0
      </coordinates>
    </LineString>
  </Placemark>
  <Placemark>
    <name>Route Mirsharai to Rangamati-S</name>
    <description>Assigned Demand Flow: 1365.26</description>
    <styleUrl>#lineStyle</styleUrl>
    <LineString>
      <tessellate>1</tessellate>
      <coordinates>
        91.5742,22.773,0
        92.1789,22.6533,0
      </coordinates>
    </LineString>
  </Placemark>
  <Placemark>
    <name>Route Gowainghat to Dakshin Surma</name>
    <description>Assigned Demand Flow: 6685</description>
    <styleUrl>#lineStyle</styleUrl>
    <LineString>
      <tessellate>1</tessellate>
      <coordinates>
        91.9823,25.091,0
        91.9051,24.815,0
      </coordinates>
    </LineString>
  </Placemark>
  <Placemark>
    <name>Route Monohorganj to Burichong</name>
    <description>Assigned Demand Flow: 6201</description>
    <styleUrl>#lineStyle</styleUrl>
    <LineString>
      <tessellate>1</tessellate>
      <coordinates>
        91.1158,23.1123,0
        91.1267,23.5535,0
      </coordinates>
    </LineString>
  </Placemark>
  <Placemark>
    <name>Route Pirgacha to Kurigram-S</name>
    <description>Assigned Demand Flow: 6166</description>
    <styleUrl>#lineStyle</styleUrl>
    <LineString>
      <tessellate>1</tessellate>
      <coordinates>
        89.4056,25.6578,0
        89.6816,25.8282,0
      </coordinates>
    </LineString>
  </Placemark>
  <Placemark>
    <name>Route Amtali to Galachipa</name>
    <description>Assigned Demand Flow: 6774</description>
    <styleUrl>#lineStyle</styleUrl>
    <LineString>
      <tessellate>1</tessellate>
      <coordinates>
        90.2362,22.1339,0
        90.4102,22.1634,0
      </coordinates>
    </LineString>
  </Placemark>
  <Placemark>
    <name>Route Atghoria to Kumarkhali</name>
    <description>Assigned Demand Flow: 8966</description>
    <styleUrl>#lineStyle</styleUrl>
    <LineString>
      <tessellate>1</tessellate>
      <coordinates>
        89.2431,24.1134,0
        89.2396,23.8596,0
      </coordinates>
    </LineString>
  </Placemark>
  <Placemark>
    <name>Route Shibganj to Gobindaganj</name>
    <description>Assigned Demand Flow: 6859</description>
    <styleUrl>#lineStyle</styleUrl>
    <LineString>
      <tessellate>1</tessellate>
      <coordinates>
        89.3203,25.0006,0
        89.3869,25.1373,0
      </coordinates>
    </LineString>
  </Placemark>
  <Placemark>
    <name>Route Nandail to Gouripur</name>
    <description>Assigned Demand Flow: 7040</description>
    <styleUrl>#lineStyle</styleUrl>
    <LineString>
      <tessellate>1</tessellate>
      <coordinates>
        90.6904,24.5687,0
        90.5683,24.7548,0
      </coordinates>
    </LineString>
  </Placemark>
  <Placemark>
    <name>Route Sayedpur to Chirirbandar</name>
    <description>Assigned Demand Flow: 7970</description>
    <styleUrl>#lineStyle</styleUrl>
    <LineString>
      <tessellate>1</tessellate>
      <coordinates>
        88.8983,25.783,0
        88.7771,25.6503,0
      </coordinates>
    </LineString>
  </Placemark>
  <Placemark>
    <name>Route Dohar to Charbhadrasan</name>
    <description>Assigned Demand Flow: 8018</description>
    <styleUrl>#lineStyle</styleUrl>
    <LineString>
      <tessellate>1</tessellate>
      <coordinates>
        90.1197,23.6182,0
        89.9953,23.5669,0
      </coordinates>
    </LineString>
  </Placemark>
  <Placemark>
    <name>Route Sherpur-S to Durgapur</name>
    <description>Assigned Demand Flow: 4503</description>
    <styleUrl>#lineStyle</styleUrl>
    <LineString>
      <tessellate>1</tessellate>
      <coordinates>
        90.0137,25.0194,0
        90.6757,25.1138,0
      </coordinates>
    </LineString>
  </Placemark>
  <Placemark>
    <name>Route Daganbhuiyan to Sonagazi</name>
    <description>Assigned Demand Flow: 6220</description>
    <styleUrl>#lineStyle</styleUrl>
    <LineString>
      <tessellate>1</tessellate>
      <coordinates>
        91.318,22.9124,0
        91.3928,22.8492,0
      </coordinates>
    </LineString>
  </Placemark>
  <Placemark>
    <name>Route Haziganj to Burichong</name>
    <description>Assigned Demand Flow: 6896</description>
    <styleUrl>#lineStyle</styleUrl>
    <LineString>
      <tessellate>1</tessellate>
      <coordinates>
        90.8508,23.252,0
        91.1267,23.5535,0
      </coordinates>
    </LineString>
  </Placemark>
  <Placemark>
    <name>Route Sherpur to Durgapur</name>
    <description>Assigned Demand Flow: 7741</description>
    <styleUrl>#lineStyle</styleUrl>
    <LineString>
      <tessellate>1</tessellate>
      <coordinates>
        90.0137,25.0194,0
        90.6757,25.1138,0
      </coordinates>
    </LineString>
  </Placemark>
  <Placemark>
    <name>Route Rajnagar to Gangni</name>
    <description>Assigned Demand Flow: 8037</description>
    <styleUrl>#lineStyle</styleUrl>
    <LineString>
      <tessellate>1</tessellate>
      <coordinates>
        86.1607,24.5316,0
        88.7422,23.8207,0
      </coordinates>
    </LineString>
  </Placemark>
  <Placemark>
    <name>Route Shibganj to Gobindaganj</name>
    <description>Assigned Demand Flow: 7785</description>
    <styleUrl>#lineStyle</styleUrl>
    <LineString>
      <tessellate>1</tessellate>
      <coordinates>
        89.3203,25.0006,0
        89.3869,25.1373,0
      </coordinates>
    </LineString>
  </Placemark>
  <Placemark>
    <name>Route Atwari to Baliadangi</name>
    <description>Assigned Demand Flow: 7684</description>
    <styleUrl>#lineStyle</styleUrl>
    <LineString>
      <tessellate>1</tessellate>
      <coordinates>
        88.4137,26.2365,0
        88.2753,26.0902,0
      </coordinates>
    </LineString>
  </Placemark>
  <Placemark>
    <name>Route Akkelpur to Gobindaganj</name>
    <description>Assigned Demand Flow: 7083</description>
    <styleUrl>#lineStyle</styleUrl>
    <LineString>
      <tessellate>1</tessellate>
      <coordinates>
        89.0203,24.9692,0
        89.3869,25.1373,0
      </coordinates>
    </LineString>
  </Placemark>
  <Placemark>
    <name>Route Monohardi to Bhairab</name>
    <description>Assigned Demand Flow: 7561</description>
    <styleUrl>#lineStyle</styleUrl>
    <LineString>
      <tessellate>1</tessellate>
      <coordinates>
        90.7032,24.141,0
        90.9802,24.0555,0
      </coordinates>
    </LineString>
  </Placemark>
  <Placemark>
    <name>Route Itna to Khaliajuri</name>
    <description>Assigned Demand Flow: 8910</description>
    <styleUrl>#lineStyle</styleUrl>
    <LineString>
      <tessellate>1</tessellate>
      <coordinates>
        91.0957,24.5277,0
        91.1329,24.6893,0
      </coordinates>
    </LineString>
  </Placemark>
  <Placemark>
    <name>Route Kaliganj to Sonargaon</name>
    <description>Assigned Demand Flow: 5749</description>
    <styleUrl>#lineStyle</styleUrl>
    <LineString>
      <tessellate>1</tessellate>
      <coordinates>
        90.5731,23.9645,0
        90.5991,23.6461,0
      </coordinates>
    </LineString>
  </Placemark>
  <Placemark>
    <name>Route Meherpur-S to Gangni</name>
    <description>Assigned Demand Flow: 8097</description>
    <styleUrl>#lineStyle</styleUrl>
    <LineString>
      <tessellate>1</tessellate>
      <coordinates>
        88.6314,23.7721,0
        88.7422,23.8207,0
      </coordinates>
    </LineString>
  </Placemark>
  <Placemark>
    <name>Route Harinakunda to Gangni</name>
    <description>Assigned Demand Flow: 8539</description>
    <styleUrl>#lineStyle</styleUrl>
    <LineString>
      <tessellate>1</tessellate>
      <coordinates>
        89.043,23.6488,0
        88.7422,23.8207,0
      </coordinates>
    </LineString>
  </Placemark>
  <Placemark>
    <name>Route Sandwip to Patiya</name>
    <description>Assigned Demand Flow: 6126</description>
    <styleUrl>#lineStyle</styleUrl>
    <LineString>
      <tessellate>1</tessellate>
      <coordinates>
        91.5015,22.4937,0
        91.9759,22.295,0
      </coordinates>
    </LineString>
  </Placemark>
  <Placemark>
    <name>Route Hossainpur to Bhairab</name>
    <description>Assigned Demand Flow: 3309.96</description>
    <styleUrl>#lineStyle</styleUrl>
    <LineString>
      <tessellate>1</tessellate>
      <coordinates>
        90.6548,24.4174,0
        90.9802,24.0555,0
      </coordinates>
    </LineString>
  </Placemark>
  <Placemark>
    <name>Route Hossainpur to Khaliajuri</name>
    <description>Assigned Demand Flow: 2410.04</description>
    <styleUrl>#lineStyle</styleUrl>
    <LineString>
      <tessellate>1</tessellate>
      <coordinates>
        90.6548,24.4174,0
        91.1329,24.6893,0
      </coordinates>
    </LineString>
  </Placemark>
  <Placemark>
    <name>Route Bakshiganj to Sariakandi</name>
    <description>Assigned Demand Flow: 4576</description>
    <styleUrl>#lineStyle</styleUrl>
    <LineString>
      <tessellate>1</tessellate>
      <coordinates>
        89.8681,25.1844,0
        89.571,24.8888,0
      </coordinates>
    </LineString>
  </Placemark>
  <Placemark>
    <name>Route Dashmina to Galachipa</name>
    <description>Assigned Demand Flow: 6762</description>
    <styleUrl>#lineStyle</styleUrl>
    <LineString>
      <tessellate>1</tessellate>
      <coordinates>
        90.5683,22.2791,0
        90.4102,22.1634,0
      </coordinates>
    </LineString>
  </Placemark>
  <Placemark>
    <name>Route Shivalaya to Santhia</name>
    <description>Assigned Demand Flow: 7086</description>
    <styleUrl>#lineStyle</styleUrl>
    <LineString>
      <tessellate>1</tessellate>
      <coordinates>
        89.7055,23.8471,0
        89.5353,24.0562,0
      </coordinates>
    </LineString>
  </Placemark>
  <Placemark>
    <name>Route Rowmari to Kurigram-S</name>
    <description>Assigned Demand Flow: 6664</description>
    <styleUrl>#lineStyle</styleUrl>
    <LineString>
      <tessellate>1</tessellate>
      <coordinates>
        89.8306,25.5754,0
        89.6816,25.8282,0
      </coordinates>
    </LineString>
  </Placemark>
  <Placemark>
    <name>Route Belabo to Bhairab</name>
    <description>Assigned Demand Flow: 4193</description>
    <styleUrl>#lineStyle</styleUrl>
    <LineString>
      <tessellate>1</tessellate>
      <coordinates>
        90.8514,24.1051,0
        90.9802,24.0555,0
      </coordinates>
    </LineString>
  </Placemark>
  <Placemark>
    <name>Route Babuganj to Banaripara</name>
    <description>Assigned Demand Flow: 7457</description>
    <styleUrl>#lineStyle</styleUrl>
    <LineString>
      <tessellate>1</tessellate>
      <coordinates>
        90.3246,22.8172,0
        90.1623,22.7779,0
      </coordinates>
    </LineString>
  </Placemark>
  <Placemark>
    <name>Route Gangachara to Jaldhaka</name>
    <description>Assigned Demand Flow: 7532</description>
    <styleUrl>#lineStyle</styleUrl>
    <LineString>
      <tessellate>1</tessellate>
      <coordinates>
        89.2229,25.856,0
        89.0215,26.0228,0
      </coordinates>
    </LineString>
  </Placemark>
  <Placemark>
    <name>Route Chhatak to Dakshin Surma</name>
    <description>Assigned Demand Flow: 8803</description>
    <styleUrl>#lineStyle</styleUrl>
    <LineString>
      <tessellate>1</tessellate>
      <coordinates>
        91.6664,25.0417,0
        91.9051,24.815,0
      </coordinates>
    </LineString>
  </Placemark>
  <Placemark>
    <name>Route Chandpur-S to Shariatpur-S</name>
    <description>Assigned Demand Flow: 5372</description>
    <styleUrl>#lineStyle</styleUrl>
    <LineString>
      <tessellate>1</tessellate>
      <coordinates>
        90.6631,23.2321,0
        90.3501,23.2197,0
      </coordinates>
    </LineString>
  </Placemark>
  <Placemark>
    <name>Route Austagram to Lakhai</name>
    <description>Assigned Demand Flow: 5230</description>
    <styleUrl>#lineStyle</styleUrl>
    <LineString>
      <tessellate>1</tessellate>
      <coordinates>
        91.1185,24.2795,0
        91.3024,24.3106,0
      </coordinates>
    </LineString>
  </Placemark>
  <Placemark>
    <name>Route Tungipara to Banaripara</name>
    <description>Assigned Demand Flow: 5763</description>
    <styleUrl>#lineStyle</styleUrl>
    <LineString>
      <tessellate>1</tessellate>
      <coordinates>
        89.8985,22.9073,0
        90.1623,22.7779,0
      </coordinates>
    </LineString>
  </Placemark>
  <Placemark>
    <name>Route Debhata to Kalaroa</name>
    <description>Assigned Demand Flow: 6468</description>
    <styleUrl>#lineStyle</styleUrl>
    <LineString>
      <tessellate>1</tessellate>
      <coordinates>
        88.9892,22.5809,0
        89.0394,22.8583,0
      </coordinates>
    </LineString>
  </Placemark>
  <Placemark>
    <name>Route Gouranadi to Banaripara</name>
    <description>Assigned Demand Flow: 7415</description>
    <styleUrl>#lineStyle</styleUrl>
    <LineString>
      <tessellate>1</tessellate>
      <coordinates>
        90.2221,22.9743,0
        90.1623,22.7779,0
      </coordinates>
    </LineString>
  </Placemark>
  <Placemark>
    <name>Route Bakerganj to Dumki</name>
    <description>Assigned Demand Flow: 4106</description>
    <styleUrl>#lineStyle</styleUrl>
    <LineString>
      <tessellate>1</tessellate>
      <coordinates>
        90.3384,22.5405,0
        90.3843,22.4645,0
      </coordinates>
    </LineString>
  </Placemark>
  <Placemark>
    <name>Route Jashore-S to Jhikargacha</name>
    <description>Assigned Demand Flow: 7665</description>
    <styleUrl>#lineStyle</styleUrl>
    <LineString>
      <tessellate>1</tessellate>
      <coordinates>
        89.2182,23.1634,0
        89.0991,23.0999,0
      </coordinates>
    </LineString>
  </Placemark>
  <Placemark>
    <name>Route Madarganj to Sariakandi</name>
    <description>Assigned Demand Flow: 5677</description>
    <styleUrl>#lineStyle</styleUrl>
    <LineString>
      <tessellate>1</tessellate>
      <coordinates>
        89.7167,24.9068,0
        89.571,24.8888,0
      </coordinates>
    </LineString>
  </Placemark>
  <Placemark>
    <name>Route Dashar to Banaripara</name>
    <description>Assigned Demand Flow: 3651.92</description>
    <styleUrl>#lineStyle</styleUrl>
    <LineString>
      <tessellate>1</tessellate>
      <coordinates>
        90.1448,23.0786,0
        90.1623,22.7779,0
      </coordinates>
    </LineString>
  </Placemark>
  <Placemark>
    <name>Route Dashar to Shariatpur-S</name>
    <description>Assigned Demand Flow: 3149.08</description>
    <styleUrl>#lineStyle</styleUrl>
    <LineString>
      <tessellate>1</tessellate>
      <coordinates>
        90.1448,23.0786,0
        90.3501,23.2197,0
      </coordinates>
    </LineString>
  </Placemark>
  <Placemark>
    <name>Route Cumilla-S to Burichong</name>
    <description>Assigned Demand Flow: 7418</description>
    <styleUrl>#lineStyle</styleUrl>
    <LineString>
      <tessellate>1</tessellate>
      <coordinates>
        91.1809,23.4607,0
        91.1267,23.5535,0
      </coordinates>
    </LineString>
  </Placemark>
  <Placemark>
    <name>Route Natore-S to Durgapur</name>
    <description>Assigned Demand Flow: 4569</description>
    <styleUrl>#lineStyle</styleUrl>
    <LineString>
      <tessellate>1</tessellate>
      <coordinates>
        88.975,24.4084,0
        88.7696,24.445,0
      </coordinates>
    </LineString>
  </Placemark>
  <Placemark>
    <name>Route Anwara to Patiya</name>
    <description>Assigned Demand Flow: 5011</description>
    <styleUrl>#lineStyle</styleUrl>
    <LineString>
      <tessellate>1</tessellate>
      <coordinates>
        91.866,22.2337,0
        91.9759,22.295,0
      </coordinates>
    </LineString>
  </Placemark>
  <Placemark>
    <name>Route Akhaura to Burichong</name>
    <description>Assigned Demand Flow: 6328</description>
    <styleUrl>#lineStyle</styleUrl>
    <LineString>
      <tessellate>1</tessellate>
      <coordinates>
        91.2097,23.8686,0
        91.1267,23.5535,0
      </coordinates>
    </LineString>
  </Placemark>
  <Placemark>
    <name>Route Baniachong to Lakhai</name>
    <description>Assigned Demand Flow: 4733.34</description>
    <styleUrl>#lineStyle</styleUrl>
    <LineString>
      <tessellate>1</tessellate>
      <coordinates>
        91.3566,24.5063,0
        91.3024,24.3106,0
      </coordinates>
    </LineString>
  </Placemark>
  <Placemark>
    <name>Route Baniachong to Khaliajuri</name>
    <description>Assigned Demand Flow: 190.659</description>
    <styleUrl>#lineStyle</styleUrl>
    <LineString>
      <tessellate>1</tessellate>
      <coordinates>
        91.3566,24.5063,0
        91.1329,24.6893,0
      </coordinates>
    </LineString>
  </Placemark>
  <Placemark>
    <name>Route Kaliganj to Sonargaon</name>
    <description>Assigned Demand Flow: 5952</description>
    <styleUrl>#lineStyle</styleUrl>
    <LineString>
      <tessellate>1</tessellate>
      <coordinates>
        90.5731,23.9645,0
        90.5991,23.6461,0
      </coordinates>
    </LineString>
  </Placemark>
  <Placemark>
    <name>Route Panchari to Rangamati-S</name>
    <description>Assigned Demand Flow: 6007</description>
    <styleUrl>#lineStyle</styleUrl>
    <LineString>
      <tessellate>1</tessellate>
      <coordinates>
        91.899,23.3029,0
        92.1789,22.6533,0
      </coordinates>
    </LineString>
  </Placemark>
  <Placemark>
    <name>Route Dhunot to Sariakandi</name>
    <description>Assigned Demand Flow: 7047.39</description>
    <styleUrl>#lineStyle</styleUrl>
    <LineString>
      <tessellate>1</tessellate>
      <coordinates>
        89.5403,24.678,0
        89.571,24.8888,0
      </coordinates>
    </LineString>
  </Placemark>
  <Placemark>
    <name>Route Dhunot to Sirajganj-S</name>
    <description>Assigned Demand Flow: 184.613</description>
    <styleUrl>#lineStyle</styleUrl>
    <LineString>
      <tessellate>1</tessellate>
      <coordinates>
        89.5403,24.678,0
        89.6816,24.4526,0
      </coordinates>
    </LineString>
  </Placemark>
  <Placemark>
    <name>Route Kalapara to Galachipa</name>
    <description>Assigned Demand Flow: 5040</description>
    <styleUrl>#lineStyle</styleUrl>
    <LineString>
      <tessellate>1</tessellate>
      <coordinates>
        90.2315,21.9849,0
        90.4102,22.1634,0
      </coordinates>
    </LineString>
  </Placemark>
  <Placemark>
    <name>Route Patuakhali-S to Dumki</name>
    <description>Assigned Demand Flow: 6992</description>
    <styleUrl>#lineStyle</styleUrl>
    <LineString>
      <tessellate>1</tessellate>
      <coordinates>
        90.3452,22.3588,0
        90.3843,22.4645,0
      </coordinates>
    </LineString>
  </Placemark>
  <Placemark>
    <name>Route Kazipur to Sirajganj-S</name>
    <description>Assigned Demand Flow: 8954</description>
    <styleUrl>#lineStyle</styleUrl>
    <LineString>
      <tessellate>1</tessellate>
      <coordinates>
        89.6346,24.6545,0
        89.6816,24.4526,0
      </coordinates>
    </LineString>
  </Placemark>
  <Placemark>
    <name>Route Mohadevpur to Manda</name>
    <description>Assigned Demand Flow: 6797</description>
    <styleUrl>#lineStyle</styleUrl>
    <LineString>
      <tessellate>1</tessellate>
      <coordinates>
        88.7518,24.9198,0
        88.6701,24.7755,0
      </coordinates>
    </LineString>
  </Placemark>
  <Placemark>
    <name>Route Nabiganj to Khaliajuri</name>
    <description>Assigned Demand Flow: 6431</description>
    <styleUrl>#lineStyle</styleUrl>
    <LineString>
      <tessellate>1</tessellate>
      <coordinates>
        91.5136,24.5672,0
        91.1329,24.6893,0
      </coordinates>
    </LineString>
  </Placemark>
  <Placemark>
    <name>Route Kabir Hat to Sonagazi</name>
    <description>Assigned Demand Flow: 7579</description>
    <styleUrl>#lineStyle</styleUrl>
    <LineString>
      <tessellate>1</tessellate>
      <coordinates>
        91.1989,22.7956,0
        91.3928,22.8492,0
      </coordinates>
    </LineString>
  </Placemark>
  <Placemark>
    <name>Route Muradnagar to Burichong</name>
    <description>Assigned Demand Flow: 7360</description>
    <styleUrl>#lineStyle</styleUrl>
    <LineString>
      <tessellate>1</tessellate>
      <coordinates>
        90.944,23.7149,0
        91.1267,23.5535,0
      </coordinates>
    </LineString>
  </Placemark>
  <Placemark>
    <name>Route Chouddagram to Burichong</name>
    <description>Assigned Demand Flow: 4428</description>
    <styleUrl>#lineStyle</styleUrl>
    <LineString>
      <tessellate>1</tessellate>
      <coordinates>
        91.3132,23.228,0
        91.1267,23.5535,0
      </coordinates>
    </LineString>
  </Placemark>
  <Placemark>
    <name>Route Kalmakanda to Durgapur</name>
    <description>Assigned Demand Flow: 8940</description>
    <styleUrl>#lineStyle</styleUrl>
    <LineString>
      <tessellate>1</tessellate>
      <coordinates>
        90.889,25.0766,0
        90.6757,25.1138,0
      </coordinates>
    </LineString>
  </Placemark>
  <Placemark>
    <name>Route Bandar to Sonargaon</name>
    <description>Assigned Demand Flow: 5578</description>
    <styleUrl>#lineStyle</styleUrl>
    <LineString>
      <tessellate>1</tessellate>
      <coordinates>
        90.5315,23.6332,0
        90.5991,23.6461,0
      </coordinates>
    </LineString>
  </Placemark>
  <Placemark>
    <name>Route Pirganj to Chirirbandar</name>
    <description>Assigned Demand Flow: 4407</description>
    <styleUrl>#lineStyle</styleUrl>
    <LineString>
      <tessellate>1</tessellate>
      <coordinates>
        89.3132,25.4362,0
        88.7771,25.6503,0
      </coordinates>
    </LineString>
  </Placemark>
  <Placemark>
    <name>Route Madhukhali to Charbhadrasan</name>
    <description>Assigned Demand Flow: 4299</description>
    <styleUrl>#lineStyle</styleUrl>
    <LineString>
      <tessellate>1</tessellate>
      <coordinates>
        89.6287,23.5441,0
        89.9953,23.5669,0
      </coordinates>
    </LineString>
  </Placemark>
  <Placemark>
    <name>Route Muksudpur to Kalia</name>
    <description>Assigned Demand Flow: 8998</description>
    <styleUrl>#lineStyle</styleUrl>
    <LineString>
      <tessellate>1</tessellate>
      <coordinates>
        89.8669,23.3198,0
        89.7519,23.0414,0
      </coordinates>
    </LineString>
  </Placemark>
  <Placemark>
    <name>Route Khagrachari-S to Rangamati-S</name>
    <description>Assigned Demand Flow: 5755</description>
    <styleUrl>#lineStyle</styleUrl>
    <LineString>
      <tessellate>1</tessellate>
      <coordinates>
        91.9888,23.1117,0
        92.1789,22.6533,0
      </coordinates>
    </LineString>
  </Placemark>
  <Placemark>
    <name>Route Bagherpara to Jhikargacha</name>
    <description>Assigned Demand Flow: 4423</description>
    <styleUrl>#lineStyle</styleUrl>
    <LineString>
      <tessellate>1</tessellate>
      <coordinates>
        89.3488,23.2173,0
        89.0991,23.0999,0
      </coordinates>
    </LineString>
  </Placemark>
  <Placemark>
    <name>Route Shahjadpur to Santhia</name>
    <description>Assigned Demand Flow: 6202</description>
    <styleUrl>#lineStyle</styleUrl>
    <LineString>
      <tessellate>1</tessellate>
      <coordinates>
        89.6,24.1761,0
        89.5353,24.0562,0
      </coordinates>
    </LineString>
  </Placemark>
  <Placemark>
    <name>Route Joypurhat-S to Gobindaganj</name>
    <description>Assigned Demand Flow: 8816</description>
    <styleUrl>#lineStyle</styleUrl>
    <LineString>
      <tessellate>1</tessellate>
      <coordinates>
        89.0227,25.0968,0
        89.3869,25.1373,0
      </coordinates>
    </LineString>
  </Placemark>
  <Placemark>
    <name>Route Rangpur-S to Jaldhaka</name>
    <description>Assigned Demand Flow: 8593</description>
    <styleUrl>#lineStyle</styleUrl>
    <LineString>
      <tessellate>1</tessellate>
      <coordinates>
        89.2752,25.7439,0
        89.0215,26.0228,0
      </coordinates>
    </LineString>
  </Placemark>
  <Placemark>
    <name>Route Lalmai to Burichong</name>
    <description>Assigned Demand Flow: 5456</description>
    <styleUrl>#lineStyle</styleUrl>
    <LineString>
      <tessellate>1</tessellate>
      <coordinates>
        91.1467,23.359,0
        91.1267,23.5535,0
      </coordinates>
    </LineString>
  </Placemark>
  <Placemark>
    <name>Route Sreepur to Bhairab</name>
    <description>Assigned Demand Flow: 5733</description>
    <styleUrl>#lineStyle</styleUrl>
    <LineString>
      <tessellate>1</tessellate>
      <coordinates>
        90.4809,24.1997,0
        90.9802,24.0555,0
      </coordinates>
    </LineString>
  </Placemark>
  <Placemark>
    <name>Route Bancharampur to Sonargaon</name>
    <description>Assigned Demand Flow: 6427</description>
    <styleUrl>#lineStyle</styleUrl>
    <LineString>
      <tessellate>1</tessellate>
      <coordinates>
        90.8038,23.7753,0
        90.5991,23.6461,0
      </coordinates>
    </LineString>
  </Placemark>
  <Placemark>
    <name>Route Tongibari to Sonargaon</name>
    <description>Assigned Demand Flow: 7835</description>
    <styleUrl>#lineStyle</styleUrl>
    <LineString>
      <tessellate>1</tessellate>
      <coordinates>
        90.4668,23.5097,0
        90.5991,23.6461,0
      </coordinates>
    </LineString>
  </Placemark>
  <Placemark>
    <name>Route Purbadhala to Durgapur</name>
    <description>Assigned Demand Flow: 8309</description>
    <styleUrl>#lineStyle</styleUrl>
    <LineString>
      <tessellate>1</tessellate>
      <coordinates>
        90.6003,24.9431,0
        90.6757,25.1138,0
      </coordinates>
    </LineString>
  </Placemark>
  <Placemark>
    <name>Route Madhabpur to Lakhai</name>
    <description>Assigned Demand Flow: 6328</description>
    <styleUrl>#lineStyle</styleUrl>
    <LineString>
      <tessellate>1</tessellate>
      <coordinates>
        91.2963,24.0998,0
        91.3024,24.3106,0
      </coordinates>
    </LineString>
  </Placemark>
  <Placemark>
    <name>Route Islampur to Gobindaganj</name>
    <description>Assigned Demand Flow: 8314</description>
    <styleUrl>#lineStyle</styleUrl>
    <LineString>
      <tessellate>1</tessellate>
      <coordinates>
        89.4079,25.1108,0
        89.3869,25.1373,0
      </coordinates>
    </LineString>
  </Placemark>
  <Placemark>
    <name>Route Ishwardi to Gangni</name>
    <description>Assigned Demand Flow: 4751</description>
    <styleUrl>#lineStyle</styleUrl>
    <LineString>
      <tessellate>1</tessellate>
      <coordinates>
        89.0657,24.1292,0
        88.7422,23.8207,0
      </coordinates>
    </LineString>
  </Placemark>
  <Placemark>
    <name>Route Bheramara to Gangni</name>
    <description>Assigned Demand Flow: 4595</description>
    <styleUrl>#lineStyle</styleUrl>
    <LineString>
      <tessellate>1</tessellate>
      <coordinates>
        88.9922,24.021,0
        88.7422,23.8207,0
      </coordinates>
    </LineString>
  </Placemark>
  <Placemark>
    <name>Route Gaffargaon to Gouripur</name>
    <description>Assigned Demand Flow: 8833</description>
    <styleUrl>#lineStyle</styleUrl>
    <LineString>
      <tessellate>1</tessellate>
      <coordinates>
        90.5492,24.4173,0
        90.5683,24.7548,0
      </coordinates>
    </LineString>
  </Placemark>
  <Placemark>
    <name>Route Muktagacha to Durgapur</name>
    <description>Assigned Demand Flow: 8524</description>
    <styleUrl>#lineStyle</styleUrl>
    <LineString>
      <tessellate>1</tessellate>
      <coordinates>
        90.2561,24.766,0
        90.6757,25.1138,0
      </coordinates>
    </LineString>
  </Placemark>
  <Placemark>
    <name>Route Kutubdia to Thanchi</name>
    <description>Assigned Demand Flow: 5395</description>
    <styleUrl>#lineStyle</styleUrl>
    <LineString>
      <tessellate>1</tessellate>
      <coordinates>
        91.8583,21.8167,0
        92.4357,21.8211,0
      </coordinates>
    </LineString>
  </Placemark>
  <Placemark>
    <name>Route Birol to Chirirbandar</name>
    <description>Assigned Demand Flow: 4231</description>
    <styleUrl>#lineStyle</styleUrl>
    <LineString>
      <tessellate>1</tessellate>
      <coordinates>
        88.5565,25.6328,0
        88.7771,25.6503,0
      </coordinates>
    </LineString>
  </Placemark>
  <Placemark>
    <name>Route Daulatpur to Santhia</name>
    <description>Assigned Demand Flow: 8279</description>
    <styleUrl>#lineStyle</styleUrl>
    <LineString>
      <tessellate>1</tessellate>
      <coordinates>
        89.7791,23.9654,0
        89.5353,24.0562,0
      </coordinates>
    </LineString>
  </Placemark>
  <Placemark>
    <name>Route B.Baria-S to Bhairab</name>
    <description>Assigned Demand Flow: 7771</description>
    <styleUrl>#lineStyle</styleUrl>
    <LineString>
      <tessellate>1</tessellate>
      <coordinates>
        91.1115,23.9608,0
        90.9802,24.0555,0
      </coordinates>
    </LineString>
  </Placemark>
  <Placemark>
    <name>Route Bauphal to Dumki</name>
    <description>Assigned Demand Flow: 4550</description>
    <styleUrl>#lineStyle</styleUrl>
    <LineString>
      <tessellate>1</tessellate>
      <coordinates>
        90.5565,22.4193,0
        90.3843,22.4645,0
      </coordinates>
    </LineString>
  </Placemark>
  <Placemark>
    <name>Route Bhedarganj to Shariatpur-S</name>
    <description>Assigned Demand Flow: 5232</description>
    <styleUrl>#lineStyle</styleUrl>
    <LineString>
      <tessellate>1</tessellate>
      <coordinates>
        90.4455,23.1971,0
        90.3501,23.2197,0
      </coordinates>
    </LineString>
  </Placemark>
</Document>
</kml>
