<?xml version="1.0" encoding="UTF-8"?>
<kml xmlns="http://www.opengis.net/kml/2.2">
<Document>
  <name>Optimized CFLP Solution</name>
  <Style id="facilityStyle">
    <IconStyle>
      <color>ff0000ff</color>
      <scale>1.5</scale>
      <Icon><href>http://maps.google.com/mapfiles/kml/pushpin/red-pushpin.png</href></Icon>
    </IconStyle>
  </Style>
  <Style id="customerStyle">
    <IconStyle>
      <color>ffff0000</color>
      <scale>1.0</scale>
      <Icon><href>http://maps.google.com/mapfiles/kml/pushpin/blue-pushpin.png</href></Icon>
    </IconStyle>
  </Style>
  <Style id="lineStyle">
    <LineStyle>
      <color>7f00ff00</color>
      <width>2</width>
    </LineStyle>
  </Style>
  <Placemark>
    <name>Warehouse 0: Gobindaganj</name>
    <styleUrl>#facilityStyle</styleUrl>
    <description>
      Capacity: 114814
      Fixed Cost: 1.72628e+08
    </description>
    <Point>
      <coordinates>89.3869,25.1373,0</coordinates>
    </Point>
  </Placemark>
  <Placemark>
    <name>Warehouse 2: Sonagazi</name>
    <styleUrl>#facilityStyle</styleUrl>
    <description>
      Capacity: 85884.5
      Fixed Cost: 1.29251e+08
    </description>
    <Point>
      <coordinates>91.3928,22.8492,0</coordinates>
    </Point>
  </Placemark>
  <Placemark>
    <name>Warehouse 3: Gangni</name>
    <styleUrl>#facilityStyle</styleUrl>
    <description>
      Capacity: 104869
      Fixed Cost: 1.57887e+08
    </description>
    <Point>
      <coordinates>88.7422,23.8207,0</coordinates>
    </Point>
  </Placemark>
  <Placemark>
    <name>Warehouse 4: Banaripara</name>
    <styleUrl>#facilityStyle</styleUrl>
    <description>
      Capacity: 121142
      Fixed Cost: 1.82307e+08
    </description>
    <Point>
      <coordinates>90.1623,22.7779,0</coordinates>
    </Point>
  </Placemark>
  <Placemark>
    <name>Warehouse 5: Tahirpur</name>
    <styleUrl>#facilityStyle</styleUrl>
    <description>
      Capacity: 51530.7
      Fixed Cost: 7.77189e+07
    </description>
    <Point>
      <coordinates>91.1755,25.099,0</coordinates>
    </Point>
  </Placemark>
  <Placemark>
    <name>Warehouse 6: Lauhajong</name>
    <styleUrl>#facilityStyle</styleUrl>
    <description>
      Capacity: 85884.5
      Fixed Cost: 1.29247e+08
    </description>
    <Point>
      <coordinates>90.3207,23.4743,0</coordinates>
    </Point>
  </Placemark>
  <Placemark>
    <name>Warehouse 7: Sreemangal</name>
    <styleUrl>#facilityStyle</styleUrl>
    <description>
      Capacity: 135607
      Fixed Cost: 2.03948e+08
    </description>
    <Point>
      <coordinates>91.7296,24.3065,0</coordinates>
    </Point>
  </Placemark>
  <Placemark>
    <name>Warehouse 8: Kurigram-S</name>
    <styleUrl>#facilityStyle</styleUrl>
    <description>
      Capacity: 67803.5
      Fixed Cost: 1.02193e+08
    </description>
    <Point>
      <coordinates>89.6816,25.8282,0</coordinates>
    </Point>
  </Placemark>
  <Placemark>
    <name>Warehouse 10: Chirirbandar</name>
    <styleUrl>#facilityStyle</styleUrl>
    <description>
      Capacity: 121142
      Fixed Cost: 1.82174e+08
    </description>
    <Point>
      <coordinates>88.7771,25.6503,0</coordinates>
    </Point>
  </Placemark>
  <Placemark>
    <name>Warehouse 11: Lakhai</name>
    <styleUrl>#facilityStyle</styleUrl>
    <description>
      Capacity: 49722.6
      Fixed Cost: 7.51486e+07
    </description>
    <Point>
      <coordinates>91.3024,24.3106,0</coordinates>
    </Point>
  </Placemark>
  <Placemark>
    <name>Warehouse 12: Durgapur</name>
    <styleUrl>#facilityStyle</styleUrl>
    <description>
      Capacity: 103061
      Fixed Cost: 1.55011e+08
    </description>
    <Point>
      <coordinates>90.6757,25.1138,0</coordinates>
    </Point>
  </Placemark>
  <Placemark>
    <name>Warehouse 13: Hizla</name>
    <styleUrl>#facilityStyle</styleUrl>
    <description>
      Capacity: 63283.3
      Fixed Cost: 9.54507e+07
    </description>
    <Point>
      <coordinates>90.4452,22.9296,0</coordinates>
    </Point>
  </Placemark>
  <Placemark>
    <name>Warehouse 14: Araihazar</name>
    <styleUrl>#facilityStyle</styleUrl>
    <description>
      Capacity: 76844
      Fixed Cost: 1.15721e+08
    </description>
    <Point>
      <coordinates>90.6536,23.7917,0</coordinates>
    </Point>
  </Placemark>
  <Placemark>
    <name>Warehouse 15: Raninagar</name>
    <styleUrl>#facilityStyle</styleUrl>
    <description>
      Capacity: 76844
      Fixed Cost: 1.15763e+08
    </description>
    <Point>
      <coordinates>88.7859,24.7384,0</coordinates>
    </Point>
  </Placemark>
  <Placemark>
    <name>Warehouse 16: Gouripur</name>
    <styleUrl>#facilityStyle</styleUrl>
    <description>
      Capacity: 50626.6
      Fixed Cost: 7.65288e+07
    </description>
    <Point>
      <coordinates>90.5683,24.7548,0</coordinates>
    </Point>
  </Placemark>
  <Placemark>
    <name>Warehouse 17: Kalaroa</name>
    <styleUrl>#facilityStyle</styleUrl>
    <description>
      Capacity: 71419.7
      Fixed Cost: 1.07707e+08
    </description>
    <Point>
      <coordinates>89.0394,22.8583,0</coordinates>
    </Point>
  </Placemark>
  <Placemark>
    <name>Warehouse 18: Singair</name>
    <styleUrl>#facilityStyle</styleUrl>
    <description>
      Capacity: 73227.8
      Fixed Cost: 1.10347e+08
    </description>
    <Point>
      <coordinates>90.146,23.8137,0</coordinates>
    </Point>
  </Placemark>
  <Placemark>
    <name>Warehouse 19: Jaldhaka</name>
    <styleUrl>#facilityStyle</styleUrl>
    <description>
      Capacity: 92212.8
      Fixed Cost: 1.38904e+08
    </description>
    <Point>
      <coordinates>89.0215,26.0228,0</coordinates>
    </Point>
  </Placemark>
  <Placemark>
    <name>Warehouse 20: Barkal</name>
    <styleUrl>#facilityStyle</styleUrl>
    <description>
      Capacity: 118430
      Fixed Cost: 1.78131e+08
    </description>
    <Point>
      <coordinates>92.3793,22.7262,0</coordinates>
    </Point>
  </Placemark>
  <Placemark>
    <name>Warehouse 21: Kalia</name>
    <styleUrl>#facilityStyle</styleUrl>
    <description>
      Capacity: 87692.6
      Fixed Cost: 1.31942e+08
    </description>
    <Point>
      <coordinates>89.7519,23.0414,0</coordinates>
    </Point>
  </Placemark>
  <Placemark>
    <name>Warehouse 22: Sariakandi</name>
    <styleUrl>#facilityStyle</styleUrl>
    <description>
      Capacity: 56955
      Fixed Cost: 8.58517e+07
    </description>
    <Point>
      <coordinates>89.571,24.8888,0</coordinates>
    </Point>
  </Placemark>
  <Placemark>
    <name>Warehouse 23: Baraigram</name>
    <styleUrl>#facilityStyle</styleUrl>
    <description>
      Capacity: 65091.4
      Fixed Cost: 9.81805e+07
    </description>
    <Point>
      <coordinates>89.1635,24.317,0</coordinates>
    </Point>
  </Placemark>
  <Placemark>
    <name>Warehouse 24: Manda</name>
    <styleUrl>#facilityStyle</styleUrl>
    <description>
      Capacity: 55146.9
      Fixed Cost: 8.33169e+07
    </description>
    <Point>
      <coordinates>88.6701,24.7755,0</coordinates>
    </Point>
  </Placemark>
  <Placemark>
    <name>Warehouse 26: Kumarkhali</name>
    <styleUrl>#facilityStyle</styleUrl>
    <description>
      Capacity: 89500.7
      Fixed Cost: 1.3471e+08
    </description>
    <Point>
      <coordinates>89.2396,23.8596,0</coordinates>
    </Point>
  </Placemark>
  <Placemark>
    <name>Warehouse 27: Bhairab</name>
    <styleUrl>#facilityStyle</styleUrl>
    <description>
      Capacity: 123854
      Fixed Cost: 1.86362e+08
    </description>
    <Point>
      <coordinates>90.9802,24.0555,0</coordinates>
    </Point>
  </Placemark>
  <Placemark>
    <name>Warehouse 28: Chandanish</name>
    <styleUrl>#facilityStyle</styleUrl>
    <description>
      Capacity: 68707.6
      Fixed Cost: 1.03562e+08
    </description>
    <Point>
      <coordinates>92.0126,22.2439,0</coordinates>
    </Point>
  </Placemark>
  <Placemark>
    <name>Warehouse 29: Sirajganj-S</name>
    <styleUrl>#facilityStyle</styleUrl>
    <description>
      Capacity: 104869
      Fixed Cost: 1.57736e+08
    </description>
    <Point>
      <coordinates>89.6816,24.4526,0</coordinates>
    </Point>
  </Placemark>
  <Placemark>
    <name>Warehouse 30: Thanchi</name>
    <styleUrl>#facilityStyle</styleUrl>
    <description>
      Capacity: 93116.9
      Fixed Cost: 1.40171e+08
    </description>
    <Point>
      <coordinates>92.4357,21.8211,0</coordinates>
    </Point>
  </Placemark>
  <Placemark>
    <name>Warehouse 31: Kanaighat</name>
    <styleUrl>#facilityStyle</styleUrl>
    <description>
      Capacity: 111198
      Fixed Cost: 1.67248e+08
    </description>
    <Point>
      <coordinates>92.2557,25.0088,0</coordinates>
    </Point>
  </Placemark>
  <Placemark>
    <name>Warehouse 32: Burichong</name>
    <styleUrl>#facilityStyle</styleUrl>
    <description>
      Capacity: 122046
      Fixed Cost: 1.83637e+08
    </description>
    <Point>
      <coordinates>91.1267,23.5535,0</coordinates>
    </Point>
  </Placemark>
  <Placemark>
    <name>Warehouse 33: Galachipa</name>
    <styleUrl>#facilityStyle</styleUrl>
    <description>
      Capacity: 83172.3
      Fixed Cost: 1.25289e+08
    </description>
    <Point>
      <coordinates>90.4102,22.1634,0</coordinates>
    </Point>
  </Placemark>
  <Placemark>
    <name>Warehouse 34: Dumki</name>
    <styleUrl>#facilityStyle</styleUrl>
    <description>
      Capacity: 131087
      Fixed Cost: 1.97168e+08
    </description>
    <Point>
      <coordinates>90.3843,22.4645,0</coordinates>
    </Point>
  </Placemark>
  <Placemark>
    <name>Warehouse 35: Faridpur</name>
    <styleUrl>#facilityStyle</styleUrl>
    <description>
      Capacity: 132895
      Fixed Cost: 1.99747e+08
    </description>
    <Point>
      <coordinates>89.8333,23.6019,0</coordinates>
    </Point>
  </Placemark>
  <Placemark>
    <name>Warehouse 36: Khaliajuri</name>
    <styleUrl>#facilityStyle</styleUrl>
    <description>
      Capacity: 122950
      Fixed Cost: 1.8498e+08
    </description>
    <Point>
      <coordinates>91.1329,24.6893,0</coordinates>
    </Point>
  </Placemark>
  <Placemark>
    <name>Warehouse 37: Jhikargacha</name>
    <styleUrl>#facilityStyle</styleUrl>
    <description>
      Capacity: 45202.4
      Fixed Cost: 6.83332e+07
    </description>
    <Point>
      <coordinates>89.0991,23.0999,0</coordinates>
    </Point>
  </Placemark>
  <Placemark>
    <name>Warehouse 39: Baliadangi</name>
    <styleUrl>#facilityStyle</styleUrl>
    <description>
      Capacity: 48818.6
      Fixed Cost: 7.38245e+07
    </description>
    <Point>
      <coordinates>88.2753,26.0902,0</coordinates>
    </Point>
  </Placemark>
  <Placemark>
    <name>Warehouse 40: Sonargaon</name>
    <styleUrl>#facilityStyle</styleUrl>
    <description>
      Capacity: 100349
      Fixed Cost: 1.50947e+08
    </description>
    <Point>
      <coordinates>90.5991,23.6461,0</coordinates>
    </Point>
  </Placemark>
  <Placemark>
    <name>Warehouse 41: Fatikchari</name>
    <styleUrl>#facilityStyle</styleUrl>
    <description>
      Capacity: 131087
      Fixed Cost: 1.97181e+08
    </description>
    <Point>
      <coordinates>91.7388,22.7588,0</coordinates>
    </Point>
  </Placemark>
  <Placemark>
    <name>Warehouse 42: Santhia</name>
    <styleUrl>#facilityStyle</styleUrl>
    <description>
      Capacity: 51530.7
      Fixed Cost: 7.77065e+07
    </description>
    <Point>
      <coordinates>89.5353,24.0562,0</coordinates>
    </Point>
  </Placemark>
  <Placemark>
    <name>Warehouse 43: Dakshin Surma</name>
    <styleUrl>#facilityStyle</styleUrl>
    <description>
      Capacity: 125663
      Fixed Cost: 1.88971e+08
    </description>
    <Point>
      <coordinates>91.9051,24.815,0</coordinates>
    </Point>
  </Placemark>
  <Placemark>
    <name>Warehouse 44: Kamalganj</name>
    <styleUrl>#facilityStyle</styleUrl>
    <description>
      Capacity: 93116.9
      Fixed Cost: 1.40229e+08
    </description>
    <Point>
      <coordinates>91.861,24.3701,0</coordinates>
    </Point>
  </Placemark>
  <Placemark>
    <name>Warehouse 45: Modhyanagar</name>
    <styleUrl>#facilityStyle</styleUrl>
    <description>
      Capacity: 130183
      Fixed Cost: 1.95857e+08
    </description>
    <Point>
      <coordinates>90.8878,23.9407,0</coordinates>
    </Point>
  </Placemark>
  <Placemark>
    <name>Warehouse 46: Mohanpur</name>
    <styleUrl>#facilityStyle</styleUrl>
    <description>
      Capacity: 125663
      Fixed Cost: 1.88931e+08
    </description>
    <Point>
      <coordinates>88.4572,24.5519,0</coordinates>
    </Point>
  </Placemark>
  <Placemark>
    <name>Warehouse 47: Shariatpur-S</name>
    <styleUrl>#facilityStyle</styleUrl>
    <description>
      Capacity: 102157
      Fixed Cost: 1.53686e+08
    </description>
    <Point>
      <coordinates>90.3501,23.2197,0</coordinates>
    </Point>
  </Placemark>
  <Placemark>
    <name>Customer 0: Sullah</name>
    <styleUrl>#customerStyle</styleUrl>
    <description>Demand: 8459</description>
    <Point>
      <coordinates>91.2624,24.6711,0</coordinates>
    </Point>
  </Placemark>
  <Placemark>
    <name>Customer 1: Rajibpur</name>
    <styleUrl>#customerStyle</styleUrl>
    <description>Demand: 7869</description>
    <Point>
      <coordinates>89.793,25.4451,0</coordinates>
    </Point>
  </Placemark>
  <Placemark>
    <name>Customer 2: Raipur</name>
    <styleUrl>#customerStyle</styleUrl>
    <description>Demand: 5714</description>
    <Point>
      <coordinates>90.7608,23.0367,0</coordinates>
    </Point>
  </Placemark>
  <Placemark>
    <name>Customer 3: Jhenaidah-S</name>
    <styleUrl>#customerStyle</styleUrl>
    <description>Demand: 6127</description>
    <Point>
      <coordinates>89.1754,23.5528,0</coordinates>
    </Point>
  </Placemark>
  <Placemark>
    <name>Customer 4: Zajira</name>
    <styleUrl>#customerStyle</styleUrl>
    <description>Demand: 6224</description>
    <Point>
      <coordinates>90.3586,23.3416,0</coordinates>
    </Point>
  </Placemark>
  <Placemark>
    <name>Customer 5: Sreebordi</name>
    <styleUrl>#customerStyle</styleUrl>
    <description>Demand: 4911</description>
    <Point>
      <coordinates>89.9393,25.1474,0</coordinates>
    </Point>
  </Placemark>
  <Placemark>
    <name>Customer 6: Palashbari</name>
    <styleUrl>#customerStyle</styleUrl>
    <description>Demand: 4325</description>
    <Point>
      <coordinates>89.3535,25.2794,0</coordinates>
    </Point>
  </Placemark>
  <Placemark>
    <name>Customer 7: Madaripur-S</name>
    <styleUrl>#customerStyle</styleUrl>
    <description>Demand: 8109</description>
    <Point>
      <coordinates>90.1939,23.1649,0</coordinates>
    </Point>
  </Placemark>
  <Placemark>
    <name>Customer 8: Kuliarchar</name>
    <styleUrl>#customerStyle</styleUrl>
    <description>Demand: 7167</description>
    <Point>
      <coordinates>90.9116,24.1368,0</coordinates>
    </Point>
  </Placemark>
  <Placemark>
    <name>Customer 9: Khetlal</name>
    <styleUrl>#customerStyle</styleUrl>
    <description>Demand: 5915</description>
    <Point>
      <coordinates>89.1086,25.038,0</coordinates>
    </Point>
  </Placemark>
  <Placemark>
    <name>Customer 10: Pangsha</name>
    <styleUrl>#customerStyle</styleUrl>
    <description>Demand: 6984</description>
    <Point>
      <coordinates>89.4127,23.78,0</coordinates>
    </Point>
  </Placemark>
  <Placemark>
    <name>Customer 11: Porsha</name>
    <styleUrl>#customerStyle</styleUrl>
    <description>Demand: 6710</description>
    <Point>
      <coordinates>88.1462,25.0526,0</coordinates>
    </Point>
  </Placemark>
  <Placemark>
    <name>Customer 12: Moulvibazar-S</name>
    <styleUrl>#customerStyle</styleUrl>
    <description>Demand: 6437</description>
    <Point>
      <coordinates>91.7685,24.4843,0</coordinates>
    </Point>
  </Placemark>
  <Placemark>
    <name>Customer 13: Dakhin Sunamganj</name>
    <styleUrl>#customerStyle</styleUrl>
    <description>Demand: 7363</description>
    <Point>
      <coordinates>91.4581,24.915,0</coordinates>
    </Point>
  </Placemark>
  <Placemark>
    <name>Customer 14: Paba</name>
    <styleUrl>#customerStyle</styleUrl>
    <description>Demand: 5597</description>
    <Point>
      <coordinates>88.6438,24.4362,0</coordinates>
    </Point>
  </Placemark>
  <Placemark>
    <name>Customer 15: Belkuchi</name>
    <styleUrl>#customerStyle</styleUrl>
    <description>Demand: 8860</description>
    <Point>
      <coordinates>89.6981,24.2952,0</coordinates>
    </Point>
  </Placemark>
  <Placemark>
    <name>Customer 16: Dhamoirhat</name>
    <styleUrl>#customerStyle</styleUrl>
    <description>Demand: 7814</description>
    <Point>
      <coordinates>88.8515,25.1504,0</coordinates>
    </Point>
  </Placemark>
  <Placemark>
    <name>Customer 17: Rangabali</name>
    <styleUrl>#customerStyle</styleUrl>
    <description>Demand: 8723</description>
    <Point>
      <coordinates>90.4408,21.9397,0</coordinates>
    </Point>
  </Placemark>
  <Placemark>
    <name>Customer 18: Faridganj</name>
    <styleUrl>#customerStyle</styleUrl>
    <description>Demand: 6597</description>
    <Point>
      <coordinates>90.7509,23.1275,0</coordinates>
    </Point>
  </Placemark>
  <Placemark>
    <name>Customer 19: Haripur</name>
    <styleUrl>#customerStyle</styleUrl>
    <description>Demand: 5824</description>
    <Point>
      <coordinates>88.1232,25.8444,0</coordinates>
    </Point>
  </Placemark>
  <Placemark>
    <name>Customer 20: Juraichari</name>
    <styleUrl>#customerStyle</styleUrl>
    <description>Demand: 7669</description>
    <Point>
      <coordinates>92.3789,22.6708,0</coordinates>
    </Point>
  </Placemark>
  <Placemark>
    <name>Customer 21: Lama</name>
    <styleUrl>#customerStyle</styleUrl>
    <description>Demand: 8818</description>
    <Point>
      <coordinates>92.1969,21.7744,0</coordinates>
    </Point>
  </Placemark>
  <Placemark>
    <name>Customer 22: Haluaghat</name>
    <styleUrl>#customerStyle</styleUrl>
    <description>Demand: 4612</description>
    <Point>
      <coordinates>90.3407,25.1218,0</coordinates>
    </Point>
  </Placemark>
  <Placemark>
    <name>Customer 23: Shakhipur</name>
    <styleUrl>#customerStyle</styleUrl>
    <description>Demand: 8664</description>
    <Point>
      <coordinates>90.1753,24.3192,0</coordinates>
    </Point>
  </Placemark>
  <Placemark>
    <name>Customer 24: Bijoynagar</name>
    <styleUrl>#customerStyle</styleUrl>
    <description>Demand: 5206</description>
    <Point>
      <coordinates>91.2266,24.0142,0</coordinates>
    </Point>
  </Placemark>
  <Placemark>
    <name>Customer 25: Charghat</name>
    <styleUrl>#customerStyle</styleUrl>
    <description>Demand: 7711</description>
    <Point>
      <coordinates>88.7518,24.2785,0</coordinates>
    </Point>
  </Placemark>
  <Placemark>
    <name>Customer 26: Kaharol</name>
    <styleUrl>#customerStyle</styleUrl>
    <description>Demand: 5317</description>
    <Point>
      <coordinates>88.6012,25.7937,0</coordinates>
    </Point>
  </Placemark>
  <Placemark>
    <name>Customer 27: Keshabpur</name>
    <styleUrl>#customerStyle</styleUrl>
    <description>Demand: 6900</description>
    <Point>
      <coordinates>89.2194,22.9055,0</coordinates>
    </Point>
  </Placemark>
  <Placemark>
    <name>Customer 28: Netrakona-S</name>
    <styleUrl>#customerStyle</styleUrl>
    <description>Demand: 4874</description>
    <Point>
      <coordinates>90.7271,24.8817,0</coordinates>
    </Point>
  </Placemark>
  <Placemark>
    <name>Customer 29: Sunamganj-S</name>
    <styleUrl>#customerStyle</styleUrl>
    <description>Demand: 7333</description>
    <Point>
      <coordinates>91.4073,25.0668,0</coordinates>
    </Point>
  </Placemark>
  <Placemark>
    <name>Customer 30: Kalukhali</name>
    <styleUrl>#customerStyle</styleUrl>
    <description>Demand: 4085</description>
    <Point>
      <coordinates>89.4691,23.7655,0</coordinates>
    </Point>
  </Placemark>
  <Placemark>
    <name>Customer 31: Pirganj</name>
    <styleUrl>#customerStyle</styleUrl>
    <description>Demand: 8370</description>
    <Point>
      <coordinates>89.3132,25.4362,0</coordinates>
    </Point>
  </Placemark>
  <Placemark>
    <name>Customer 32: Nawabganj-S</name>
    <styleUrl>#customerStyle</styleUrl>
    <description>Demand: 6598</description>
    <Point>
      <coordinates>90.1518,23.6531,0</coordinates>
    </Point>
  </Placemark>
  <Placemark>
    <name>Customer 33: Laksham</name>
    <styleUrl>#customerStyle</styleUrl>
    <description>Demand: 7943</description>
    <Point>
      <coordinates>91.1212,23.2449,0</coordinates>
    </Point>
  </Placemark>
  <Placemark>
    <name>Customer 34: Bishwanath</name>
    <styleUrl>#customerStyle</styleUrl>
    <description>Demand: 5549</description>
    <Point>
      <coordinates>91.7567,24.8171,0</coordinates>
    </Point>
  </Placemark>
  <Placemark>
    <name>Customer 35: Mujib Nagar</name>
    <styleUrl>#customerStyle</styleUrl>
    <description>Demand: 5892</description>
    <Point>
      <coordinates>88.5928,23.6468,0</coordinates>
    </Point>
  </Placemark>
  <Placemark>
    <name>Customer 36: Phulbari</name>
    <styleUrl>#customerStyle</styleUrl>
    <description>Demand: 7516</description>
    <Point>
      <coordinates>89.552,25.9495,0</coordinates>
    </Point>
  </Placemark>
  <Placemark>
    <name>Customer 37: Badalgachi</name>
    <styleUrl>#customerStyle</styleUrl>
    <description>Demand: 4001</description>
    <Point>
      <coordinates>88.9102,24.9685,0</coordinates>
    </Point>
  </Placemark>
  <Placemark>
    <name>Customer 38: Raipura</name>
    <styleUrl>#customerStyle</styleUrl>
    <description>Demand: 4362</description>
    <Point>
      <coordinates>90.8719,23.9944,0</coordinates>
    </Point>
  </Placemark>
  <Placemark>
    <name>Customer 39: Phultala</name>
    <styleUrl>#customerStyle</styleUrl>
    <description>Demand: 5864</description>
    <Point>
      <coordinates>89.4506,22.9705,0</coordinates>
    </Point>
  </Placemark>
  <Placemark>
    <name>Customer 40: Feni</name>
    <styleUrl>#customerStyle</styleUrl>
    <description>Demand: 5911</description>
    <Point>
      <coordinates>91.3964,23.0212,0</coordinates>
    </Point>
  </Placemark>
  <Placemark>
    <name>Customer 41: Nikli</name>
    <styleUrl>#customerStyle</styleUrl>
    <description>Demand: 8283</description>
    <Point>
      <coordinates>90.9336,24.3243,0</coordinates>
    </Point>
  </Placemark>
  <Placemark>
    <name>Customer 42: Jaintiapur</name>
    <styleUrl>#customerStyle</styleUrl>
    <description>Demand: 7551</description>
    <Point>
      <coordinates>92.1228,25.1353,0</coordinates>
    </Point>
  </Placemark>
  <Placemark>
    <name>Customer 43: Alamdanga</name>
    <styleUrl>#customerStyle</styleUrl>
    <description>Demand: 4503</description>
    <Point>
      <coordinates>88.9438,23.7627,0</coordinates>
    </Point>
  </Placemark>
  <Placemark>
    <name>Customer 44: Delduar</name>
    <styleUrl>#customerStyle</styleUrl>
    <description>Demand: 6422</description>
    <Point>
      <coordinates>89.9651,24.1647,0</coordinates>
    </Point>
  </Placemark>
  <Placemark>
    <name>Customer 45: Harirampur</name>
    <styleUrl>#customerStyle</styleUrl>
    <description>Demand: 4878</description>
    <Point>
      <coordinates>89.971,23.7511,0</coordinates>
    </Point>
  </Placemark>
  <Placemark>
    <name>Customer 46: Nandigram</name>
    <styleUrl>#customerStyle</styleUrl>
    <description>Demand: 6660</description>
    <Point>
      <coordinates>89.2457,24.6481,0</coordinates>
    </Point>
  </Placemark>
  <Placemark>
    <name>Customer 47: Chhagalniya</name>
    <styleUrl>#customerStyle</styleUrl>
    <description>Demand: 8164</description>
    <Point>
      <coordinates>91.5184,23.0386,0</coordinates>
    </Point>
  </Placemark>
  <Placemark>
    <name>Customer 48: Porshuram</name>
    <styleUrl>#customerStyle</styleUrl>
    <description>Demand: 8545</description>
    <Point>
      <coordinates>91.4446,23.2134,0</coordinates>
    </Point>
  </Placemark>
  <Placemark>
    <name>Customer 49: Bandarban-S</name>
    <styleUrl>#customerStyle</styleUrl>
    <description>Demand: 5549</description>
    <Point>
      <coordinates>92.2187,22.1936,0</coordinates>
    </Point>
  </Placemark>
  <Placemark>
    <name>Customer 50: Nilphamari-S</name>
    <styleUrl>#customerStyle</styleUrl>
    <description>Demand: 4900</description>
    <Point>
      <coordinates>88.8407,25.9363,0</coordinates>
    </Point>
  </Placemark>
  <Placemark>
    <name>Customer 51: Daudkandi</name>
    <styleUrl>#customerStyle</styleUrl>
    <description>Demand: 8081</description>
    <Point>
      <coordinates>90.7247,23.5338,0</coordinates>
    </Point>
  </Placemark>
  <Placemark>
    <name>Customer 52: Sarail</name>
    <styleUrl>#customerStyle</styleUrl>
    <description>Demand: 8306</description>
    <Point>
      <coordinates>91.1113,24.0745,0</coordinates>
    </Point>
  </Placemark>
  <Placemark>
    <name>Customer 53: Kathalia</name>
    <styleUrl>#customerStyle</styleUrl>
    <description>Demand: 8414</description>
    <Point>
      <coordinates>90.1406,22.441,0</coordinates>
    </Point>
  </Placemark>
  <Placemark>
    <name>Customer 54: Begumganj</name>
    <styleUrl>#customerStyle</styleUrl>
    <description>Demand: 7684</description>
    <Point>
      <coordinates>91.0921,22.9319,0</coordinates>
    </Point>
  </Placemark>
  <Placemark>
    <name>Customer 55: Lakshmipur-Sadar</name>
    <styleUrl>#customerStyle</styleUrl>
    <description>Demand: 5285</description>
    <Point>
      <coordinates>90.8673,22.9537,0</coordinates>
    </Point>
  </Placemark>
  <Placemark>
    <name>Customer 56: Badarganj</name>
    <styleUrl>#customerStyle</styleUrl>
    <description>Demand: 4530</description>
    <Point>
      <coordinates>89.0705,25.654,0</coordinates>
    </Point>
  </Placemark>
  <Placemark>
    <name>Customer 57: Kamarkhand</name>
    <styleUrl>#customerStyle</styleUrl>
    <description>Demand: 7788</description>
    <Point>
      <coordinates>89.6652,24.3605,0</coordinates>
    </Point>
  </Placemark>
  <Placemark>
    <name>Customer 58: Sharankhola</name>
    <styleUrl>#customerStyle</styleUrl>
    <description>Demand: 6451</description>
    <Point>
      <coordinates>89.8482,22.3128,0</coordinates>
    </Point>
  </Placemark>
  <Placemark>
    <name>Customer 59: Pabna-S</name>
    <styleUrl>#customerStyle</styleUrl>
    <description>Demand: 5674</description>
    <Point>
      <coordinates>89.2383,24.0076,0</coordinates>
    </Point>
  </Placemark>
  <Placemark>
    <name>Customer 60: Singra</name>
    <styleUrl>#customerStyle</styleUrl>
    <description>Demand: 4901</description>
    <Point>
      <coordinates>89.1429,24.5,0</coordinates>
    </Point>
  </Placemark>
  <Placemark>
    <name>Customer 61: Nesarabad</name>
    <styleUrl>#customerStyle</styleUrl>
    <description>Demand: 8559</description>
    <Point>
      <coordinates>90.1167,22.745,0</coordinates>
    </Point>
  </Placemark>
  <Placemark>
    <name>Customer 62: Naria</name>
    <styleUrl>#customerStyle</styleUrl>
    <description>Demand: 4987</description>
    <Point>
      <coordinates>90.409,23.3059,0</coordinates>
    </Point>
  </Placemark>
  <Placemark>
    <name>Customer 63: Mohammadpur</name>
    <styleUrl>#customerStyle</styleUrl>
    <description>Demand: 6171</description>
    <Point>
      <coordinates>90.3589,23.7662,0</coordinates>
    </Point>
  </Placemark>
  <Placemark>
    <name>Customer 64: Fulgazi</name>
    <styleUrl>#customerStyle</styleUrl>
    <description>Demand: 7760</description>
    <Point>
      <coordinates>91.4326,23.1554,0</coordinates>
    </Point>
  </Placemark>
  <Placemark>
    <name>Customer 65: Bera</name>
    <styleUrl>#customerStyle</styleUrl>
    <description>Demand: 6303</description>
    <Point>
      <coordinates>89.6531,24.0807,0</coordinates>
    </Point>
  </Placemark>
  <Placemark>
    <name>Customer 66: Beanibazar</name>
    <styleUrl>#customerStyle</styleUrl>
    <description>Demand: 6717</description>
    <Point>
      <coordinates>92.1585,24.822,0</coordinates>
    </Point>
  </Placemark>
  <Placemark>
    <name>Customer 67: Ramgarh</name>
    <styleUrl>#customerStyle</styleUrl>
    <description>Demand: 6296</description>
    <Point>
      <coordinates>91.7403,23.0091,0</coordinates>
    </Point>
  </Placemark>
  <Placemark>
    <name>Customer 68: Boda</name>
    <styleUrl>#customerStyle</styleUrl>
    <description>Demand: 4912</description>
    <Point>
      <coordinates>88.5582,26.2005,0</coordinates>
    </Point>
  </Placemark>
  <Placemark>
    <name>Customer 69: Saghata</name>
    <styleUrl>#customerStyle</styleUrl>
    <description>Demand: 8051</description>
    <Point>
      <coordinates>89.5828,25.1231,0</coordinates>
    </Point>
  </Placemark>
  <Placemark>
    <name>Customer 70: Adamdighi</name>
    <styleUrl>#customerStyle</styleUrl>
    <description>Demand: 4983</description>
    <Point>
      <coordinates>89.0418,24.8003,0</coordinates>
    </Point>
  </Placemark>
  <Placemark>
    <name>Customer 71: Naldanga</name>
    <styleUrl>#customerStyle</styleUrl>
    <description>Demand: 8760</description>
    <Point>
      <coordinates>88.9605,24.4969,0</coordinates>
    </Point>
  </Placemark>
  <Placemark>
    <name>Customer 72: Moheskhali</name>
    <styleUrl>#customerStyle</styleUrl>
    <description>Demand: 8222</description>
    <Point>
      <coordinates>91.9418,21.5374,0</coordinates>
    </Point>
  </Placemark>
  <Placemark>
    <name>Customer 73: Dimla</name>
    <styleUrl>#customerStyle</styleUrl>
    <description>Demand: 5700</description>
    <Point>
      <coordinates>88.951,26.144,0</coordinates>
    </Point>
  </Placemark>
  <Placemark>
    <name>Customer 74: Kaliakoir</name>
    <styleUrl>#customerStyle</styleUrl>
    <description>Demand: 6259</description>
    <Point>
      <coordinates>90.2221,24.0695,0</coordinates>
    </Point>
  </Placemark>
  <Placemark>
    <name>Customer 75: Juri</name>
    <styleUrl>#customerStyle</styleUrl>
    <description>Demand: 7732</description>
    <Point>
      <coordinates>91.942,24.6148,0</coordinates>
    </Point>
  </Placemark>
  <Placemark>
    <name>Customer 76: Borhanuddin</name>
    <styleUrl>#customerStyle</styleUrl>
    <description>Demand: 4978</description>
    <Point>
      <coordinates>90.7165,22.4974,0</coordinates>
    </Point>
  </Placemark>
  <Placemark>
    <name>Customer 77: Narail-S</name>
    <styleUrl>#customerStyle</styleUrl>
    <description>Demand: 4053</description>
    <Point>
      <coordinates>89.499,23.1657,0</coordinates>
    </Point>
  </Placemark>
  <Placemark>
    <name>Customer 78: Birampur</name>
    <styleUrl>#customerStyle</styleUrl>
    <description>Demand: 7795</description>
    <Point>
      <coordinates>88.9916,25.3899,0</coordinates>
    </Point>
  </Placemark>
  <Placemark>
    <name>Customer 79: Trishal</name>
    <styleUrl>#customerStyle</styleUrl>
    <description>Demand: 7778</description>
    <Point>
      <coordinates>90.3948,24.5817,0</coordinates>
    </Point>
  </Placemark>
  <Placemark>
    <name>Customer 80: Kahaloo</name>
    <styleUrl>#customerStyle</styleUrl>
    <description>Demand: 6416</description>
    <Point>
      <coordinates>89.2681,24.8283,0</coordinates>
    </Point>
  </Placemark>
  <Placemark>
    <name>Customer 81: Salikha</name>
    <styleUrl>#customerStyle</styleUrl>
    <description>Demand: 6007</description>
    <Point>
      <coordinates>89.3761,23.3021,0</coordinates>
    </Point>
  </Placemark>
  <Placemark>
    <name>Customer 82: Debidwar</name>
    <styleUrl>#customerStyle</styleUrl>
    <description>Demand: 7656</description>
    <Point>
      <coordinates>90.9773,23.6115,0</coordinates>
    </Point>
  </Placemark>
  <Placemark>
    <name>Customer 83: Dhamrai</name>
    <styleUrl>#customerStyle</styleUrl>
    <description>Demand: 6163</description>
    <Point>
      <coordinates>90.2174,23.9148,0</coordinates>
    </Point>
  </Placemark>
  <Placemark>
    <name>Customer 84: Katiadi</name>
    <styleUrl>#customerStyle</styleUrl>
    <description>Demand: 6421</description>
    <Point>
      <coordinates>90.7937,24.2459,0</coordinates>
    </Point>
  </Placemark>
  <Placemark>
    <name>Customer 85: Chilmari</name>
    <styleUrl>#customerStyle</styleUrl>
    <description>Demand: 8427</description>
    <Point>
      <coordinates>89.6616,25.581,0</coordinates>
    </Point>
  </Placemark>
  <Placemark>
    <name>Customer 86: Gurudaspur</name>
    <styleUrl>#customerStyle</styleUrl>
    <description>Demand: 8047</description>
    <Point>
      <coordinates>89.2332,24.3683,0</coordinates>
    </Point>
  </Placemark>
  <Placemark>
    <name>Customer 87: Barlekha</name>
    <styleUrl>#customerStyle</styleUrl>
    <description>Demand: 7801</description>
    <Point>
      <coordinates>92.1917,24.7073,0</coordinates>
    </Point>
  </Placemark>
  <Placemark>
    <name>Customer 88: Nalchity</name>
    <styleUrl>#customerStyle</styleUrl>
    <description>Demand: 5759</description>
    <Point>
      <coordinates>90.2688,22.6283,0</coordinates>
    </Point>
  </Placemark>
  <Placemark>
    <name>Customer 89: Nawabganj</name>
    <styleUrl>#customerStyle</styleUrl>
    <description>Demand: 8196</description>
    <Point>
      <coordinates>90.1518,23.6531,0</coordinates>
    </Point>
  </Placemark>
  <Placemark>
    <name>Customer 90: Uzirpur</name>
    <styleUrl>#customerStyle</styleUrl>
    <description>Demand: 7955</description>
    <Point>
      <coordinates>90.2503,22.8193,0</coordinates>
    </Point>
  </Placemark>
  <Placemark>
    <name>Customer 91: Dewanganj</name>
    <styleUrl>#customerStyle</styleUrl>
    <description>Demand: 7160</description>
    <Point>
      <coordinates>89.7582,25.153,0</coordinates>
    </Point>
  </Placemark>
  <Placemark>
    <name>Customer 92: Kushtia-S</name>
    <styleUrl>#customerStyle</styleUrl>
    <description>Demand: 5833</description>
    <Point>
      <coordinates>89.122,23.9088,0</coordinates>
    </Point>
  </Placemark>
  <Placemark>
    <name>Customer 93: Mymensingh-S</name>
    <styleUrl>#customerStyle</styleUrl>
    <description>Demand: 7770</description>
    <Point>
      <coordinates>90.356,24.7851,0</coordinates>
    </Point>
  </Placemark>
  <Placemark>
    <name>Customer 94: Ishwarganj</name>
    <styleUrl>#customerStyle</styleUrl>
    <description>Demand: 6928</description>
    <Point>
      <coordinates>90.5944,24.6923,0</coordinates>
    </Point>
  </Placemark>
  <Placemark>
    <name>Customer 95: Azmiriganj</name>
    <styleUrl>#customerStyle</styleUrl>
    <description>Demand: 6443</description>
    <Point>
      <coordinates>91.2362,24.5489,0</coordinates>
    </Point>
  </Placemark>
  <Placemark>
    <name>Customer 96: Saturia</name>
    <styleUrl>#customerStyle</styleUrl>
    <description>Demand: 8694</description>
    <Point>
      <coordinates>90.0362,23.973,0</coordinates>
    </Point>
  </Placemark>
  <Placemark>
    <name>Customer 97: Charfassion</name>
    <styleUrl>#customerStyle</styleUrl>
    <description>Demand: 5147</description>
    <Point>
      <coordinates>90.726,22.1995,0</coordinates>
    </Point>
  </Placemark>
  <Placemark>
    <name>Customer 98: Madhupur</name>
    <styleUrl>#customerStyle</styleUrl>
    <description>Demand: 7702</description>
    <Point>
      <coordinates>90.0104,24.6074,0</coordinates>
    </Point>
  </Placemark>
  <Placemark>
    <name>Customer 99: Panchbibi</name>
    <styleUrl>#customerStyle</styleUrl>
    <description>Demand: 7427</description>
    <Point>
      <coordinates>89.0191,25.1872,0</coordinates>
    </Point>
  </Placemark>
  <Placemark>
    <name>Customer 100: Rampal</name>
    <styleUrl>#customerStyle</styleUrl>
    <description>Demand: 8573</description>
    <Point>
      <coordinates>89.6722,22.5838,0</coordinates>
    </Point>
  </Placemark>
  <Placemark>
    <name>Customer 101: Moheshpur</name>
    <styleUrl>#customerStyle</styleUrl>
    <description>Demand: 6653</description>
    <Point>
      <coordinates>88.9172,23.3598,0</coordinates>
    </Point>
  </Placemark>
  <Placemark>
    <name>Customer 102: Atrai</name>
    <styleUrl>#customerStyle</styleUrl>
    <description>Demand: 7077</description>
    <Point>
      <coordinates>88.9897,24.6258,0</coordinates>
    </Point>
  </Placemark>
  <Placemark>
    <name>Customer 103: Bagerhat-S</name>
    <styleUrl>#customerStyle</styleUrl>
    <description>Demand: 4942</description>
    <Point>
      <coordinates>89.7662,22.6551,0</coordinates>
    </Point>
  </Placemark>
  <Placemark>
    <name>Customer 104: Nakla</name>
    <styleUrl>#customerStyle</styleUrl>
    <description>Demand: 7134</description>
    <Point>
      <coordinates>90.1788,24.9679,0</coordinates>
    </Point>
  </Placemark>
  <Placemark>
    <name>Customer 105: Brahmanpara</name>
    <styleUrl>#customerStyle</styleUrl>
    <description>Demand: 4465</description>
    <Point>
      <coordinates>91.1017,23.6225,0</coordinates>
    </Point>
  </Placemark>
  <Placemark>
    <name>Customer 106: Sadullapur</name>
    <styleUrl>#customerStyle</styleUrl>
    <description>Demand: 6588</description>
    <Point>
      <coordinates>89.4659,25.3909,0</coordinates>
    </Point>
  </Placemark>
  <Placemark>
    <name>Customer 107: Bhanga</name>
    <styleUrl>#customerStyle</styleUrl>
    <description>Demand: 4796</description>
    <Point>
      <coordinates>89.9837,23.3853,0</coordinates>
    </Point>
  </Placemark>
  <Placemark>
    <name>Customer 108: Kotwalipara</name>
    <styleUrl>#customerStyle</styleUrl>
    <description>Demand: 4110</description>
    <Point>
      <coordinates>90.028,22.9893,0</coordinates>
    </Point>
  </Placemark>
  <Placemark>
    <name>Customer 109: Ranisankail</name>
    <styleUrl>#customerStyle</styleUrl>
    <description>Demand: 4410</description>
    <Point>
      <coordinates>88.2583,25.892,0</coordinates>
    </Point>
  </Placemark>
  <Placemark>
    <name>Customer 110: Alfadanga</name>
    <styleUrl>#customerStyle</styleUrl>
    <description>Demand: 4597</description>
    <Point>
      <coordinates>89.7028,23.2898,0</coordinates>
    </Point>
  </Placemark>
  <Placemark>
    <name>Customer 111: Sarishabari</name>
    <styleUrl>#customerStyle</styleUrl>
    <description>Demand: 8875</description>
    <Point>
      <coordinates>89.8409,24.7669,0</coordinates>
    </Point>
  </Placemark>
  <Placemark>
    <name>Customer 112: Dumuria</name>
    <styleUrl>#customerStyle</styleUrl>
    <description>Demand: 4427</description>
    <Point>
      <coordinates>89.4194,22.8052,0</coordinates>
    </Point>
  </Placemark>
  <Placemark>
    <name>Customer 113: Ramganj</name>
    <styleUrl>#customerStyle</styleUrl>
    <description>Demand: 5620</description>
    <Point>
      <coordinates>90.8627,23.1001,0</coordinates>
    </Point>
  </Placemark>
  <Placemark>
    <name>Customer 114: Lalmonirhat-S</name>
    <styleUrl>#customerStyle</styleUrl>
    <description>Demand: 4376</description>
    <Point>
      <coordinates>89.4506,25.9162,0</coordinates>
    </Point>
  </Placemark>
  <Placemark>
    <name>Customer 115: Parbatipur</name>
    <styleUrl>#customerStyle</styleUrl>
    <description>Demand: 4871</description>
    <Point>
      <coordinates>88.9162,25.6544,0</coordinates>
    </Point>
  </Placemark>
  <Placemark>
    <name>Customer 116: Madan</name>
    <styleUrl>#customerStyle</styleUrl>
    <description>Demand: 7108</description>
    <Point>
      <coordinates>90.9489,24.7136,0</coordinates>
    </Point>
  </Placemark>
  <Placemark>
    <name>Customer 117: Alikadam</name>
    <styleUrl>#customerStyle</styleUrl>
    <description>Demand: 4471</description>
    <Point>
      <coordinates>92.3148,21.653,0</coordinates>
    </Point>
  </Placemark>
  <Placemark>
    <name>Customer 118: Debiganj</name>
    <styleUrl>#customerStyle</styleUrl>
    <description>Demand: 7719</description>
    <Point>
      <coordinates>88.7542,26.1247,0</coordinates>
    </Point>
  </Placemark>
  <Placemark>
    <name>Customer 119: Mithamoin</name>
    <styleUrl>#customerStyle</styleUrl>
    <description>Demand: 7140</description>
    <Point>
      <coordinates>91.0634,24.4196,0</coordinates>
    </Point>
  </Placemark>
  <Placemark>
    <name>Customer 120: Bholahat</name>
    <styleUrl>#customerStyle</styleUrl>
    <description>Demand: 7560</description>
    <Point>
      <coordinates>88.2279,24.9457,0</coordinates>
    </Point>
  </Placemark>
  <Placemark>
    <name>Customer 121: Puthia</name>
    <styleUrl>#customerStyle</styleUrl>
    <description>Demand: 4051</description>
    <Point>
      <coordinates>88.8367,24.3638,0</coordinates>
    </Point>
  </Placemark>
  <Placemark>
    <name>Customer 122: Bagmara</name>
    <styleUrl>#customerStyle</styleUrl>
    <description>Demand: 6791</description>
    <Point>
      <coordinates>88.8311,24.597,0</coordinates>
    </Point>
  </Placemark>
  <Placemark>
    <name>Customer 123: Gazaria</name>
    <styleUrl>#customerStyle</styleUrl>
    <description>Demand: 8692</description>
    <Point>
      <coordinates>90.6408,23.5798,0</coordinates>
    </Point>
  </Placemark>
  <Placemark>
    <name>Customer 124: Bhangura</name>
    <styleUrl>#customerStyle</styleUrl>
    <description>Demand: 8829</description>
    <Point>
      <coordinates>89.3654,24.208,0</coordinates>
    </Point>
  </Placemark>
  <Placemark>
    <name>Customer 125: Magura-S</name>
    <styleUrl>#customerStyle</styleUrl>
    <description>Demand: 8894</description>
    <Point>
      <coordinates>89.4364,23.429,0</coordinates>
    </Point>
  </Placemark>
  <Placemark>
    <name>Customer 126: Teknaf</name>
    <styleUrl>#customerStyle</styleUrl>
    <description>Demand: 6366</description>
    <Point>
      <coordinates>92.2975,20.8578,0</coordinates>
    </Point>
  </Placemark>
  <Placemark>
    <name>Customer 127: Kaliganj</name>
    <styleUrl>#customerStyle</styleUrl>
    <description>Demand: 6414</description>
    <Point>
      <coordinates>90.5731,23.9645,0</coordinates>
    </Point>
  </Placemark>
  <Placemark>
    <name>Customer 128: Bhaluka</name>
    <styleUrl>#customerStyle</styleUrl>
    <description>Demand: 7497</description>
    <Point>
      <coordinates>90.3866,24.4079,0</coordinates>
    </Point>
  </Placemark>
  <Placemark>
    <name>Customer 129: Jhenaigati</name>
    <styleUrl>#customerStyle</styleUrl>
    <description>Demand: 7273</description>
    <Point>
      <coordinates>90.063,25.1859,0</coordinates>
    </Point>
  </Placemark>
  <Placemark>
    <name>Customer 130: Laxmichari</name>
    <styleUrl>#customerStyle</styleUrl>
    <description>Demand: 6407</description>
    <Point>
      <coordinates>91.9124,22.7962,0</coordinates>
    </Point>
  </Placemark>
  <Placemark>
    <name>Customer 131: Tarakanda</name>
    <styleUrl>#customerStyle</styleUrl>
    <description>Demand: 5791</description>
    <Point>
      <coordinates>90.488,24.856,0</coordinates>
    </Point>
  </Placemark>
  <Placemark>
    <name>Customer 132: Derai</name>
    <styleUrl>#customerStyle</styleUrl>
    <description>Demand: 4742</description>
    <Point>
      <coordinates>91.3542,24.7881,0</coordinates>
    </Point>
  </Placemark>
  <Placemark>
    <name>Customer 133: Gazipur-S</name>
    <styleUrl>#customerStyle</styleUrl>
    <description>Demand: 7073</description>
    <Point>
      <coordinates>90.4202,23.9999,0</coordinates>
    </Point>
  </Placemark>
  <Placemark>
    <name>Customer 134: Tazumuddin</name>
    <styleUrl>#customerStyle</styleUrl>
    <description>Demand: 6790</description>
    <Point>
      <coordinates>90.8508,22.418,0</coordinates>
    </Point>
  </Placemark>
  <Placemark>
    <name>Customer 135: Godagari</name>
    <styleUrl>#customerStyle</styleUrl>
    <description>Demand: 5226</description>
    <Point>
      <coordinates>88.3361,24.4587,0</coordinates>
    </Point>
  </Placemark>
  <Placemark>
    <name>Customer 136: Narshingdi-S</name>
    <styleUrl>#customerStyle</styleUrl>
    <description>Demand: 7449</description>
    <Point>
      <coordinates>90.7176,23.9193,0</coordinates>
    </Point>
  </Placemark>
  <Placemark>
    <name>Customer 137: Kasba</name>
    <styleUrl>#customerStyle</styleUrl>
    <description>Demand: 5726</description>
    <Point>
      <coordinates>91.1256,23.7485,0</coordinates>
    </Point>
  </Placemark>
  <Placemark>
    <name>Customer 138: Rajoir</name>
    <styleUrl>#customerStyle</styleUrl>
    <description>Demand: 5634</description>
    <Point>
      <coordinates>90.049,23.2067,0</coordinates>
    </Point>
  </Placemark>
  <Placemark>
    <name>Customer 139: Naogaon-S</name>
    <styleUrl>#customerStyle</styleUrl>
    <description>Demand: 6109</description>
    <Point>
      <coordinates>88.9318,24.7936,0</coordinates>
    </Point>
  </Placemark>
  <Placemark>
    <name>Customer 140: Sylhet-S</name>
    <styleUrl>#customerStyle</styleUrl>
    <description>Demand: 8604</description>
    <Point>
      <coordinates>91.8688,24.8951,0</coordinates>
    </Point>
  </Placemark>
  <Placemark>
    <name>Customer 141: Nangalkot</name>
    <styleUrl>#customerStyle</styleUrl>
    <description>Demand: 5804</description>
    <Point>
      <coordinates>91.1977,23.1694,0</coordinates>
    </Point>
  </Placemark>
  <Placemark>
    <name>Customer 142: Hathazari</name>
    <styleUrl>#customerStyle</styleUrl>
    <description>Demand: 6905</description>
    <Point>
      <coordinates>91.8075,22.5085,0</coordinates>
    </Point>
  </Placemark>
  <Placemark>
    <name>Customer 143: Langadu</name>
    <styleUrl>#customerStyle</styleUrl>
    <description>Demand: 6520</description>
    <Point>
      <coordinates>92.1535,22.8993,0</coordinates>
    </Point>
  </Placemark>
  <Placemark>
    <name>Customer 144: Kaunia</name>
    <styleUrl>#customerStyle</styleUrl>
    <description>Demand: 7483</description>
    <Point>
      <coordinates>89.4317,25.7742,0</coordinates>
    </Point>
  </Placemark>
  <Placemark>
    <name>Customer 145: Bhuapur</name>
    <styleUrl>#customerStyle</styleUrl>
    <description>Demand: 7218</description>
    <Point>
      <coordinates>89.8704,24.4663,0</coordinates>
    </Point>
  </Placemark>
  <Placemark>
    <name>Customer 146: Patgram</name>
    <styleUrl>#customerStyle</styleUrl>
    <description>Demand: 7961</description>
    <Point>
      <coordinates>89.0084,26.357,0</coordinates>
    </Point>
  </Placemark>
  <Placemark>
    <name>Customer 147: Gaibandha-S</name>
    <styleUrl>#customerStyle</styleUrl>
    <description>Demand: 4309</description>
    <Point>
      <coordinates>89.5429,25.3297,0</coordinates>
    </Point>
  </Placemark>
  <Placemark>
    <name>Customer 148: Sreepur</name>
    <styleUrl>#customerStyle</styleUrl>
    <description>Demand: 5348</description>
    <Point>
      <coordinates>90.4809,24.1997,0</coordinates>
    </Point>
  </Placemark>
  <Placemark>
    <name>Customer 149: Kachua</name>
    <styleUrl>#customerStyle</styleUrl>
    <description>Demand: 7945</description>
    <Point>
      <coordinates>90.889,23.3411,0</coordinates>
    </Point>
  </Placemark>
  <Placemark>
    <name>Customer 150: Dhanbari</name>
    <styleUrl>#customerStyle</styleUrl>
    <description>Demand: 6886</description>
    <Point>
      <coordinates>89.9487,24.6846,0</coordinates>
    </Point>
  </Placemark>
  <Placemark>
    <name>Customer 151: Cox'S Bazar-S</name>
    <styleUrl>#customerStyle</styleUrl>
    <description>Demand: 8159</description>
    <Point>
      <coordinates>92.0058,21.4272,0</coordinates>
    </Point>
  </Placemark>
  <Placemark>
    <name>Customer 152: Nagarpur</name>
    <styleUrl>#customerStyle</styleUrl>
    <description>Demand: 6786</description>
    <Point>
      <coordinates>89.8762,24.0577,0</coordinates>
    </Point>
  </Placemark>
  <Placemark>
    <name>Customer 153: Rajarhat</name>
    <styleUrl>#customerStyle</styleUrl>
    <description>Demand: 8494</description>
    <Point>
      <coordinates>89.5466,25.799,0</coordinates>
    </Point>
  </Placemark>
  <Placemark>
    <name>Customer 154: Biswamvarpur</name>
    <styleUrl>#customerStyle</styleUrl>
    <description>Demand: 7526</description>
    <Point>
      <coordinates>91.2999,25.0988,0</coordinates>
    </Point>
  </Placemark>
  <Placemark>
    <name>Customer 155: Guimara</name>
    <styleUrl>#customerStyle</styleUrl>
    <description>Demand: 8208</description>
    <Point>
      <coordinates>91.8695,22.9604,0</coordinates>
    </Point>
  </Placemark>
  <Placemark>
    <name>Customer 156: Goshairhat</name>
    <styleUrl>#customerStyle</styleUrl>
    <description>Demand: 8434</description>
    <Point>
      <coordinates>90.4526,23.0988,0</coordinates>
    </Point>
  </Placemark>
  <Placemark>
    <name>Customer 157: Kaliganj</name>
    <styleUrl>#customerStyle</styleUrl>
    <description>Demand: 4349</description>
    <Point>
      <coordinates>90.5731,23.9645,0</coordinates>
    </Point>
  </Placemark>
  <Placemark>
    <name>Customer 158: Matlab (Dakshin)</name>
    <styleUrl>#customerStyle</styleUrl>
    <description>Demand: 8295</description>
    <Point>
      <coordinates>90.7091,23.3449,0</coordinates>
    </Point>
  </Placemark>
  <Placemark>
    <name>Customer 159: Chowgacha</name>
    <styleUrl>#customerStyle</styleUrl>
    <description>Demand: 8528</description>
    <Point>
      <coordinates>89.0203,23.2632,0</coordinates>
    </Point>
  </Placemark>
  <Placemark>
    <name>Customer 160: Daulatpur</name>
    <styleUrl>#customerStyle</styleUrl>
    <description>Demand: 4640</description>
    <Point>
      <coordinates>88.8738,24.0113,0</coordinates>
    </Point>
  </Placemark>
  <Placemark>
    <name>Customer 161: Shapahar</name>
    <styleUrl>#customerStyle</styleUrl>
    <description>Demand: 6641</description>
    <Point>
      <coordinates>88.5879,25.1259,0</coordinates>
    </Point>
  </Placemark>
  <Placemark>
    <name>Customer 162: Chuadanga-S</name>
    <styleUrl>#customerStyle</styleUrl>
    <description>Demand: 4172</description>
    <Point>
      <coordinates>88.8577,23.6418,0</coordinates>
    </Point>
  </Placemark>
  <Placemark>
    <name>Customer 163: Baghaichari</name>
    <styleUrl>#customerStyle</styleUrl>
    <description>Demand: 6795</description>
    <Point>
      <coordinates>92.1914,23.1649,0</coordinates>
    </Point>
  </Placemark>
  <Placemark>
    <name>Customer 164: Keraniganj</name>
    <styleUrl>#customerStyle</styleUrl>
    <description>Demand: 8370</description>
    <Point>
      <coordinates>90.3976,23.7012,0</coordinates>
    </Point>
  </Placemark>
  <Placemark>
    <name>Customer 165: Tetulia</name>
    <styleUrl>#customerStyle</styleUrl>
    <description>Demand: 6108</description>
    <Point>
      <coordinates>88.3504,26.482,0</coordinates>
    </Point>
  </Placemark>
  <Placemark>
    <name>Customer 166: Paikgacha</name>
    <styleUrl>#customerStyle</styleUrl>
    <description>Demand: 4235</description>
    <Point>
      <coordinates>89.3168,22.5931,0</coordinates>
    </Point>
  </Placemark>
  <Placemark>
    <name>Customer 167: Gopalganj-S</name>
    <styleUrl>#customerStyle</styleUrl>
    <description>Demand: 5236</description>
    <Point>
      <coordinates>89.8225,23.0132,0</coordinates>
    </Point>
  </Placemark>
  <Placemark>
    <name>Customer 168: Fulbaria</name>
    <styleUrl>#customerStyle</styleUrl>
    <description>Demand: 6707</description>
    <Point>
      <coordinates>90.2667,24.625,0</coordinates>
    </Point>
  </Placemark>
  <Placemark>
    <name>Customer 169: Chunarughat</name>
    <styleUrl>#customerStyle</styleUrl>
    <description>Demand: 7781</description>
    <Point>
      <coordinates>91.5172,24.1974,0</coordinates>
    </Point>
  </Placemark>
  <Placemark>
    <name>Customer 170: Kasiani</name>
    <styleUrl>#customerStyle</styleUrl>
    <description>Demand: 7645</description>
    <Point>
      <coordinates>89.7239,23.2332,0</coordinates>
    </Point>
  </Placemark>
  <Placemark>
    <name>Customer 171: Mothbaria</name>
    <styleUrl>#customerStyle</styleUrl>
    <description>Demand: 4558</description>
    <Point>
      <coordinates>89.958,22.292,0</coordinates>
    </Point>
  </Placemark>
  <Placemark>
    <name>Customer 172: Shibpur</name>
    <styleUrl>#customerStyle</styleUrl>
    <description>Demand: 8693</description>
    <Point>
      <coordinates>90.7526,23.9806,0</coordinates>
    </Point>
  </Placemark>
  <Placemark>
    <name>Customer 173: Mollahat</name>
    <styleUrl>#customerStyle</styleUrl>
    <description>Demand: 8898</description>
    <Point>
      <coordinates>89.806,22.9266,0</coordinates>
    </Point>
  </Placemark>
  <Placemark>
    <name>Customer 174: Taraganj</name>
    <styleUrl>#customerStyle</styleUrl>
    <description>Demand: 4088</description>
    <Point>
      <coordinates>89.0356,25.808,0</coordinates>
    </Point>
  </Placemark>
  <Placemark>
    <name>Customer 175: Savar</name>
    <styleUrl>#customerStyle</styleUrl>
    <description>Demand: 6227</description>
    <Point>
      <coordinates>90.2576,23.8479,0</coordinates>
    </Point>
  </Placemark>
  <Placemark>
    <name>Customer 176: Manikganj-S</name>
    <styleUrl>#customerStyle</styleUrl>
    <description>Demand: 7934</description>
    <Point>
      <coordinates>90.0047,23.8644,0</coordinates>
    </Point>
  </Placemark>
  <Placemark>
    <name>Customer 177: Mahalchari</name>
    <styleUrl>#customerStyle</styleUrl>
    <description>Demand: 7732</description>
    <Point>
      <coordinates>92.0298,22.9317,0</coordinates>
    </Point>
  </Placemark>
  <Placemark>
    <name>Customer 178: Koyra</name>
    <styleUrl>#customerStyle</styleUrl>
    <description>Demand: 7108</description>
    <Point>
      <coordinates>89.4227,22.3699,0</coordinates>
    </Point>
  </Placemark>
  <Placemark>
    <name>Customer 179: Sundarganj</name>
    <styleUrl>#customerStyle</styleUrl>
    <description>Demand: 4873</description>
    <Point>
      <coordinates>89.5191,25.5644,0</coordinates>
    </Point>
  </Placemark>
  <Placemark>
    <name>Customer 180: Barura</name>
    <styleUrl>#customerStyle</styleUrl>
    <description>Demand: 5588</description>
    <Point>
      <coordinates>91.055,23.3773,0</coordinates>
    </Point>
  </Placemark>
  <Placemark>
    <name>Customer 181: Pirojpur-S</name>
    <styleUrl>#customerStyle</styleUrl>
    <description>Demand: 6951</description>
    <Point>
      <coordinates>89.9721,22.5841,0</coordinates>
    </Point>
  </Placemark>
  <Placemark>
    <name>Customer 182: Hakimpur</name>
    <styleUrl>#customerStyle</styleUrl>
    <description>Demand: 5189</description>
    <Point>
      <coordinates>89.0132,25.2746,0</coordinates>
    </Point>
  </Placemark>
  <Placemark>
    <name>Customer 183: Zakiganj</name>
    <styleUrl>#customerStyle</styleUrl>
    <description>Demand: 4267</description>
    <Point>
      <coordinates>92.3678,24.8781,0</coordinates>
    </Point>
  </Placemark>
  <Placemark>
    <name>Customer 184: Kaukhali</name>
    <styleUrl>#customerStyle</styleUrl>
    <description>Demand: 6158</description>
    <Point>
      <coordinates>90.07,22.6258,0</coordinates>
    </Point>
  </Placemark>
  <Placemark>
    <name>Customer 185: Golapganj</name>
    <styleUrl>#customerStyle</styleUrl>
    <description>Demand: 5826</description>
    <Point>
      <coordinates>92.0151,24.8581,0</coordinates>
    </Point>
  </Placemark>
  <Placemark>
    <name>Customer 186: Monpura</name>
    <styleUrl>#customerStyle</styleUrl>
    <description>Demand: 4359</description>
    <Point>
      <coordinates>90.9659,22.265,0</coordinates>
    </Point>
  </Placemark>
  <Placemark>
    <name>Customer 187: Muladi</name>
    <styleUrl>#customerStyle</styleUrl>
    <description>Demand: 6579</description>
    <Point>
      <coordinates>90.389,22.8875,0</coordinates>
    </Point>
  </Placemark>
  <Placemark>
    <name>Customer 188: Homna</name>
    <styleUrl>#customerStyle</styleUrl>
    <description>Demand: 4121</description>
    <Point>
      <coordinates>90.7833,23.6825,0</coordinates>
    </Point>
  </Placemark>
  <Placemark>
    <name>Customer 189: Sonaimuri</name>
    <styleUrl>#customerStyle</styleUrl>
    <description>Demand: 6018</description>
    <Point>
      <coordinates>91.1113,23.0509,0</coordinates>
    </Point>
  </Placemark>
  <Placemark>
    <name>Customer 190: Dinajpur-S</name>
    <styleUrl>#customerStyle</styleUrl>
    <description>Demand: 8506</description>
    <Point>
      <coordinates>88.6438,25.6221,0</coordinates>
    </Point>
  </Placemark>
  <Placemark>
    <name>Customer 191: Ramu</name>
    <styleUrl>#customerStyle</styleUrl>
    <description>Demand: 7975</description>
    <Point>
      <coordinates>92.1254,21.438,0</coordinates>
    </Point>
  </Placemark>
  <Placemark>
    <name>Customer 192: Jhalokathi-S</name>
    <styleUrl>#customerStyle</styleUrl>
    <description>Demand: 4505</description>
    <Point>
      <coordinates>90.187,22.5721,0</coordinates>
    </Point>
  </Placemark>
  <Placemark>
    <name>Customer 193: Kendua</name>
    <styleUrl>#customerStyle</styleUrl>
    <description>Demand: 6054</description>
    <Point>
      <coordinates>90.8437,24.6704,0</coordinates>
    </Point>
  </Placemark>
  <Placemark>
    <name>Customer 194: Chatkhil</name>
    <styleUrl>#customerStyle</styleUrl>
    <description>Demand: 4700</description>
    <Point>
      <coordinates>90.9773,23.0518,0</coordinates>
    </Point>
  </Placemark>
  <Placemark>
    <name>Customer 195: Karnaphuli</name>
    <styleUrl>#customerStyle</styleUrl>
    <description>Demand: 6155</description>
    <Point>
      <coordinates>92.1069,22.5819,0</coordinates>
    </Point>
  </Placemark>
  <Placemark>
    <name>Customer 196: Niamatpur</name>
    <styleUrl>#customerStyle</styleUrl>
    <description>Demand: 6571</description>
    <Point>
      <coordinates>88.5698,24.8336,0</coordinates>
    </Point>
  </Placemark>
  <Placemark>
    <name>Customer 197: Chauhali</name>
    <styleUrl>#customerStyle</styleUrl>
    <description>Demand: 6639</description>
    <Point>
      <coordinates>89.7541,24.194,0</coordinates>
    </Point>
  </Placemark>
  <Placemark>
    <name>Customer 198: Taltali</name>
    <styleUrl>#customerStyle</styleUrl>
    <description>Demand: 5638</description>
    <Point>
      <coordinates>90.0864,21.985,0</coordinates>
    </Point>
  </Placemark>
  <Placemark>
    <name>Customer 199: Dighinala</name>
    <styleUrl>#customerStyle</styleUrl>
    <description>Demand: 7186</description>
    <Point>
      <coordinates>92.0641,23.2408,0</coordinates>
    </Point>
  </Placemark>
  <Placemark>
    <name>Customer 200: Fakirhat</name>
    <styleUrl>#customerStyle</styleUrl>
    <description>Demand: 8152</description>
    <Point>
      <coordinates>89.7075,22.7775,0</coordinates>
    </Point>
  </Placemark>
  <Placemark>
    <name>Customer 201: Phulbari</name>
    <styleUrl>#customerStyle</styleUrl>
    <description>Demand: 8914</description>
    <Point>
      <coordinates>88.9501,25.4973,0</coordinates>
    </Point>
  </Placemark>
  <Placemark>
    <name>Customer 202: Jagannathpur</name>
    <styleUrl>#customerStyle</styleUrl>
    <description>Demand: 7259</description>
    <Point>
      <coordinates>91.5451,24.7717,0</coordinates>
    </Point>
  </Placemark>
  <Placemark>
    <name>Customer 203: Nabinagar</name>
    <styleUrl>#customerStyle</styleUrl>
    <description>Demand: 8606</description>
    <Point>
      <coordinates>90.9605,23.8887,0</coordinates>
    </Point>
  </Placemark>
  <Placemark>
    <name>Customer 204: Kamalnagar</name>
    <styleUrl>#customerStyle</styleUrl>
    <description>Demand: 5223</description>
    <Point>
      <coordinates>90.9939,22.5932,0</coordinates>
    </Point>
  </Placemark>
  <Placemark>
    <name>Customer 205: Bhurungamari</name>
    <styleUrl>#customerStyle</styleUrl>
    <description>Demand: 7783</description>
    <Point>
      <coordinates>89.6699,26.109,0</coordinates>
    </Point>
  </Placemark>
  <Placemark>
    <name>Customer 206: Hatiya</name>
    <styleUrl>#customerStyle</styleUrl>
    <description>Demand: 7809</description>
    <Point>
      <coordinates>91.1401,22.2881,0</coordinates>
    </Point>
  </Placemark>
  <Placemark>
    <name>Customer 207: Mirzapur</name>
    <styleUrl>#customerStyle</styleUrl>
    <description>Demand: 6850</description>
    <Point>
      <coordinates>90.1655,24.1149,0</coordinates>
    </Point>
  </Placemark>
  <Placemark>
    <name>Customer 208: Karimganj</name>
    <styleUrl>#customerStyle</styleUrl>
    <description>Demand: 8546</description>
    <Point>
      <coordinates>90.8656,24.4741,0</coordinates>
    </Point>
  </Placemark>
  <Placemark>
    <name>Customer 209: Tanore</name>
    <styleUrl>#customerStyle</styleUrl>
    <description>Demand: 5218</description>
    <Point>
      <coordinates>88.5746,24.5873,0</coordinates>
    </Point>
  </Placemark>
  <Placemark>
    <name>Customer 210: Damuddya</name>
    <styleUrl>#customerStyle</styleUrl>
    <description>Demand: 4113</description>
    <Point>
      <coordinates>90.4396,23.1391,0</coordinates>
    </Point>
  </Placemark>
  <Placemark>
    <name>Customer 211: Ruma</name>
    <styleUrl>#customerStyle</styleUrl>
    <description>Demand: 7149</description>
    <Point>
      <coordinates>92.4103,22.0511,0</coordinates>
    </Point>
  </Placemark>
  <Placemark>
    <name>Customer 212: Rajosthali</name>
    <styleUrl>#customerStyle</styleUrl>
    <description>Demand: 6012</description>
    <Point>
      <coordinates>92.1523,22.3762,0</coordinates>
    </Point>
  </Placemark>
  <Placemark>
    <name>Customer 213: Kaptai</name>
    <styleUrl>#customerStyle</styleUrl>
    <description>Demand: 4463</description>
    <Point>
      <coordinates>92.2212,22.4944,0</coordinates>
    </Point>
  </Placemark>
  <Placemark>
    <name>Customer 214: Batiaghata</name>
    <styleUrl>#customerStyle</styleUrl>
    <description>Demand: 7996</description>
    <Point>
      <coordinates>89.5026,22.7264,0</coordinates>
    </Point>
  </Placemark>
  <Placemark>
    <name>Customer 215: Gomostapur</name>
    <styleUrl>#customerStyle</styleUrl>
    <description>Demand: 5357</description>
    <Point>
      <coordinates>88.2898,24.7934,0</coordinates>
    </Point>
  </Placemark>
  <Placemark>
    <name>Customer 216: Kalihati</name>
    <styleUrl>#customerStyle</styleUrl>
    <description>Demand: 4405</description>
    <Point>
      <coordinates>89.993,24.3906,0</coordinates>
    </Point>
  </Placemark>
  <Placemark>
    <name>Customer 217: Fenchuganj</name>
    <styleUrl>#customerStyle</styleUrl>
    <description>Demand: 5444</description>
    <Point>
      <coordinates>91.9441,24.6958,0</coordinates>
    </Point>
  </Placemark>
  <Placemark>
    <name>Customer 218: Mithapukur</name>
    <styleUrl>#customerStyle</styleUrl>
    <description>Demand: 4141</description>
    <Point>
      <coordinates>89.28,25.5723,0</coordinates>
    </Point>
  </Placemark>
  <Placemark>
    <name>Customer 219: Sayestaganj</name>
    <styleUrl>#customerStyle</styleUrl>
    <description>Demand: 8813</description>
    <Point>
      <coordinates>91.4556,24.2767,0</coordinates>
    </Point>
  </Placemark>
  <Placemark>
    <name>Customer 220: Ashuganj</name>
    <styleUrl>#customerStyle</styleUrl>
    <description>Demand: 4751</description>
    <Point>
      <coordinates>90.9964,24.0277,0</coordinates>
    </Point>
  </Placemark>
  <Placemark>
    <name>Customer 221: Bagha</name>
    <styleUrl>#customerStyle</styleUrl>
    <description>Demand: 8187</description>
    <Point>
      <coordinates>88.8371,24.1975,0</coordinates>
    </Point>
  </Placemark>
  <Placemark>
    <name>Customer 222: Khoksha</name>
    <styleUrl>#customerStyle</styleUrl>
    <description>Demand: 6076</description>
    <Point>
      <coordinates>89.2895,23.8033,0</coordinates>
    </Point>
  </Placemark>
  <Placemark>
    <name>Customer 223: Agailjhara</name>
    <styleUrl>#customerStyle</styleUrl>
    <description>Demand: 4836</description>
    <Point>
      <coordinates>90.1635,22.9713,0</coordinates>
    </Point>
  </Placemark>
  <Placemark>
    <name>Customer 224: Betagi</name>
    <styleUrl>#customerStyle</styleUrl>
    <description>Demand: 8015</description>
    <Point>
      <coordinates>90.1659,22.4142,0</coordinates>
    </Point>
  </Placemark>
  <Placemark>
    <name>Customer 225: Titas</name>
    <styleUrl>#customerStyle</styleUrl>
    <description>Demand: 5547</description>
    <Point>
      <coordinates>90.8173,23.6001,0</coordinates>
    </Point>
  </Placemark>
  <Placemark>
    <name>Customer 226: Thakurgaon-S</name>
    <styleUrl>#customerStyle</styleUrl>
    <description>Demand: 4336</description>
    <Point>
      <coordinates>88.4646,26.0274,0</coordinates>
    </Point>
  </Placemark>
  <Placemark>
    <name>Customer 227: Nalitabari</name>
    <styleUrl>#customerStyle</styleUrl>
    <description>Demand: 5438</description>
    <Point>
      <coordinates>90.194,25.085,0</coordinates>
    </Point>
  </Placemark>
  <Placemark>
    <name>Customer 228: Companiganj</name>
    <styleUrl>#customerStyle</styleUrl>
    <description>Demand: 7655</description>
    <Point>
      <coordinates>91.2779,22.8737,0</coordinates>
    </Point>
  </Placemark>
  <Placemark>
    <name>Customer 229: Manikchari</name>
    <styleUrl>#customerStyle</styleUrl>
    <description>Demand: 4706</description>
    <Point>
      <coordinates>91.8367,22.8417,0</coordinates>
    </Point>
  </Placemark>
  <Placemark>
    <name>Customer 230: Belaichari</name>
    <styleUrl>#customerStyle</styleUrl>
    <description>Demand: 7753</description>
    <Point>
      <coordinates>92.3437,22.5117,0</coordinates>
    </Point>
  </Placemark>
  <Placemark>
    <name>Customer 231: Atpara</name>
    <styleUrl>#customerStyle</styleUrl>
    <description>Demand: 4657</description>
    <Point>
      <coordinates>90.8604,24.8098,0</coordinates>
    </Point>
  </Placemark>
  <Placemark>
    <name>Customer 232: Rupsha</name>
    <styleUrl>#customerStyle</styleUrl>
    <description>Demand: 6996</description>
    <Point>
      <coordinates>89.529,22.8062,0</coordinates>
    </Point>
  </Placemark>
  <Placemark>
    <name>Customer 233: Munshiganj-S</name>
    <styleUrl>#customerStyle</styleUrl>
    <description>Demand: 8398</description>
    <Point>
      <coordinates>90.5303,23.5416,0</coordinates>
    </Point>
  </Placemark>
  <Placemark>
    <name>Customer 234: Lalpur</name>
    <styleUrl>#customerStyle</styleUrl>
    <description>Demand: 7248</description>
    <Point>
      <coordinates>88.7377,24.1997,0</coordinates>
    </Point>
  </Placemark>
  <Placemark>
    <name>Customer 235: Ramgati</name>
    <styleUrl>#customerStyle</styleUrl>
    <description>Demand: 8507</description>
    <Point>
      <coordinates>90.9318,22.7452,0</coordinates>
    </Point>
  </Placemark>
  <Placemark>
    <name>Customer 236: Shailkupa</name>
    <styleUrl>#customerStyle</styleUrl>
    <description>Demand: 4210</description>
    <Point>
      <coordinates>89.242,23.6841,0</coordinates>
    </Point>
  </Placemark>
  <Placemark>
    <name>Customer 237: Panchagarh-S</name>
    <styleUrl>#customerStyle</styleUrl>
    <description>Demand: 4602</description>
    <Point>
      <coordinates>88.5517,26.3354,0</coordinates>
    </Point>
  </Placemark>
  <Placemark>
    <name>Customer 238: Khanshama</name>
    <styleUrl>#customerStyle</styleUrl>
    <description>Demand: 5097</description>
    <Point>
      <coordinates>88.7314,25.925,0</coordinates>
    </Point>
  </Placemark>
  <Placemark>
    <name>Customer 239: Bhola-S</name>
    <styleUrl>#customerStyle</styleUrl>
    <description>Demand: 8954</description>
    <Point>
      <coordinates>90.6439,22.6855,0</coordinates>
    </Point>
  </Placemark>
  <Placemark>
    <name>Customer 240: Dighalia</name>
    <styleUrl>#customerStyle</styleUrl>
    <description>Demand: 8588</description>
    <Point>
      <coordinates>89.5218,22.8958,0</coordinates>
    </Point>
  </Placemark>
  <Placemark>
    <name>Customer 241: Nasirnagar</name>
    <styleUrl>#customerStyle</styleUrl>
    <description>Demand: 7252</description>
    <Point>
      <coordinates>91.1953,24.1958,0</coordinates>
    </Point>
  </Placemark>
  <Placemark>
    <name>Customer 242: Naikhyongchari</name>
    <styleUrl>#customerStyle</styleUrl>
    <description>Demand: 8880</description>
    <Point>
      <coordinates>92.1757,21.4269,0</coordinates>
    </Point>
  </Placemark>
  <Placemark>
    <name>Customer 243: Tala</name>
    <styleUrl>#customerStyle</styleUrl>
    <description>Demand: 8030</description>
    <Point>
      <coordinates>89.3082,22.7571,0</coordinates>
    </Point>
  </Placemark>
  <Placemark>
    <name>Customer 244: Mohanganj</name>
    <styleUrl>#customerStyle</styleUrl>
    <description>Demand: 4395</description>
    <Point>
      <coordinates>90.9797,24.8743,0</coordinates>
    </Point>
  </Placemark>
  <Placemark>
    <name>Customer 245: Melandaha</name>
    <styleUrl>#customerStyle</styleUrl>
    <description>Demand: 4869</description>
    <Point>
      <coordinates>24.9391,24.9391,0</coordinates>
    </Point>
  </Placemark>
  <Placemark>
    <name>Customer 246: Damurhuda</name>
    <styleUrl>#customerStyle</styleUrl>
    <description>Demand: 4430</description>
    <Point>
      <coordinates>88.7759,23.6067,0</coordinates>
    </Point>
  </Placemark>
  <Placemark>
    <name>Customer 247: Palash</name>
    <styleUrl>#customerStyle</styleUrl>
    <description>Demand: 8223</description>
    <Point>
      <coordinates>90.6543,23.9372,0</coordinates>
    </Point>
  </Placemark>
  <Placemark>
    <name>Customer 248: Kawkhali</name>
    <styleUrl>#customerStyle</styleUrl>
    <description>Demand: 4133</description>
    <Point>
      <coordinates>90.07,22.6258,0</coordinates>
    </Point>
  </Placemark>
  <Placemark>
    <name>Customer 249: Kishoreganj-S</name>
    <styleUrl>#customerStyle</styleUrl>
    <description>Demand: 6432</description>
    <Point>
      <coordinates>90.7866,24.4331,0</coordinates>
    </Point>
  </Placemark>
  <Placemark>
    <name>Customer 250: Jamalganj</name>
    <styleUrl>#customerStyle</styleUrl>
    <description>Demand: 8660</description>
    <Point>
      <coordinates>91.2338,24.997,0</coordinates>
    </Point>
  </Placemark>
  <Placemark>
    <name>Customer 251: Haimchar</name>
    <styleUrl>#customerStyle</styleUrl>
    <description>Demand: 4323</description>
    <Point>
      <coordinates>90.592,23.0595,0</coordinates>
    </Point>
  </Placemark>
  <Placemark>
    <name>Customer 252: Gabtali</name>
    <styleUrl>#customerStyle</styleUrl>
    <description>Demand: 8492</description>
    <Point>
      <coordinates>89.4553,24.8795,0</coordinates>
    </Point>
  </Placemark>
  <Placemark>
    <name>Customer 253: Nageswari</name>
    <styleUrl>#customerStyle</styleUrl>
    <description>Demand: 5752</description>
    <Point>
      <coordinates>89.6957,25.9642,0</coordinates>
    </Point>
  </Placemark>
  <Placemark>
    <name>Customer 254: Rangunia</name>
    <styleUrl>#customerStyle</styleUrl>
    <description>Demand: 7569</description>
    <Point>
      <coordinates>92.0518,22.4698,0</coordinates>
    </Point>
  </Placemark>
  <Placemark>
    <name>Customer 255: Kalai</name>
    <styleUrl>#customerStyle</styleUrl>
    <description>Demand: 9008</description>
    <Point>
      <coordinates>89.1697,25.0582,0</coordinates>
    </Point>
  </Placemark>
  <Placemark>
    <name>Customer 256: Bahubal</name>
    <styleUrl>#customerStyle</styleUrl>
    <description>Demand: 8896</description>
    <Point>
      <coordinates>91.5378,24.3412,0</coordinates>
    </Point>
  </Placemark>
  <Placemark>
    <name>Customer 257: Mirzaganj</name>
    <styleUrl>#customerStyle</styleUrl>
    <description>Demand: 4871</description>
    <Point>
      <coordinates>90.2114,22.3672,0</coordinates>
    </Point>
  </Placemark>
  <Placemark>
    <name>Customer 258: Kishoreganj</name>
    <styleUrl>#customerStyle</styleUrl>
    <description>Demand: 6428</description>
    <Point>
      <coordinates>90.7866,24.4331,0</coordinates>
    </Point>
  </Placemark>
  <Placemark>
    <name>Customer 259: Shyamnagar</name>
    <styleUrl>#customerStyle</styleUrl>
    <description>Demand: 6326</description>
    <Point>
      <coordinates>89.5527,22.3568,0</coordinates>
    </Point>
  </Placemark>
  <Placemark>
    <name>Customer 260: Dacope</name>
    <styleUrl>#customerStyle</styleUrl>
    <description>Demand: 6368</description>
    <Point>
      <coordinates>89.5073,22.6012,0</coordinates>
    </Point>
  </Placemark>
  <Placemark>
    <name>Customer 261: Sirajdikhan</name>
    <styleUrl>#customerStyle</styleUrl>
    <description>Demand: 4479</description>
    <Point>
      <coordinates>90.3937,23.5962,0</coordinates>
    </Point>
  </Placemark>
  <Placemark>
    <name>Customer 262: Morrelganj</name>
    <styleUrl>#customerStyle</styleUrl>
    <description>Demand: 8516</description>
    <Point>
      <coordinates>89.8528,22.4499,0</coordinates>
    </Point>
  </Placemark>
  <Placemark>
    <name>Customer 263: Satkania</name>
    <styleUrl>#customerStyle</styleUrl>
    <description>Demand: 7685</description>
    <Point>
      <coordinates>92.0812,22.1,0</coordinates>
    </Point>
  </Placemark>
  <Placemark>
    <name>Customer 264: Faridpur-S</name>
    <styleUrl>#customerStyle</styleUrl>
    <description>Demand: 4801</description>
    <Point>
      <coordinates>89.8333,23.6019,0</coordinates>
    </Point>
  </Placemark>
  <Placemark>
    <name>Customer 265: Abhaynagar</name>
    <styleUrl>#customerStyle</styleUrl>
    <description>Demand: 8878</description>
    <Point>
      <coordinates>89.3143,23.0156,0</coordinates>
    </Point>
  </Placemark>
  <Placemark>
    <name>Customer 266: Kotchandpur</name>
    <styleUrl>#customerStyle</styleUrl>
    <description>Demand: 8688</description>
    <Point>
      <coordinates>89.012,23.4075,0</coordinates>
    </Point>
  </Placemark>
  <Placemark>
    <name>Customer 267: Sreenagar</name>
    <styleUrl>#customerStyle</styleUrl>
    <description>Demand: 6980</description>
    <Point>
      <coordinates>90.295,23.5429,0</coordinates>
    </Point>
  </Placemark>
  <Placemark>
    <name>Customer 268: Patnitala</name>
    <styleUrl>#customerStyle</styleUrl>
    <description>Demand: 8701</description>
    <Point>
      <coordinates>88.7625,25.0498,0</coordinates>
    </Point>
  </Placemark>
  <Placemark>
    <name>Customer 269: Noakhali-S</name>
    <styleUrl>#customerStyle</styleUrl>
    <description>Demand: 6292</description>
    <Point>
      <coordinates>91.1017,22.8246,0</coordinates>
    </Point>
  </Placemark>
  <Placemark>
    <name>Customer 270: Ghoraghat</name>
    <styleUrl>#customerStyle</styleUrl>
    <description>Demand: 5898</description>
    <Point>
      <coordinates>89.1809,25.3007,0</coordinates>
    </Point>
  </Placemark>
  <Placemark>
    <name>Customer 271: Saltha</name>
    <styleUrl>#customerStyle</styleUrl>
    <description>Demand: 6427</description>
    <Point>
      <coordinates>89.7826,23.4328,0</coordinates>
    </Point>
  </Placemark>
  <Placemark>
    <name>Customer 272: Daulatkhan</name>
    <styleUrl>#customerStyle</styleUrl>
    <description>Demand: 5543</description>
    <Point>
      <coordinates>90.7414,22.6051,0</coordinates>
    </Point>
  </Placemark>
  <Placemark>
    <name>Customer 273: Shibchar</name>
    <styleUrl>#customerStyle</styleUrl>
    <description>Demand: 8831</description>
    <Point>
      <coordinates>90.187,23.3346,0</coordinates>
    </Point>
  </Placemark>
  <Placemark>
    <name>Customer 274: Sadarpur</name>
    <styleUrl>#customerStyle</styleUrl>
    <description>Demand: 8470</description>
    <Point>
      <coordinates>90.0365,23.4664,0</coordinates>
    </Point>
  </Placemark>
  <Placemark>
    <name>Customer 275: Rupganj</name>
    <styleUrl>#customerStyle</styleUrl>
    <description>Demand: 4751</description>
    <Point>
      <coordinates>90.54,23.8159,0</coordinates>
    </Point>
  </Placemark>
  <Placemark>
    <name>Customer 276: Pekua</name>
    <styleUrl>#customerStyle</styleUrl>
    <description>Demand: 8050</description>
    <Point>
      <coordinates>91.9574,21.8327,0</coordinates>
    </Point>
  </Placemark>
  <Placemark>
    <name>Customer 277: Bochaganj</name>
    <styleUrl>#customerStyle</styleUrl>
    <description>Demand: 8662</description>
    <Point>
      <coordinates>88.4622,25.7997,0</coordinates>
    </Point>
  </Placemark>
  <Placemark>
    <name>Customer 278: Chakoria</name>
    <styleUrl>#customerStyle</styleUrl>
    <description>Demand: 7907</description>
    <Point>
      <coordinates>92.0469,21.725,0</coordinates>
    </Point>
  </Placemark>
  <Placemark>
    <name>Customer 279: Nagarkanda</name>
    <styleUrl>#customerStyle</styleUrl>
    <description>Demand: 7429</description>
    <Point>
      <coordinates>89.8949,23.421,0</coordinates>
    </Point>
  </Placemark>
  <Placemark>
    <name>Customer 280: Ullapara</name>
    <styleUrl>#customerStyle</styleUrl>
    <description>Demand: 7528</description>
    <Point>
      <coordinates>89.5622,24.3174,0</coordinates>
    </Point>
  </Placemark>
  <Placemark>
    <name>Customer 281: Baliakandi</name>
    <styleUrl>#customerStyle</styleUrl>
    <description>Demand: 6852</description>
    <Point>
      <coordinates>89.5474,23.6347,0</coordinates>
    </Point>
  </Placemark>
  <Placemark>
    <name>Customer 282: Kulaura</name>
    <styleUrl>#customerStyle</styleUrl>
    <description>Demand: 7127</description>
    <Point>
      <coordinates>92.0347,24.5255,0</coordinates>
    </Point>
  </Placemark>
  <Placemark>
    <name>Customer 283: Bagatipara</name>
    <styleUrl>#customerStyle</styleUrl>
    <description>Demand: 7708</description>
    <Point>
      <coordinates>88.9641,24.3024,0</coordinates>
    </Point>
  </Placemark>
  <Placemark>
    <name>Customer 284: Dhupchancia</name>
    <styleUrl>#customerStyle</styleUrl>
    <description>Demand: 8045</description>
    <Point>
      <coordinates>89.1777,24.8812,0</coordinates>
    </Point>
  </Placemark>
  <Placemark>
    <name>Customer 285: Satkhira-S</name>
    <styleUrl>#customerStyle</styleUrl>
    <description>Demand: 8489</description>
    <Point>
      <coordinates>89.0705,22.7185,0</coordinates>
    </Point>
  </Placemark>
  <Placemark>
    <name>Customer 286: Birganj</name>
    <styleUrl>#customerStyle</styleUrl>
    <description>Demand: 7227</description>
    <Point>
      <coordinates>88.6555,25.8608,0</coordinates>
    </Point>
  </Placemark>
  <Placemark>
    <name>Customer 287: Rowangchari</name>
    <styleUrl>#customerStyle</styleUrl>
    <description>Demand: 7807</description>
    <Point>
      <coordinates>92.3367,22.1832,0</coordinates>
    </Point>
  </Placemark>
  <Placemark>
    <name>Customer 288: Raojan</name>
    <styleUrl>#customerStyle</styleUrl>
    <description>Demand: 4373</description>
    <Point>
      <coordinates>91.9104,22.5349,0</coordinates>
    </Point>
  </Placemark>
  <Placemark>
    <name>Customer 289: Mongla</name>
    <styleUrl>#customerStyle</styleUrl>
    <description>Demand: 8087</description>
    <Point>
      <coordinates>89.4772,22.5456,0</coordinates>
    </Point>
  </Placemark>
  <Placemark>
    <name>Customer 290: Ulipur</name>
    <styleUrl>#customerStyle</styleUrl>
    <description>Demand: 5694</description>
    <Point>
      <coordinates>89.6205,25.6564,0</coordinates>
    </Point>
  </Placemark>
  <Placemark>
    <name>Customer 291: Ghatail</name>
    <styleUrl>#customerStyle</styleUrl>
    <description>Demand: 7259</description>
    <Point>
      <coordinates>89.9732,24.4812,0</coordinates>
    </Point>
  </Placemark>
  <Placemark>
    <name>Customer 292: Osmaninagar</name>
    <styleUrl>#customerStyle</styleUrl>
    <description>Demand: 8615</description>
    <Point>
      <coordinates>91.7466,24.719,0</coordinates>
    </Point>
  </Placemark>
  <Placemark>
    <name>Customer 293: Hatibandha</name>
    <styleUrl>#customerStyle</styleUrl>
    <description>Demand: 6789</description>
    <Point>
      <coordinates>89.1349,26.1422,0</coordinates>
    </Point>
  </Placemark>
  <Placemark>
    <name>Customer 294: Zianagar</name>
    <styleUrl>#customerStyle</styleUrl>
    <description>Demand: 7034</description>
    <Point>
      <coordinates>89.9603,22.4858,0</coordinates>
    </Point>
  </Placemark>
  <Placemark>
    <name>Customer 295: Sharsha</name>
    <styleUrl>#customerStyle</styleUrl>
    <description>Demand: 7835</description>
    <Point>
      <coordinates>88.9266,23.0529,0</coordinates>
    </Point>
  </Placemark>
  <Placemark>
    <name>Customer 296: Bogura-S</name>
    <styleUrl>#customerStyle</styleUrl>
    <description>Demand: 5279</description>
    <Point>
      <coordinates>89.373,24.8481,0</coordinates>
    </Point>
  </Placemark>
  <Placemark>
    <name>Customer 297: Kapasia</name>
    <styleUrl>#customerStyle</styleUrl>
    <description>Demand: 4088</description>
    <Point>
      <coordinates>90.5666,24.1124,0</coordinates>
    </Point>
  </Placemark>
  <Placemark>
    <name>Customer 298: Mirpur</name>
    <styleUrl>#customerStyle</styleUrl>
    <description>Demand: 8524</description>
    <Point>
      <coordinates>88.9949,23.9317,0</coordinates>
    </Point>
  </Placemark>
  <Placemark>
    <name>Customer 299: Lohagara</name>
    <styleUrl>#customerStyle</styleUrl>
    <description>Demand: 4595</description>
    <Point>
      <coordinates>92.1008,22.0402,0</coordinates>
    </Point>
  </Placemark>
  <Placemark>
    <name>Customer 300: Senbag</name>
    <styleUrl>#customerStyle</styleUrl>
    <description>Demand: 4502</description>
    <Point>
      <coordinates>91.2338,22.9875,0</coordinates>
    </Point>
  </Placemark>
  <Placemark>
    <name>Customer 301: Lohagara</name>
    <styleUrl>#customerStyle</styleUrl>
    <description>Demand: 7750</description>
    <Point>
      <coordinates>92.1008,22.0402,0</coordinates>
    </Point>
  </Placemark>
  <Placemark>
    <name>Customer 302: Tangail-S</name>
    <styleUrl>#customerStyle</styleUrl>
    <description>Demand: 6892</description>
    <Point>
      <coordinates>89.9167,24.2513,0</coordinates>
    </Point>
  </Placemark>
  <Placemark>
    <name>Customer 303: Goalanda</name>
    <styleUrl>#customerStyle</styleUrl>
    <description>Demand: 4469</description>
    <Point>
      <coordinates>89.7637,23.7237,0</coordinates>
    </Point>
  </Placemark>
  <Placemark>
    <name>Customer 304: Tarail</name>
    <styleUrl>#customerStyle</styleUrl>
    <description>Demand: 7022</description>
    <Point>
      <coordinates>90.8908,24.5491,0</coordinates>
    </Point>
  </Placemark>
  <Placemark>
    <name>Customer 305: Domar</name>
    <styleUrl>#customerStyle</styleUrl>
    <description>Demand: 8154</description>
    <Point>
      <coordinates>88.8215,26.1016,0</coordinates>
    </Point>
  </Placemark>
  <Placemark>
    <name>Customer 306: Bamna</name>
    <styleUrl>#customerStyle</styleUrl>
    <description>Demand: 5418</description>
    <Point>
      <coordinates>90.091,22.3129,0</coordinates>
    </Point>
  </Placemark>
  <Placemark>
    <name>Customer 307: Shahrasti</name>
    <styleUrl>#customerStyle</styleUrl>
    <description>Demand: 7664</description>
    <Point>
      <coordinates>90.9486,23.2306,0</coordinates>
    </Point>
  </Placemark>
  <Placemark>
    <name>Customer 308: Banskhali</name>
    <styleUrl>#customerStyle</styleUrl>
    <description>Demand: 7122</description>
    <Point>
      <coordinates>91.9463,22.0254,0</coordinates>
    </Point>
  </Placemark>
  <Placemark>
    <name>Customer 309: Nanniarchar</name>
    <styleUrl>#customerStyle</styleUrl>
    <description>Demand: 7719</description>
    <Point>
      <coordinates>92.1107,22.8622,0</coordinates>
    </Point>
  </Placemark>
  <Placemark>
    <name>Customer 310: Nazirpur</name>
    <styleUrl>#customerStyle</styleUrl>
    <description>Demand: 4701</description>
    <Point>
      <coordinates>89.9813,22.7867,0</coordinates>
    </Point>
  </Placemark>
  <Placemark>
    <name>Customer 311: Pakundia</name>
    <styleUrl>#customerStyle</styleUrl>
    <description>Demand: 5150</description>
    <Point>
      <coordinates>90.6797,24.3297,0</coordinates>
    </Point>
  </Placemark>
  <Placemark>
    <name>Customer 312: Raiganj</name>
    <styleUrl>#customerStyle</styleUrl>
    <description>Demand: 4363</description>
    <Point>
      <coordinates>89.5449,24.5327,0</coordinates>
    </Point>
  </Placemark>
  <Placemark>
    <name>Customer 313: Shajahanpur</name>
    <styleUrl>#customerStyle</styleUrl>
    <description>Demand: 4347</description>
    <Point>
      <coordinates>89.3838,24.7661,0</coordinates>
    </Point>
  </Placemark>
  <Placemark>
    <name>Customer 314: Rajbari-S</name>
    <styleUrl>#customerStyle</styleUrl>
    <description>Demand: 8101</description>
    <Point>
      <coordinates>89.6467,23.7639,0</coordinates>
    </Point>
  </Placemark>
  <Placemark>
    <name>Customer 315: Chatmohar</name>
    <styleUrl>#customerStyle</styleUrl>
    <description>Demand: 8744</description>
    <Point>
      <coordinates>89.2905,24.2269,0</coordinates>
    </Point>
  </Placemark>
  <Placemark>
    <name>Customer 316: Chitalmari</name>
    <styleUrl>#customerStyle</styleUrl>
    <description>Demand: 8383</description>
    <Point>
      <coordinates>89.8778,22.7904,0</coordinates>
    </Point>
  </Placemark>
  <Placemark>
    <name>Customer 317: Balaganj</name>
    <styleUrl>#customerStyle</styleUrl>
    <description>Demand: 5287</description>
    <Point>
      <coordinates>91.8177,24.6614,0</coordinates>
    </Point>
  </Placemark>
  <Placemark>
    <name>Customer 318: Kalkini</name>
    <styleUrl>#customerStyle</styleUrl>
    <description>Demand: 7120</description>
    <Point>
      <coordinates>90.2268,23.0755,0</coordinates>
    </Point>
  </Placemark>
  <Placemark>
    <name>Customer 319: Jamalpur-S</name>
    <styleUrl>#customerStyle</styleUrl>
    <description>Demand: 6276</description>
    <Point>
      <coordinates>89.9463,24.925,0</coordinates>
    </Point>
  </Placemark>
  <Placemark>
    <name>Customer 320: Barguna-S</name>
    <styleUrl>#customerStyle</styleUrl>
    <description>Demand: 5748</description>
    <Point>
      <coordinates>90.1201,22.1605,0</coordinates>
    </Point>
  </Placemark>
  <Placemark>
    <name>Customer 321: Boalkhali</name>
    <styleUrl>#customerStyle</styleUrl>
    <description>Demand: 8374</description>
    <Point>
      <coordinates>91.9173,22.3791,0</coordinates>
    </Point>
  </Placemark>
  <Placemark>
    <name>Customer 322: Nawabganj</name>
    <styleUrl>#customerStyle</styleUrl>
    <description>Demand: 8513</description>
    <Point>
      <coordinates>90.1518,23.6531,0</coordinates>
    </Point>
  </Placemark>
  <Placemark>
    <name>Customer 323: Gopalpur</name>
    <styleUrl>#customerStyle</styleUrl>
    <description>Demand: 6344</description>
    <Point>
      <coordinates>89.8418,24.5629,0</coordinates>
    </Point>
  </Placemark>
  <Placemark>
    <name>Customer 324: Doarabazar</name>
    <styleUrl>#customerStyle</styleUrl>
    <description>Demand: 7507</description>
    <Point>
      <coordinates>91.5588,25.0483,0</coordinates>
    </Point>
  </Placemark>
  <Placemark>
    <name>Customer 325: Chandina</name>
    <styleUrl>#customerStyle</styleUrl>
    <description>Demand: 7914</description>
    <Point>
      <coordinates>91.0084,23.4892,0</coordinates>
    </Point>
  </Placemark>
  <Placemark>
    <name>Customer 326: Ukhiya</name>
    <styleUrl>#customerStyle</styleUrl>
    <description>Demand: 7120</description>
    <Point>
      <coordinates>92.1389,21.2447,0</coordinates>
    </Point>
  </Placemark>
  <Placemark>
    <name>Customer 327: Assasuni</name>
    <styleUrl>#customerStyle</styleUrl>
    <description>Demand: 8483</description>
    <Point>
      <coordinates>89.1619,22.5409,0</coordinates>
    </Point>
  </Placemark>
  <Placemark>
    <name>Customer 328: Fulchari</name>
    <styleUrl>#customerStyle</styleUrl>
    <description>Demand: 8103</description>
    <Point>
      <coordinates>89.5959,25.3198,0</coordinates>
    </Point>
  </Placemark>
  <Placemark>
    <name>Customer 329: Tarash</name>
    <styleUrl>#customerStyle</styleUrl>
    <description>Demand: 8045</description>
    <Point>
      <coordinates>89.3725,24.4309,0</coordinates>
    </Point>
  </Placemark>
  <Placemark>
    <name>Customer 330: Dharmapasha</name>
    <styleUrl>#customerStyle</styleUrl>
    <description>Demand: 7223</description>
    <Point>
      <coordinates>91.012,24.8993,0</coordinates>
    </Point>
  </Placemark>
  <Placemark>
    <name>Customer 331: Sonatala</name>
    <styleUrl>#customerStyle</styleUrl>
    <description>Demand: 8383</description>
    <Point>
      <coordinates>89.4978,25.0398,0</coordinates>
    </Point>
  </Placemark>
  <Placemark>
    <name>Customer 332: Monirampur</name>
    <styleUrl>#customerStyle</styleUrl>
    <description>Demand: 4021</description>
    <Point>
      <coordinates>89.2327,23.0242,0</coordinates>
    </Point>
  </Placemark>
  <Placemark>
    <name>Customer 333: Meghna</name>
    <styleUrl>#customerStyle</styleUrl>
    <description>Demand: 5199</description>
    <Point>
      <coordinates>90.7007,23.6256,0</coordinates>
    </Point>
  </Placemark>
  <Placemark>
    <name>Customer 334: Aditmari</name>
    <styleUrl>#customerStyle</styleUrl>
    <description>Demand: 7423</description>
    <Point>
      <coordinates>89.3842,25.9273,0</coordinates>
    </Point>
  </Placemark>
  <Placemark>
    <name>Customer 335: Rajapur</name>
    <styleUrl>#customerStyle</styleUrl>
    <description>Demand: 7325</description>
    <Point>
      <coordinates>90.1431,22.574,0</coordinates>
    </Point>
  </Placemark>
  <Placemark>
    <name>Customer 336: Kachua</name>
    <styleUrl>#customerStyle</styleUrl>
    <description>Demand: 7422</description>
    <Point>
      <coordinates>90.889,23.3411,0</coordinates>
    </Point>
  </Placemark>
  <Placemark>
    <name>Customer 337: Lalmohan</name>
    <styleUrl>#customerStyle</styleUrl>
    <description>Demand: 6587</description>
    <Point>
      <coordinates>90.7319,22.3411,0</coordinates>
    </Point>
  </Placemark>
  <Placemark>
    <name>Customer 338: Nachol</name>
    <styleUrl>#customerStyle</styleUrl>
    <description>Demand: 5163</description>
    <Point>
      <coordinates>88.4137,24.7327,0</coordinates>
    </Point>
  </Placemark>
  <Placemark>
    <name>Customer 339: Bhandaria</name>
    <styleUrl>#customerStyle</styleUrl>
    <description>Demand: 8230</description>
    <Point>
      <coordinates>90.0591,22.4832,0</coordinates>
    </Point>
  </Placemark>
  <Placemark>
    <name>Customer 340: Phulpur</name>
    <styleUrl>#customerStyle</styleUrl>
    <description>Demand: 6434</description>
    <Point>
      <coordinates>90.4481,24.9621,0</coordinates>
    </Point>
  </Placemark>
  <Placemark>
    <name>Customer 341: Jibannagar</name>
    <styleUrl>#customerStyle</styleUrl>
    <description>Demand: 4101</description>
    <Point>
      <coordinates>88.8239,23.4226,0</coordinates>
    </Point>
  </Placemark>
  <Placemark>
    <name>Customer 342: Matlab (Uttar)</name>
    <styleUrl>#customerStyle</styleUrl>
    <description>Demand: 6060</description>
    <Point>
      <coordinates>90.6181,23.3837,0</coordinates>
    </Point>
  </Placemark>
  <Placemark>
    <name>Customer 343: Eidgaon</name>
    <styleUrl>#customerStyle</styleUrl>
    <description>Demand: 8111</description>
    <Point>
      <coordinates>92.0684,21.5527,0</coordinates>
    </Point>
  </Placemark>
  <Placemark>
    <name>Customer 344: Matiranga</name>
    <styleUrl>#customerStyle</styleUrl>
    <description>Demand: 4278</description>
    <Point>
      <coordinates>91.8733,23.0408,0</coordinates>
    </Point>
  </Placemark>
  <Placemark>
    <name>Customer 345: Habiganj-S</name>
    <styleUrl>#customerStyle</styleUrl>
    <description>Demand: 6103</description>
    <Point>
      <coordinates>91.4169,24.384,0</coordinates>
    </Point>
  </Placemark>
  <Placemark>
    <name>Customer 346: Terokhada</name>
    <styleUrl>#customerStyle</styleUrl>
    <description>Demand: 8376</description>
    <Point>
      <coordinates>89.6675,22.9353,0</coordinates>
    </Point>
  </Placemark>
  <Placemark>
    <name>Customer 347: Boalmari</name>
    <styleUrl>#customerStyle</styleUrl>
    <description>Demand: 8438</description>
    <Point>
      <coordinates>89.684,23.391,0</coordinates>
    </Point>
  </Placemark>
  <Placemark>
    <name>Customer 348: Dhobaura</name>
    <styleUrl>#customerStyle</styleUrl>
    <description>Demand: 7064</description>
    <Point>
      <coordinates>90.5234,25.0902,0</coordinates>
    </Point>
  </Placemark>
  <Placemark>
    <name>Customer 349: Patharghata</name>
    <styleUrl>#customerStyle</styleUrl>
    <description>Demand: 6855</description>
    <Point>
      <coordinates>89.9697,22.0387,0</coordinates>
    </Point>
  </Placemark>
  <Placemark>
    <name>Customer 350: Narayanganj-S</name>
    <styleUrl>#customerStyle</styleUrl>
    <description>Demand: 4550</description>
    <Point>
      <coordinates>90.5002,23.6238,0</coordinates>
    </Point>
  </Placemark>
  <Placemark>
    <name>Customer 351: Sujanagar</name>
    <styleUrl>#customerStyle</styleUrl>
    <description>Demand: 7696</description>
    <Point>
      <coordinates>89.421,23.9422,0</coordinates>
    </Point>
  </Placemark>
  <Placemark>
    <name>Customer 352: Cumilla-S Daksin</name>
    <styleUrl>#customerStyle</styleUrl>
    <description>Demand: 5482</description>
    <Point>
      <coordinates>91.1809,23.4607,0</coordinates>
    </Point>
  </Placemark>
  <Placemark>
    <name>Customer 353: Barhatta</name>
    <styleUrl>#customerStyle</styleUrl>
    <description>Demand: 8211</description>
    <Point>
      <coordinates>90.8842,24.8986,0</coordinates>
    </Point>
  </Placemark>
  <Placemark>
    <name>Customer 354: Basail</name>
    <styleUrl>#customerStyle</styleUrl>
    <description>Demand: 5043</description>
    <Point>
      <coordinates>90.0513,24.2331,0</coordinates>
    </Point>
  </Placemark>
  <Placemark>
    <name>Customer 355: Companiganj</name>
    <styleUrl>#customerStyle</styleUrl>
    <description>Demand: 6135</description>
    <Point>
      <coordinates>91.7548,25.0881,0</coordinates>
    </Point>
  </Placemark>
  <Placemark>
    <name>Customer 356: Sitakunda</name>
    <styleUrl>#customerStyle</styleUrl>
    <description>Demand: 7624</description>
    <Point>
      <coordinates>91.6809,22.6171,0</coordinates>
    </Point>
  </Placemark>
  <Placemark>
    <name>Customer 357: Ghior</name>
    <styleUrl>#customerStyle</styleUrl>
    <description>Demand: 6533</description>
    <Point>
      <coordinates>89.8716,23.8971,0</coordinates>
    </Point>
  </Placemark>
  <Placemark>
    <name>Customer 358: Barishal-S</name>
    <styleUrl>#customerStyle</styleUrl>
    <description>Demand: 6318</description>
    <Point>
      <coordinates>90.3535,22.701,0</coordinates>
    </Point>
  </Placemark>
  <Placemark>
    <name>Customer 359: Bajitpur</name>
    <styleUrl>#customerStyle</styleUrl>
    <description>Demand: 6508</description>
    <Point>
      <coordinates>90.9522,24.2138,0</coordinates>
    </Point>
  </Placemark>
  <Placemark>
    <name>Customer 360: Subarna Char</name>
    <styleUrl>#customerStyle</styleUrl>
    <description>Demand: 8093</description>
    <Point>
      <coordinates>91.1257,22.6756,0</coordinates>
    </Point>
  </Placemark>
  <Placemark>
    <name>Customer 361: Mirsharai</name>
    <styleUrl>#customerStyle</styleUrl>
    <description>Demand: 8182</description>
    <Point>
      <coordinates>91.5742,22.773,0</coordinates>
    </Point>
  </Placemark>
  <Placemark>
    <name>Customer 362: Gowainghat</name>
    <styleUrl>#customerStyle</styleUrl>
    <description>Demand: 8961</description>
    <Point>
      <coordinates>91.9823,25.091,0</coordinates>
    </Point>
  </Placemark>
  <Placemark>
    <name>Customer 363: Monohorganj</name>
    <styleUrl>#customerStyle</styleUrl>
    <description>Demand: 5872</description>
    <Point>
      <coordinates>91.1158,23.1123,0</coordinates>
    </Point>
  </Placemark>
  <Placemark>
    <name>Customer 364: Pirgacha</name>
    <styleUrl>#customerStyle</styleUrl>
    <description>Demand: 6511</description>
    <Point>
      <coordinates>89.4056,25.6578,0</coordinates>
    </Point>
  </Placemark>
  <Placemark>
    <name>Customer 365: Amtali</name>
    <styleUrl>#customerStyle</styleUrl>
    <description>Demand: 5403</description>
    <Point>
      <coordinates>90.2362,22.1339,0</coordinates>
    </Point>
  </Placemark>
  <Placemark>
    <name>Customer 366: Atghoria</name>
    <styleUrl>#customerStyle</styleUrl>
    <description>Demand: 4379</description>
    <Point>
      <coordinates>89.2431,24.1134,0</coordinates>
    </Point>
  </Placemark>
  <Placemark>
    <name>Customer 367: Shibganj</name>
    <styleUrl>#customerStyle</styleUrl>
    <description>Demand: 7922</description>
    <Point>
      <coordinates>89.3203,25.0006,0</coordinates>
    </Point>
  </Placemark>
  <Placemark>
    <name>Customer 368: Nandail</name>
    <styleUrl>#customerStyle</styleUrl>
    <description>Demand: 6718</description>
    <Point>
      <coordinates>90.6904,24.5687,0</coordinates>
    </Point>
  </Placemark>
  <Placemark>
    <name>Customer 369: Sayedpur</name>
    <styleUrl>#customerStyle</styleUrl>
    <description>Demand: 7811</description>
    <Point>
      <coordinates>88.8983,25.783,0</coordinates>
    </Point>
  </Placemark>
  <Placemark>
    <name>Customer 370: Dohar</name>
    <styleUrl>#customerStyle</styleUrl>
    <description>Demand: 8930</description>
    <Point>
      <coordinates>90.1197,23.6182,0</coordinates>
    </Point>
  </Placemark>
  <Placemark>
    <name>Customer 371: Sherpur-S</name>
    <styleUrl>#customerStyle</styleUrl>
    <description>Demand: 4113</description>
    <Point>
      <coordinates>90.0137,25.0194,0</coordinates>
    </Point>
  </Placemark>
  <Placemark>
    <name>Customer 372: Daganbhuiyan</name>
    <styleUrl>#customerStyle</styleUrl>
    <description>Demand: 4869</description>
    <Point>
      <coordinates>91.318,22.9124,0</coordinates>
    </Point>
  </Placemark>
  <Placemark>
    <name>Customer 373: Haziganj</name>
    <styleUrl>#customerStyle</styleUrl>
    <description>Demand: 6331</description>
    <Point>
      <coordinates>90.8508,23.252,0</coordinates>
    </Point>
  </Placemark>
  <Placemark>
    <name>Customer 374: Sherpur</name>
    <styleUrl>#customerStyle</styleUrl>
    <description>Demand: 6071</description>
    <Point>
      <coordinates>90.0137,25.0194,0</coordinates>
    </Point>
  </Placemark>
  <Placemark>
    <name>Customer 375: Rajnagar</name>
    <styleUrl>#customerStyle</styleUrl>
    <description>Demand: 6135</description>
    <Point>
      <coordinates>86.1607,24.5316,0</coordinates>
    </Point>
  </Placemark>
  <Placemark>
    <name>Customer 376: Shibganj</name>
    <styleUrl>#customerStyle</styleUrl>
    <description>Demand: 6342</description>
    <Point>
      <coordinates>89.3203,25.0006,0</coordinates>
    </Point>
  </Placemark>
  <Placemark>
    <name>Customer 377: Atwari</name>
    <styleUrl>#customerStyle</styleUrl>
    <description>Demand: 7700</description>
    <Point>
      <coordinates>88.4137,26.2365,0</coordinates>
    </Point>
  </Placemark>
  <Placemark>
    <name>Customer 378: Akkelpur</name>
    <styleUrl>#customerStyle</styleUrl>
    <description>Demand: 6498</description>
    <Point>
      <coordinates>89.0203,24.9692,0</coordinates>
    </Point>
  </Placemark>
  <Placemark>
    <name>Customer 379: Monohardi</name>
    <styleUrl>#customerStyle</styleUrl>
    <description>Demand: 7519</description>
    <Point>
      <coordinates>90.7032,24.141,0</coordinates>
    </Point>
  </Placemark>
  <Placemark>
    <name>Customer 380: Itna</name>
    <styleUrl>#customerStyle</styleUrl>
    <description>Demand: 5505</description>
    <Point>
      <coordinates>91.0957,24.5277,0</coordinates>
    </Point>
  </Placemark>
  <Placemark>
    <name>Customer 381: Kaliganj</name>
    <styleUrl>#customerStyle</styleUrl>
    <description>Demand: 8385</description>
    <Point>
      <coordinates>90.5731,23.9645,0</coordinates>
    </Point>
  </Placemark>
  <Placemark>
    <name>Customer 382: Meherpur-S</name>
    <styleUrl>#customerStyle</styleUrl>
    <description>Demand: 4011</description>
    <Point>
      <coordinates>88.6314,23.7721,0</coordinates>
    </Point>
  </Placemark>
  <Placemark>
    <name>Customer 383: Harinakunda</name>
    <styleUrl>#customerStyle</styleUrl>
    <description>Demand: 4588</description>
    <Point>
      <coordinates>89.043,23.6488,0</coordinates>
    </Point>
  </Placemark>
  <Placemark>
    <name>Customer 384: Sandwip</name>
    <styleUrl>#customerStyle</styleUrl>
    <description>Demand: 8607</description>
    <Point>
      <coordinates>91.5015,22.4937,0</coordinates>
    </Point>
  </Placemark>
  <Placemark>
    <name>Customer 385: Hossainpur</name>
    <styleUrl>#customerStyle</styleUrl>
    <description>Demand: 6825</description>
    <Point>
      <coordinates>90.6548,24.4174,0</coordinates>
    </Point>
  </Placemark>
  <Placemark>
    <name>Customer 386: Bakshiganj</name>
    <styleUrl>#customerStyle</styleUrl>
    <description>Demand: 6275</description>
    <Point>
      <coordinates>89.8681,25.1844,0</coordinates>
    </Point>
  </Placemark>
  <Placemark>
    <name>Customer 387: Dashmina</name>
    <styleUrl>#customerStyle</styleUrl>
    <description>Demand: 7320</description>
    <Point>
      <coordinates>90.5683,22.2791,0</coordinates>
    </Point>
  </Placemark>
  <Placemark>
    <name>Customer 388: Shivalaya</name>
    <styleUrl>#customerStyle</styleUrl>
    <description>Demand: 4812</description>
    <Point>
      <coordinates>89.7055,23.8471,0</coordinates>
    </Point>
  </Placemark>
  <Placemark>
    <name>Customer 389: Rowmari</name>
    <styleUrl>#customerStyle</styleUrl>
    <description>Demand: 5342</description>
    <Point>
      <coordinates>89.8306,25.5754,0</coordinates>
    </Point>
  </Placemark>
  <Placemark>
    <name>Customer 390: Belabo</name>
    <styleUrl>#customerStyle</styleUrl>
    <description>Demand: 8123</description>
    <Point>
      <coordinates>90.8514,24.1051,0</coordinates>
    </Point>
  </Placemark>
  <Placemark>
    <name>Customer 391: Babuganj</name>
    <styleUrl>#customerStyle</styleUrl>
    <description>Demand: 5479</description>
    <Point>
      <coordinates>90.3246,22.8172,0</coordinates>
    </Point>
  </Placemark>
  <Placemark>
    <name>Customer 392: Gangachara</name>
    <styleUrl>#customerStyle</styleUrl>
    <description>Demand: 6211</description>
    <Point>
      <coordinates>89.2229,25.856,0</coordinates>
    </Point>
  </Placemark>
  <Placemark>
    <name>Customer 393: Chhatak</name>
    <styleUrl>#customerStyle</styleUrl>
    <description>Demand: 8749</description>
    <Point>
      <coordinates>91.6664,25.0417,0</coordinates>
    </Point>
  </Placemark>
  <Placemark>
    <name>Customer 394: Chandpur-S</name>
    <styleUrl>#customerStyle</styleUrl>
    <description>Demand: 6118</description>
    <Point>
      <coordinates>90.6631,23.2321,0</coordinates>
    </Point>
  </Placemark>
  <Placemark>
    <name>Customer 395: Austagram</name>
    <styleUrl>#customerStyle</styleUrl>
    <description>Demand: 6106</description>
    <Point>
      <coordinates>91.1185,24.2795,0</coordinates>
    </Point>
  </Placemark>
  <Placemark>
    <name>Customer 396: Tungipara</name>
    <styleUrl>#customerStyle</styleUrl>
    <description>Demand: 8609</description>
    <Point>
      <coordinates>89.8985,22.9073,0</coordinates>
    </Point>
  </Placemark>
  <Placemark>
    <name>Customer 397: Debhata</name>
    <styleUrl>#customerStyle</styleUrl>
    <description>Demand: 6999</description>
    <Point>
      <coordinates>88.9892,22.5809,0</coordinates>
    </Point>
  </Placemark>
  <Placemark>
    <name>Customer 398: Gouranadi</name>
    <styleUrl>#customerStyle</styleUrl>
    <description>Demand: 6083</description>
    <Point>
      <coordinates>90.2221,22.9743,0</coordinates>
    </Point>
  </Placemark>
  <Placemark>
    <name>Customer 399: Bakerganj</name>
    <styleUrl>#customerStyle</styleUrl>
    <description>Demand: 7948</description>
    <Point>
      <coordinates>90.3384,22.5405,0</coordinates>
    </Point>
  </Placemark>
  <Placemark>
    <name>Customer 400: Jashore-S</name>
    <styleUrl>#customerStyle</styleUrl>
    <description>Demand: 6108</description>
    <Point>
      <coordinates>89.2182,23.1634,0</coordinates>
    </Point>
  </Placemark>
  <Placemark>
    <name>Customer 401: Madarganj</name>
    <styleUrl>#customerStyle</styleUrl>
    <description>Demand: 4990</description>
    <Point>
      <coordinates>89.7167,24.9068,0</coordinates>
    </Point>
  </Placemark>
  <Placemark>
    <name>Customer 402: Dashar</name>
    <styleUrl>#customerStyle</styleUrl>
    <description>Demand: 4243</description>
    <Point>
      <coordinates>90.1448,23.0786,0</coordinates>
    </Point>
  </Placemark>
  <Placemark>
    <name>Customer 403: Cumilla-S</name>
    <styleUrl>#customerStyle</styleUrl>
    <description>Demand: 7226</description>
    <Point>
      <coordinates>91.1809,23.4607,0</coordinates>
    </Point>
  </Placemark>
  <Placemark>
    <name>Customer 404: Natore-S</name>
    <styleUrl>#customerStyle</styleUrl>
    <description>Demand: 5472</description>
    <Point>
      <coordinates>88.975,24.4084,0</coordinates>
    </Point>
  </Placemark>
  <Placemark>
    <name>Customer 405: Anwara</name>
    <styleUrl>#customerStyle</styleUrl>
    <description>Demand: 8918</description>
    <Point>
      <coordinates>91.866,22.2337,0</coordinates>
    </Point>
  </Placemark>
  <Placemark>
    <name>Customer 406: Akhaura</name>
    <styleUrl>#customerStyle</styleUrl>
    <description>Demand: 8023</description>
    <Point>
      <coordinates>91.2097,23.8686,0</coordinates>
    </Point>
  </Placemark>
  <Placemark>
    <name>Customer 407: Baniachong</name>
    <styleUrl>#customerStyle</styleUrl>
    <description>Demand: 8704</description>
    <Point>
      <coordinates>91.3566,24.5063,0</coordinates>
    </Point>
  </Placemark>
  <Placemark>
    <name>Customer 408: Kaliganj</name>
    <styleUrl>#customerStyle</styleUrl>
    <description>Demand: 7432</description>
    <Point>
      <coordinates>90.5731,23.9645,0</coordinates>
    </Point>
  </Placemark>
  <Placemark>
    <name>Customer 409: Panchari</name>
    <styleUrl>#customerStyle</styleUrl>
    <description>Demand: 5846</description>
    <Point>
      <coordinates>91.899,23.3029,0</coordinates>
    </Point>
  </Placemark>
  <Placemark>
    <name>Customer 410: Dhunot</name>
    <styleUrl>#customerStyle</styleUrl>
    <description>Demand: 5411</description>
    <Point>
      <coordinates>89.5403,24.678,0</coordinates>
    </Point>
  </Placemark>
  <Placemark>
    <name>Customer 411: Kalapara</name>
    <styleUrl>#customerStyle</styleUrl>
    <description>Demand: 4227</description>
    <Point>
      <coordinates>90.2315,21.9849,0</coordinates>
    </Point>
  </Placemark>
  <Placemark>
    <name>Customer 412: Patuakhali-S</name>
    <styleUrl>#customerStyle</styleUrl>
    <description>Demand: 7491</description>
    <Point>
      <coordinates>90.3452,22.3588,0</coordinates>
    </Point>
  </Placemark>
  <Placemark>
    <name>Customer 413: Kazipur</name>
    <styleUrl>#customerStyle</styleUrl>
    <description>Demand: 8582</description>
    <Point>
      <coordinates>89.6346,24.6545,0</coordinates>
    </Point>
  </Placemark>
  <Placemark>
    <name>Customer 414: Mohadevpur</name>
    <styleUrl>#customerStyle</styleUrl>
    <description>Demand: 7279</description>
    <Point>
      <coordinates>88.7518,24.9198,0</coordinates>
    </Point>
  </Placemark>
  <Placemark>
    <name>Customer 415: Nabiganj</name>
    <styleUrl>#customerStyle</styleUrl>
    <description>Demand: 5054</description>
    <Point>
      <coordinates>91.5136,24.5672,0</coordinates>
    </Point>
  </Placemark>
  <Placemark>
    <name>Customer 416: Kabir Hat</name>
    <styleUrl>#customerStyle</styleUrl>
    <description>Demand: 8649</description>
    <Point>
      <coordinates>91.1989,22.7956,0</coordinates>
    </Point>
  </Placemark>
  <Placemark>
    <name>Customer 417: Muradnagar</name>
    <styleUrl>#customerStyle</styleUrl>
    <description>Demand: 5278</description>
    <Point>
      <coordinates>90.944,23.7149,0</coordinates>
    </Point>
  </Placemark>
  <Placemark>
    <name>Customer 418: Chouddagram</name>
    <styleUrl>#customerStyle</styleUrl>
    <description>Demand: 8899</description>
    <Point>
      <coordinates>91.3132,23.228,0</coordinates>
    </Point>
  </Placemark>
  <Placemark>
    <name>Customer 419: Kalmakanda</name>
    <styleUrl>#customerStyle</styleUrl>
    <description>Demand: 7905</description>
    <Point>
      <coordinates>90.889,25.0766,0</coordinates>
    </Point>
  </Placemark>
  <Placemark>
    <name>Customer 420: Bandar</name>
    <styleUrl>#customerStyle</styleUrl>
    <description>Demand: 6103</description>
    <Point>
      <coordinates>90.5315,23.6332,0</coordinates>
    </Point>
  </Placemark>
  <Placemark>
    <name>Customer 421: Pirganj</name>
    <styleUrl>#customerStyle</styleUrl>
    <description>Demand: 5441</description>
    <Point>
      <coordinates>89.3132,25.4362,0</coordinates>
    </Point>
  </Placemark>
  <Placemark>
    <name>Customer 422: Madhukhali</name>
    <styleUrl>#customerStyle</styleUrl>
    <description>Demand: 7622</description>
    <Point>
      <coordinates>89.6287,23.5441,0</coordinates>
    </Point>
  </Placemark>
  <Placemark>
    <name>Customer 423: Muksudpur</name>
    <styleUrl>#customerStyle</styleUrl>
    <description>Demand: 8902</description>
    <Point>
      <coordinates>89.8669,23.3198,0</coordinates>
    </Point>
  </Placemark>
  <Placemark>
    <name>Customer 424: Khagrachari-S</name>
    <styleUrl>#customerStyle</styleUrl>
    <description>Demand: 5725</description>
    <Point>
      <coordinates>91.9888,23.1117,0</coordinates>
    </Point>
  </Placemark>
  <Placemark>
    <name>Customer 425: Bagherpara</name>
    <styleUrl>#customerStyle</styleUrl>
    <description>Demand: 4525</description>
    <Point>
      <coordinates>89.3488,23.2173,0</coordinates>
    </Point>
  </Placemark>
  <Placemark>
    <name>Customer 426: Shahjadpur</name>
    <styleUrl>#customerStyle</styleUrl>
    <description>Demand: 6768</description>
    <Point>
      <coordinates>89.6,24.1761,0</coordinates>
    </Point>
  </Placemark>
  <Placemark>
    <name>Customer 427: Joypurhat-S</name>
    <styleUrl>#customerStyle</styleUrl>
    <description>Demand: 4887</description>
    <Point>
      <coordinates>89.0227,25.0968,0</coordinates>
    </Point>
  </Placemark>
  <Placemark>
    <name>Customer 428: Rangpur-S</name>
    <styleUrl>#customerStyle</styleUrl>
    <description>Demand: 4966</description>
    <Point>
      <coordinates>89.2752,25.7439,0</coordinates>
    </Point>
  </Placemark>
  <Placemark>
    <name>Customer 429: Lalmai</name>
    <styleUrl>#customerStyle</styleUrl>
    <description>Demand: 7651</description>
    <Point>
      <coordinates>91.1467,23.359,0</coordinates>
    </Point>
  </Placemark>
  <Placemark>
    <name>Customer 430: Sreepur</name>
    <styleUrl>#customerStyle</styleUrl>
    <description>Demand: 6102</description>
    <Point>
      <coordinates>90.4809,24.1997,0</coordinates>
    </Point>
  </Placemark>
  <Placemark>
    <name>Customer 431: Bancharampur</name>
    <styleUrl>#customerStyle</styleUrl>
    <description>Demand: 6972</description>
    <Point>
      <coordinates>90.8038,23.7753,0</coordinates>
    </Point>
  </Placemark>
  <Placemark>
    <name>Customer 432: Tongibari</name>
    <styleUrl>#customerStyle</styleUrl>
    <description>Demand: 6124</description>
    <Point>
      <coordinates>90.4668,23.5097,0</coordinates>
    </Point>
  </Placemark>
  <Placemark>
    <name>Customer 433: Purbadhala</name>
    <styleUrl>#customerStyle</styleUrl>
    <description>Demand: 6762</description>
    <Point>
      <coordinates>90.6003,24.9431,0</coordinates>
    </Point>
  </Placemark>
  <Placemark>
    <name>Customer 434: Madhabpur</name>
    <styleUrl>#customerStyle</styleUrl>
    <description>Demand: 8164</description>
    <Point>
      <coordinates>91.2963,24.0998,0</coordinates>
    </Point>
  </Placemark>
  <Placemark>
    <name>Customer 435: Islampur</name>
    <styleUrl>#customerStyle</styleUrl>
    <description>Demand: 5330</description>
    <Point>
      <coordinates>89.4079,25.1108,0</coordinates>
    </Point>
  </Placemark>
  <Placemark>
    <name>Customer 436: Ishwardi</name>
    <styleUrl>#customerStyle</styleUrl>
    <description>Demand: 4868</description>
    <Point>
      <coordinates>89.0657,24.1292,0</coordinates>
    </Point>
  </Placemark>
  <Placemark>
    <name>Customer 437: Bheramara</name>
    <styleUrl>#customerStyle</styleUrl>
    <description>Demand: 5765</description>
    <Point>
      <coordinates>88.9922,24.021,0</coordinates>
    </Point>
  </Placemark>
  <Placemark>
    <name>Customer 438: Gaffargaon</name>
    <styleUrl>#customerStyle</styleUrl>
    <description>Demand: 4506</description>
    <Point>
      <coordinates>90.5492,24.4173,0</coordinates>
    </Point>
  </Placemark>
  <Placemark>
    <name>Customer 439: Muktagacha</name>
    <styleUrl>#customerStyle</styleUrl>
    <description>Demand: 5282</description>
    <Point>
      <coordinates>90.2561,24.766,0</coordinates>
    </Point>
  </Placemark>
  <Placemark>
    <name>Customer 440: Kutubdia</name>
    <styleUrl>#customerStyle</styleUrl>
    <description>Demand: 4179</description>
    <Point>
      <coordinates>91.8583,21.8167,0</coordinates>
    </Point>
  </Placemark>
  <Placemark>
    <name>Customer 441: Birol</name>
    <styleUrl>#customerStyle</styleUrl>
    <description>Demand: 8201</description>
    <Point>
      <coordinates>88.5565,25.6328,0</coordinates>
    </Point>
  </Placemark>
  <Placemark>
    <name>Customer 442: Daulatpur</name>
    <styleUrl>#customerStyle</styleUrl>
    <description>Demand: 5815</description>
    <Point>
      <coordinates>89.7791,23.9654,0</coordinates>
    </Point>
  </Placemark>
  <Placemark>
    <name>Customer 443: B.Baria-S</name>
    <styleUrl>#customerStyle</styleUrl>
    <description>Demand: 4238</description>
    <Point>
      <coordinates>91.1115,23.9608,0</coordinates>
    </Point>
  </Placemark>
  <Placemark>
    <name>Customer 444: Bauphal</name>
    <styleUrl>#customerStyle</styleUrl>
    <description>Demand: 7695</description>
    <Point>
      <coordinates>90.5565,22.4193,0</coordinates>
    </Point>
  </Placemark>
  <Placemark>
    <name>Customer 445: Bhedarganj</name>
    <styleUrl>#customerStyle</styleUrl>
    <description>Demand: 8200</description>
    <Point>
      <coordinates>90.4455,23.1971,0</coordinates>
    </Point>
  </Placemark>
  <Placemark>
    <name>Route Sullah to Khaliajuri</name>
    <description>Assigned Demand Flow: 8459</description>
    <styleUrl>#lineStyle</styleUrl>
    <LineString>
      <tessellate>1</tessellate>
      <coordinates>
        91.2624,24.6711,0
        91.1329,24.6893,0
      </coordinates>
    </LineString>
  </Placemark>
  <Placemark>
    <name>Route Rajibpur to Kurigram-S</name>
    <description>Assigned Demand Flow: 7869</description>
    <styleUrl>#lineStyle</styleUrl>
    <LineString>
      <tessellate>1</tessellate>
      <coordinates>
        89.793,25.4451,0
        89.6816,25.8282,0
      </coordinates>
    </LineString>
  </Placemark>
  <Placemark>
    <name>Route Raipur to Mehendiganj</name>
    <description>Assigned Demand Flow: 5714</description>
    <styleUrl>#lineStyle</styleUrl>
    <LineString>
      <tessellate>1</tessellate>
      <coordinates>
        90.7608,23.0367,0
        90.527,22.8261,0
      </coordinates>
    </LineString>
  </Placemark>
  <Placemark>
    <name>Route Jhenaidah-S to Kumarkhali</name>
    <description>Assigned Demand Flow: 6127</description>
    <styleUrl>#lineStyle</styleUrl>
    <LineString>
      <tessellate>1</tessellate>
      <coordinates>
        89.1754,23.5528,0
        89.2396,23.8596,0
      </coordinates>
    </LineString>
  </Placemark>
  <Placemark>
    <name>Route Zajira to Shariatpur-S</name>
    <description>Assigned Demand Flow: 6224</description>
    <styleUrl>#lineStyle</styleUrl>
    <LineString>
      <tessellate>1</tessellate>
      <coordinates>
        90.3586,23.3416,0
        90.3501,23.2197,0
      </coordinates>
    </LineString>
  </Placemark>
  <Placemark>
    <name>Route Sreebordi to Sariakandi</name>
    <description>Assigned Demand Flow: 4911</description>
    <styleUrl>#lineStyle</styleUrl>
    <LineString>
      <tessellate>1</tessellate>
      <coordinates>
        89.9393,25.1474,0
        89.571,24.8888,0
      </coordinates>
    </LineString>
  </Placemark>
  <Placemark>
    <name>Route Palashbari to Gobindaganj</name>
    <description>Assigned Demand Flow: 4325</description>
    <styleUrl>#lineStyle</styleUrl>
    <LineString>
      <tessellate>1</tessellate>
      <coordinates>
        89.3535,25.2794,0
        89.3869,25.1373,0
      </coordinates>
    </LineString>
  </Placemark>
  <Placemark>
    <name>Route Madaripur-S to Shariatpur-S</name>
    <description>Assigned Demand Flow: 8109</description>
    <styleUrl>#lineStyle</styleUrl>
    <LineString>
      <tessellate>1</tessellate>
      <coordinates>
        90.1939,23.1649,0
        90.3501,23.2197,0
      </coordinates>
    </LineString>
  </Placemark>
  <Placemark>
    <name>Route Kuliarchar to Bhairab</name>
    <description>Assigned Demand Flow: 7167</description>
    <styleUrl>#lineStyle</styleUrl>
    <LineString>
      <tessellate>1</tessellate>
      <coordinates>
        90.9116,24.1368,0
        90.9802,24.0555,0
      </coordinates>
    </LineString>
  </Placemark>
  <Placemark>
    <name>Route Khetlal to Gobindaganj</name>
    <description>Assigned Demand Flow: 5915</description>
    <styleUrl>#lineStyle</styleUrl>
    <LineString>
      <tessellate>1</tessellate>
      <coordinates>
        89.1086,25.038,0
        89.3869,25.1373,0
      </coordinates>
    </LineString>
  </Placemark>
  <Placemark>
    <name>Route Pangsha to Kumarkhali</name>
    <description>Assigned Demand Flow: 6984</description>
    <styleUrl>#lineStyle</styleUrl>
    <LineString>
      <tessellate>1</tessellate>
      <coordinates>
        89.4127,23.78,0
        89.2396,23.8596,0
      </coordinates>
    </LineString>
  </Placemark>
  <Placemark>
    <name>Route Porsha to Manda</name>
    <description>Assigned Demand Flow: 6710</description>
    <styleUrl>#lineStyle</styleUrl>
    <LineString>
      <tessellate>1</tessellate>
      <coordinates>
        88.1462,25.0526,0
        88.6701,24.7755,0
      </coordinates>
    </LineString>
  </Placemark>
  <Placemark>
    <name>Route Moulvibazar-S to Kamalganj</name>
    <description>Assigned Demand Flow: 6437</description>
    <styleUrl>#lineStyle</styleUrl>
    <LineString>
      <tessellate>1</tessellate>
      <coordinates>
        91.7685,24.4843,0
        91.861,24.3701,0
      </coordinates>
    </LineString>
  </Placemark>
  <Placemark>
    <name>Route Dakhin Sunamganj to Tahirpur</name>
    <description>Assigned Demand Flow: 7363</description>
    <styleUrl>#lineStyle</styleUrl>
    <LineString>
      <tessellate>1</tessellate>
      <coordinates>
        91.4581,24.915,0
        91.1755,25.099,0
      </coordinates>
    </LineString>
  </Placemark>
  <Placemark>
    <name>Route Paba to Durgapur</name>
    <description>Assigned Demand Flow: 4726.43</description>
    <styleUrl>#lineStyle</styleUrl>
    <LineString>
      <tessellate>1</tessellate>
      <coordinates>
        88.6438,24.4362,0
        88.7696,24.445,0
      </coordinates>
    </LineString>
  </Placemark>
  <Placemark>
    <name>Route Paba to Mohanpur</name>
    <description>Assigned Demand Flow: 870.567</description>
    <styleUrl>#lineStyle</styleUrl>
    <LineString>
      <tessellate>1</tessellate>
      <coordinates>
        88.6438,24.4362,0
        88.4572,24.5519,0
      </coordinates>
    </LineString>
  </Placemark>
  <Placemark>
    <name>Route Belkuchi to Sirajganj-S</name>
    <description>Assigned Demand Flow: 8860</description>
    <styleUrl>#lineStyle</styleUrl>
    <LineString>
      <tessellate>1</tessellate>
      <coordinates>
        89.6981,24.2952,0
        89.6816,24.4526,0
      </coordinates>
    </LineString>
  </Placemark>
  <Placemark>
    <name>Route Dhamoirhat to Manda</name>
    <description>Assigned Demand Flow: 7814</description>
    <styleUrl>#lineStyle</styleUrl>
    <LineString>
      <tessellate>1</tessellate>
      <coordinates>
        88.8515,25.1504,0
        88.6701,24.7755,0
      </coordinates>
    </LineString>
  </Placemark>
  <Placemark>
    <name>Route Rangabali to Galachipa</name>
    <description>Assigned Demand Flow: 8723</description>
    <styleUrl>#lineStyle</styleUrl>
    <LineString>
      <tessellate>1</tessellate>
      <coordinates>
        90.4408,21.9397,0
        90.4102,22.1634,0
      </coordinates>
    </LineString>
  </Placemark>
  <Placemark>
    <name>Route Faridganj to Hizla</name>
    <description>Assigned Demand Flow: 6597</description>
    <styleUrl>#lineStyle</styleUrl>
    <LineString>
      <tessellate>1</tessellate>
      <coordinates>
        90.7509,23.1275,0
        90.4452,22.9296,0
      </coordinates>
    </LineString>
  </Placemark>
  <Placemark>
    <name>Route Haripur to Baliadangi</name>
    <description>Assigned Demand Flow: 5824</description>
    <styleUrl>#lineStyle</styleUrl>
    <LineString>
      <tessellate>1</tessellate>
      <coordinates>
        88.1232,25.8444,0
        88.2753,26.0902,0
      </coordinates>
    </LineString>
  </Placemark>
  <Placemark>
    <name>Route Juraichari to Barkal</name>
    <description>Assigned Demand Flow: 7669</description>
    <styleUrl>#lineStyle</styleUrl>
    <LineString>
      <tessellate>1</tessellate>
      <coordinates>
        92.3789,22.6708,0
        92.3793,22.7262,0
      </coordinates>
    </LineString>
  </Placemark>
  <Placemark>
    <name>Route Lama to Thanchi</name>
    <description>Assigned Demand Flow: 8818</description>
    <styleUrl>#lineStyle</styleUrl>
    <LineString>
      <tessellate>1</tessellate>
      <coordinates>
        92.1969,21.7744,0
        92.4357,21.8211,0
      </coordinates>
    </LineString>
  </Placemark>
  <Placemark>
    <name>Route Haluaghat to Durgapur</name>
    <description>Assigned Demand Flow: 4612</description>
    <styleUrl>#lineStyle</styleUrl>
    <LineString>
      <tessellate>1</tessellate>
      <coordinates>
        90.3407,25.1218,0
        90.6757,25.1138,0
      </coordinates>
    </LineString>
  </Placemark>
  <Placemark>
    <name>Route Shakhipur to Sirajganj-S</name>
    <description>Assigned Demand Flow: 8664</description>
    <styleUrl>#lineStyle</styleUrl>
    <LineString>
      <tessellate>1</tessellate>
      <coordinates>
        90.1753,24.3192,0
        89.6816,24.4526,0
      </coordinates>
    </LineString>
  </Placemark>
  <Placemark>
    <name>Route Bijoynagar to Bhairab</name>
    <description>Assigned Demand Flow: 5206</description>
    <styleUrl>#lineStyle</styleUrl>
    <LineString>
      <tessellate>1</tessellate>
      <coordinates>
        91.2266,24.0142,0
        90.9802,24.0555,0
      </coordinates>
    </LineString>
  </Placemark>
  <Placemark>
    <name>Route Charghat to Mohanpur</name>
    <description>Assigned Demand Flow: 7711</description>
    <styleUrl>#lineStyle</styleUrl>
    <LineString>
      <tessellate>1</tessellate>
      <coordinates>
        88.7518,24.2785,0
        88.4572,24.5519,0
      </coordinates>
    </LineString>
  </Placemark>
  <Placemark>
    <name>Route Kaharol to Chirirbandar</name>
    <description>Assigned Demand Flow: 5317</description>
    <styleUrl>#lineStyle</styleUrl>
    <LineString>
      <tessellate>1</tessellate>
      <coordinates>
        88.6012,25.7937,0
        88.7771,25.6503,0
      </coordinates>
    </LineString>
  </Placemark>
  <Placemark>
    <name>Route Keshabpur to Kalaroa</name>
    <description>Assigned Demand Flow: 6900</description>
    <styleUrl>#lineStyle</styleUrl>
    <LineString>
      <tessellate>1</tessellate>
      <coordinates>
        89.2194,22.9055,0
        89.0394,22.8583,0
      </coordinates>
    </LineString>
  </Placemark>
  <Placemark>
    <name>Route Netrakona-S to Gouripur</name>
    <description>Assigned Demand Flow: 4874</description>
    <styleUrl>#lineStyle</styleUrl>
    <LineString>
      <tessellate>1</tessellate>
      <coordinates>
        90.7271,24.8817,0
        90.5683,24.7548,0
      </coordinates>
    </LineString>
  </Placemark>
  <Placemark>
    <name>Route Sunamganj-S to Tahirpur</name>
    <description>Assigned Demand Flow: 7333</description>
    <styleUrl>#lineStyle</styleUrl>
    <LineString>
      <tessellate>1</tessellate>
      <coordinates>
        91.4073,25.0668,0
        91.1755,25.099,0
      </coordinates>
    </LineString>
  </Placemark>
  <Placemark>
    <name>Route Kalukhali to Kumarkhali</name>
    <description>Assigned Demand Flow: 4085</description>
    <styleUrl>#lineStyle</styleUrl>
    <LineString>
      <tessellate>1</tessellate>
      <coordinates>
        89.4691,23.7655,0
        89.2396,23.8596,0
      </coordinates>
    </LineString>
  </Placemark>
  <Placemark>
    <name>Route Pirganj to Gobindaganj</name>
    <description>Assigned Demand Flow: 8370</description>
    <styleUrl>#lineStyle</styleUrl>
    <LineString>
      <tessellate>1</tessellate>
      <coordinates>
        89.3132,25.4362,0
        89.3869,25.1373,0
      </coordinates>
    </LineString>
  </Placemark>
  <Placemark>
    <name>Route Nawabganj-S to Singair</name>
    <description>Assigned Demand Flow: 6598</description>
    <styleUrl>#lineStyle</styleUrl>
    <LineString>
      <tessellate>1</tessellate>
      <coordinates>
        90.1518,23.6531,0
        90.146,23.8137,0
      </coordinates>
    </LineString>
  </Placemark>
  <Placemark>
    <name>Route Laksham to Burichong</name>
    <description>Assigned Demand Flow: 7943</description>
    <styleUrl>#lineStyle</styleUrl>
    <LineString>
      <tessellate>1</tessellate>
      <coordinates>
        91.1212,23.2449,0
        91.1267,23.5535,0
      </coordinates>
    </LineString>
  </Placemark>
  <Placemark>
    <name>Route Bishwanath to Dakshin Surma</name>
    <description>Assigned Demand Flow: 5549</description>
    <styleUrl>#lineStyle</styleUrl>
    <LineString>
      <tessellate>1</tessellate>
      <coordinates>
        91.7567,24.8171,0
        91.9051,24.815,0
      </coordinates>
    </LineString>
  </Placemark>
  <Placemark>
    <name>Route Mujib Nagar to Gangni</name>
    <description>Assigned Demand Flow: 5892</description>
    <styleUrl>#lineStyle</styleUrl>
    <LineString>
      <tessellate>1</tessellate>
      <coordinates>
        88.5928,23.6468,0
        88.7422,23.8207,0
      </coordinates>
    </LineString>
  </Placemark>
  <Placemark>
    <name>Route Phulbari to Jaldhaka</name>
    <description>Assigned Demand Flow: 7516</description>
    <styleUrl>#lineStyle</styleUrl>
    <LineString>
      <tessellate>1</tessellate>
      <coordinates>
        89.552,25.9495,0
        89.0215,26.0228,0
      </coordinates>
    </LineString>
  </Placemark>
  <Placemark>
    <name>Route Badalgachi to Raninagar</name>
    <description>Assigned Demand Flow: 4001</description>
    <styleUrl>#lineStyle</styleUrl>
    <LineString>
      <tessellate>1</tessellate>
      <coordinates>
        88.9102,24.9685,0
        88.7859,24.7384,0
      </coordinates>
    </LineString>
  </Placemark>
  <Placemark>
    <name>Route Raipura to Modhyanagar</name>
    <description>Assigned Demand Flow: 4362</description>
    <styleUrl>#lineStyle</styleUrl>
    <LineString>
      <tessellate>1</tessellate>
      <coordinates>
        90.8719,23.9944,0
        90.8878,23.9407,0
      </coordinates>
    </LineString>
  </Placemark>
  <Placemark>
    <name>Route Phultala to Kalia</name>
    <description>Assigned Demand Flow: 5864</description>
    <styleUrl>#lineStyle</styleUrl>
    <LineString>
      <tessellate>1</tessellate>
      <coordinates>
        89.4506,22.9705,0
        89.7519,23.0414,0
      </coordinates>
    </LineString>
  </Placemark>
  <Placemark>
    <name>Route Feni to Sonagazi</name>
    <description>Assigned Demand Flow: 5911</description>
    <styleUrl>#lineStyle</styleUrl>
    <LineString>
      <tessellate>1</tessellate>
      <coordinates>
        91.3964,23.0212,0
        91.3928,22.8492,0
      </coordinates>
    </LineString>
  </Placemark>
  <Placemark>
    <name>Route Nikli to Bhairab</name>
    <description>Assigned Demand Flow: 8283</description>
    <styleUrl>#lineStyle</styleUrl>
    <LineString>
      <tessellate>1</tessellate>
      <coordinates>
        90.9336,24.3243,0
        90.9802,24.0555,0
      </coordinates>
    </LineString>
  </Placemark>
  <Placemark>
    <name>Route Jaintiapur to Kanaighat</name>
    <description>Assigned Demand Flow: 7551</description>
    <styleUrl>#lineStyle</styleUrl>
    <LineString>
      <tessellate>1</tessellate>
      <coordinates>
        92.1228,25.1353,0
        92.2557,25.0088,0
      </coordinates>
    </LineString>
  </Placemark>
  <Placemark>
    <name>Route Alamdanga to Gangni</name>
    <description>Assigned Demand Flow: 4503</description>
    <styleUrl>#lineStyle</styleUrl>
    <LineString>
      <tessellate>1</tessellate>
      <coordinates>
        88.9438,23.7627,0
        88.7422,23.8207,0
      </coordinates>
    </LineString>
  </Placemark>
  <Placemark>
    <name>Route Delduar to Sirajganj-S</name>
    <description>Assigned Demand Flow: 6422</description>
    <styleUrl>#lineStyle</styleUrl>
    <LineString>
      <tessellate>1</tessellate>
      <coordinates>
        89.9651,24.1647,0
        89.6816,24.4526,0
      </coordinates>
    </LineString>
  </Placemark>
  <Placemark>
    <name>Route Harirampur to Singair</name>
    <description>Assigned Demand Flow: 4878</description>
    <styleUrl>#lineStyle</styleUrl>
    <LineString>
      <tessellate>1</tessellate>
      <coordinates>
        89.971,23.7511,0
        90.146,23.8137,0
      </coordinates>
    </LineString>
  </Placemark>
  <Placemark>
    <name>Route Nandigram to Baraigram</name>
    <description>Assigned Demand Flow: 6660</description>
    <styleUrl>#lineStyle</styleUrl>
    <LineString>
      <tessellate>1</tessellate>
      <coordinates>
        89.2457,24.6481,0
        89.1635,24.317,0
      </coordinates>
    </LineString>
  </Placemark>
  <Placemark>
    <name>Route Chhagalniya to Sonagazi</name>
    <description>Assigned Demand Flow: 8164</description>
    <styleUrl>#lineStyle</styleUrl>
    <LineString>
      <tessellate>1</tessellate>
      <coordinates>
        91.5184,23.0386,0
        91.3928,22.8492,0
      </coordinates>
    </LineString>
  </Placemark>
  <Placemark>
    <name>Route Porshuram to Sonagazi</name>
    <description>Assigned Demand Flow: 8545</description>
    <styleUrl>#lineStyle</styleUrl>
    <LineString>
      <tessellate>1</tessellate>
      <coordinates>
        91.4446,23.2134,0
        91.3928,22.8492,0
      </coordinates>
    </LineString>
  </Placemark>
  <Placemark>
    <name>Route Bandarban-S to Chandanish</name>
    <description>Assigned Demand Flow: 5549</description>
    <styleUrl>#lineStyle</styleUrl>
    <LineString>
      <tessellate>1</tessellate>
      <coordinates>
        92.2187,22.1936,0
        92.0126,22.2439,0
      </coordinates>
    </LineString>
  </Placemark>
  <Placemark>
    <name>Route Nilphamari-S to Jaldhaka</name>
    <description>Assigned Demand Flow: 4900</description>
    <styleUrl>#lineStyle</styleUrl>
    <LineString>
      <tessellate>1</tessellate>
      <coordinates>
        88.8407,25.9363,0
        89.0215,26.0228,0
      </coordinates>
    </LineString>
  </Placemark>
  <Placemark>
    <name>Route Daudkandi to Sonargaon</name>
    <description>Assigned Demand Flow: 8081</description>
    <styleUrl>#lineStyle</styleUrl>
    <LineString>
      <tessellate>1</tessellate>
      <coordinates>
        90.7247,23.5338,0
        90.5991,23.6461,0
      </coordinates>
    </LineString>
  </Placemark>
  <Placemark>
    <name>Route Sarail to Bhairab</name>
    <description>Assigned Demand Flow: 8306</description>
    <styleUrl>#lineStyle</styleUrl>
    <LineString>
      <tessellate>1</tessellate>
      <coordinates>
        91.1113,24.0745,0
        90.9802,24.0555,0
      </coordinates>
    </LineString>
  </Placemark>
  <Placemark>
    <name>Route Kathalia to Dumki</name>
    <description>Assigned Demand Flow: 8414</description>
    <styleUrl>#lineStyle</styleUrl>
    <LineString>
      <tessellate>1</tessellate>
      <coordinates>
        90.1406,22.441,0
        90.3843,22.4645,0
      </coordinates>
    </LineString>
  </Placemark>
  <Placemark>
    <name>Route Begumganj to Sonagazi</name>
    <description>Assigned Demand Flow: 7684</description>
    <styleUrl>#lineStyle</styleUrl>
    <LineString>
      <tessellate>1</tessellate>
      <coordinates>
        91.0921,22.9319,0
        91.3928,22.8492,0
      </coordinates>
    </LineString>
  </Placemark>
  <Placemark>
    <name>Route Lakshmipur-Sadar to Mehendiganj</name>
    <description>Assigned Demand Flow: 5285</description>
    <styleUrl>#lineStyle</styleUrl>
    <LineString>
      <tessellate>1</tessellate>
      <coordinates>
        90.8673,22.9537,0
        90.527,22.8261,0
      </coordinates>
    </LineString>
  </Placemark>
  <Placemark>
    <name>Route Badarganj to Chirirbandar</name>
    <description>Assigned Demand Flow: 4530</description>
    <styleUrl>#lineStyle</styleUrl>
    <LineString>
      <tessellate>1</tessellate>
      <coordinates>
        89.0705,25.654,0
        88.7771,25.6503,0
      </coordinates>
    </LineString>
  </Placemark>
  <Placemark>
    <name>Route Kamarkhand to Sirajganj-S</name>
    <description>Assigned Demand Flow: 7788</description>
    <styleUrl>#lineStyle</styleUrl>
    <LineString>
      <tessellate>1</tessellate>
      <coordinates>
        89.6652,24.3605,0
        89.6816,24.4526,0
      </coordinates>
    </LineString>
  </Placemark>
  <Placemark>
    <name>Route Sharankhola to Dumki</name>
    <description>Assigned Demand Flow: 6451</description>
    <styleUrl>#lineStyle</styleUrl>
    <LineString>
      <tessellate>1</tessellate>
      <coordinates>
        89.8482,22.3128,0
        90.3843,22.4645,0
      </coordinates>
    </LineString>
  </Placemark>
  <Placemark>
    <name>Route Pabna-S to Kumarkhali</name>
    <description>Assigned Demand Flow: 5674</description>
    <styleUrl>#lineStyle</styleUrl>
    <LineString>
      <tessellate>1</tessellate>
      <coordinates>
        89.2383,24.0076,0
        89.2396,23.8596,0
      </coordinates>
    </LineString>
  </Placemark>
  <Placemark>
    <name>Route Singra to Mohanpur</name>
    <description>Assigned Demand Flow: 4901</description>
    <styleUrl>#lineStyle</styleUrl>
    <LineString>
      <tessellate>1</tessellate>
      <coordinates>
        89.1429,24.5,0
        88.4572,24.5519,0
      </coordinates>
    </LineString>
  </Placemark>
  <Placemark>
    <name>Route Nesarabad to Banaripara</name>
    <description>Assigned Demand Flow: 8559</description>
    <styleUrl>#lineStyle</styleUrl>
    <LineString>
      <tessellate>1</tessellate>
      <coordinates>
        90.1167,22.745,0
        90.1623,22.7779,0
      </coordinates>
    </LineString>
  </Placemark>
  <Placemark>
    <name>Route Naria to Shariatpur-S</name>
    <description>Assigned Demand Flow: 4987</description>
    <styleUrl>#lineStyle</styleUrl>
    <LineString>
      <tessellate>1</tessellate>
      <coordinates>
        90.409,23.3059,0
        90.3501,23.2197,0
      </coordinates>
    </LineString>
  </Placemark>
  <Placemark>
    <name>Route Mohammadpur to Singair</name>
    <description>Assigned Demand Flow: 6171</description>
    <styleUrl>#lineStyle</styleUrl>
    <LineString>
      <tessellate>1</tessellate>
      <coordinates>
        90.3589,23.7662,0
        90.146,23.8137,0
      </coordinates>
    </LineString>
  </Placemark>
  <Placemark>
    <name>Route Fulgazi to Sonagazi</name>
    <description>Assigned Demand Flow: 7760</description>
    <styleUrl>#lineStyle</styleUrl>
    <LineString>
      <tessellate>1</tessellate>
      <coordinates>
        91.4326,23.1554,0
        91.3928,22.8492,0
      </coordinates>
    </LineString>
  </Placemark>
  <Placemark>
    <name>Route Bera to Santhia</name>
    <description>Assigned Demand Flow: 6303</description>
    <styleUrl>#lineStyle</styleUrl>
    <LineString>
      <tessellate>1</tessellate>
      <coordinates>
        89.6531,24.0807,0
        89.5353,24.0562,0
      </coordinates>
    </LineString>
  </Placemark>
  <Placemark>
    <name>Route Beanibazar to Kanaighat</name>
    <description>Assigned Demand Flow: 6717</description>
    <styleUrl>#lineStyle</styleUrl>
    <LineString>
      <tessellate>1</tessellate>
      <coordinates>
        92.1585,24.822,0
        92.2557,25.0088,0
      </coordinates>
    </LineString>
  </Placemark>
  <Placemark>
    <name>Route Ramgarh to Fatikchari</name>
    <description>Assigned Demand Flow: 6296</description>
    <styleUrl>#lineStyle</styleUrl>
    <LineString>
      <tessellate>1</tessellate>
      <coordinates>
        91.7403,23.0091,0
        91.7388,22.7588,0
      </coordinates>
    </LineString>
  </Placemark>
  <Placemark>
    <name>Route Boda to Baliadangi</name>
    <description>Assigned Demand Flow: 4912</description>
    <styleUrl>#lineStyle</styleUrl>
    <LineString>
      <tessellate>1</tessellate>
      <coordinates>
        88.5582,26.2005,0
        88.2753,26.0902,0
      </coordinates>
    </LineString>
  </Placemark>
  <Placemark>
    <name>Route Saghata to Gobindaganj</name>
    <description>Assigned Demand Flow: 8051</description>
    <styleUrl>#lineStyle</styleUrl>
    <LineString>
      <tessellate>1</tessellate>
      <coordinates>
        89.5828,25.1231,0
        89.3869,25.1373,0
      </coordinates>
    </LineString>
  </Placemark>
  <Placemark>
    <name>Route Adamdighi to Raninagar</name>
    <description>Assigned Demand Flow: 4983</description>
    <styleUrl>#lineStyle</styleUrl>
    <LineString>
      <tessellate>1</tessellate>
      <coordinates>
        89.0418,24.8003,0
        88.7859,24.7384,0
      </coordinates>
    </LineString>
  </Placemark>
  <Placemark>
    <name>Route Naldanga to Mohanpur</name>
    <description>Assigned Demand Flow: 8760</description>
    <styleUrl>#lineStyle</styleUrl>
    <LineString>
      <tessellate>1</tessellate>
      <coordinates>
        88.9605,24.4969,0
        88.4572,24.5519,0
      </coordinates>
    </LineString>
  </Placemark>
  <Placemark>
    <name>Route Moheskhali to Thanchi</name>
    <description>Assigned Demand Flow: 8222</description>
    <styleUrl>#lineStyle</styleUrl>
    <LineString>
      <tessellate>1</tessellate>
      <coordinates>
        91.9418,21.5374,0
        92.4357,21.8211,0
      </coordinates>
    </LineString>
  </Placemark>
  <Placemark>
    <name>Route Dimla to Jaldhaka</name>
    <description>Assigned Demand Flow: 5700</description>
    <styleUrl>#lineStyle</styleUrl>
    <LineString>
      <tessellate>1</tessellate>
      <coordinates>
        88.951,26.144,0
        89.0215,26.0228,0
      </coordinates>
    </LineString>
  </Placemark>
  <Placemark>
    <name>Route Kaliakoir to Singair</name>
    <description>Assigned Demand Flow: 6259</description>
    <styleUrl>#lineStyle</styleUrl>
    <LineString>
      <tessellate>1</tessellate>
      <coordinates>
        90.2221,24.0695,0
        90.146,23.8137,0
      </coordinates>
    </LineString>
  </Placemark>
  <Placemark>
    <name>Route Juri to Dakshin Surma</name>
    <description>Assigned Demand Flow: 7732</description>
    <styleUrl>#lineStyle</styleUrl>
    <LineString>
      <tessellate>1</tessellate>
      <coordinates>
        91.942,24.6148,0
        91.9051,24.815,0
      </coordinates>
    </LineString>
  </Placemark>
  <Placemark>
    <name>Route Borhanuddin to Dumki</name>
    <description>Assigned Demand Flow: 4978</description>
    <styleUrl>#lineStyle</styleUrl>
    <LineString>
      <tessellate>1</tessellate>
      <coordinates>
        90.7165,22.4974,0
        90.3843,22.4645,0
      </coordinates>
    </LineString>
  </Placemark>
  <Placemark>
    <name>Route Narail-S to Kalia</name>
    <description>Assigned Demand Flow: 4053</description>
    <styleUrl>#lineStyle</styleUrl>
    <LineString>
      <tessellate>1</tessellate>
      <coordinates>
        89.499,23.1657,0
        89.7519,23.0414,0
      </coordinates>
    </LineString>
  </Placemark>
  <Placemark>
    <name>Route Birampur to Chirirbandar</name>
    <description>Assigned Demand Flow: 7795</description>
    <styleUrl>#lineStyle</styleUrl>
    <LineString>
      <tessellate>1</tessellate>
      <coordinates>
        88.9916,25.3899,0
        88.7771,25.6503,0
      </coordinates>
    </LineString>
  </Placemark>
  <Placemark>
    <name>Route Trishal to Sreemangal</name>
    <description>Assigned Demand Flow: 3381.09</description>
    <styleUrl>#lineStyle</styleUrl>
    <LineString>
      <tessellate>1</tessellate>
      <coordinates>
        90.3948,24.5817,0
        91.7296,24.3065,0
      </coordinates>
    </LineString>
  </Placemark>
  <Placemark>
    <name>Route Trishal to Gouripur</name>
    <description>Assigned Demand Flow: 4396.91</description>
    <styleUrl>#lineStyle</styleUrl>
    <LineString>
      <tessellate>1</tessellate>
      <coordinates>
        90.3948,24.5817,0
        90.5683,24.7548,0
      </coordinates>
    </LineString>
  </Placemark>
  <Placemark>
    <name>Route Kahaloo to Sariakandi</name>
    <description>Assigned Demand Flow: 6416</description>
    <styleUrl>#lineStyle</styleUrl>
    <LineString>
      <tessellate>1</tessellate>
      <coordinates>
        89.2681,24.8283,0
        89.571,24.8888,0
      </coordinates>
    </LineString>
  </Placemark>
  <Placemark>
    <name>Route Salikha to Jhikargacha</name>
    <description>Assigned Demand Flow: 6007</description>
    <styleUrl>#lineStyle</styleUrl>
    <LineString>
      <tessellate>1</tessellate>
      <coordinates>
        89.3761,23.3021,0
        89.0991,23.0999,0
      </coordinates>
    </LineString>
  </Placemark>
  <Placemark>
    <name>Route Debidwar to Burichong</name>
    <description>Assigned Demand Flow: 7656</description>
    <styleUrl>#lineStyle</styleUrl>
    <LineString>
      <tessellate>1</tessellate>
      <coordinates>
        90.9773,23.6115,0
        91.1267,23.5535,0
      </coordinates>
    </LineString>
  </Placemark>
  <Placemark>
    <name>Route Dhamrai to Singair</name>
    <description>Assigned Demand Flow: 6163</description>
    <styleUrl>#lineStyle</styleUrl>
    <LineString>
      <tessellate>1</tessellate>
      <coordinates>
        90.2174,23.9148,0
        90.146,23.8137,0
      </coordinates>
    </LineString>
  </Placemark>
  <Placemark>
    <name>Route Katiadi to Bhairab</name>
    <description>Assigned Demand Flow: 5588.2</description>
    <styleUrl>#lineStyle</styleUrl>
    <LineString>
      <tessellate>1</tessellate>
      <coordinates>
        90.7937,24.2459,0
        90.9802,24.0555,0
      </coordinates>
    </LineString>
  </Placemark>
  <Placemark>
    <name>Route Katiadi to Modhyanagar</name>
    <description>Assigned Demand Flow: 832.803</description>
    <styleUrl>#lineStyle</styleUrl>
    <LineString>
      <tessellate>1</tessellate>
      <coordinates>
        90.7937,24.2459,0
        90.8878,23.9407,0
      </coordinates>
    </LineString>
  </Placemark>
  <Placemark>
    <name>Route Chilmari to Kurigram-S</name>
    <description>Assigned Demand Flow: 8427</description>
    <styleUrl>#lineStyle</styleUrl>
    <LineString>
      <tessellate>1</tessellate>
      <coordinates>
        89.6616,25.581,0
        89.6816,25.8282,0
      </coordinates>
    </LineString>
  </Placemark>
  <Placemark>
    <name>Route Gurudaspur to Mohanpur</name>
    <description>Assigned Demand Flow: 8047</description>
    <styleUrl>#lineStyle</styleUrl>
    <LineString>
      <tessellate>1</tessellate>
      <coordinates>
        89.2332,24.3683,0
        88.4572,24.5519,0
      </coordinates>
    </LineString>
  </Placemark>
  <Placemark>
    <name>Route Barlekha to Dakshin Surma</name>
    <description>Assigned Demand Flow: 7801</description>
    <styleUrl>#lineStyle</styleUrl>
    <LineString>
      <tessellate>1</tessellate>
      <coordinates>
        92.1917,24.7073,0
        91.9051,24.815,0
      </coordinates>
    </LineString>
  </Placemark>
  <Placemark>
    <name>Route Nalchity to Banaripara</name>
    <description>Assigned Demand Flow: 5759</description>
    <styleUrl>#lineStyle</styleUrl>
    <LineString>
      <tessellate>1</tessellate>
      <coordinates>
        90.2688,22.6283,0
        90.1623,22.7779,0
      </coordinates>
    </LineString>
  </Placemark>
  <Placemark>
    <name>Route Nawabganj to Singair</name>
    <description>Assigned Demand Flow: 8196</description>
    <styleUrl>#lineStyle</styleUrl>
    <LineString>
      <tessellate>1</tessellate>
      <coordinates>
        90.1518,23.6531,0
        90.146,23.8137,0
      </coordinates>
    </LineString>
  </Placemark>
  <Placemark>
    <name>Route Uzirpur to Banaripara</name>
    <description>Assigned Demand Flow: 7955</description>
    <styleUrl>#lineStyle</styleUrl>
    <LineString>
      <tessellate>1</tessellate>
      <coordinates>
        90.2503,22.8193,0
        90.1623,22.7779,0
      </coordinates>
    </LineString>
  </Placemark>
  <Placemark>
    <name>Route Dewanganj to Sariakandi</name>
    <description>Assigned Demand Flow: 7160</description>
    <styleUrl>#lineStyle</styleUrl>
    <LineString>
      <tessellate>1</tessellate>
      <coordinates>
        89.7582,25.153,0
        89.571,24.8888,0
      </coordinates>
    </LineString>
  </Placemark>
  <Placemark>
    <name>Route Kushtia-S to Gangni</name>
    <description>Assigned Demand Flow: 4657.48</description>
    <styleUrl>#lineStyle</styleUrl>
    <LineString>
      <tessellate>1</tessellate>
      <coordinates>
        89.122,23.9088,0
        88.7422,23.8207,0
      </coordinates>
    </LineString>
  </Placemark>
  <Placemark>
    <name>Route Kushtia-S to Kumarkhali</name>
    <description>Assigned Demand Flow: 1175.52</description>
    <styleUrl>#lineStyle</styleUrl>
    <LineString>
      <tessellate>1</tessellate>
      <coordinates>
        89.122,23.9088,0
        89.2396,23.8596,0
      </coordinates>
    </LineString>
  </Placemark>
  <Placemark>
    <name>Route Mymensingh-S to Gouripur</name>
    <description>Assigned Demand Flow: 7770</description>
    <styleUrl>#lineStyle</styleUrl>
    <LineString>
      <tessellate>1</tessellate>
      <coordinates>
        90.356,24.7851,0
        90.5683,24.7548,0
      </coordinates>
    </LineString>
  </Placemark>
  <Placemark>
    <name>Route Ishwarganj to Durgapur</name>
    <description>Assigned Demand Flow: 2308.39</description>
    <styleUrl>#lineStyle</styleUrl>
    <LineString>
      <tessellate>1</tessellate>
      <coordinates>
        90.5944,24.6923,0
        90.6757,25.1138,0
      </coordinates>
    </LineString>
  </Placemark>
  <Placemark>
    <name>Route Ishwarganj to Gouripur</name>
    <description>Assigned Demand Flow: 4619.61</description>
    <styleUrl>#lineStyle</styleUrl>
    <LineString>
      <tessellate>1</tessellate>
      <coordinates>
        90.5944,24.6923,0
        90.5683,24.7548,0
      </coordinates>
    </LineString>
  </Placemark>
  <Placemark>
    <name>Route Azmiriganj to Khaliajuri</name>
    <description>Assigned Demand Flow: 6443</description>
    <styleUrl>#lineStyle</styleUrl>
    <LineString>
      <tessellate>1</tessellate>
      <coordinates>
        91.2362,24.5489,0
        91.1329,24.6893,0
      </coordinates>
    </LineString>
  </Placemark>
  <Placemark>
    <name>Route Saturia to Singair</name>
    <description>Assigned Demand Flow: 8694</description>
    <styleUrl>#lineStyle</styleUrl>
    <LineString>
      <tessellate>1</tessellate>
      <coordinates>
        90.0362,23.973,0
        90.146,23.8137,0
      </coordinates>
    </LineString>
  </Placemark>
  <Placemark>
    <name>Route Charfassion to Galachipa</name>
    <description>Assigned Demand Flow: 5147</description>
    <styleUrl>#lineStyle</styleUrl>
    <LineString>
      <tessellate>1</tessellate>
      <coordinates>
        90.726,22.1995,0
        90.4102,22.1634,0
      </coordinates>
    </LineString>
  </Placemark>
  <Placemark>
    <name>Route Madhupur to Sirajganj-S</name>
    <description>Assigned Demand Flow: 7702</description>
    <styleUrl>#lineStyle</styleUrl>
    <LineString>
      <tessellate>1</tessellate>
      <coordinates>
        90.0104,24.6074,0
        89.6816,24.4526,0
      </coordinates>
    </LineString>
  </Placemark>
  <Placemark>
    <name>Route Panchbibi to Gobindaganj</name>
    <description>Assigned Demand Flow: 7427</description>
    <styleUrl>#lineStyle</styleUrl>
    <LineString>
      <tessellate>1</tessellate>
      <coordinates>
        89.0191,25.1872,0
        89.3869,25.1373,0
      </coordinates>
    </LineString>
  </Placemark>
  <Placemark>
    <name>Route Rampal to Kalia</name>
    <description>Assigned Demand Flow: 8573</description>
    <styleUrl>#lineStyle</styleUrl>
    <LineString>
      <tessellate>1</tessellate>
      <coordinates>
        89.6722,22.5838,0
        89.7519,23.0414,0
      </coordinates>
    </LineString>
  </Placemark>
  <Placemark>
    <name>Route Moheshpur to Gangni</name>
    <description>Assigned Demand Flow: 6653</description>
    <styleUrl>#lineStyle</styleUrl>
    <LineString>
      <tessellate>1</tessellate>
      <coordinates>
        88.9172,23.3598,0
        88.7422,23.8207,0
      </coordinates>
    </LineString>
  </Placemark>
  <Placemark>
    <name>Route Atrai to Raninagar</name>
    <description>Assigned Demand Flow: 7077</description>
    <styleUrl>#lineStyle</styleUrl>
    <LineString>
      <tessellate>1</tessellate>
      <coordinates>
        88.9897,24.6258,0
        88.7859,24.7384,0
      </coordinates>
    </LineString>
  </Placemark>
  <Placemark>
    <name>Route Bagerhat-S to Banaripara</name>
    <description>Assigned Demand Flow: 4942</description>
    <styleUrl>#lineStyle</styleUrl>
    <LineString>
      <tessellate>1</tessellate>
      <coordinates>
        89.7662,22.6551,0
        90.1623,22.7779,0
      </coordinates>
    </LineString>
  </Placemark>
  <Placemark>
    <name>Route Nakla to Durgapur</name>
    <description>Assigned Demand Flow: 7134</description>
    <styleUrl>#lineStyle</styleUrl>
    <LineString>
      <tessellate>1</tessellate>
      <coordinates>
        90.1788,24.9679,0
        90.6757,25.1138,0
      </coordinates>
    </LineString>
  </Placemark>
  <Placemark>
    <name>Route Brahmanpara to Modhyanagar</name>
    <description>Assigned Demand Flow: 4465</description>
    <styleUrl>#lineStyle</styleUrl>
    <LineString>
      <tessellate>1</tessellate>
      <coordinates>
        91.1017,23.6225,0
        90.8878,23.9407,0
      </coordinates>
    </LineString>
  </Placemark>
  <Placemark>
    <name>Route Sadullapur to Gobindaganj</name>
    <description>Assigned Demand Flow: 6588</description>
    <styleUrl>#lineStyle</styleUrl>
    <LineString>
      <tessellate>1</tessellate>
      <coordinates>
        89.4659,25.3909,0
        89.3869,25.1373,0
      </coordinates>
    </LineString>
  </Placemark>
  <Placemark>
    <name>Route Bhanga to Charbhadrasan</name>
    <description>Assigned Demand Flow: 4796</description>
    <styleUrl>#lineStyle</styleUrl>
    <LineString>
      <tessellate>1</tessellate>
      <coordinates>
        89.9837,23.3853,0
        89.9953,23.5669,0
      </coordinates>
    </LineString>
  </Placemark>
  <Placemark>
    <name>Route Kotwalipara to Banaripara</name>
    <description>Assigned Demand Flow: 4110</description>
    <styleUrl>#lineStyle</styleUrl>
    <LineString>
      <tessellate>1</tessellate>
      <coordinates>
        90.028,22.9893,0
        90.1623,22.7779,0
      </coordinates>
    </LineString>
  </Placemark>
  <Placemark>
    <name>Route Ranisankail to Baliadangi</name>
    <description>Assigned Demand Flow: 4410</description>
    <styleUrl>#lineStyle</styleUrl>
    <LineString>
      <tessellate>1</tessellate>
      <coordinates>
        88.2583,25.892,0
        88.2753,26.0902,0
      </coordinates>
    </LineString>
  </Placemark>
  <Placemark>
    <name>Route Alfadanga to Kalia</name>
    <description>Assigned Demand Flow: 4597</description>
    <styleUrl>#lineStyle</styleUrl>
    <LineString>
      <tessellate>1</tessellate>
      <coordinates>
        89.7028,23.2898,0
        89.7519,23.0414,0
      </coordinates>
    </LineString>
  </Placemark>
  <Placemark>
    <name>Route Sarishabari to Sariakandi</name>
    <description>Assigned Demand Flow: 8875</description>
    <styleUrl>#lineStyle</styleUrl>
    <LineString>
      <tessellate>1</tessellate>
      <coordinates>
        89.8409,24.7669,0
        89.571,24.8888,0
      </coordinates>
    </LineString>
  </Placemark>
  <Placemark>
    <name>Route Dumuria to Kalaroa</name>
    <description>Assigned Demand Flow: 4427</description>
    <styleUrl>#lineStyle</styleUrl>
    <LineString>
      <tessellate>1</tessellate>
      <coordinates>
        89.4194,22.8052,0
        89.0394,22.8583,0
      </coordinates>
    </LineString>
  </Placemark>
  <Placemark>
    <name>Route Ramganj to Mehendiganj</name>
    <description>Assigned Demand Flow: 5620</description>
    <styleUrl>#lineStyle</styleUrl>
    <LineString>
      <tessellate>1</tessellate>
      <coordinates>
        90.8627,23.1001,0
        90.527,22.8261,0
      </coordinates>
    </LineString>
  </Placemark>
  <Placemark>
    <name>Route Lalmonirhat-S to Jaldhaka</name>
    <description>Assigned Demand Flow: 4376</description>
    <styleUrl>#lineStyle</styleUrl>
    <LineString>
      <tessellate>1</tessellate>
      <coordinates>
        89.4506,25.9162,0
        89.0215,26.0228,0
      </coordinates>
    </LineString>
  </Placemark>
  <Placemark>
    <name>Route Parbatipur to Chirirbandar</name>
    <description>Assigned Demand Flow: 4871</description>
    <styleUrl>#lineStyle</styleUrl>
    <LineString>
      <tessellate>1</tessellate>
      <coordinates>
        88.9162,25.6544,0
        88.7771,25.6503,0
      </coordinates>
    </LineString>
  </Placemark>
  <Placemark>
    <name>Route Madan to Khaliajuri</name>
    <description>Assigned Demand Flow: 7108</description>
    <styleUrl>#lineStyle</styleUrl>
    <LineString>
      <tessellate>1</tessellate>
      <coordinates>
        90.9489,24.7136,0
        91.1329,24.6893,0
      </coordinates>
    </LineString>
  </Placemark>
  <Placemark>
    <name>Route Alikadam to Thanchi</name>
    <description>Assigned Demand Flow: 4471</description>
    <styleUrl>#lineStyle</styleUrl>
    <LineString>
      <tessellate>1</tessellate>
      <coordinates>
        92.3148,21.653,0
        92.4357,21.8211,0
      </coordinates>
    </LineString>
  </Placemark>
  <Placemark>
    <name>Route Debiganj to Jaldhaka</name>
    <description>Assigned Demand Flow: 7719</description>
    <styleUrl>#lineStyle</styleUrl>
    <LineString>
      <tessellate>1</tessellate>
      <coordinates>
        88.7542,26.1247,0
        89.0215,26.0228,0
      </coordinates>
    </LineString>
  </Placemark>
  <Placemark>
    <name>Route Mithamoin to Sreemangal</name>
    <description>Assigned Demand Flow: 7140</description>
    <styleUrl>#lineStyle</styleUrl>
    <LineString>
      <tessellate>1</tessellate>
      <coordinates>
        91.0634,24.4196,0
        91.7296,24.3065,0
      </coordinates>
    </LineString>
  </Placemark>
  <Placemark>
    <name>Route Bholahat to Mohanpur</name>
    <description>Assigned Demand Flow: 7560</description>
    <styleUrl>#lineStyle</styleUrl>
    <LineString>
      <tessellate>1</tessellate>
      <coordinates>
        88.2279,24.9457,0
        88.4572,24.5519,0
      </coordinates>
    </LineString>
  </Placemark>
  <Placemark>
    <name>Route Puthia to Mohanpur</name>
    <description>Assigned Demand Flow: 4051</description>
    <styleUrl>#lineStyle</styleUrl>
    <LineString>
      <tessellate>1</tessellate>
      <coordinates>
        88.8367,24.3638,0
        88.4572,24.5519,0
      </coordinates>
    </LineString>
  </Placemark>
  <Placemark>
    <name>Route Bagmara to Mohanpur</name>
    <description>Assigned Demand Flow: 6791</description>
    <styleUrl>#lineStyle</styleUrl>
    <LineString>
      <tessellate>1</tessellate>
      <coordinates>
        88.8311,24.597,0
        88.4572,24.5519,0
      </coordinates>
    </LineString>
  </Placemark>
  <Placemark>
    <name>Route Gazaria to Sonargaon</name>
    <description>Assigned Demand Flow: 8692</description>
    <styleUrl>#lineStyle</styleUrl>
    <LineString>
      <tessellate>1</tessellate>
      <coordinates>
        90.6408,23.5798,0
        90.5991,23.6461,0
      </coordinates>
    </LineString>
  </Placemark>
  <Placemark>
    <name>Route Bhangura to Baraigram</name>
    <description>Assigned Demand Flow: 6277.31</description>
    <styleUrl>#lineStyle</styleUrl>
    <LineString>
      <tessellate>1</tessellate>
      <coordinates>
        89.3654,24.208,0
        89.1635,24.317,0
      </coordinates>
    </LineString>
  </Placemark>
  <Placemark>
    <name>Route Bhangura to Santhia</name>
    <description>Assigned Demand Flow: 2551.69</description>
    <styleUrl>#lineStyle</styleUrl>
    <LineString>
      <tessellate>1</tessellate>
      <coordinates>
        89.3654,24.208,0
        89.5353,24.0562,0
      </coordinates>
    </LineString>
  </Placemark>
  <Placemark>
    <name>Route Magura-S to Faridpur</name>
    <description>Assigned Demand Flow: 8894</description>
    <styleUrl>#lineStyle</styleUrl>
    <LineString>
      <tessellate>1</tessellate>
      <coordinates>
        89.4364,23.429,0
        89.8333,23.6019,0
      </coordinates>
    </LineString>
  </Placemark>
  <Placemark>
    <name>Route Teknaf to Thanchi</name>
    <description>Assigned Demand Flow: 6366</description>
    <styleUrl>#lineStyle</styleUrl>
    <LineString>
      <tessellate>1</tessellate>
      <coordinates>
        92.2975,20.8578,0
        92.4357,21.8211,0
      </coordinates>
    </LineString>
  </Placemark>
  <Placemark>
    <name>Route Kaliganj to Modhyanagar</name>
    <description>Assigned Demand Flow: 6414</description>
    <styleUrl>#lineStyle</styleUrl>
    <LineString>
      <tessellate>1</tessellate>
      <coordinates>
        90.5731,23.9645,0
        90.8878,23.9407,0
      </coordinates>
    </LineString>
  </Placemark>
  <Placemark>
    <name>Route Bhaluka to Modhyanagar</name>
    <description>Assigned Demand Flow: 7497</description>
    <styleUrl>#lineStyle</styleUrl>
    <LineString>
      <tessellate>1</tessellate>
      <coordinates>
        90.3866,24.4079,0
        90.8878,23.9407,0
      </coordinates>
    </LineString>
  </Placemark>
  <Placemark>
    <name>Route Jhenaigati to Durgapur</name>
    <description>Assigned Demand Flow: 7273</description>
    <styleUrl>#lineStyle</styleUrl>
    <LineString>
      <tessellate>1</tessellate>
      <coordinates>
        90.063,25.1859,0
        90.6757,25.1138,0
      </coordinates>
    </LineString>
  </Placemark>
  <Placemark>
    <name>Route Laxmichari to Fatikchari</name>
    <description>Assigned Demand Flow: 6407</description>
    <styleUrl>#lineStyle</styleUrl>
    <LineString>
      <tessellate>1</tessellate>
      <coordinates>
        91.9124,22.7962,0
        91.7388,22.7588,0
      </coordinates>
    </LineString>
  </Placemark>
  <Placemark>
    <name>Route Tarakanda to Durgapur</name>
    <description>Assigned Demand Flow: 5791</description>
    <styleUrl>#lineStyle</styleUrl>
    <LineString>
      <tessellate>1</tessellate>
      <coordinates>
        90.488,24.856,0
        90.6757,25.1138,0
      </coordinates>
    </LineString>
  </Placemark>
  <Placemark>
    <name>Route Derai to Khaliajuri</name>
    <description>Assigned Demand Flow: 4742</description>
    <styleUrl>#lineStyle</styleUrl>
    <LineString>
      <tessellate>1</tessellate>
      <coordinates>
        91.3542,24.7881,0
        91.1329,24.6893,0
      </coordinates>
    </LineString>
  </Placemark>
  <Placemark>
    <name>Route Gazipur-S to Araihazar</name>
    <description>Assigned Demand Flow: 7073</description>
    <styleUrl>#lineStyle</styleUrl>
    <LineString>
      <tessellate>1</tessellate>
      <coordinates>
        90.4202,23.9999,0
        90.6536,23.7917,0
      </coordinates>
    </LineString>
  </Placemark>
  <Placemark>
    <name>Route Tazumuddin to Dumki</name>
    <description>Assigned Demand Flow: 6790</description>
    <styleUrl>#lineStyle</styleUrl>
    <LineString>
      <tessellate>1</tessellate>
      <coordinates>
        90.8508,22.418,0
        90.3843,22.4645,0
      </coordinates>
    </LineString>
  </Placemark>
  <Placemark>
    <name>Route Godagari to Mohanpur</name>
    <description>Assigned Demand Flow: 5226</description>
    <styleUrl>#lineStyle</styleUrl>
    <LineString>
      <tessellate>1</tessellate>
      <coordinates>
        88.3361,24.4587,0
        88.4572,24.5519,0
      </coordinates>
    </LineString>
  </Placemark>
  <Placemark>
    <name>Route Narshingdi-S to Modhyanagar</name>
    <description>Assigned Demand Flow: 7449</description>
    <styleUrl>#lineStyle</styleUrl>
    <LineString>
      <tessellate>1</tessellate>
      <coordinates>
        90.7176,23.9193,0
        90.8878,23.9407,0
      </coordinates>
    </LineString>
  </Placemark>
  <Placemark>
    <name>Route Kasba to Sreemangal</name>
    <description>Assigned Demand Flow: 5726</description>
    <styleUrl>#lineStyle</styleUrl>
    <LineString>
      <tessellate>1</tessellate>
      <coordinates>
        91.1256,23.7485,0
        91.7296,24.3065,0
      </coordinates>
    </LineString>
  </Placemark>
  <Placemark>
    <name>Route Rajoir to Shariatpur-S</name>
    <description>Assigned Demand Flow: 5634</description>
    <styleUrl>#lineStyle</styleUrl>
    <LineString>
      <tessellate>1</tessellate>
      <coordinates>
        90.049,23.2067,0
        90.3501,23.2197,0
      </coordinates>
    </LineString>
  </Placemark>
  <Placemark>
    <name>Route Naogaon-S to Raninagar</name>
    <description>Assigned Demand Flow: 6109</description>
    <styleUrl>#lineStyle</styleUrl>
    <LineString>
      <tessellate>1</tessellate>
      <coordinates>
        88.9318,24.7936,0
        88.7859,24.7384,0
      </coordinates>
    </LineString>
  </Placemark>
  <Placemark>
    <name>Route Sylhet-S to Dakshin Surma</name>
    <description>Assigned Demand Flow: 8604</description>
    <styleUrl>#lineStyle</styleUrl>
    <LineString>
      <tessellate>1</tessellate>
      <coordinates>
        91.8688,24.8951,0
        91.9051,24.815,0
      </coordinates>
    </LineString>
  </Placemark>
  <Placemark>
    <name>Route Nangalkot to Sonagazi</name>
    <description>Assigned Demand Flow: 5804</description>
    <styleUrl>#lineStyle</styleUrl>
    <LineString>
      <tessellate>1</tessellate>
      <coordinates>
        91.1977,23.1694,0
        91.3928,22.8492,0
      </coordinates>
    </LineString>
  </Placemark>
  <Placemark>
    <name>Route Hathazari to Fatikchari</name>
    <description>Assigned Demand Flow: 6905</description>
    <styleUrl>#lineStyle</styleUrl>
    <LineString>
      <tessellate>1</tessellate>
      <coordinates>
        91.8075,22.5085,0
        91.7388,22.7588,0
      </coordinates>
    </LineString>
  </Placemark>
  <Placemark>
    <name>Route Langadu to Rangamati-S</name>
    <description>Assigned Demand Flow: 6520</description>
    <styleUrl>#lineStyle</styleUrl>
    <LineString>
      <tessellate>1</tessellate>
      <coordinates>
        92.1535,22.8993,0
        92.1789,22.6533,0
      </coordinates>
    </LineString>
  </Placemark>
  <Placemark>
    <name>Route Kaunia to Jaldhaka</name>
    <description>Assigned Demand Flow: 7483</description>
    <styleUrl>#lineStyle</styleUrl>
    <LineString>
      <tessellate>1</tessellate>
      <coordinates>
        89.4317,25.7742,0
        89.0215,26.0228,0
      </coordinates>
    </LineString>
  </Placemark>
  <Placemark>
    <name>Route Bhuapur to Santhia</name>
    <description>Assigned Demand Flow: 7218</description>
    <styleUrl>#lineStyle</styleUrl>
    <LineString>
      <tessellate>1</tessellate>
      <coordinates>
        89.8704,24.4663,0
        89.5353,24.0562,0
      </coordinates>
    </LineString>
  </Placemark>
  <Placemark>
    <name>Route Patgram to Jaldhaka</name>
    <description>Assigned Demand Flow: 7961</description>
    <styleUrl>#lineStyle</styleUrl>
    <LineString>
      <tessellate>1</tessellate>
      <coordinates>
        89.0084,26.357,0
        89.0215,26.0228,0
      </coordinates>
    </LineString>
  </Placemark>
  <Placemark>
    <name>Route Gaibandha-S to Gobindaganj</name>
    <description>Assigned Demand Flow: 4309</description>
    <styleUrl>#lineStyle</styleUrl>
    <LineString>
      <tessellate>1</tessellate>
      <coordinates>
        89.5429,25.3297,0
        89.3869,25.1373,0
      </coordinates>
    </LineString>
  </Placemark>
  <Placemark>
    <name>Route Sreepur to Modhyanagar</name>
    <description>Assigned Demand Flow: 5348</description>
    <styleUrl>#lineStyle</styleUrl>
    <LineString>
      <tessellate>1</tessellate>
      <coordinates>
        90.4809,24.1997,0
        90.8878,23.9407,0
      </coordinates>
    </LineString>
  </Placemark>
  <Placemark>
    <name>Route Kachua to Burichong</name>
    <description>Assigned Demand Flow: 7945</description>
    <styleUrl>#lineStyle</styleUrl>
    <LineString>
      <tessellate>1</tessellate>
      <coordinates>
        90.889,23.3411,0
        91.1267,23.5535,0
      </coordinates>
    </LineString>
  </Placemark>
  <Placemark>
    <name>Route Dhanbari to Durgapur</name>
    <description>Assigned Demand Flow: 6886</description>
    <styleUrl>#lineStyle</styleUrl>
    <LineString>
      <tessellate>1</tessellate>
      <coordinates>
        89.9487,24.6846,0
        90.6757,25.1138,0
      </coordinates>
    </LineString>
  </Placemark>
  <Placemark>
    <name>Route Cox'S Bazar-S to Thanchi</name>
    <description>Assigned Demand Flow: 8159</description>
    <styleUrl>#lineStyle</styleUrl>
    <LineString>
      <tessellate>1</tessellate>
      <coordinates>
        92.0058,21.4272,0
        92.4357,21.8211,0
      </coordinates>
    </LineString>
  </Placemark>
  <Placemark>
    <name>Route Nagarpur to Santhia</name>
    <description>Assigned Demand Flow: 6786</description>
    <styleUrl>#lineStyle</styleUrl>
    <LineString>
      <tessellate>1</tessellate>
      <coordinates>
        89.8762,24.0577,0
        89.5353,24.0562,0
      </coordinates>
    </LineString>
  </Placemark>
  <Placemark>
    <name>Route Rajarhat to Jaldhaka</name>
    <description>Assigned Demand Flow: 8494</description>
    <styleUrl>#lineStyle</styleUrl>
    <LineString>
      <tessellate>1</tessellate>
      <coordinates>
        89.5466,25.799,0
        89.0215,26.0228,0
      </coordinates>
    </LineString>
  </Placemark>
  <Placemark>
    <name>Route Biswamvarpur to Tahirpur</name>
    <description>Assigned Demand Flow: 7526</description>
    <styleUrl>#lineStyle</styleUrl>
    <LineString>
      <tessellate>1</tessellate>
      <coordinates>
        91.2999,25.0988,0
        91.1755,25.099,0
      </coordinates>
    </LineString>
  </Placemark>
  <Placemark>
    <name>Route Guimara to Fatikchari</name>
    <description>Assigned Demand Flow: 8208</description>
    <styleUrl>#lineStyle</styleUrl>
    <LineString>
      <tessellate>1</tessellate>
      <coordinates>
        91.8695,22.9604,0
        91.7388,22.7588,0
      </coordinates>
    </LineString>
  </Placemark>
  <Placemark>
    <name>Route Goshairhat to Shariatpur-S</name>
    <description>Assigned Demand Flow: 8434</description>
    <styleUrl>#lineStyle</styleUrl>
    <LineString>
      <tessellate>1</tessellate>
      <coordinates>
        90.4526,23.0988,0
        90.3501,23.2197,0
      </coordinates>
    </LineString>
  </Placemark>
  <Placemark>
    <name>Route Kaliganj to Modhyanagar</name>
    <description>Assigned Demand Flow: 4349</description>
    <styleUrl>#lineStyle</styleUrl>
    <LineString>
      <tessellate>1</tessellate>
      <coordinates>
        90.5731,23.9645,0
        90.8878,23.9407,0
      </coordinates>
    </LineString>
  </Placemark>
  <Placemark>
    <name>Route Matlab (Dakshin) to Sonargaon</name>
    <description>Assigned Demand Flow: 8295</description>
    <styleUrl>#lineStyle</styleUrl>
    <LineString>
      <tessellate>1</tessellate>
      <coordinates>
        90.7091,23.3449,0
        90.5991,23.6461,0
      </coordinates>
    </LineString>
  </Placemark>
  <Placemark>
    <name>Route Chowgacha to Gangni</name>
    <description>Assigned Demand Flow: 8528</description>
    <styleUrl>#lineStyle</styleUrl>
    <LineString>
      <tessellate>1</tessellate>
      <coordinates>
        89.0203,23.2632,0
        88.7422,23.8207,0
      </coordinates>
    </LineString>
  </Placemark>
  <Placemark>
    <name>Route Daulatpur to Gangni</name>
    <description>Assigned Demand Flow: 4640</description>
    <styleUrl>#lineStyle</styleUrl>
    <LineString>
      <tessellate>1</tessellate>
      <coordinates>
        88.8738,24.0113,0
        88.7422,23.8207,0
      </coordinates>
    </LineString>
  </Placemark>
  <Placemark>
    <name>Route Shapahar to Mohanpur</name>
    <description>Assigned Demand Flow: 6641</description>
    <styleUrl>#lineStyle</styleUrl>
    <LineString>
      <tessellate>1</tessellate>
      <coordinates>
        88.5879,25.1259,0
        88.4572,24.5519,0
      </coordinates>
    </LineString>
  </Placemark>
  <Placemark>
    <name>Route Chuadanga-S to Gangni</name>
    <description>Assigned Demand Flow: 4172</description>
    <styleUrl>#lineStyle</styleUrl>
    <LineString>
      <tessellate>1</tessellate>
      <coordinates>
        88.8577,23.6418,0
        88.7422,23.8207,0
      </coordinates>
    </LineString>
  </Placemark>
  <Placemark>
    <name>Route Baghaichari to Barkal</name>
    <description>Assigned Demand Flow: 6795</description>
    <styleUrl>#lineStyle</styleUrl>
    <LineString>
      <tessellate>1</tessellate>
      <coordinates>
        92.1914,23.1649,0
        92.3793,22.7262,0
      </coordinates>
    </LineString>
  </Placemark>
  <Placemark>
    <name>Route Keraniganj to Sonargaon</name>
    <description>Assigned Demand Flow: 8370</description>
    <styleUrl>#lineStyle</styleUrl>
    <LineString>
      <tessellate>1</tessellate>
      <coordinates>
        90.3976,23.7012,0
        90.5991,23.6461,0
      </coordinates>
    </LineString>
  </Placemark>
  <Placemark>
    <name>Route Tetulia to Baliadangi</name>
    <description>Assigned Demand Flow: 6108</description>
    <styleUrl>#lineStyle</styleUrl>
    <LineString>
      <tessellate>1</tessellate>
      <coordinates>
        88.3504,26.482,0
        88.2753,26.0902,0
      </coordinates>
    </LineString>
  </Placemark>
  <Placemark>
    <name>Route Paikgacha to Kalaroa</name>
    <description>Assigned Demand Flow: 4235</description>
    <styleUrl>#lineStyle</styleUrl>
    <LineString>
      <tessellate>1</tessellate>
      <coordinates>
        89.3168,22.5931,0
        89.0394,22.8583,0
      </coordinates>
    </LineString>
  </Placemark>
  <Placemark>
    <name>Route Gopalganj-S to Kalia</name>
    <description>Assigned Demand Flow: 5236</description>
    <styleUrl>#lineStyle</styleUrl>
    <LineString>
      <tessellate>1</tessellate>
      <coordinates>
        89.8225,23.0132,0
        89.7519,23.0414,0
      </coordinates>
    </LineString>
  </Placemark>
  <Placemark>
    <name>Route Fulbaria to Durgapur</name>
    <description>Assigned Demand Flow: 6707</description>
    <styleUrl>#lineStyle</styleUrl>
    <LineString>
      <tessellate>1</tessellate>
      <coordinates>
        90.2667,24.625,0
        90.6757,25.1138,0
      </coordinates>
    </LineString>
  </Placemark>
  <Placemark>
    <name>Route Chunarughat to Sreemangal</name>
    <description>Assigned Demand Flow: 7781</description>
    <styleUrl>#lineStyle</styleUrl>
    <LineString>
      <tessellate>1</tessellate>
      <coordinates>
        91.5172,24.1974,0
        91.7296,24.3065,0
      </coordinates>
    </LineString>
  </Placemark>
  <Placemark>
    <name>Route Kasiani to Kalia</name>
    <description>Assigned Demand Flow: 7645</description>
    <styleUrl>#lineStyle</styleUrl>
    <LineString>
      <tessellate>1</tessellate>
      <coordinates>
        89.7239,23.2332,0
        89.7519,23.0414,0
      </coordinates>
    </LineString>
  </Placemark>
  <Placemark>
    <name>Route Mothbaria to Dumki</name>
    <description>Assigned Demand Flow: 4558</description>
    <styleUrl>#lineStyle</styleUrl>
    <LineString>
      <tessellate>1</tessellate>
      <coordinates>
        89.958,22.292,0
        90.3843,22.4645,0
      </coordinates>
    </LineString>
  </Placemark>
  <Placemark>
    <name>Route Shibpur to Modhyanagar</name>
    <description>Assigned Demand Flow: 8693</description>
    <styleUrl>#lineStyle</styleUrl>
    <LineString>
      <tessellate>1</tessellate>
      <coordinates>
        90.7526,23.9806,0
        90.8878,23.9407,0
      </coordinates>
    </LineString>
  </Placemark>
  <Placemark>
    <name>Route Mollahat to Kalia</name>
    <description>Assigned Demand Flow: 8898</description>
    <styleUrl>#lineStyle</styleUrl>
    <LineString>
      <tessellate>1</tessellate>
      <coordinates>
        89.806,22.9266,0
        89.7519,23.0414,0
      </coordinates>
    </LineString>
  </Placemark>
  <Placemark>
    <name>Route Taraganj to Jaldhaka</name>
    <description>Assigned Demand Flow: 4088</description>
    <styleUrl>#lineStyle</styleUrl>
    <LineString>
      <tessellate>1</tessellate>
      <coordinates>
        89.0356,25.808,0
        89.0215,26.0228,0
      </coordinates>
    </LineString>
  </Placemark>
  <Placemark>
    <name>Route Savar to Singair</name>
    <description>Assigned Demand Flow: 6227</description>
    <styleUrl>#lineStyle</styleUrl>
    <LineString>
      <tessellate>1</tessellate>
      <coordinates>
        90.2576,23.8479,0
        90.146,23.8137,0
      </coordinates>
    </LineString>
  </Placemark>
  <Placemark>
    <name>Route Manikganj-S to Singair</name>
    <description>Assigned Demand Flow: 7934</description>
    <styleUrl>#lineStyle</styleUrl>
    <LineString>
      <tessellate>1</tessellate>
      <coordinates>
        90.0047,23.8644,0
        90.146,23.8137,0
      </coordinates>
    </LineString>
  </Placemark>
  <Placemark>
    <name>Route Mahalchari to Rangamati-S</name>
    <description>Assigned Demand Flow: 7732</description>
    <styleUrl>#lineStyle</styleUrl>
    <LineString>
      <tessellate>1</tessellate>
      <coordinates>
        92.0298,22.9317,0
        92.1789,22.6533,0
      </coordinates>
    </LineString>
  </Placemark>
  <Placemark>
    <name>Route Koyra to Kalaroa</name>
    <description>Assigned Demand Flow: 7108</description>
    <styleUrl>#lineStyle</styleUrl>
    <LineString>
      <tessellate>1</tessellate>
      <coordinates>
        89.4227,22.3699,0
        89.0394,22.8583,0
      </coordinates>
    </LineString>
  </Placemark>
  <Placemark>
    <name>Route Sundarganj to Kurigram-S</name>
    <description>Assigned Demand Flow: 4873</description>
    <styleUrl>#lineStyle</styleUrl>
    <LineString>
      <tessellate>1</tessellate>
      <coordinates>
        89.5191,25.5644,0
        89.6816,25.8282,0
      </coordinates>
    </LineString>
  </Placemark>
  <Placemark>
    <name>Route Barura to Burichong</name>
    <description>Assigned Demand Flow: 5588</description>
    <styleUrl>#lineStyle</styleUrl>
    <LineString>
      <tessellate>1</tessellate>
      <coordinates>
        91.055,23.3773,0
        91.1267,23.5535,0
      </coordinates>
    </LineString>
  </Placemark>
  <Placemark>
    <name>Route Pirojpur-S to Banaripara</name>
    <description>Assigned Demand Flow: 6951</description>
    <styleUrl>#lineStyle</styleUrl>
    <LineString>
      <tessellate>1</tessellate>
      <coordinates>
        89.9721,22.5841,0
        90.1623,22.7779,0
      </coordinates>
    </LineString>
  </Placemark>
  <Placemark>
    <name>Route Hakimpur to Gobindaganj</name>
    <description>Assigned Demand Flow: 5189</description>
    <styleUrl>#lineStyle</styleUrl>
    <LineString>
      <tessellate>1</tessellate>
      <coordinates>
        89.0132,25.2746,0
        89.3869,25.1373,0
      </coordinates>
    </LineString>
  </Placemark>
  <Placemark>
    <name>Route Zakiganj to Kanaighat</name>
    <description>Assigned Demand Flow: 4267</description>
    <styleUrl>#lineStyle</styleUrl>
    <LineString>
      <tessellate>1</tessellate>
      <coordinates>
        92.3678,24.8781,0
        92.2557,25.0088,0
      </coordinates>
    </LineString>
  </Placemark>
  <Placemark>
    <name>Route Kaukhali to Banaripara</name>
    <description>Assigned Demand Flow: 6158</description>
    <styleUrl>#lineStyle</styleUrl>
    <LineString>
      <tessellate>1</tessellate>
      <coordinates>
        90.07,22.6258,0
        90.1623,22.7779,0
      </coordinates>
    </LineString>
  </Placemark>
  <Placemark>
    <name>Route Golapganj to Dakshin Surma</name>
    <description>Assigned Demand Flow: 5826</description>
    <styleUrl>#lineStyle</styleUrl>
    <LineString>
      <tessellate>1</tessellate>
      <coordinates>
        92.0151,24.8581,0
        91.9051,24.815,0
      </coordinates>
    </LineString>
  </Placemark>
  <Placemark>
    <name>Route Monpura to Galachipa</name>
    <description>Assigned Demand Flow: 4359</description>
    <styleUrl>#lineStyle</styleUrl>
    <LineString>
      <tessellate>1</tessellate>
      <coordinates>
        90.9659,22.265,0
        90.4102,22.1634,0
      </coordinates>
    </LineString>
  </Placemark>
  <Placemark>
    <name>Route Muladi to Hizla</name>
    <description>Assigned Demand Flow: 6579</description>
    <styleUrl>#lineStyle</styleUrl>
    <LineString>
      <tessellate>1</tessellate>
      <coordinates>
        90.389,22.8875,0
        90.4452,22.9296,0
      </coordinates>
    </LineString>
  </Placemark>
  <Placemark>
    <name>Route Homna to Araihazar</name>
    <description>Assigned Demand Flow: 4121</description>
    <styleUrl>#lineStyle</styleUrl>
    <LineString>
      <tessellate>1</tessellate>
      <coordinates>
        90.7833,23.6825,0
        90.6536,23.7917,0
      </coordinates>
    </LineString>
  </Placemark>
  <Placemark>
    <name>Route Sonaimuri to Sonagazi</name>
    <description>Assigned Demand Flow: 6018</description>
    <styleUrl>#lineStyle</styleUrl>
    <LineString>
      <tessellate>1</tessellate>
      <coordinates>
        91.1113,23.0509,0
        91.3928,22.8492,0
      </coordinates>
    </LineString>
  </Placemark>
  <Placemark>
    <name>Route Dinajpur-S to Chirirbandar</name>
    <description>Assigned Demand Flow: 8506</description>
    <styleUrl>#lineStyle</styleUrl>
    <LineString>
      <tessellate>1</tessellate>
      <coordinates>
        88.6438,25.6221,0
        88.7771,25.6503,0
      </coordinates>
    </LineString>
  </Placemark>
  <Placemark>
    <name>Route Ramu to Thanchi</name>
    <description>Assigned Demand Flow: 7975</description>
    <styleUrl>#lineStyle</styleUrl>
    <LineString>
      <tessellate>1</tessellate>
      <coordinates>
        92.1254,21.438,0
        92.4357,21.8211,0
      </coordinates>
    </LineString>
  </Placemark>
  <Placemark>
    <name>Route Jhalokathi-S to Banaripara</name>
    <description>Assigned Demand Flow: 4505</description>
    <styleUrl>#lineStyle</styleUrl>
    <LineString>
      <tessellate>1</tessellate>
      <coordinates>
        90.187,22.5721,0
        90.1623,22.7779,0
      </coordinates>
    </LineString>
  </Placemark>
  <Placemark>
    <name>Route Kendua to Khaliajuri</name>
    <description>Assigned Demand Flow: 6054</description>
    <styleUrl>#lineStyle</styleUrl>
    <LineString>
      <tessellate>1</tessellate>
      <coordinates>
        90.8437,24.6704,0
        91.1329,24.6893,0
      </coordinates>
    </LineString>
  </Placemark>
  <Placemark>
    <name>Route Chatkhil to Sonagazi</name>
    <description>Assigned Demand Flow: 4700</description>
    <styleUrl>#lineStyle</styleUrl>
    <LineString>
      <tessellate>1</tessellate>
      <coordinates>
        90.9773,23.0518,0
        91.3928,22.8492,0
      </coordinates>
    </LineString>
  </Placemark>
  <Placemark>
    <name>Route Karnaphuli to Rangamati-S</name>
    <description>Assigned Demand Flow: 6155</description>
    <styleUrl>#lineStyle</styleUrl>
    <LineString>
      <tessellate>1</tessellate>
      <coordinates>
        92.1069,22.5819,0
        92.1789,22.6533,0
      </coordinates>
    </LineString>
  </Placemark>
  <Placemark>
    <name>Route Niamatpur to Mohanpur</name>
    <description>Assigned Demand Flow: 6571</description>
    <styleUrl>#lineStyle</styleUrl>
    <LineString>
      <tessellate>1</tessellate>
      <coordinates>
        88.5698,24.8336,0
        88.4572,24.5519,0
      </coordinates>
    </LineString>
  </Placemark>
  <Placemark>
    <name>Route Chauhali to Santhia</name>
    <description>Assigned Demand Flow: 6639</description>
    <styleUrl>#lineStyle</styleUrl>
    <LineString>
      <tessellate>1</tessellate>
      <coordinates>
        89.7541,24.194,0
        89.5353,24.0562,0
      </coordinates>
    </LineString>
  </Placemark>
  <Placemark>
    <name>Route Taltali to Galachipa</name>
    <description>Assigned Demand Flow: 5638</description>
    <styleUrl>#lineStyle</styleUrl>
    <LineString>
      <tessellate>1</tessellate>
      <coordinates>
        90.0864,21.985,0
        90.4102,22.1634,0
      </coordinates>
    </LineString>
  </Placemark>
  <Placemark>
    <name>Route Dighinala to Fatikchari</name>
    <description>Assigned Demand Flow: 7186</description>
    <styleUrl>#lineStyle</styleUrl>
    <LineString>
      <tessellate>1</tessellate>
      <coordinates>
        92.0641,23.2408,0
        91.7388,22.7588,0
      </coordinates>
    </LineString>
  </Placemark>
  <Placemark>
    <name>Route Fakirhat to Kalia</name>
    <description>Assigned Demand Flow: 8152</description>
    <styleUrl>#lineStyle</styleUrl>
    <LineString>
      <tessellate>1</tessellate>
      <coordinates>
        89.7075,22.7775,0
        89.7519,23.0414,0
      </coordinates>
    </LineString>
  </Placemark>
  <Placemark>
    <name>Route Phulbari to Chirirbandar</name>
    <description>Assigned Demand Flow: 8914</description>
    <styleUrl>#lineStyle</styleUrl>
    <LineString>
      <tessellate>1</tessellate>
      <coordinates>
        88.9501,25.4973,0
        88.7771,25.6503,0
      </coordinates>
    </LineString>
  </Placemark>
  <Placemark>
    <name>Route Jagannathpur to Dakshin Surma</name>
    <description>Assigned Demand Flow: 1250.13</description>
    <styleUrl>#lineStyle</styleUrl>
    <LineString>
      <tessellate>1</tessellate>
      <coordinates>
        91.5451,24.7717,0
        91.9051,24.815,0
      </coordinates>
    </LineString>
  </Placemark>
  <Placemark>
    <name>Route Jagannathpur to Kamalganj</name>
    <description>Assigned Demand Flow: 6008.87</description>
    <styleUrl>#lineStyle</styleUrl>
    <LineString>
      <tessellate>1</tessellate>
      <coordinates>
        91.5451,24.7717,0
        91.861,24.3701,0
      </coordinates>
    </LineString>
  </Placemark>
  <Placemark>
    <name>Route Nabinagar to Modhyanagar</name>
    <description>Assigned Demand Flow: 8606</description>
    <styleUrl>#lineStyle</styleUrl>
    <LineString>
      <tessellate>1</tessellate>
      <coordinates>
        90.9605,23.8887,0
        90.8878,23.9407,0
      </coordinates>
    </LineString>
  </Placemark>
  <Placemark>
    <name>Route Kamalnagar to Sonagazi</name>
    <description>Assigned Demand Flow: 5223</description>
    <styleUrl>#lineStyle</styleUrl>
    <LineString>
      <tessellate>1</tessellate>
      <coordinates>
        90.9939,22.5932,0
        91.3928,22.8492,0
      </coordinates>
    </LineString>
  </Placemark>
  <Placemark>
    <name>Route Bhurungamari to Jaldhaka</name>
    <description>Assigned Demand Flow: 7783</description>
    <styleUrl>#lineStyle</styleUrl>
    <LineString>
      <tessellate>1</tessellate>
      <coordinates>
        89.6699,26.109,0
        89.0215,26.0228,0
      </coordinates>
    </LineString>
  </Placemark>
  <Placemark>
    <name>Route Hatiya to Sonagazi</name>
    <description>Assigned Demand Flow: 7809</description>
    <styleUrl>#lineStyle</styleUrl>
    <LineString>
      <tessellate>1</tessellate>
      <coordinates>
        91.1401,22.2881,0
        91.3928,22.8492,0
      </coordinates>
    </LineString>
  </Placemark>
  <Placemark>
    <name>Route Mirzapur to Singair</name>
    <description>Assigned Demand Flow: 6850</description>
    <styleUrl>#lineStyle</styleUrl>
    <LineString>
      <tessellate>1</tessellate>
      <coordinates>
        90.1655,24.1149,0
        90.146,23.8137,0
      </coordinates>
    </LineString>
  </Placemark>
  <Placemark>
    <name>Route Karimganj to Sreemangal</name>
    <description>Assigned Demand Flow: 8546</description>
    <styleUrl>#lineStyle</styleUrl>
    <LineString>
      <tessellate>1</tessellate>
      <coordinates>
        90.8656,24.4741,0
        91.7296,24.3065,0
      </coordinates>
    </LineString>
  </Placemark>
  <Placemark>
    <name>Route Tanore to Mohanpur</name>
    <description>Assigned Demand Flow: 5218</description>
    <styleUrl>#lineStyle</styleUrl>
    <LineString>
      <tessellate>1</tessellate>
      <coordinates>
        88.5746,24.5873,0
        88.4572,24.5519,0
      </coordinates>
    </LineString>
  </Placemark>
  <Placemark>
    <name>Route Damuddya to Shariatpur-S</name>
    <description>Assigned Demand Flow: 4113</description>
    <styleUrl>#lineStyle</styleUrl>
    <LineString>
      <tessellate>1</tessellate>
      <coordinates>
        90.4396,23.1391,0
        90.3501,23.2197,0
      </coordinates>
    </LineString>
  </Placemark>
  <Placemark>
    <name>Route Ruma to Thanchi</name>
    <description>Assigned Demand Flow: 7149</description>
    <styleUrl>#lineStyle</styleUrl>
    <LineString>
      <tessellate>1</tessellate>
      <coordinates>
        92.4103,22.0511,0
        92.4357,21.8211,0
      </coordinates>
    </LineString>
  </Placemark>
  <Placemark>
    <name>Route Rajosthali to Patiya</name>
    <description>Assigned Demand Flow: 6012</description>
    <styleUrl>#lineStyle</styleUrl>
    <LineString>
      <tessellate>1</tessellate>
      <coordinates>
        92.1523,22.3762,0
        91.9759,22.295,0
      </coordinates>
    </LineString>
  </Placemark>
  <Placemark>
    <name>Route Kaptai to Rangamati-S</name>
    <description>Assigned Demand Flow: 4463</description>
    <styleUrl>#lineStyle</styleUrl>
    <LineString>
      <tessellate>1</tessellate>
      <coordinates>
        92.2212,22.4944,0
        92.1789,22.6533,0
      </coordinates>
    </LineString>
  </Placemark>
  <Placemark>
    <name>Route Batiaghata to Kalia</name>
    <description>Assigned Demand Flow: 7996</description>
    <styleUrl>#lineStyle</styleUrl>
    <LineString>
      <tessellate>1</tessellate>
      <coordinates>
        89.5026,22.7264,0
        89.7519,23.0414,0
      </coordinates>
    </LineString>
  </Placemark>
  <Placemark>
    <name>Route Gomostapur to Mohanpur</name>
    <description>Assigned Demand Flow: 5357</description>
    <styleUrl>#lineStyle</styleUrl>
    <LineString>
      <tessellate>1</tessellate>
      <coordinates>
        88.2898,24.7934,0
        88.4572,24.5519,0
      </coordinates>
    </LineString>
  </Placemark>
  <Placemark>
    <name>Route Kalihati to Sirajganj-S</name>
    <description>Assigned Demand Flow: 4405</description>
    <styleUrl>#lineStyle</styleUrl>
    <LineString>
      <tessellate>1</tessellate>
      <coordinates>
        89.993,24.3906,0
        89.6816,24.4526,0
      </coordinates>
    </LineString>
  </Placemark>
  <Placemark>
    <name>Route Fenchuganj to Kamalganj</name>
    <description>Assigned Demand Flow: 5444</description>
    <styleUrl>#lineStyle</styleUrl>
    <LineString>
      <tessellate>1</tessellate>
      <coordinates>
        91.9441,24.6958,0
        91.861,24.3701,0
      </coordinates>
    </LineString>
  </Placemark>
  <Placemark>
    <name>Route Mithapukur to Kurigram-S</name>
    <description>Assigned Demand Flow: 4141</description>
    <styleUrl>#lineStyle</styleUrl>
    <LineString>
      <tessellate>1</tessellate>
      <coordinates>
        89.28,25.5723,0
        89.6816,25.8282,0
      </coordinates>
    </LineString>
  </Placemark>
  <Placemark>
    <name>Route Sayestaganj to Sreemangal</name>
    <description>Assigned Demand Flow: 8813</description>
    <styleUrl>#lineStyle</styleUrl>
    <LineString>
      <tessellate>1</tessellate>
      <coordinates>
        91.4556,24.2767,0
        91.7296,24.3065,0
      </coordinates>
    </LineString>
  </Placemark>
  <Placemark>
    <name>Route Ashuganj to Modhyanagar</name>
    <description>Assigned Demand Flow: 4751</description>
    <styleUrl>#lineStyle</styleUrl>
    <LineString>
      <tessellate>1</tessellate>
      <coordinates>
        90.9964,24.0277,0
        90.8878,23.9407,0
      </coordinates>
    </LineString>
  </Placemark>
  <Placemark>
    <name>Route Bagha to Mohanpur</name>
    <description>Assigned Demand Flow: 8187</description>
    <styleUrl>#lineStyle</styleUrl>
    <LineString>
      <tessellate>1</tessellate>
      <coordinates>
        88.8371,24.1975,0
        88.4572,24.5519,0
      </coordinates>
    </LineString>
  </Placemark>
  <Placemark>
    <name>Route Khoksha to Gangni</name>
    <description>Assigned Demand Flow: 6076</description>
    <styleUrl>#lineStyle</styleUrl>
    <LineString>
      <tessellate>1</tessellate>
      <coordinates>
        89.2895,23.8033,0
        88.7422,23.8207,0
      </coordinates>
    </LineString>
  </Placemark>
  <Placemark>
    <name>Route Agailjhara to Banaripara</name>
    <description>Assigned Demand Flow: 4836</description>
    <styleUrl>#lineStyle</styleUrl>
    <LineString>
      <tessellate>1</tessellate>
      <coordinates>
        90.1635,22.9713,0
        90.1623,22.7779,0
      </coordinates>
    </LineString>
  </Placemark>
  <Placemark>
    <name>Route Betagi to Dumki</name>
    <description>Assigned Demand Flow: 8015</description>
    <styleUrl>#lineStyle</styleUrl>
    <LineString>
      <tessellate>1</tessellate>
      <coordinates>
        90.1659,22.4142,0
        90.3843,22.4645,0
      </coordinates>
    </LineString>
  </Placemark>
  <Placemark>
    <name>Route Titas to Sonargaon</name>
    <description>Assigned Demand Flow: 5547</description>
    <styleUrl>#lineStyle</styleUrl>
    <LineString>
      <tessellate>1</tessellate>
      <coordinates>
        90.8173,23.6001,0
        90.5991,23.6461,0
      </coordinates>
    </LineString>
  </Placemark>
  <Placemark>
    <name>Route Thakurgaon-S to Baliadangi</name>
    <description>Assigned Demand Flow: 4336</description>
    <styleUrl>#lineStyle</styleUrl>
    <LineString>
      <tessellate>1</tessellate>
      <coordinates>
        88.4646,26.0274,0
        88.2753,26.0902,0
      </coordinates>
    </LineString>
  </Placemark>
  <Placemark>
    <name>Route Nalitabari to Durgapur</name>
    <description>Assigned Demand Flow: 5438</description>
    <styleUrl>#lineStyle</styleUrl>
    <LineString>
      <tessellate>1</tessellate>
      <coordinates>
        90.194,25.085,0
        90.6757,25.1138,0
      </coordinates>
    </LineString>
  </Placemark>
  <Placemark>
    <name>Route Companiganj to Sonagazi</name>
    <description>Assigned Demand Flow: 7655</description>
    <styleUrl>#lineStyle</styleUrl>
    <LineString>
      <tessellate>1</tessellate>
      <coordinates>
        91.2779,22.8737,0
        91.3928,22.8492,0
      </coordinates>
    </LineString>
  </Placemark>
  <Placemark>
    <name>Route Manikchari to Fatikchari</name>
    <description>Assigned Demand Flow: 4706</description>
    <styleUrl>#lineStyle</styleUrl>
    <LineString>
      <tessellate>1</tessellate>
      <coordinates>
        91.8367,22.8417,0
        91.7388,22.7588,0
      </coordinates>
    </LineString>
  </Placemark>
  <Placemark>
    <name>Route Belaichari to Rangamati-S</name>
    <description>Assigned Demand Flow: 7753</description>
    <styleUrl>#lineStyle</styleUrl>
    <LineString>
      <tessellate>1</tessellate>
      <coordinates>
        92.3437,22.5117,0
        92.1789,22.6533,0
      </coordinates>
    </LineString>
  </Placemark>
  <Placemark>
    <name>Route Atpara to Kamalganj</name>
    <description>Assigned Demand Flow: 4657</description>
    <styleUrl>#lineStyle</styleUrl>
    <LineString>
      <tessellate>1</tessellate>
      <coordinates>
        90.8604,24.8098,0
        91.861,24.3701,0
      </coordinates>
    </LineString>
  </Placemark>
  <Placemark>
    <name>Route Rupsha to Kalia</name>
    <description>Assigned Demand Flow: 6996</description>
    <styleUrl>#lineStyle</styleUrl>
    <LineString>
      <tessellate>1</tessellate>
      <coordinates>
        89.529,22.8062,0
        89.7519,23.0414,0
      </coordinates>
    </LineString>
  </Placemark>
  <Placemark>
    <name>Route Munshiganj-S to Sonargaon</name>
    <description>Assigned Demand Flow: 8398</description>
    <styleUrl>#lineStyle</styleUrl>
    <LineString>
      <tessellate>1</tessellate>
      <coordinates>
        90.5303,23.5416,0
        90.5991,23.6461,0
      </coordinates>
    </LineString>
  </Placemark>
  <Placemark>
    <name>Route Lalpur to Mohanpur</name>
    <description>Assigned Demand Flow: 7248</description>
    <styleUrl>#lineStyle</styleUrl>
    <LineString>
      <tessellate>1</tessellate>
      <coordinates>
        88.7377,24.1997,0
        88.4572,24.5519,0
      </coordinates>
    </LineString>
  </Placemark>
  <Placemark>
    <name>Route Ramgati to Mehendiganj</name>
    <description>Assigned Demand Flow: 8507</description>
    <styleUrl>#lineStyle</styleUrl>
    <LineString>
      <tessellate>1</tessellate>
      <coordinates>
        90.9318,22.7452,0
        90.527,22.8261,0
      </coordinates>
    </LineString>
  </Placemark>
  <Placemark>
    <name>Route Shailkupa to Gangni</name>
    <description>Assigned Demand Flow: 4210</description>
    <styleUrl>#lineStyle</styleUrl>
    <LineString>
      <tessellate>1</tessellate>
      <coordinates>
        89.242,23.6841,0
        88.7422,23.8207,0
      </coordinates>
    </LineString>
  </Placemark>
  <Placemark>
    <name>Route Panchagarh-S to Baliadangi</name>
    <description>Assigned Demand Flow: 4602</description>
    <styleUrl>#lineStyle</styleUrl>
    <LineString>
      <tessellate>1</tessellate>
      <coordinates>
        88.5517,26.3354,0
        88.2753,26.0902,0
      </coordinates>
    </LineString>
  </Placemark>
  <Placemark>
    <name>Route Khanshama to Chirirbandar</name>
    <description>Assigned Demand Flow: 5097</description>
    <styleUrl>#lineStyle</styleUrl>
    <LineString>
      <tessellate>1</tessellate>
      <coordinates>
        88.7314,25.925,0
        88.7771,25.6503,0
      </coordinates>
    </LineString>
  </Placemark>
  <Placemark>
    <name>Route Bhola-S to Mehendiganj</name>
    <description>Assigned Demand Flow: 8954</description>
    <styleUrl>#lineStyle</styleUrl>
    <LineString>
      <tessellate>1</tessellate>
      <coordinates>
        90.6439,22.6855,0
        90.527,22.8261,0
      </coordinates>
    </LineString>
  </Placemark>
  <Placemark>
    <name>Route Dighalia to Kalia</name>
    <description>Assigned Demand Flow: 8588</description>
    <styleUrl>#lineStyle</styleUrl>
    <LineString>
      <tessellate>1</tessellate>
      <coordinates>
        89.5218,22.8958,0
        89.7519,23.0414,0
      </coordinates>
    </LineString>
  </Placemark>
  <Placemark>
    <name>Route Nasirnagar to Sreemangal</name>
    <description>Assigned Demand Flow: 7252</description>
    <styleUrl>#lineStyle</styleUrl>
    <LineString>
      <tessellate>1</tessellate>
      <coordinates>
        91.1953,24.1958,0
        91.7296,24.3065,0
      </coordinates>
    </LineString>
  </Placemark>
  <Placemark>
    <name>Route Naikhyongchari to Thanchi</name>
    <description>Assigned Demand Flow: 8880</description>
    <styleUrl>#lineStyle</styleUrl>
    <LineString>
      <tessellate>1</tessellate>
      <coordinates>
        92.1757,21.4269,0
        92.4357,21.8211,0
      </coordinates>
    </LineString>
  </Placemark>
  <Placemark>
    <name>Route Tala to Kalaroa</name>
    <description>Assigned Demand Flow: 8030</description>
    <styleUrl>#lineStyle</styleUrl>
    <LineString>
      <tessellate>1</tessellate>
      <coordinates>
        89.3082,22.7571,0
        89.0394,22.8583,0
      </coordinates>
    </LineString>
  </Placemark>
  <Placemark>
    <name>Route Mohanganj to Kamalganj</name>
    <description>Assigned Demand Flow: 4395</description>
    <styleUrl>#lineStyle</styleUrl>
    <LineString>
      <tessellate>1</tessellate>
      <coordinates>
        90.9797,24.8743,0
        91.861,24.3701,0
      </coordinates>
    </LineString>
  </Placemark>
  <Placemark>
    <name>Route Melandaha to Baliadangi</name>
    <description>Assigned Demand Flow: 4869</description>
    <styleUrl>#lineStyle</styleUrl>
    <LineString>
      <tessellate>1</tessellate>
      <coordinates>
        24.9391,24.9391,0
        88.2753,26.0902,0
      </coordinates>
    </LineString>
  </Placemark>
  <Placemark>
    <name>Route Damurhuda to Gangni</name>
    <description>Assigned Demand Flow: 4430</description>
    <styleUrl>#lineStyle</styleUrl>
    <LineString>
      <tessellate>1</tessellate>
      <coordinates>
        88.7759,23.6067,0
        88.7422,23.8207,0
      </coordinates>
    </LineString>
  </Placemark>
  <Placemark>
    <name>Route Palash to Modhyanagar</name>
    <description>Assigned Demand Flow: 8223</description>
    <styleUrl>#lineStyle</styleUrl>
    <LineString>
      <tessellate>1</tessellate>
      <coordinates>
        90.6543,23.9372,0
        90.8878,23.9407,0
      </coordinates>
    </LineString>
  </Placemark>
  <Placemark>
    <name>Route Kawkhali to Banaripara</name>
    <description>Assigned Demand Flow: 4133</description>
    <styleUrl>#lineStyle</styleUrl>
    <LineString>
      <tessellate>1</tessellate>
      <coordinates>
        90.07,22.6258,0
        90.1623,22.7779,0
      </coordinates>
    </LineString>
  </Placemark>
  <Placemark>
    <name>Route Kishoreganj-S to Sreemangal</name>
    <description>Assigned Demand Flow: 6432</description>
    <styleUrl>#lineStyle</styleUrl>
    <LineString>
      <tessellate>1</tessellate>
      <coordinates>
        90.7866,24.4331,0
        91.7296,24.3065,0
      </coordinates>
    </LineString>
  </Placemark>
  <Placemark>
    <name>Route Jamalganj to Tahirpur</name>
    <description>Assigned Demand Flow: 8660</description>
    <styleUrl>#lineStyle</styleUrl>
    <LineString>
      <tessellate>1</tessellate>
      <coordinates>
        91.2338,24.997,0
        91.1755,25.099,0
      </coordinates>
    </LineString>
  </Placemark>
  <Placemark>
    <name>Route Haimchar to Hizla</name>
    <description>Assigned Demand Flow: 4323</description>
    <styleUrl>#lineStyle</styleUrl>
    <LineString>
      <tessellate>1</tessellate>
      <coordinates>
        90.592,23.0595,0
        90.4452,22.9296,0
      </coordinates>
    </LineString>
  </Placemark>
  <Placemark>
    <name>Route Gabtali to Sariakandi</name>
    <description>Assigned Demand Flow: 8492</description>
    <styleUrl>#lineStyle</styleUrl>
    <LineString>
      <tessellate>1</tessellate>
      <coordinates>
        89.4553,24.8795,0
        89.571,24.8888,0
      </coordinates>
    </LineString>
  </Placemark>
  <Placemark>
    <name>Route Nageswari to Jaldhaka</name>
    <description>Assigned Demand Flow: 5752</description>
    <styleUrl>#lineStyle</styleUrl>
    <LineString>
      <tessellate>1</tessellate>
      <coordinates>
        89.6957,25.9642,0
        89.0215,26.0228,0
      </coordinates>
    </LineString>
  </Placemark>
  <Placemark>
    <name>Route Rangunia to Patiya</name>
    <description>Assigned Demand Flow: 7569</description>
    <styleUrl>#lineStyle</styleUrl>
    <LineString>
      <tessellate>1</tessellate>
      <coordinates>
        92.0518,22.4698,0
        91.9759,22.295,0
      </coordinates>
    </LineString>
  </Placemark>
  <Placemark>
    <name>Route Kalai to Gobindaganj</name>
    <description>Assigned Demand Flow: 9008</description>
    <styleUrl>#lineStyle</styleUrl>
    <LineString>
      <tessellate>1</tessellate>
      <coordinates>
        89.1697,25.0582,0
        89.3869,25.1373,0
      </coordinates>
    </LineString>
  </Placemark>
  <Placemark>
    <name>Route Bahubal to Sreemangal</name>
    <description>Assigned Demand Flow: 8896</description>
    <styleUrl>#lineStyle</styleUrl>
    <LineString>
      <tessellate>1</tessellate>
      <coordinates>
        91.5378,24.3412,0
        91.7296,24.3065,0
      </coordinates>
    </LineString>
  </Placemark>
  <Placemark>
    <name>Route Mirzaganj to Dumki</name>
    <description>Assigned Demand Flow: 4871</description>
    <styleUrl>#lineStyle</styleUrl>
    <LineString>
      <tessellate>1</tessellate>
      <coordinates>
        90.2114,22.3672,0
        90.3843,22.4645,0
      </coordinates>
    </LineString>
  </Placemark>
  <Placemark>
    <name>Route Kishoreganj to Sreemangal</name>
    <description>Assigned Demand Flow: 6428</description>
    <styleUrl>#lineStyle</styleUrl>
    <LineString>
      <tessellate>1</tessellate>
      <coordinates>
        90.7866,24.4331,0
        91.7296,24.3065,0
      </coordinates>
    </LineString>
  </Placemark>
  <Placemark>
    <name>Route Shyamnagar to Kalaroa</name>
    <description>Assigned Demand Flow: 6326</description>
    <styleUrl>#lineStyle</styleUrl>
    <LineString>
      <tessellate>1</tessellate>
      <coordinates>
        89.5527,22.3568,0
        89.0394,22.8583,0
      </coordinates>
    </LineString>
  </Placemark>
  <Placemark>
    <name>Route Dacope to Kalia</name>
    <description>Assigned Demand Flow: 6368</description>
    <styleUrl>#lineStyle</styleUrl>
    <LineString>
      <tessellate>1</tessellate>
      <coordinates>
        89.5073,22.6012,0
        89.7519,23.0414,0
      </coordinates>
    </LineString>
  </Placemark>
  <Placemark>
    <name>Route Sirajdikhan to Lauhajong</name>
    <description>Assigned Demand Flow: 4479</description>
    <styleUrl>#lineStyle</styleUrl>
    <LineString>
      <tessellate>1</tessellate>
      <coordinates>
        90.3937,23.5962,0
        90.3207,23.4743,0
      </coordinates>
    </LineString>
  </Placemark>
  <Placemark>
    <name>Route Morrelganj to Banaripara</name>
    <description>Assigned Demand Flow: 8516</description>
    <styleUrl>#lineStyle</styleUrl>
    <LineString>
      <tessellate>1</tessellate>
      <coordinates>
        89.8528,22.4499,0
        90.1623,22.7779,0
      </coordinates>
    </LineString>
  </Placemark>
  <Placemark>
    <name>Route Satkania to Chandanish</name>
    <description>Assigned Demand Flow: 7685</description>
    <styleUrl>#lineStyle</styleUrl>
    <LineString>
      <tessellate>1</tessellate>
      <coordinates>
        92.0812,22.1,0
        92.0126,22.2439,0
      </coordinates>
    </LineString>
  </Placemark>
  <Placemark>
    <name>Route Faridpur-S to Faridpur</name>
    <description>Assigned Demand Flow: 4801</description>
    <styleUrl>#lineStyle</styleUrl>
    <LineString>
      <tessellate>1</tessellate>
      <coordinates>
        89.8333,23.6019,0
        89.8333,23.6019,0
      </coordinates>
    </LineString>
  </Placemark>
  <Placemark>
    <name>Route Abhaynagar to Jhikargacha</name>
    <description>Assigned Demand Flow: 8878</description>
    <styleUrl>#lineStyle</styleUrl>
    <LineString>
      <tessellate>1</tessellate>
      <coordinates>
        89.3143,23.0156,0
        89.0991,23.0999,0
      </coordinates>
    </LineString>
  </Placemark>
  <Placemark>
    <name>Route Kotchandpur to Gangni</name>
    <description>Assigned Demand Flow: 8688</description>
    <styleUrl>#lineStyle</styleUrl>
    <LineString>
      <tessellate>1</tessellate>
      <coordinates>
        89.012,23.4075,0
        88.7422,23.8207,0
      </coordinates>
    </LineString>
  </Placemark>
  <Placemark>
    <name>Route Sreenagar to Lauhajong</name>
    <description>Assigned Demand Flow: 6980</description>
    <styleUrl>#lineStyle</styleUrl>
    <LineString>
      <tessellate>1</tessellate>
      <coordinates>
        90.295,23.5429,0
        90.3207,23.4743,0
      </coordinates>
    </LineString>
  </Placemark>
  <Placemark>
    <name>Route Patnitala to Manda</name>
    <description>Assigned Demand Flow: 8701</description>
    <styleUrl>#lineStyle</styleUrl>
    <LineString>
      <tessellate>1</tessellate>
      <coordinates>
        88.7625,25.0498,0
        88.6701,24.7755,0
      </coordinates>
    </LineString>
  </Placemark>
  <Placemark>
    <name>Route Noakhali-S to Sonagazi</name>
    <description>Assigned Demand Flow: 6292</description>
    <styleUrl>#lineStyle</styleUrl>
    <LineString>
      <tessellate>1</tessellate>
      <coordinates>
        91.1017,22.8246,0
        91.3928,22.8492,0
      </coordinates>
    </LineString>
  </Placemark>
  <Placemark>
    <name>Route Ghoraghat to Gobindaganj</name>
    <description>Assigned Demand Flow: 5898</description>
    <styleUrl>#lineStyle</styleUrl>
    <LineString>
      <tessellate>1</tessellate>
      <coordinates>
        89.1809,25.3007,0
        89.3869,25.1373,0
      </coordinates>
    </LineString>
  </Placemark>
  <Placemark>
    <name>Route Saltha to Faridpur</name>
    <description>Assigned Demand Flow: 6427</description>
    <styleUrl>#lineStyle</styleUrl>
    <LineString>
      <tessellate>1</tessellate>
      <coordinates>
        89.7826,23.4328,0
        89.8333,23.6019,0
      </coordinates>
    </LineString>
  </Placemark>
  <Placemark>
    <name>Route Daulatkhan to Mehendiganj</name>
    <description>Assigned Demand Flow: 5543</description>
    <styleUrl>#lineStyle</styleUrl>
    <LineString>
      <tessellate>1</tessellate>
      <coordinates>
        90.7414,22.6051,0
        90.527,22.8261,0
      </coordinates>
    </LineString>
  </Placemark>
  <Placemark>
    <name>Route Shibchar to Lauhajong</name>
    <description>Assigned Demand Flow: 8831</description>
    <styleUrl>#lineStyle</styleUrl>
    <LineString>
      <tessellate>1</tessellate>
      <coordinates>
        90.187,23.3346,0
        90.3207,23.4743,0
      </coordinates>
    </LineString>
  </Placemark>
  <Placemark>
    <name>Route Sadarpur to Charbhadrasan</name>
    <description>Assigned Demand Flow: 8470</description>
    <styleUrl>#lineStyle</styleUrl>
    <LineString>
      <tessellate>1</tessellate>
      <coordinates>
        90.0365,23.4664,0
        89.9953,23.5669,0
      </coordinates>
    </LineString>
  </Placemark>
  <Placemark>
    <name>Route Rupganj to Araihazar</name>
    <description>Assigned Demand Flow: 4751</description>
    <styleUrl>#lineStyle</styleUrl>
    <LineString>
      <tessellate>1</tessellate>
      <coordinates>
        90.54,23.8159,0
        90.6536,23.7917,0
      </coordinates>
    </LineString>
  </Placemark>
  <Placemark>
    <name>Route Pekua to Chandanish</name>
    <description>Assigned Demand Flow: 8050</description>
    <styleUrl>#lineStyle</styleUrl>
    <LineString>
      <tessellate>1</tessellate>
      <coordinates>
        91.9574,21.8327,0
        92.0126,22.2439,0
      </coordinates>
    </LineString>
  </Placemark>
  <Placemark>
    <name>Route Bochaganj to Baliadangi</name>
    <description>Assigned Demand Flow: 8662</description>
    <styleUrl>#lineStyle</styleUrl>
    <LineString>
      <tessellate>1</tessellate>
      <coordinates>
        88.4622,25.7997,0
        88.2753,26.0902,0
      </coordinates>
    </LineString>
  </Placemark>
  <Placemark>
    <name>Route Chakoria to Barkal</name>
    <description>Assigned Demand Flow: 2100.19</description>
    <styleUrl>#lineStyle</styleUrl>
    <LineString>
      <tessellate>1</tessellate>
      <coordinates>
        92.0469,21.725,0
        92.3793,22.7262,0
      </coordinates>
    </LineString>
  </Placemark>
  <Placemark>
    <name>Route Chakoria to Thanchi</name>
    <description>Assigned Demand Flow: 5806.81</description>
    <styleUrl>#lineStyle</styleUrl>
    <LineString>
      <tessellate>1</tessellate>
      <coordinates>
        92.0469,21.725,0
        92.4357,21.8211,0
      </coordinates>
    </LineString>
  </Placemark>
  <Placemark>
    <name>Route Nagarkanda to Charbhadrasan</name>
    <description>Assigned Demand Flow: 7429</description>
    <styleUrl>#lineStyle</styleUrl>
    <LineString>
      <tessellate>1</tessellate>
      <coordinates>
        89.8949,23.421,0
        89.9953,23.5669,0
      </coordinates>
    </LineString>
  </Placemark>
  <Placemark>
    <name>Route Ullapara to Santhia</name>
    <description>Assigned Demand Flow: 7528</description>
    <styleUrl>#lineStyle</styleUrl>
    <LineString>
      <tessellate>1</tessellate>
      <coordinates>
        89.5622,24.3174,0
        89.5353,24.0562,0
      </coordinates>
    </LineString>
  </Placemark>
  <Placemark>
    <name>Route Baliakandi to Faridpur</name>
    <description>Assigned Demand Flow: 6852</description>
    <styleUrl>#lineStyle</styleUrl>
    <LineString>
      <tessellate>1</tessellate>
      <coordinates>
        89.5474,23.6347,0
        89.8333,23.6019,0
      </coordinates>
    </LineString>
  </Placemark>
  <Placemark>
    <name>Route Kulaura to Kamalganj</name>
    <description>Assigned Demand Flow: 7127</description>
    <styleUrl>#lineStyle</styleUrl>
    <LineString>
      <tessellate>1</tessellate>
      <coordinates>
        92.0347,24.5255,0
        91.861,24.3701,0
      </coordinates>
    </LineString>
  </Placemark>
  <Placemark>
    <name>Route Bagatipara to Mohanpur</name>
    <description>Assigned Demand Flow: 7708</description>
    <styleUrl>#lineStyle</styleUrl>
    <LineString>
      <tessellate>1</tessellate>
      <coordinates>
        88.9641,24.3024,0
        88.4572,24.5519,0
      </coordinates>
    </LineString>
  </Placemark>
  <Placemark>
    <name>Route Dhupchancia to Gobindaganj</name>
    <description>Assigned Demand Flow: 8045</description>
    <styleUrl>#lineStyle</styleUrl>
    <LineString>
      <tessellate>1</tessellate>
      <coordinates>
        89.1777,24.8812,0
        89.3869,25.1373,0
      </coordinates>
    </LineString>
  </Placemark>
  <Placemark>
    <name>Route Satkhira-S to Kalaroa</name>
    <description>Assigned Demand Flow: 8489</description>
    <styleUrl>#lineStyle</styleUrl>
    <LineString>
      <tessellate>1</tessellate>
      <coordinates>
        89.0705,22.7185,0
        89.0394,22.8583,0
      </coordinates>
    </LineString>
  </Placemark>
  <Placemark>
    <name>Route Birganj to Baliadangi</name>
    <description>Assigned Demand Flow: 7227</description>
    <styleUrl>#lineStyle</styleUrl>
    <LineString>
      <tessellate>1</tessellate>
      <coordinates>
        88.6555,25.8608,0
        88.2753,26.0902,0
      </coordinates>
    </LineString>
  </Placemark>
  <Placemark>
    <name>Route Rowangchari to Barkal</name>
    <description>Assigned Demand Flow: 7807</description>
    <styleUrl>#lineStyle</styleUrl>
    <LineString>
      <tessellate>1</tessellate>
      <coordinates>
        92.3367,22.1832,0
        92.3793,22.7262,0
      </coordinates>
    </LineString>
  </Placemark>
  <Placemark>
    <name>Route Raojan to Barkal</name>
    <description>Assigned Demand Flow: 4373</description>
    <styleUrl>#lineStyle</styleUrl>
    <LineString>
      <tessellate>1</tessellate>
      <coordinates>
        91.9104,22.5349,0
        92.3793,22.7262,0
      </coordinates>
    </LineString>
  </Placemark>
  <Placemark>
    <name>Route Mongla to Kalaroa</name>
    <description>Assigned Demand Flow: 8087</description>
    <styleUrl>#lineStyle</styleUrl>
    <LineString>
      <tessellate>1</tessellate>
      <coordinates>
        89.4772,22.5456,0
        89.0394,22.8583,0
      </coordinates>
    </LineString>
  </Placemark>
  <Placemark>
    <name>Route Ulipur to Kurigram-S</name>
    <description>Assigned Demand Flow: 5694</description>
    <styleUrl>#lineStyle</styleUrl>
    <LineString>
      <tessellate>1</tessellate>
      <coordinates>
        89.6205,25.6564,0
        89.6816,25.8282,0
      </coordinates>
    </LineString>
  </Placemark>
  <Placemark>
    <name>Route Ghatail to Sirajganj-S</name>
    <description>Assigned Demand Flow: 7259</description>
    <styleUrl>#lineStyle</styleUrl>
    <LineString>
      <tessellate>1</tessellate>
      <coordinates>
        89.9732,24.4812,0
        89.6816,24.4526,0
      </coordinates>
    </LineString>
  </Placemark>
  <Placemark>
    <name>Route Osmaninagar to Kamalganj</name>
    <description>Assigned Demand Flow: 8615</description>
    <styleUrl>#lineStyle</styleUrl>
    <LineString>
      <tessellate>1</tessellate>
      <coordinates>
        91.7466,24.719,0
        91.861,24.3701,0
      </coordinates>
    </LineString>
  </Placemark>
  <Placemark>
    <name>Route Hatibandha to Jaldhaka</name>
    <description>Assigned Demand Flow: 6789</description>
    <styleUrl>#lineStyle</styleUrl>
    <LineString>
      <tessellate>1</tessellate>
      <coordinates>
        89.1349,26.1422,0
        89.0215,26.0228,0
      </coordinates>
    </LineString>
  </Placemark>
  <Placemark>
    <name>Route Zianagar to Banaripara</name>
    <description>Assigned Demand Flow: 7034</description>
    <styleUrl>#lineStyle</styleUrl>
    <LineString>
      <tessellate>1</tessellate>
      <coordinates>
        89.9603,22.4858,0
        90.1623,22.7779,0
      </coordinates>
    </LineString>
  </Placemark>
  <Placemark>
    <name>Route Sharsha to Gangni</name>
    <description>Assigned Demand Flow: 7835</description>
    <styleUrl>#lineStyle</styleUrl>
    <LineString>
      <tessellate>1</tessellate>
      <coordinates>
        88.9266,23.0529,0
        88.7422,23.8207,0
      </coordinates>
    </LineString>
  </Placemark>
  <Placemark>
    <name>Route Bogura-S to Sariakandi</name>
    <description>Assigned Demand Flow: 5279</description>
    <styleUrl>#lineStyle</styleUrl>
    <LineString>
      <tessellate>1</tessellate>
      <coordinates>
        89.373,24.8481,0
        89.571,24.8888,0
      </coordinates>
    </LineString>
  </Placemark>
  <Placemark>
    <name>Route Kapasia to Modhyanagar</name>
    <description>Assigned Demand Flow: 4088</description>
    <styleUrl>#lineStyle</styleUrl>
    <LineString>
      <tessellate>1</tessellate>
      <coordinates>
        90.5666,24.1124,0
        90.8878,23.9407,0
      </coordinates>
    </LineString>
  </Placemark>
  <Placemark>
    <name>Route Mirpur to Gangni</name>
    <description>Assigned Demand Flow: 8524</description>
    <styleUrl>#lineStyle</styleUrl>
    <LineString>
      <tessellate>1</tessellate>
      <coordinates>
        88.9949,23.9317,0
        88.7422,23.8207,0
      </coordinates>
    </LineString>
  </Placemark>
  <Placemark>
    <name>Route Lohagara to Barkal</name>
    <description>Assigned Demand Flow: 4595</description>
    <styleUrl>#lineStyle</styleUrl>
    <LineString>
      <tessellate>1</tessellate>
      <coordinates>
        92.1008,22.0402,0
        92.3793,22.7262,0
      </coordinates>
    </LineString>
  </Placemark>
  <Placemark>
    <name>Route Senbag to Sonagazi</name>
    <description>Assigned Demand Flow: 4502</description>
    <styleUrl>#lineStyle</styleUrl>
    <LineString>
      <tessellate>1</tessellate>
      <coordinates>
        91.2338,22.9875,0
        91.3928,22.8492,0
      </coordinates>
    </LineString>
  </Placemark>
  <Placemark>
    <name>Route Lohagara to Barkal</name>
    <description>Assigned Demand Flow: 7750</description>
    <styleUrl>#lineStyle</styleUrl>
    <LineString>
      <tessellate>1</tessellate>
      <coordinates>
        92.1008,22.0402,0
        92.3793,22.7262,0
      </coordinates>
    </LineString>
  </Placemark>
  <Placemark>
    <name>Route Tangail-S to Lauhajong</name>
    <description>Assigned Demand Flow: 4070.49</description>
    <styleUrl>#lineStyle</styleUrl>
    <LineString>
      <tessellate>1</tessellate>
      <coordinates>
        89.9167,24.2513,0
        90.3207,23.4743,0
      </coordinates>
    </LineString>
  </Placemark>
  <Placemark>
    <name>Route Tangail-S to Sirajganj-S</name>
    <description>Assigned Demand Flow: 2821.51</description>
    <styleUrl>#lineStyle</styleUrl>
    <LineString>
      <tessellate>1</tessellate>
      <coordinates>
        89.9167,24.2513,0
        89.6816,24.4526,0
      </coordinates>
    </LineString>
  </Placemark>
  <Placemark>
    <name>Route Goalanda to Lauhajong</name>
    <description>Assigned Demand Flow: 4469</description>
    <styleUrl>#lineStyle</styleUrl>
    <LineString>
      <tessellate>1</tessellate>
      <coordinates>
        89.7637,23.7237,0
        90.3207,23.4743,0
      </coordinates>
    </LineString>
  </Placemark>
  <Placemark>
    <name>Route Tarail to Sreemangal</name>
    <description>Assigned Demand Flow: 7022</description>
    <styleUrl>#lineStyle</styleUrl>
    <LineString>
      <tessellate>1</tessellate>
      <coordinates>
        90.8908,24.5491,0
        91.7296,24.3065,0
      </coordinates>
    </LineString>
  </Placemark>
  <Placemark>
    <name>Route Domar to Baliadangi</name>
    <description>Assigned Demand Flow: 8154</description>
    <styleUrl>#lineStyle</styleUrl>
    <LineString>
      <tessellate>1</tessellate>
      <coordinates>
        88.8215,26.1016,0
        88.2753,26.0902,0
      </coordinates>
    </LineString>
  </Placemark>
  <Placemark>
    <name>Route Bamna to Dumki</name>
    <description>Assigned Demand Flow: 5418</description>
    <styleUrl>#lineStyle</styleUrl>
    <LineString>
      <tessellate>1</tessellate>
      <coordinates>
        90.091,22.3129,0
        90.3843,22.4645,0
      </coordinates>
    </LineString>
  </Placemark>
  <Placemark>
    <name>Route Shahrasti to Burichong</name>
    <description>Assigned Demand Flow: 7664</description>
    <styleUrl>#lineStyle</styleUrl>
    <LineString>
      <tessellate>1</tessellate>
      <coordinates>
        90.9486,23.2306,0
        91.1267,23.5535,0
      </coordinates>
    </LineString>
  </Placemark>
  <Placemark>
    <name>Route Banskhali to Barkal</name>
    <description>Assigned Demand Flow: 7122</description>
    <styleUrl>#lineStyle</styleUrl>
    <LineString>
      <tessellate>1</tessellate>
      <coordinates>
        91.9463,22.0254,0
        92.3793,22.7262,0
      </coordinates>
    </LineString>
  </Placemark>
  <Placemark>
    <name>Route Nanniarchar to Barkal</name>
    <description>Assigned Demand Flow: 7719</description>
    <styleUrl>#lineStyle</styleUrl>
    <LineString>
      <tessellate>1</tessellate>
      <coordinates>
        92.1107,22.8622,0
        92.3793,22.7262,0
      </coordinates>
    </LineString>
  </Placemark>
  <Placemark>
    <name>Route Nazirpur to Banaripara</name>
    <description>Assigned Demand Flow: 4701</description>
    <styleUrl>#lineStyle</styleUrl>
    <LineString>
      <tessellate>1</tessellate>
      <coordinates>
        89.9813,22.7867,0
        90.1623,22.7779,0
      </coordinates>
    </LineString>
  </Placemark>
  <Placemark>
    <name>Route Pakundia to Modhyanagar</name>
    <description>Assigned Demand Flow: 5150</description>
    <styleUrl>#lineStyle</styleUrl>
    <LineString>
      <tessellate>1</tessellate>
      <coordinates>
        90.6797,24.3297,0
        90.8878,23.9407,0
      </coordinates>
    </LineString>
  </Placemark>
  <Placemark>
    <name>Route Raiganj to Sirajganj-S</name>
    <description>Assigned Demand Flow: 4363</description>
    <styleUrl>#lineStyle</styleUrl>
    <LineString>
      <tessellate>1</tessellate>
      <coordinates>
        89.5449,24.5327,0
        89.6816,24.4526,0
      </coordinates>
    </LineString>
  </Placemark>
  <Placemark>
    <name>Route Shajahanpur to Sariakandi</name>
    <description>Assigned Demand Flow: 4347</description>
    <styleUrl>#lineStyle</styleUrl>
    <LineString>
      <tessellate>1</tessellate>
      <coordinates>
        89.3838,24.7661,0
        89.571,24.8888,0
      </coordinates>
    </LineString>
  </Placemark>
  <Placemark>
    <name>Route Rajbari-S to Lauhajong</name>
    <description>Assigned Demand Flow: 8101</description>
    <styleUrl>#lineStyle</styleUrl>
    <LineString>
      <tessellate>1</tessellate>
      <coordinates>
        89.6467,23.7639,0
        90.3207,23.4743,0
      </coordinates>
    </LineString>
  </Placemark>
  <Placemark>
    <name>Route Chatmohar to Gangni</name>
    <description>Assigned Demand Flow: 8744</description>
    <styleUrl>#lineStyle</styleUrl>
    <LineString>
      <tessellate>1</tessellate>
      <coordinates>
        89.2905,24.2269,0
        88.7422,23.8207,0
      </coordinates>
    </LineString>
  </Placemark>
  <Placemark>
    <name>Route Chitalmari to Banaripara</name>
    <description>Assigned Demand Flow: 8383</description>
    <styleUrl>#lineStyle</styleUrl>
    <LineString>
      <tessellate>1</tessellate>
      <coordinates>
        89.8778,22.7904,0
        90.1623,22.7779,0
      </coordinates>
    </LineString>
  </Placemark>
  <Placemark>
    <name>Route Balaganj to Kamalganj</name>
    <description>Assigned Demand Flow: 5287</description>
    <styleUrl>#lineStyle</styleUrl>
    <LineString>
      <tessellate>1</tessellate>
      <coordinates>
        91.8177,24.6614,0
        91.861,24.3701,0
      </coordinates>
    </LineString>
  </Placemark>
  <Placemark>
    <name>Route Kalkini to Shariatpur-S</name>
    <description>Assigned Demand Flow: 7120</description>
    <styleUrl>#lineStyle</styleUrl>
    <LineString>
      <tessellate>1</tessellate>
      <coordinates>
        90.2268,23.0755,0
        90.3501,23.2197,0
      </coordinates>
    </LineString>
  </Placemark>
  <Placemark>
    <name>Route Jamalpur-S to Durgapur</name>
    <description>Assigned Demand Flow: 6276</description>
    <styleUrl>#lineStyle</styleUrl>
    <LineString>
      <tessellate>1</tessellate>
      <coordinates>
        89.9463,24.925,0
        90.6757,25.1138,0
      </coordinates>
    </LineString>
  </Placemark>
  <Placemark>
    <name>Route Barguna-S to Galachipa</name>
    <description>Assigned Demand Flow: 5748</description>
    <styleUrl>#lineStyle</styleUrl>
    <LineString>
      <tessellate>1</tessellate>
      <coordinates>
        90.1201,22.1605,0
        90.4102,22.1634,0
      </coordinates>
    </LineString>
  </Placemark>
  <Placemark>
    <name>Route Boalkhali to Barkal</name>
    <description>Assigned Demand Flow: 8374</description>
    <styleUrl>#lineStyle</styleUrl>
    <LineString>
      <tessellate>1</tessellate>
      <coordinates>
        91.9173,22.3791,0
        92.3793,22.7262,0
      </coordinates>
    </LineString>
  </Placemark>
  <Placemark>
    <name>Route Nawabganj to Lauhajong</name>
    <description>Assigned Demand Flow: 8513</description>
    <styleUrl>#lineStyle</styleUrl>
    <LineString>
      <tessellate>1</tessellate>
      <coordinates>
        90.1518,23.6531,0
        90.3207,23.4743,0
      </coordinates>
    </LineString>
  </Placemark>
  <Placemark>
    <name>Route Gopalpur to Santhia</name>
    <description>Assigned Demand Flow: 6344</description>
    <styleUrl>#lineStyle</styleUrl>
    <LineString>
      <tessellate>1</tessellate>
      <coordinates>
        89.8418,24.5629,0
        89.5353,24.0562,0
      </coordinates>
    </LineString>
  </Placemark>
  <Placemark>
    <name>Route Doarabazar to Kamalganj</name>
    <description>Assigned Demand Flow: 7507</description>
    <styleUrl>#lineStyle</styleUrl>
    <LineString>
      <tessellate>1</tessellate>
      <coordinates>
        91.5588,25.0483,0
        91.861,24.3701,0
      </coordinates>
    </LineString>
  </Placemark>
  <Placemark>
    <name>Route Chandina to Burichong</name>
    <description>Assigned Demand Flow: 7914</description>
    <styleUrl>#lineStyle</styleUrl>
    <LineString>
      <tessellate>1</tessellate>
      <coordinates>
        91.0084,23.4892,0
        91.1267,23.5535,0
      </coordinates>
    </LineString>
  </Placemark>
  <Placemark>
    <name>Route Ukhiya to Barkal</name>
    <description>Assigned Demand Flow: 7120</description>
    <styleUrl>#lineStyle</styleUrl>
    <LineString>
      <tessellate>1</tessellate>
      <coordinates>
        92.1389,21.2447,0
        92.3793,22.7262,0
      </coordinates>
    </LineString>
  </Placemark>
  <Placemark>
    <name>Route Assasuni to Kalaroa</name>
    <description>Assigned Demand Flow: 8483</description>
    <styleUrl>#lineStyle</styleUrl>
    <LineString>
      <tessellate>1</tessellate>
      <coordinates>
        89.1619,22.5409,0
        89.0394,22.8583,0
      </coordinates>
    </LineString>
  </Placemark>
  <Placemark>
    <name>Route Fulchari to Gobindaganj</name>
    <description>Assigned Demand Flow: 8103</description>
    <styleUrl>#lineStyle</styleUrl>
    <LineString>
      <tessellate>1</tessellate>
      <coordinates>
        89.5959,25.3198,0
        89.3869,25.1373,0
      </coordinates>
    </LineString>
  </Placemark>
  <Placemark>
    <name>Route Tarash to Mohanpur</name>
    <description>Assigned Demand Flow: 8045</description>
    <styleUrl>#lineStyle</styleUrl>
    <LineString>
      <tessellate>1</tessellate>
      <coordinates>
        89.3725,24.4309,0
        88.4572,24.5519,0
      </coordinates>
    </LineString>
  </Placemark>
  <Placemark>
    <name>Route Dharmapasha to Kamalganj</name>
    <description>Assigned Demand Flow: 7223</description>
    <styleUrl>#lineStyle</styleUrl>
    <LineString>
      <tessellate>1</tessellate>
      <coordinates>
        91.012,24.8993,0
        91.861,24.3701,0
      </coordinates>
    </LineString>
  </Placemark>
  <Placemark>
    <name>Route Sonatala to Gobindaganj</name>
    <description>Assigned Demand Flow: 731.984</description>
    <styleUrl>#lineStyle</styleUrl>
    <LineString>
      <tessellate>1</tessellate>
      <coordinates>
        89.4978,25.0398,0
        89.3869,25.1373,0
      </coordinates>
    </LineString>
  </Placemark>
  <Placemark>
    <name>Route Sonatala to Raninagar</name>
    <description>Assigned Demand Flow: 7651.02</description>
    <styleUrl>#lineStyle</styleUrl>
    <LineString>
      <tessellate>1</tessellate>
      <coordinates>
        89.4978,25.0398,0
        88.7859,24.7384,0
      </coordinates>
    </LineString>
  </Placemark>
  <Placemark>
    <name>Route Monirampur to Jhikargacha</name>
    <description>Assigned Demand Flow: 4021</description>
    <styleUrl>#lineStyle</styleUrl>
    <LineString>
      <tessellate>1</tessellate>
      <coordinates>
        89.2327,23.0242,0
        89.0991,23.0999,0
      </coordinates>
    </LineString>
  </Placemark>
  <Placemark>
    <name>Route Meghna to Lauhajong</name>
    <description>Assigned Demand Flow: 5199</description>
    <styleUrl>#lineStyle</styleUrl>
    <LineString>
      <tessellate>1</tessellate>
      <coordinates>
        90.7007,23.6256,0
        90.3207,23.4743,0
      </coordinates>
    </LineString>
  </Placemark>
  <Placemark>
    <name>Route Aditmari to Jaldhaka</name>
    <description>Assigned Demand Flow: 7423</description>
    <styleUrl>#lineStyle</styleUrl>
    <LineString>
      <tessellate>1</tessellate>
      <coordinates>
        89.3842,25.9273,0
        89.0215,26.0228,0
      </coordinates>
    </LineString>
  </Placemark>
  <Placemark>
    <name>Route Rajapur to Banaripara</name>
    <description>Assigned Demand Flow: 7325</description>
    <styleUrl>#lineStyle</styleUrl>
    <LineString>
      <tessellate>1</tessellate>
      <coordinates>
        90.1431,22.574,0
        90.1623,22.7779,0
      </coordinates>
    </LineString>
  </Placemark>
  <Placemark>
    <name>Route Kachua to Burichong</name>
    <description>Assigned Demand Flow: 7422</description>
    <styleUrl>#lineStyle</styleUrl>
    <LineString>
      <tessellate>1</tessellate>
      <coordinates>
        90.889,23.3411,0
        91.1267,23.5535,0
      </coordinates>
    </LineString>
  </Placemark>
  <Placemark>
    <name>Route Lalmohan to Dumki</name>
    <description>Assigned Demand Flow: 6587</description>
    <styleUrl>#lineStyle</styleUrl>
    <LineString>
      <tessellate>1</tessellate>
      <coordinates>
        90.7319,22.3411,0
        90.3843,22.4645,0
      </coordinates>
    </LineString>
  </Placemark>
  <Placemark>
    <name>Route Nachol to Mohanpur</name>
    <description>Assigned Demand Flow: 5163</description>
    <styleUrl>#lineStyle</styleUrl>
    <LineString>
      <tessellate>1</tessellate>
      <coordinates>
        88.4137,24.7327,0
        88.4572,24.5519,0
      </coordinates>
    </LineString>
  </Placemark>
  <Placemark>
    <name>Route Bhandaria to Dumki</name>
    <description>Assigned Demand Flow: 8230</description>
    <styleUrl>#lineStyle</styleUrl>
    <LineString>
      <tessellate>1</tessellate>
      <coordinates>
        90.0591,22.4832,0
        90.3843,22.4645,0
      </coordinates>
    </LineString>
  </Placemark>
  <Placemark>
    <name>Route Phulpur to Durgapur</name>
    <description>Assigned Demand Flow: 6434</description>
    <styleUrl>#lineStyle</styleUrl>
    <LineString>
      <tessellate>1</tessellate>
      <coordinates>
        90.4481,24.9621,0
        90.6757,25.1138,0
      </coordinates>
    </LineString>
  </Placemark>
  <Placemark>
    <name>Route Jibannagar to Gangni</name>
    <description>Assigned Demand Flow: 4101</description>
    <styleUrl>#lineStyle</styleUrl>
    <LineString>
      <tessellate>1</tessellate>
      <coordinates>
        88.8239,23.4226,0
        88.7422,23.8207,0
      </coordinates>
    </LineString>
  </Placemark>
  <Placemark>
    <name>Route Matlab (Uttar) to Sonargaon</name>
    <description>Assigned Demand Flow: 6060</description>
    <styleUrl>#lineStyle</styleUrl>
    <LineString>
      <tessellate>1</tessellate>
      <coordinates>
        90.6181,23.3837,0
        90.5991,23.6461,0
      </coordinates>
    </LineString>
  </Placemark>
  <Placemark>
    <name>Route Eidgaon to Barkal</name>
    <description>Assigned Demand Flow: 8111</description>
    <styleUrl>#lineStyle</styleUrl>
    <LineString>
      <tessellate>1</tessellate>
      <coordinates>
        92.0684,21.5527,0
        92.3793,22.7262,0
      </coordinates>
    </LineString>
  </Placemark>
  <Placemark>
    <name>Route Matiranga to Barkal</name>
    <description>Assigned Demand Flow: 4278</description>
    <styleUrl>#lineStyle</styleUrl>
    <LineString>
      <tessellate>1</tessellate>
      <coordinates>
        91.8733,23.0408,0
        92.3793,22.7262,0
      </coordinates>
    </LineString>
  </Placemark>
  <Placemark>
    <name>Route Habiganj-S to Sreemangal</name>
    <description>Assigned Demand Flow: 6103</description>
    <styleUrl>#lineStyle</styleUrl>
    <LineString>
      <tessellate>1</tessellate>
      <coordinates>
        91.4169,24.384,0
        91.7296,24.3065,0
      </coordinates>
    </LineString>
  </Placemark>
  <Placemark>
    <name>Route Terokhada to Kalia</name>
    <description>Assigned Demand Flow: 8376</description>
    <styleUrl>#lineStyle</styleUrl>
    <LineString>
      <tessellate>1</tessellate>
      <coordinates>
        89.6675,22.9353,0
        89.7519,23.0414,0
      </coordinates>
    </LineString>
  </Placemark>
  <Placemark>
    <name>Route Boalmari to Faridpur</name>
    <description>Assigned Demand Flow: 8438</description>
    <styleUrl>#lineStyle</styleUrl>
    <LineString>
      <tessellate>1</tessellate>
      <coordinates>
        89.684,23.391,0
        89.8333,23.6019,0
      </coordinates>
    </LineString>
  </Placemark>
  <Placemark>
    <name>Route Dhobaura to Durgapur</name>
    <description>Assigned Demand Flow: 7064</description>
    <styleUrl>#lineStyle</styleUrl>
    <LineString>
      <tessellate>1</tessellate>
      <coordinates>
        90.5234,25.0902,0
        90.6757,25.1138,0
      </coordinates>
    </LineString>
  </Placemark>
  <Placemark>
    <name>Route Patharghata to Galachipa</name>
    <description>Assigned Demand Flow: 6855</description>
    <styleUrl>#lineStyle</styleUrl>
    <LineString>
      <tessellate>1</tessellate>
      <coordinates>
        89.9697,22.0387,0
        90.4102,22.1634,0
      </coordinates>
    </LineString>
  </Placemark>
  <Placemark>
    <name>Route Narayanganj-S to Lauhajong</name>
    <description>Assigned Demand Flow: 4550</description>
    <styleUrl>#lineStyle</styleUrl>
    <LineString>
      <tessellate>1</tessellate>
      <coordinates>
        90.5002,23.6238,0
        90.3207,23.4743,0
      </coordinates>
    </LineString>
  </Placemark>
  <Placemark>
    <name>Route Sujanagar to Santhia</name>
    <description>Assigned Demand Flow: 7696</description>
    <styleUrl>#lineStyle</styleUrl>
    <LineString>
      <tessellate>1</tessellate>
      <coordinates>
        89.421,23.9422,0
        89.5353,24.0562,0
      </coordinates>
    </LineString>
  </Placemark>
  <Placemark>
    <name>Route Cumilla-S Daksin to Burichong</name>
    <description>Assigned Demand Flow: 5482</description>
    <styleUrl>#lineStyle</styleUrl>
    <LineString>
      <tessellate>1</tessellate>
      <coordinates>
        91.1809,23.4607,0
        91.1267,23.5535,0
      </coordinates>
    </LineString>
  </Placemark>
  <Placemark>
    <name>Route Barhatta to Kamalganj</name>
    <description>Assigned Demand Flow: 8211</description>
    <styleUrl>#lineStyle</styleUrl>
    <LineString>
      <tessellate>1</tessellate>
      <coordinates>
        90.8842,24.8986,0
        91.861,24.3701,0
      </coordinates>
    </LineString>
  </Placemark>
  <Placemark>
    <name>Route Basail to Lauhajong</name>
    <description>Assigned Demand Flow: 5043</description>
    <styleUrl>#lineStyle</styleUrl>
    <LineString>
      <tessellate>1</tessellate>
      <coordinates>
        90.0513,24.2331,0
        90.3207,23.4743,0
      </coordinates>
    </LineString>
  </Placemark>
  <Placemark>
    <name>Route Companiganj to Kamalganj</name>
    <description>Assigned Demand Flow: 6135</description>
    <styleUrl>#lineStyle</styleUrl>
    <LineString>
      <tessellate>1</tessellate>
      <coordinates>
        91.7548,25.0881,0
        91.861,24.3701,0
      </coordinates>
    </LineString>
  </Placemark>
  <Placemark>
    <name>Route Sitakunda to Barkal</name>
    <description>Assigned Demand Flow: 7624</description>
    <styleUrl>#lineStyle</styleUrl>
    <LineString>
      <tessellate>1</tessellate>
      <coordinates>
        91.6809,22.6171,0
        92.3793,22.7262,0
      </coordinates>
    </LineString>
  </Placemark>
  <Placemark>
    <name>Route Ghior to Lauhajong</name>
    <description>Assigned Demand Flow: 6533</description>
    <styleUrl>#lineStyle</styleUrl>
    <LineString>
      <tessellate>1</tessellate>
      <coordinates>
        89.8716,23.8971,0
        90.3207,23.4743,0
      </coordinates>
    </LineString>
  </Placemark>
  <Placemark>
    <name>Route Barishal-S to Banaripara</name>
    <description>Assigned Demand Flow: 6318</description>
    <styleUrl>#lineStyle</styleUrl>
    <LineString>
      <tessellate>1</tessellate>
      <coordinates>
        90.3535,22.701,0
        90.1623,22.7779,0
      </coordinates>
    </LineString>
  </Placemark>
  <Placemark>
    <name>Route Bajitpur to Sreemangal</name>
    <description>Assigned Demand Flow: 6508</description>
    <styleUrl>#lineStyle</styleUrl>
    <LineString>
      <tessellate>1</tessellate>
      <coordinates>
        90.9522,24.2138,0
        91.7296,24.3065,0
      </coordinates>
    </LineString>
  </Placemark>
  <Placemark>
    <name>Route Subarna Char to Sonagazi</name>
    <description>Assigned Demand Flow: 8093</description>
    <styleUrl>#lineStyle</styleUrl>
    <LineString>
      <tessellate>1</tessellate>
      <coordinates>
        91.1257,22.6756,0
        91.3928,22.8492,0
      </coordinates>
    </LineString>
  </Placemark>
  <Placemark>
    <name>Route Mirsharai to Barkal</name>
    <description>Assigned Demand Flow: 8182</description>
    <styleUrl>#lineStyle</styleUrl>
    <LineString>
      <tessellate>1</tessellate>
      <coordinates>
        91.5742,22.773,0
        92.3793,22.7262,0
      </coordinates>
    </LineString>
  </Placemark>
  <Placemark>
    <name>Route Gowainghat to Kanaighat</name>
    <description>Assigned Demand Flow: 8961</description>
    <styleUrl>#lineStyle</styleUrl>
    <LineString>
      <tessellate>1</tessellate>
      <coordinates>
        91.9823,25.091,0
        92.2557,25.0088,0
      </coordinates>
    </LineString>
  </Placemark>
  <Placemark>
    <name>Route Monohorganj to Sonagazi</name>
    <description>Assigned Demand Flow: 5872</description>
    <styleUrl>#lineStyle</styleUrl>
    <LineString>
      <tessellate>1</tessellate>
      <coordinates>
        91.1158,23.1123,0
        91.3928,22.8492,0
      </coordinates>
    </LineString>
  </Placemark>
  <Placemark>
    <name>Route Pirgacha to Raninagar</name>
    <description>Assigned Demand Flow: 6511</description>
    <styleUrl>#lineStyle</styleUrl>
    <LineString>
      <tessellate>1</tessellate>
      <coordinates>
        89.4056,25.6578,0
        88.7859,24.7384,0
      </coordinates>
    </LineString>
  </Placemark>
  <Placemark>
    <name>Route Amtali to Galachipa</name>
    <description>Assigned Demand Flow: 5403</description>
    <styleUrl>#lineStyle</styleUrl>
    <LineString>
      <tessellate>1</tessellate>
      <coordinates>
        90.2362,22.1339,0
        90.4102,22.1634,0
      </coordinates>
    </LineString>
  </Placemark>
  <Placemark>
    <name>Route Atghoria to Gangni</name>
    <description>Assigned Demand Flow: 4379</description>
    <styleUrl>#lineStyle</styleUrl>
    <LineString>
      <tessellate>1</tessellate>
      <coordinates>
        89.2431,24.1134,0
        88.7422,23.8207,0
      </coordinates>
    </LineString>
  </Placemark>
  <Placemark>
    <name>Route Shibganj to Raninagar</name>
    <description>Assigned Demand Flow: 7922</description>
    <styleUrl>#lineStyle</styleUrl>
    <LineString>
      <tessellate>1</tessellate>
      <coordinates>
        89.3203,25.0006,0
        88.7859,24.7384,0
      </coordinates>
    </LineString>
  </Placemark>
  <Placemark>
    <name>Route Nandail to Sreemangal</name>
    <description>Assigned Demand Flow: 6718</description>
    <styleUrl>#lineStyle</styleUrl>
    <LineString>
      <tessellate>1</tessellate>
      <coordinates>
        90.6904,24.5687,0
        91.7296,24.3065,0
      </coordinates>
    </LineString>
  </Placemark>
  <Placemark>
    <name>Route Sayedpur to Baliadangi</name>
    <description>Assigned Demand Flow: 7811</description>
    <styleUrl>#lineStyle</styleUrl>
    <LineString>
      <tessellate>1</tessellate>
      <coordinates>
        88.8983,25.783,0
        88.2753,26.0902,0
      </coordinates>
    </LineString>
  </Placemark>
  <Placemark>
    <name>Route Dohar to Lauhajong</name>
    <description>Assigned Demand Flow: 8930</description>
    <styleUrl>#lineStyle</styleUrl>
    <LineString>
      <tessellate>1</tessellate>
      <coordinates>
        90.1197,23.6182,0
        90.3207,23.4743,0
      </coordinates>
    </LineString>
  </Placemark>
  <Placemark>
    <name>Route Sherpur-S to Durgapur</name>
    <description>Assigned Demand Flow: 4113</description>
    <styleUrl>#lineStyle</styleUrl>
    <LineString>
      <tessellate>1</tessellate>
      <coordinates>
        90.0137,25.0194,0
        90.6757,25.1138,0
      </coordinates>
    </LineString>
  </Placemark>
  <Placemark>
    <name>Route Daganbhuiyan to Sonagazi</name>
    <description>Assigned Demand Flow: 4869</description>
    <styleUrl>#lineStyle</styleUrl>
    <LineString>
      <tessellate>1</tessellate>
      <coordinates>
        91.318,22.9124,0
        91.3928,22.8492,0
      </coordinates>
    </LineString>
  </Placemark>
  <Placemark>
    <name>Route Haziganj to Burichong</name>
    <description>Assigned Demand Flow: 6331</description>
    <styleUrl>#lineStyle</styleUrl>
    <LineString>
      <tessellate>1</tessellate>
      <coordinates>
        90.8508,23.252,0
        91.1267,23.5535,0
      </coordinates>
    </LineString>
  </Placemark>
  <Placemark>
    <name>Route Sherpur to Durgapur</name>
    <description>Assigned Demand Flow: 6071</description>
    <styleUrl>#lineStyle</styleUrl>
    <LineString>
      <tessellate>1</tessellate>
      <coordinates>
        90.0137,25.0194,0
        90.6757,25.1138,0
      </coordinates>
    </LineString>
  </Placemark>
  <Placemark>
    <name>Route Rajnagar to Mohanpur</name>
    <description>Assigned Demand Flow: 6135</description>
    <styleUrl>#lineStyle</styleUrl>
    <LineString>
      <tessellate>1</tessellate>
      <coordinates>
        86.1607,24.5316,0
        88.4572,24.5519,0
      </coordinates>
    </LineString>
  </Placemark>
  <Placemark>
    <name>Route Shibganj to Raninagar</name>
    <description>Assigned Demand Flow: 6342</description>
    <styleUrl>#lineStyle</styleUrl>
    <LineString>
      <tessellate>1</tessellate>
      <coordinates>
        89.3203,25.0006,0
        88.7859,24.7384,0
      </coordinates>
    </LineString>
  </Placemark>
  <Placemark>
    <name>Route Atwari to Baliadangi</name>
    <description>Assigned Demand Flow: 7700</description>
    <styleUrl>#lineStyle</styleUrl>
    <LineString>
      <tessellate>1</tessellate>
      <coordinates>
        88.4137,26.2365,0
        88.2753,26.0902,0
      </coordinates>
    </LineString>
  </Placemark>
  <Placemark>
    <name>Route Akkelpur to Raninagar</name>
    <description>Assigned Demand Flow: 6498</description>
    <styleUrl>#lineStyle</styleUrl>
    <LineString>
      <tessellate>1</tessellate>
      <coordinates>
        89.0203,24.9692,0
        88.7859,24.7384,0
      </coordinates>
    </LineString>
  </Placemark>
  <Placemark>
    <name>Route Monohardi to Modhyanagar</name>
    <description>Assigned Demand Flow: 7519</description>
    <styleUrl>#lineStyle</styleUrl>
    <LineString>
      <tessellate>1</tessellate>
      <coordinates>
        90.7032,24.141,0
        90.8878,23.9407,0
      </coordinates>
    </LineString>
  </Placemark>
  <Placemark>
    <name>Route Itna to Sreemangal</name>
    <description>Assigned Demand Flow: 5505</description>
    <styleUrl>#lineStyle</styleUrl>
    <LineString>
      <tessellate>1</tessellate>
      <coordinates>
        91.0957,24.5277,0
        91.7296,24.3065,0
      </coordinates>
    </LineString>
  </Placemark>
  <Placemark>
    <name>Route Kaliganj to Modhyanagar</name>
    <description>Assigned Demand Flow: 8385</description>
    <styleUrl>#lineStyle</styleUrl>
    <LineString>
      <tessellate>1</tessellate>
      <coordinates>
        90.5731,23.9645,0
        90.8878,23.9407,0
      </coordinates>
    </LineString>
  </Placemark>
  <Placemark>
    <name>Route Meherpur-S to Gangni</name>
    <description>Assigned Demand Flow: 4011</description>
    <styleUrl>#lineStyle</styleUrl>
    <LineString>
      <tessellate>1</tessellate>
      <coordinates>
        88.6314,23.7721,0
        88.7422,23.8207,0
      </coordinates>
    </LineString>
  </Placemark>
  <Placemark>
    <name>Route Harinakunda to Gangni</name>
    <description>Assigned Demand Flow: 4588</description>
    <styleUrl>#lineStyle</styleUrl>
    <LineString>
      <tessellate>1</tessellate>
      <coordinates>
        89.043,23.6488,0
        88.7422,23.8207,0
      </coordinates>
    </LineString>
  </Placemark>
  <Placemark>
    <name>Route Sandwip to Barkal</name>
    <description>Assigned Demand Flow: 8607</description>
    <styleUrl>#lineStyle</styleUrl>
    <LineString>
      <tessellate>1</tessellate>
      <coordinates>
        91.5015,22.4937,0
        92.3793,22.7262,0
      </coordinates>
    </LineString>
  </Placemark>
  <Placemark>
    <name>Route Hossainpur to Sreemangal</name>
    <description>Assigned Demand Flow: 6825</description>
    <styleUrl>#lineStyle</styleUrl>
    <LineString>
      <tessellate>1</tessellate>
      <coordinates>
        90.6548,24.4174,0
        91.7296,24.3065,0
      </coordinates>
    </LineString>
  </Placemark>
  <Placemark>
    <name>Route Bakshiganj to Durgapur</name>
    <description>Assigned Demand Flow: 6275</description>
    <styleUrl>#lineStyle</styleUrl>
    <LineString>
      <tessellate>1</tessellate>
      <coordinates>
        89.8681,25.1844,0
        90.6757,25.1138,0
      </coordinates>
    </LineString>
  </Placemark>
  <Placemark>
    <name>Route Dashmina to Galachipa</name>
    <description>Assigned Demand Flow: 7320</description>
    <styleUrl>#lineStyle</styleUrl>
    <LineString>
      <tessellate>1</tessellate>
      <coordinates>
        90.5683,22.2791,0
        90.4102,22.1634,0
      </coordinates>
    </LineString>
  </Placemark>
  <Placemark>
    <name>Route Shivalaya to Lauhajong</name>
    <description>Assigned Demand Flow: 4812</description>
    <styleUrl>#lineStyle</styleUrl>
    <LineString>
      <tessellate>1</tessellate>
      <coordinates>
        89.7055,23.8471,0
        90.3207,23.4743,0
      </coordinates>
    </LineString>
  </Placemark>
  <Placemark>
    <name>Route Rowmari to Durgapur</name>
    <description>Assigned Demand Flow: 5342</description>
    <styleUrl>#lineStyle</styleUrl>
    <LineString>
      <tessellate>1</tessellate>
      <coordinates>
        89.8306,25.5754,0
        90.6757,25.1138,0
      </coordinates>
    </LineString>
  </Placemark>
  <Placemark>
    <name>Route Belabo to Modhyanagar</name>
    <description>Assigned Demand Flow: 8123</description>
    <styleUrl>#lineStyle</styleUrl>
    <LineString>
      <tessellate>1</tessellate>
      <coordinates>
        90.8514,24.1051,0
        90.8878,23.9407,0
      </coordinates>
    </LineString>
  </Placemark>
  <Placemark>
    <name>Route Babuganj to Banaripara</name>
    <description>Assigned Demand Flow: 5479</description>
    <styleUrl>#lineStyle</styleUrl>
    <LineString>
      <tessellate>1</tessellate>
      <coordinates>
        90.3246,22.8172,0
        90.1623,22.7779,0
      </coordinates>
    </LineString>
  </Placemark>
  <Placemark>
    <name>Route Gangachara to Jaldhaka</name>
    <description>Assigned Demand Flow: 6211</description>
    <styleUrl>#lineStyle</styleUrl>
    <LineString>
      <tessellate>1</tessellate>
      <coordinates>
        89.2229,25.856,0
        89.0215,26.0228,0
      </coordinates>
    </LineString>
  </Placemark>
  <Placemark>
    <name>Route Chhatak to Kamalganj</name>
    <description>Assigned Demand Flow: 8749</description>
    <styleUrl>#lineStyle</styleUrl>
    <LineString>
      <tessellate>1</tessellate>
      <coordinates>
        91.6664,25.0417,0
        91.861,24.3701,0
      </coordinates>
    </LineString>
  </Placemark>
  <Placemark>
    <name>Route Chandpur-S to Shariatpur-S</name>
    <description>Assigned Demand Flow: 6118</description>
    <styleUrl>#lineStyle</styleUrl>
    <LineString>
      <tessellate>1</tessellate>
      <coordinates>
        90.6631,23.2321,0
        90.3501,23.2197,0
      </coordinates>
    </LineString>
  </Placemark>
  <Placemark>
    <name>Route Austagram to Sreemangal</name>
    <description>Assigned Demand Flow: 6106</description>
    <styleUrl>#lineStyle</styleUrl>
    <LineString>
      <tessellate>1</tessellate>
      <coordinates>
        91.1185,24.2795,0
        91.7296,24.3065,0
      </coordinates>
    </LineString>
  </Placemark>
  <Placemark>
    <name>Route Tungipara to Kalia</name>
    <description>Assigned Demand Flow: 8609</description>
    <styleUrl>#lineStyle</styleUrl>
    <LineString>
      <tessellate>1</tessellate>
      <coordinates>
        89.8985,22.9073,0
        89.7519,23.0414,0
      </coordinates>
    </LineString>
  </Placemark>
  <Placemark>
    <name>Route Debhata to Kalaroa</name>
    <description>Assigned Demand Flow: 6999</description>
    <styleUrl>#lineStyle</styleUrl>
    <LineString>
      <tessellate>1</tessellate>
      <coordinates>
        88.9892,22.5809,0
        89.0394,22.8583,0
      </coordinates>
    </LineString>
  </Placemark>
  <Placemark>
    <name>Route Gouranadi to Banaripara</name>
    <description>Assigned Demand Flow: 6083</description>
    <styleUrl>#lineStyle</styleUrl>
    <LineString>
      <tessellate>1</tessellate>
      <coordinates>
        90.2221,22.9743,0
        90.1623,22.7779,0
      </coordinates>
    </LineString>
  </Placemark>
  <Placemark>
    <name>Route Bakerganj to Dumki</name>
    <description>Assigned Demand Flow: 7948</description>
    <styleUrl>#lineStyle</styleUrl>
    <LineString>
      <tessellate>1</tessellate>
      <coordinates>
        90.3384,22.5405,0
        90.3843,22.4645,0
      </coordinates>
    </LineString>
  </Placemark>
  <Placemark>
    <name>Route Jashore-S to Jhikargacha</name>
    <description>Assigned Demand Flow: 6108</description>
    <styleUrl>#lineStyle</styleUrl>
    <LineString>
      <tessellate>1</tessellate>
      <coordinates>
        89.2182,23.1634,0
        89.0991,23.0999,0
      </coordinates>
    </LineString>
  </Placemark>
  <Placemark>
    <name>Route Madarganj to Raninagar</name>
    <description>Assigned Demand Flow: 4990</description>
    <styleUrl>#lineStyle</styleUrl>
    <LineString>
      <tessellate>1</tessellate>
      <coordinates>
        89.7167,24.9068,0
        88.7859,24.7384,0
      </coordinates>
    </LineString>
  </Placemark>
  <Placemark>
    <name>Route Dashar to Shariatpur-S</name>
    <description>Assigned Demand Flow: 4243</description>
    <styleUrl>#lineStyle</styleUrl>
    <LineString>
      <tessellate>1</tessellate>
      <coordinates>
        90.1448,23.0786,0
        90.3501,23.2197,0
      </coordinates>
    </LineString>
  </Placemark>
  <Placemark>
    <name>Route Cumilla-S to Burichong</name>
    <description>Assigned Demand Flow: 7226</description>
    <styleUrl>#lineStyle</styleUrl>
    <LineString>
      <tessellate>1</tessellate>
      <coordinates>
        91.1809,23.4607,0
        91.1267,23.5535,0
      </coordinates>
    </LineString>
  </Placemark>
  <Placemark>
    <name>Route Natore-S to Mohanpur</name>
    <description>Assigned Demand Flow: 5472</description>
    <styleUrl>#lineStyle</styleUrl>
    <LineString>
      <tessellate>1</tessellate>
      <coordinates>
        88.975,24.4084,0
        88.4572,24.5519,0
      </coordinates>
    </LineString>
  </Placemark>
  <Placemark>
    <name>Route Anwara to Barkal</name>
    <description>Assigned Demand Flow: 8918</description>
    <styleUrl>#lineStyle</styleUrl>
    <LineString>
      <tessellate>1</tessellate>
      <coordinates>
        91.866,22.2337,0
        92.3793,22.7262,0
      </coordinates>
    </LineString>
  </Placemark>
  <Placemark>
    <name>Route Akhaura to Sreemangal</name>
    <description>Assigned Demand Flow: 8023</description>
    <styleUrl>#lineStyle</styleUrl>
    <LineString>
      <tessellate>1</tessellate>
      <coordinates>
        91.2097,23.8686,0
        91.7296,24.3065,0
      </coordinates>
    </LineString>
  </Placemark>
  <Placemark>
    <name>Route Baniachong to Kamalganj</name>
    <description>Assigned Demand Flow: 8704</description>
    <styleUrl>#lineStyle</styleUrl>
    <LineString>
      <tessellate>1</tessellate>
      <coordinates>
        91.3566,24.5063,0
        91.861,24.3701,0
      </coordinates>
    </LineString>
  </Placemark>
  <Placemark>
    <name>Route Kaliganj to Modhyanagar</name>
    <description>Assigned Demand Flow: 7432</description>
    <styleUrl>#lineStyle</styleUrl>
    <LineString>
      <tessellate>1</tessellate>
      <coordinates>
        90.5731,23.9645,0
        90.8878,23.9407,0
      </coordinates>
    </LineString>
  </Placemark>
  <Placemark>
    <name>Route Panchari to Barkal</name>
    <description>Assigned Demand Flow: 5846</description>
    <styleUrl>#lineStyle</styleUrl>
    <LineString>
      <tessellate>1</tessellate>
      <coordinates>
        91.899,23.3029,0
        92.3793,22.7262,0
      </coordinates>
    </LineString>
  </Placemark>
  <Placemark>
    <name>Route Dhunot to Raninagar</name>
    <description>Assigned Demand Flow: 5411</description>
    <styleUrl>#lineStyle</styleUrl>
    <LineString>
      <tessellate>1</tessellate>
      <coordinates>
        89.5403,24.678,0
        88.7859,24.7384,0
      </coordinates>
    </LineString>
  </Placemark>
  <Placemark>
    <name>Route Kalapara to Hizla</name>
    <description>Assigned Demand Flow: 1271.31</description>
    <styleUrl>#lineStyle</styleUrl>
    <LineString>
      <tessellate>1</tessellate>
      <coordinates>
        90.2315,21.9849,0
        90.4452,22.9296,0
      </coordinates>
    </LineString>
  </Placemark>
  <Placemark>
    <name>Route Kalapara to Galachipa</name>
    <description>Assigned Demand Flow: 2955.69</description>
    <styleUrl>#lineStyle</styleUrl>
    <LineString>
      <tessellate>1</tessellate>
      <coordinates>
        90.2315,21.9849,0
        90.4102,22.1634,0
      </coordinates>
    </LineString>
  </Placemark>
  <Placemark>
    <name>Route Patuakhali-S to Hizla</name>
    <description>Assigned Demand Flow: 7491</description>
    <styleUrl>#lineStyle</styleUrl>
    <LineString>
      <tessellate>1</tessellate>
      <coordinates>
        90.3452,22.3588,0
        90.4452,22.9296,0
      </coordinates>
    </LineString>
  </Placemark>
  <Placemark>
    <name>Route Kazipur to Raninagar</name>
    <description>Assigned Demand Flow: 8582</description>
    <styleUrl>#lineStyle</styleUrl>
    <LineString>
      <tessellate>1</tessellate>
      <coordinates>
        89.6346,24.6545,0
        88.7859,24.7384,0
      </coordinates>
    </LineString>
  </Placemark>
  <Placemark>
    <name>Route Mohadevpur to Raninagar</name>
    <description>Assigned Demand Flow: 7279</description>
    <styleUrl>#lineStyle</styleUrl>
    <LineString>
      <tessellate>1</tessellate>
      <coordinates>
        88.7518,24.9198,0
        88.7859,24.7384,0
      </coordinates>
    </LineString>
  </Placemark>
  <Placemark>
    <name>Route Nabiganj to Kamalganj</name>
    <description>Assigned Demand Flow: 5054</description>
    <styleUrl>#lineStyle</styleUrl>
    <LineString>
      <tessellate>1</tessellate>
      <coordinates>
        91.5136,24.5672,0
        91.861,24.3701,0
      </coordinates>
    </LineString>
  </Placemark>
  <Placemark>
    <name>Route Kabir Hat to Hizla</name>
    <description>Assigned Demand Flow: 8649</description>
    <styleUrl>#lineStyle</styleUrl>
    <LineString>
      <tessellate>1</tessellate>
      <coordinates>
        91.1989,22.7956,0
        90.4452,22.9296,0
      </coordinates>
    </LineString>
  </Placemark>
  <Placemark>
    <name>Route Muradnagar to Modhyanagar</name>
    <description>Assigned Demand Flow: 5278</description>
    <styleUrl>#lineStyle</styleUrl>
    <LineString>
      <tessellate>1</tessellate>
      <coordinates>
        90.944,23.7149,0
        90.8878,23.9407,0
      </coordinates>
    </LineString>
  </Placemark>
  <Placemark>
    <name>Route Chouddagram to Hizla</name>
    <description>Assigned Demand Flow: 8899</description>
    <styleUrl>#lineStyle</styleUrl>
    <LineString>
      <tessellate>1</tessellate>
      <coordinates>
        91.3132,23.228,0
        90.4452,22.9296,0
      </coordinates>
    </LineString>
  </Placemark>
  <Placemark>
    <name>Route Kalmakanda to Durgapur</name>
    <description>Assigned Demand Flow: 7905</description>
    <styleUrl>#lineStyle</styleUrl>
    <LineString>
      <tessellate>1</tessellate>
      <coordinates>
        90.889,25.0766,0
        90.6757,25.1138,0
      </coordinates>
    </LineString>
  </Placemark>
  <Placemark>
    <name>Route Bandar to Lauhajong</name>
    <description>Assigned Demand Flow: 6103</description>
    <styleUrl>#lineStyle</styleUrl>
    <LineString>
      <tessellate>1</tessellate>
      <coordinates>
        90.5315,23.6332,0
        90.3207,23.4743,0
      </coordinates>
    </LineString>
  </Placemark>
  <Placemark>
    <name>Route Pirganj to Raninagar</name>
    <description>Assigned Demand Flow: 5441</description>
    <styleUrl>#lineStyle</styleUrl>
    <LineString>
      <tessellate>1</tessellate>
      <coordinates>
        89.3132,25.4362,0
        88.7859,24.7384,0
      </coordinates>
    </LineString>
  </Placemark>
  <Placemark>
    <name>Route Madhukhali to Lauhajong</name>
    <description>Assigned Demand Flow: 7622</description>
    <styleUrl>#lineStyle</styleUrl>
    <LineString>
      <tessellate>1</tessellate>
      <coordinates>
        89.6287,23.5441,0
        90.3207,23.4743,0
      </coordinates>
    </LineString>
  </Placemark>
  <Placemark>
    <name>Route Muksudpur to Hizla</name>
    <description>Assigned Demand Flow: 8902</description>
    <styleUrl>#lineStyle</styleUrl>
    <LineString>
      <tessellate>1</tessellate>
      <coordinates>
        89.8669,23.3198,0
        90.4452,22.9296,0
      </coordinates>
    </LineString>
  </Placemark>
  <Placemark>
    <name>Route Khagrachari-S to Barkal</name>
    <description>Assigned Demand Flow: 5725</description>
    <styleUrl>#lineStyle</styleUrl>
    <LineString>
      <tessellate>1</tessellate>
      <coordinates>
        91.9888,23.1117,0
        92.3793,22.7262,0
      </coordinates>
    </LineString>
  </Placemark>
  <Placemark>
    <name>Route Bagherpara to Hizla</name>
    <description>Assigned Demand Flow: 4525</description>
    <styleUrl>#lineStyle</styleUrl>
    <LineString>
      <tessellate>1</tessellate>
      <coordinates>
        89.3488,23.2173,0
        90.4452,22.9296,0
      </coordinates>
    </LineString>
  </Placemark>
  <Placemark>
    <name>Route Shahjadpur to Santhia</name>
    <description>Assigned Demand Flow: 6768</description>
    <styleUrl>#lineStyle</styleUrl>
    <LineString>
      <tessellate>1</tessellate>
      <coordinates>
        89.6,24.1761,0
        89.5353,24.0562,0
      </coordinates>
    </LineString>
  </Placemark>
  <Placemark>
    <name>Route Joypurhat-S to Raninagar</name>
    <description>Assigned Demand Flow: 4887</description>
    <styleUrl>#lineStyle</styleUrl>
    <LineString>
      <tessellate>1</tessellate>
      <coordinates>
        89.0227,25.0968,0
        88.7859,24.7384,0
      </coordinates>
    </LineString>
  </Placemark>
  <Placemark>
    <name>Route Rangpur-S to Jaldhaka</name>
    <description>Assigned Demand Flow: 4966</description>
    <styleUrl>#lineStyle</styleUrl>
    <LineString>
      <tessellate>1</tessellate>
      <coordinates>
        89.2752,25.7439,0
        89.0215,26.0228,0
      </coordinates>
    </LineString>
  </Placemark>
  <Placemark>
    <name>Route Lalmai to Hizla</name>
    <description>Assigned Demand Flow: 7651</description>
    <styleUrl>#lineStyle</styleUrl>
    <LineString>
      <tessellate>1</tessellate>
      <coordinates>
        91.1467,23.359,0
        90.4452,22.9296,0
      </coordinates>
    </LineString>
  </Placemark>
  <Placemark>
    <name>Route Sreepur to Modhyanagar</name>
    <description>Assigned Demand Flow: 6102</description>
    <styleUrl>#lineStyle</styleUrl>
    <LineString>
      <tessellate>1</tessellate>
      <coordinates>
        90.4809,24.1997,0
        90.8878,23.9407,0
      </coordinates>
    </LineString>
  </Placemark>
  <Placemark>
    <name>Route Bancharampur to Modhyanagar</name>
    <description>Assigned Demand Flow: 6972</description>
    <styleUrl>#lineStyle</styleUrl>
    <LineString>
      <tessellate>1</tessellate>
      <coordinates>
        90.8038,23.7753,0
        90.8878,23.9407,0
      </coordinates>
    </LineString>
  </Placemark>
  <Placemark>
    <name>Route Tongibari to Lauhajong</name>
    <description>Assigned Demand Flow: 6124</description>
    <styleUrl>#lineStyle</styleUrl>
    <LineString>
      <tessellate>1</tessellate>
      <coordinates>
        90.4668,23.5097,0
        90.3207,23.4743,0
      </coordinates>
    </LineString>
  </Placemark>
  <Placemark>
    <name>Route Purbadhala to Durgapur</name>
    <description>Assigned Demand Flow: 6762</description>
    <styleUrl>#lineStyle</styleUrl>
    <LineString>
      <tessellate>1</tessellate>
      <coordinates>
        90.6003,24.9431,0
        90.6757,25.1138,0
      </coordinates>
    </LineString>
  </Placemark>
  <Placemark>
    <name>Route Madhabpur to Sreemangal</name>
    <description>Assigned Demand Flow: 8164</description>
    <styleUrl>#lineStyle</styleUrl>
    <LineString>
      <tessellate>1</tessellate>
      <coordinates>
        91.2963,24.0998,0
        91.7296,24.3065,0
      </coordinates>
    </LineString>
  </Placemark>
  <Placemark>
    <name>Route Islampur to Raninagar</name>
    <description>Assigned Demand Flow: 5330</description>
    <styleUrl>#lineStyle</styleUrl>
    <LineString>
      <tessellate>1</tessellate>
      <coordinates>
        89.4079,25.1108,0
        88.7859,24.7384,0
      </coordinates>
    </LineString>
  </Placemark>
  <Placemark>
    <name>Route Ishwardi to Gangni</name>
    <description>Assigned Demand Flow: 4868</description>
    <styleUrl>#lineStyle</styleUrl>
    <LineString>
      <tessellate>1</tessellate>
      <coordinates>
        89.0657,24.1292,0
        88.7422,23.8207,0
      </coordinates>
    </LineString>
  </Placemark>
  <Placemark>
    <name>Route Bheramara to Gangni</name>
    <description>Assigned Demand Flow: 5765</description>
    <styleUrl>#lineStyle</styleUrl>
    <LineString>
      <tessellate>1</tessellate>
      <coordinates>
        88.9922,24.021,0
        88.7422,23.8207,0
      </coordinates>
    </LineString>
  </Placemark>
  <Placemark>
    <name>Route Gaffargaon to Modhyanagar</name>
    <description>Assigned Demand Flow: 4506</description>
    <styleUrl>#lineStyle</styleUrl>
    <LineString>
      <tessellate>1</tessellate>
      <coordinates>
        90.5492,24.4173,0
        90.8878,23.9407,0
      </coordinates>
    </LineString>
  </Placemark>
  <Placemark>
    <name>Route Muktagacha to Durgapur</name>
    <description>Assigned Demand Flow: 5282</description>
    <styleUrl>#lineStyle</styleUrl>
    <LineString>
      <tessellate>1</tessellate>
      <coordinates>
        90.2561,24.766,0
        90.6757,25.1138,0
      </coordinates>
    </LineString>
  </Placemark>
  <Placemark>
    <name>Route Kutubdia to Barkal</name>
    <description>Assigned Demand Flow: 4179</description>
    <styleUrl>#lineStyle</styleUrl>
    <LineString>
      <tessellate>1</tessellate>
      <coordinates>
        91.8583,21.8167,0
        92.3793,22.7262,0
      </coordinates>
    </LineString>
  </Placemark>
  <Placemark>
    <name>Route Birol to Baliadangi</name>
    <description>Assigned Demand Flow: 8201</description>
    <styleUrl>#lineStyle</styleUrl>
    <LineString>
      <tessellate>1</tessellate>
      <coordinates>
        88.5565,25.6328,0
        88.2753,26.0902,0
      </coordinates>
    </LineString>
  </Placemark>
  <Placemark>
    <name>Route Daulatpur to Lauhajong</name>
    <description>Assigned Demand Flow: 5815</description>
    <styleUrl>#lineStyle</styleUrl>
    <LineString>
      <tessellate>1</tessellate>
      <coordinates>
        89.7791,23.9654,0
        90.3207,23.4743,0
      </coordinates>
    </LineString>
  </Placemark>
  <Placemark>
    <name>Route B.Baria-S to Sreemangal</name>
    <description>Assigned Demand Flow: 4238</description>
    <styleUrl>#lineStyle</styleUrl>
    <LineString>
      <tessellate>1</tessellate>
      <coordinates>
        91.1115,23.9608,0
        91.7296,24.3065,0
      </coordinates>
    </LineString>
  </Placemark>
  <Placemark>
    <name>Route Bauphal to Hizla</name>
    <description>Assigned Demand Flow: 7695</description>
    <styleUrl>#lineStyle</styleUrl>
    <LineString>
      <tessellate>1</tessellate>
      <coordinates>
        90.5565,22.4193,0
        90.4452,22.9296,0
      </coordinates>
    </LineString>
  </Placemark>
  <Placemark>
    <name>Route Bhedarganj to Hizla</name>
    <description>Assigned Demand Flow: 8200</description>
    <styleUrl>#lineStyle</styleUrl>
    <LineString>
      <tessellate>1</tessellate>
      <coordinates>
        90.4455,23.1971,0
        90.4452,22.9296,0
      </coordinates>
    </LineString>
  </Placemark>
</Document>
</kml>
