<?xml version="1.0" encoding="UTF-8"?>
<kml xmlns="http://www.opengis.net/kml/2.2">
<Document>
  <name>Optimized CFLP Solution</name>
  <Style id="facilityStyle">
    <IconStyle>
      <color>ff0000ff</color>
      <scale>1.5</scale>
      <Icon><href>http://maps.google.com/mapfiles/kml/pushpin/red-pushpin.png</href></Icon>
    </IconStyle>
  </Style>
  <Style id="customerStyle">
    <IconStyle>
      <color>ffff0000</color>
      <scale>1.0</scale>
      <Icon><href>http://maps.google.com/mapfiles/kml/pushpin/blue-pushpin.png</href></Icon>
    </IconStyle>
  </Style>
  <Style id="lineStyle">
    <LineStyle>
      <color>ffee82ee</color>
      <width>2</width>
    </LineStyle>
  </Style>
  <Placemark>
    <name>Warehouse 1: Dhaka</name>
    <styleUrl>#facilityStyle</styleUrl>
    <description>
      Capacity: 11557.8
      Fixed Cost: 1.78529e+07
    </description>
    <Point>
      <coordinates>90.3944,23.7289,0</coordinates>
    </Point>
  </Placemark>
  <Placemark>
    <name>Warehouse 2: Quezon City</name>
    <styleUrl>#facilityStyle</styleUrl>
    <description>
      Capacity: 13981.3
      Fixed Cost: 2.14192e+07
    </description>
    <Point>
      <coordinates>121.047,14.65,0</coordinates>
    </Point>
  </Placemark>
  <Placemark>
    <name>Warehouse 3: Chattogram</name>
    <styleUrl>#facilityStyle</styleUrl>
    <description>
      Capacity: 14726.9
      Fixed Cost: 2.26116e+07
    </description>
    <Point>
      <coordinates>91.8325,22.335,0</coordinates>
    </Point>
  </Placemark>
  <Placemark>
    <name>Warehouse 5: Davao</name>
    <styleUrl>#facilityStyle</styleUrl>
    <description>
      Capacity: 11930.7
      Fixed Cost: 1.83091e+07
    </description>
    <Point>
      <coordinates>125.6,7.07,0</coordinates>
    </Point>
  </Placemark>
  <Placemark>
    <name>Warehouse 6: Caloocan City</name>
    <styleUrl>#facilityStyle</styleUrl>
    <description>
      Capacity: 19387.3
      Fixed Cost: 2.95852e+07
    </description>
    <Point>
      <coordinates>120.97,14.65,0</coordinates>
    </Point>
  </Placemark>
  <Placemark>
    <name>Warehouse 7: Cebu City</name>
    <styleUrl>#facilityStyle</styleUrl>
    <description>
      Capacity: 9880.09
      Fixed Cost: 1.52582e+07
    </description>
    <Point>
      <coordinates>123.75,10.32,0</coordinates>
    </Point>
  </Placemark>
  <Placemark>
    <name>Warehouse 8: Khulna</name>
    <styleUrl>#facilityStyle</styleUrl>
    <description>
      Capacity: 25352.7
      Fixed Cost: 3.86172e+07
    </description>
    <Point>
      <coordinates>89.55,22.8167,0</coordinates>
    </Point>
  </Placemark>
  <Placemark>
    <name>Warehouse 9: Masbate</name>
    <styleUrl>#facilityStyle</styleUrl>
    <description>
      Capacity: 22742.8
      Fixed Cost: 3.45721e+07
    </description>
    <Point>
      <coordinates>123.58,12.27,0</coordinates>
    </Point>
  </Placemark>
  <Placemark>
    <name>Warehouse 10: Antipolo</name>
    <styleUrl>#facilityStyle</styleUrl>
    <description>
      Capacity: 22183.6
      Fixed Cost: 3.36986e+07
    </description>
    <Point>
      <coordinates>121.176,14.5842,0</coordinates>
    </Point>
  </Placemark>
  <Placemark>
    <name>Warehouse 11: Taguig City</name>
    <styleUrl>#facilityStyle</styleUrl>
    <description>
      Capacity: 27776.1
      Fixed Cost: 4.22263e+07
    </description>
    <Point>
      <coordinates>121.05,14.52,0</coordinates>
    </Point>
  </Placemark>
  <Placemark>
    <name>Warehouse 12: Pasig City</name>
    <styleUrl>#facilityStyle</styleUrl>
    <description>
      Capacity: 9320.84
      Fixed Cost: 1.4481e+07
    </description>
    <Point>
      <coordinates>121.076,14.5605,0</coordinates>
    </Point>
  </Placemark>
  <Placemark>
    <name>Warehouse 13: Cagayan de Oro</name>
    <styleUrl>#facilityStyle</styleUrl>
    <description>
      Capacity: 18082.4
      Fixed Cost: 2.75516e+07
    </description>
    <Point>
      <coordinates>124.65,8.48,0</coordinates>
    </Point>
  </Placemark>
  <Placemark>
    <name>Warehouse 14: Valenzuela</name>
    <styleUrl>#facilityStyle</styleUrl>
    <description>
      Capacity: 13608.4
      Fixed Cost: 2.09321e+07
    </description>
    <Point>
      <coordinates>120.98,14.7,0</coordinates>
    </Point>
  </Placemark>
  <Placemark>
    <name>Warehouse 16: City of Parañaque</name>
    <styleUrl>#facilityStyle</styleUrl>
    <description>
      Capacity: 13049.2
      Fixed Cost: 2.00557e+07
    </description>
    <Point>
      <coordinates>120.992,14.5008,0</coordinates>
    </Point>
  </Placemark>
  <Placemark>
    <name>Warehouse 17: Makati City</name>
    <styleUrl>#facilityStyle</styleUrl>
    <description>
      Capacity: 24420.6
      Fixed Cost: 3.7149e+07
    </description>
    <Point>
      <coordinates>121.021,14.5567,0</coordinates>
    </Point>
  </Placemark>
  <Placemark>
    <name>Warehouse 19: Mymensingh</name>
    <styleUrl>#facilityStyle</styleUrl>
    <description>
      Capacity: 14726.9
      Fixed Cost: 2.26709e+07
    </description>
    <Point>
      <coordinates>90.38,24.7504,0</coordinates>
    </Point>
  </Placemark>
  <Placemark>
    <name>Warehouse 21: Muntinlupa City</name>
    <styleUrl>#facilityStyle</styleUrl>
    <description>
      Capacity: 22370
      Fixed Cost: 3.41375e+07
    </description>
    <Point>
      <coordinates>121.05,14.38,0</coordinates>
    </Point>
  </Placemark>
  <Placemark>
    <name>Warehouse 22: Lapu-Lapu City</name>
    <styleUrl>#facilityStyle</styleUrl>
    <description>
      Capacity: 13235.6
      Fixed Cost: 2.04201e+07
    </description>
    <Point>
      <coordinates>123.949,10.3127,0</coordinates>
    </Point>
  </Placemark>
  <Placemark>
    <name>Warehouse 23: Sylhet</name>
    <styleUrl>#facilityStyle</styleUrl>
    <description>
      Capacity: 21997.2
      Fixed Cost: 3.34218e+07
    </description>
    <Point>
      <coordinates>91.8667,24.9,0</coordinates>
    </Point>
  </Placemark>
  <Placemark>
    <name>Warehouse 24: Angeles City</name>
    <styleUrl>#facilityStyle</styleUrl>
    <description>
      Capacity: 15099.8
      Fixed Cost: 2.32264e+07
    </description>
    <Point>
      <coordinates>120.585,15.1472,0</coordinates>
    </Point>
  </Placemark>
  <Placemark>
    <name>Warehouse 25: Marikina City</name>
    <styleUrl>#facilityStyle</styleUrl>
    <description>
      Capacity: 26098.4
      Fixed Cost: 3.96808e+07
    </description>
    <Point>
      <coordinates>121.1,14.65,0</coordinates>
    </Point>
  </Placemark>
  <Placemark>
    <name>Warehouse 26: Rājshāhi</name>
    <styleUrl>#facilityStyle</styleUrl>
    <description>
      Capacity: 21997.2
      Fixed Cost: 3.35215e+07
    </description>
    <Point>
      <coordinates>88.6,24.3667,0</coordinates>
    </Point>
  </Placemark>
  <Placemark>
    <name>Warehouse 27: Pasay City</name>
    <styleUrl>#facilityStyle</styleUrl>
    <description>
      Capacity: 22742.8
      Fixed Cost: 3.46511e+07
    </description>
    <Point>
      <coordinates>120.995,14.5439,0</coordinates>
    </Point>
  </Placemark>
  <Placemark>
    <name>Warehouse 28: Mandaluyong City</name>
    <styleUrl>#facilityStyle</styleUrl>
    <description>
      Capacity: 17896
      Fixed Cost: 2.74133e+07
    </description>
    <Point>
      <coordinates>121.03,14.58,0</coordinates>
    </Point>
  </Placemark>
  <Placemark>
    <name>Warehouse 29: Tarlac City</name>
    <styleUrl>#facilityStyle</styleUrl>
    <description>
      Capacity: 22929.3
      Fixed Cost: 3.4985e+07
    </description>
    <Point>
      <coordinates>120.59,15.4869,0</coordinates>
    </Point>
  </Placemark>
  <Placemark>
    <name>Warehouse 30: Malabon</name>
    <styleUrl>#facilityStyle</styleUrl>
    <description>
      Capacity: 20878.7
      Fixed Cost: 3.19124e+07
    </description>
    <Point>
      <coordinates>120.96,14.66,0</coordinates>
    </Point>
  </Placemark>
  <Placemark>
    <name>Warehouse 31: Butuan</name>
    <styleUrl>#facilityStyle</styleUrl>
    <description>
      Capacity: 25539.1
      Fixed Cost: 3.87859e+07
    </description>
    <Point>
      <coordinates>125.543,8.948,0</coordinates>
    </Point>
  </Placemark>
  <Placemark>
    <name>Warehouse 32: Baguio City</name>
    <styleUrl>#facilityStyle</styleUrl>
    <description>
      Capacity: 24234.2
      Fixed Cost: 3.6768e+07
    </description>
    <Point>
      <coordinates>120.593,16.4119,0</coordinates>
    </Point>
  </Placemark>
  <Placemark>
    <name>Warehouse 33: Mandaue City</name>
    <styleUrl>#facilityStyle</styleUrl>
    <description>
      Capacity: 20505.8
      Fixed Cost: 3.1197e+07
    </description>
    <Point>
      <coordinates>123.93,10.33,0</coordinates>
    </Point>
  </Placemark>
  <Placemark>
    <name>Warehouse 35: San Fernando</name>
    <styleUrl>#facilityStyle</styleUrl>
    <description>
      Capacity: 12862.8
      Fixed Cost: 1.98397e+07
    </description>
    <Point>
      <coordinates>120.68,15.03,0</coordinates>
    </Point>
  </Placemark>
  <Placemark>
    <name>Warehouse 36: Batangas</name>
    <styleUrl>#facilityStyle</styleUrl>
    <description>
      Capacity: 27589.7
      Fixed Cost: 4.18295e+07
    </description>
    <Point>
      <coordinates>121,13.83,0</coordinates>
    </Point>
  </Placemark>
  <Placemark>
    <name>Warehouse 37: Naga City</name>
    <styleUrl>#facilityStyle</styleUrl>
    <description>
      Capacity: 11185
      Fixed Cost: 1.73725e+07
    </description>
    <Point>
      <coordinates>123.186,13.6244,0</coordinates>
    </Point>
  </Placemark>
  <Placemark>
    <name>Warehouse 38: Cotabato</name>
    <styleUrl>#facilityStyle</styleUrl>
    <description>
      Capacity: 26844
      Fixed Cost: 4.08472e+07
    </description>
    <Point>
      <coordinates>124.25,7.22,0</coordinates>
    </Point>
  </Placemark>
  <Placemark>
    <name>Warehouse 39: Puerto Princesa</name>
    <styleUrl>#facilityStyle</styleUrl>
    <description>
      Capacity: 26284.8
      Fixed Cost: 3.99101e+07
    </description>
    <Point>
      <coordinates>118.75,9.75,0</coordinates>
    </Point>
  </Placemark>
  <Placemark>
    <name>Warehouse 40: Tagum</name>
    <styleUrl>#facilityStyle</styleUrl>
    <description>
      Capacity: 12303.5
      Fixed Cost: 1.89927e+07
    </description>
    <Point>
      <coordinates>125.808,7.4478,0</coordinates>
    </Point>
  </Placemark>
  <Placemark>
    <name>Warehouse 41: Rangpur</name>
    <styleUrl>#facilityStyle</styleUrl>
    <description>
      Capacity: 19946.6
      Fixed Cost: 3.05106e+07
    </description>
    <Point>
      <coordinates>89.2444,25.75,0</coordinates>
    </Point>
  </Placemark>
  <Placemark>
    <name>Warehouse 42: Lucena</name>
    <styleUrl>#facilityStyle</styleUrl>
    <description>
      Capacity: 15472.6
      Fixed Cost: 2.36369e+07
    </description>
    <Point>
      <coordinates>121.62,13.93,0</coordinates>
    </Point>
  </Placemark>
  <Placemark>
    <name>Warehouse 43: Malolos</name>
    <styleUrl>#facilityStyle</styleUrl>
    <description>
      Capacity: 25166.3
      Fixed Cost: 3.81545e+07
    </description>
    <Point>
      <coordinates>120.811,14.8436,0</coordinates>
    </Point>
  </Placemark>
  <Placemark>
    <name>Warehouse 45: Tacloban</name>
    <styleUrl>#facilityStyle</styleUrl>
    <description>
      Capacity: 17896
      Fixed Cost: 2.72463e+07
    </description>
    <Point>
      <coordinates>125,11.24,0</coordinates>
    </Point>
  </Placemark>
  <Placemark>
    <name>Warehouse 46: Navotas</name>
    <styleUrl>#facilityStyle</styleUrl>
    <description>
      Capacity: 23488.5
      Fixed Cost: 3.56912e+07
    </description>
    <Point>
      <coordinates>120.942,14.6667,0</coordinates>
    </Point>
  </Placemark>
  <Placemark>
    <name>Warehouse 47: Ormoc</name>
    <styleUrl>#facilityStyle</styleUrl>
    <description>
      Capacity: 19760.2
      Fixed Cost: 3.01523e+07
    </description>
    <Point>
      <coordinates>124.608,11.0106,0</coordinates>
    </Point>
  </Placemark>
  <Placemark>
    <name>Warehouse 48: Barishal</name>
    <styleUrl>#facilityStyle</styleUrl>
    <description>
      Capacity: 27962.5
      Fixed Cost: 4.2535e+07
    </description>
    <Point>
      <coordinates>90.3667,22.7,0</coordinates>
    </Point>
  </Placemark>
  <Placemark>
    <name>Warehouse 49: Trece Martires City</name>
    <styleUrl>#facilityStyle</styleUrl>
    <description>
      Capacity: 25911.9
      Fixed Cost: 3.93283e+07
    </description>
    <Point>
      <coordinates>120.87,14.28,0</coordinates>
    </Point>
  </Placemark>
  <Placemark>
    <name>Warehouse 50: Pagadian</name>
    <styleUrl>#facilityStyle</styleUrl>
    <description>
      Capacity: 22556.4
      Fixed Cost: 3.43527e+07
    </description>
    <Point>
      <coordinates>123.436,7.8272,0</coordinates>
    </Point>
  </Placemark>
  <Placemark>
    <name>Warehouse 51: Legazpi City</name>
    <styleUrl>#facilityStyle</styleUrl>
    <description>
      Capacity: 17150.3
      Fixed Cost: 2.62142e+07
    </description>
    <Point>
      <coordinates>123.73,13.13,0</coordinates>
    </Point>
  </Placemark>
  <Placemark>
    <name>Warehouse 52: Marawi City</name>
    <styleUrl>#facilityStyle</styleUrl>
    <description>
      Capacity: 14726.9
      Fixed Cost: 2.2657e+07
    </description>
    <Point>
      <coordinates>124.285,8.0031,0</coordinates>
    </Point>
  </Placemark>
  <Placemark>
    <name>Warehouse 53: Malaybalay</name>
    <styleUrl>#facilityStyle</styleUrl>
    <description>
      Capacity: 19200.9
      Fixed Cost: 2.93761e+07
    </description>
    <Point>
      <coordinates>125.133,8.1564,0</coordinates>
    </Point>
  </Placemark>
  <Placemark>
    <name>Warehouse 56: Roxas City</name>
    <styleUrl>#facilityStyle</styleUrl>
    <description>
      Capacity: 26098.4
      Fixed Cost: 3.97377e+07
    </description>
    <Point>
      <coordinates>122.751,11.5894,0</coordinates>
    </Point>
  </Placemark>
  <Placemark>
    <name>Warehouse 57: Dagupan City</name>
    <styleUrl>#facilityStyle</styleUrl>
    <description>
      Capacity: 14354.1
      Fixed Cost: 2.21019e+07
    </description>
    <Point>
      <coordinates>120.334,16.043,0</coordinates>
    </Point>
  </Placemark>
  <Placemark>
    <name>Warehouse 59: Tuguegarao</name>
    <styleUrl>#facilityStyle</styleUrl>
    <description>
      Capacity: 15659
      Fixed Cost: 2.3904e+07
    </description>
    <Point>
      <coordinates>121.73,17.6133,0</coordinates>
    </Point>
  </Placemark>
  <Placemark>
    <name>Warehouse 60: Kidapawan</name>
    <styleUrl>#facilityStyle</styleUrl>
    <description>
      Capacity: 9320.84
      Fixed Cost: 1.44697e+07
    </description>
    <Point>
      <coordinates>125.089,7.0083,0</coordinates>
    </Point>
  </Placemark>
  <Placemark>
    <name>Warehouse 61: Ilagan</name>
    <styleUrl>#facilityStyle</styleUrl>
    <description>
      Capacity: 25539.1
      Fixed Cost: 3.87258e+07
    </description>
    <Point>
      <coordinates>121.889,17.1489,0</coordinates>
    </Point>
  </Placemark>
  <Placemark>
    <name>Warehouse 62: Naogaon</name>
    <styleUrl>#facilityStyle</styleUrl>
    <description>
      Capacity: 24234.2
      Fixed Cost: 3.6765e+07
    </description>
    <Point>
      <coordinates>88.947,24.8118,0</coordinates>
    </Point>
  </Placemark>
  <Placemark>
    <name>Warehouse 63: Santiago</name>
    <styleUrl>#facilityStyle</styleUrl>
    <description>
      Capacity: 21437.9
      Fixed Cost: 3.26116e+07
    </description>
    <Point>
      <coordinates>121.55,16.68,0</coordinates>
    </Point>
  </Placemark>
  <Placemark>
    <name>Warehouse 65: Calapan</name>
    <styleUrl>#facilityStyle</styleUrl>
    <description>
      Capacity: 19387.3
      Fixed Cost: 2.96283e+07
    </description>
    <Point>
      <coordinates>121.18,13.414,0</coordinates>
    </Point>
  </Placemark>
  <Placemark>
    <name>Warehouse 68: La Trinidad</name>
    <styleUrl>#facilityStyle</styleUrl>
    <description>
      Capacity: 11744.3
      Fixed Cost: 1.81688e+07
    </description>
    <Point>
      <coordinates>120.59,16.46,0</coordinates>
    </Point>
  </Placemark>
  <Placemark>
    <name>Warehouse 69: Jolo</name>
    <styleUrl>#facilityStyle</styleUrl>
    <description>
      Capacity: 11557.8
      Fixed Cost: 1.78375e+07
    </description>
    <Point>
      <coordinates>121,6,0</coordinates>
    </Point>
  </Placemark>
  <Placemark>
    <name>Warehouse 70: Dumaguete City</name>
    <styleUrl>#facilityStyle</styleUrl>
    <description>
      Capacity: 26844
      Fixed Cost: 4.08406e+07
    </description>
    <Point>
      <coordinates>123.308,9.3103,0</coordinates>
    </Point>
  </Placemark>
  <Placemark>
    <name>Warehouse 72: San Juan</name>
    <styleUrl>#facilityStyle</styleUrl>
    <description>
      Capacity: 14726.9
      Fixed Cost: 2.25749e+07
    </description>
    <Point>
      <coordinates>121.03,14.604,0</coordinates>
    </Point>
  </Placemark>
  <Placemark>
    <name>Warehouse 73: San Fernando</name>
    <styleUrl>#facilityStyle</styleUrl>
    <description>
      Capacity: 16404.7
      Fixed Cost: 2.51063e+07
    </description>
    <Point>
      <coordinates>120.32,16.62,0</coordinates>
    </Point>
  </Placemark>
  <Placemark>
    <name>Warehouse 74: Magalang</name>
    <styleUrl>#facilityStyle</styleUrl>
    <description>
      Capacity: 19946.6
      Fixed Cost: 3.04639e+07
    </description>
    <Point>
      <coordinates>120.67,15.22,0</coordinates>
    </Point>
  </Placemark>
  <Placemark>
    <name>Warehouse 78: San Juan</name>
    <styleUrl>#facilityStyle</styleUrl>
    <description>
      Capacity: 16031.8
      Fixed Cost: 2.4582e+07
    </description>
    <Point>
      <coordinates>121.396,13.826,0</coordinates>
    </Point>
  </Placemark>
  <Placemark>
    <name>Warehouse 79: Daet</name>
    <styleUrl>#facilityStyle</styleUrl>
    <description>
      Capacity: 17336.8
      Fixed Cost: 2.65054e+07
    </description>
    <Point>
      <coordinates>122.956,14.1142,0</coordinates>
    </Point>
  </Placemark>
  <Placemark>
    <name>Warehouse 80: Laoag</name>
    <styleUrl>#facilityStyle</styleUrl>
    <description>
      Capacity: 12303.5
      Fixed Cost: 1.88698e+07
    </description>
    <Point>
      <coordinates>120.594,18.1978,0</coordinates>
    </Point>
  </Placemark>
  <Placemark>
    <name>Warehouse 81: Lingayen</name>
    <styleUrl>#facilityStyle</styleUrl>
    <description>
      Capacity: 25911.9
      Fixed Cost: 3.93771e+07
    </description>
    <Point>
      <coordinates>120.233,16.0167,0</coordinates>
    </Point>
  </Placemark>
  <Placemark>
    <name>Warehouse 83: Tiaong</name>
    <styleUrl>#facilityStyle</styleUrl>
    <description>
      Capacity: 27776.1
      Fixed Cost: 4.21854e+07
    </description>
    <Point>
      <coordinates>121.32,13.95,0</coordinates>
    </Point>
  </Placemark>
  <Placemark>
    <name>Warehouse 85: Balanga</name>
    <styleUrl>#facilityStyle</styleUrl>
    <description>
      Capacity: 11371.4
      Fixed Cost: 1.76157e+07
    </description>
    <Point>
      <coordinates>120.53,14.68,0</coordinates>
    </Point>
  </Placemark>
  <Placemark>
    <name>Warehouse 87: Catarman</name>
    <styleUrl>#facilityStyle</styleUrl>
    <description>
      Capacity: 17336.8
      Fixed Cost: 2.65127e+07
    </description>
    <Point>
      <coordinates>124.633,12.4994,0</coordinates>
    </Point>
  </Placemark>
  <Placemark>
    <name>Warehouse 90: Ipil</name>
    <styleUrl>#facilityStyle</styleUrl>
    <description>
      Capacity: 25539.1
      Fixed Cost: 3.87466e+07
    </description>
    <Point>
      <coordinates>122.587,7.7822,0</coordinates>
    </Point>
  </Placemark>
  <Placemark>
    <name>Warehouse 91: Kalibo</name>
    <styleUrl>#facilityStyle</styleUrl>
    <description>
      Capacity: 25725.5
      Fixed Cost: 3.90379e+07
    </description>
    <Point>
      <coordinates>122.37,11.7072,0</coordinates>
    </Point>
  </Placemark>
  <Placemark>
    <name>Warehouse 93: Alabel</name>
    <styleUrl>#facilityStyle</styleUrl>
    <description>
      Capacity: 22370
      Fixed Cost: 3.40536e+07
    </description>
    <Point>
      <coordinates>125.287,6.1023,0</coordinates>
    </Point>
  </Placemark>
  <Placemark>
    <name>Warehouse 94: Maasin</name>
    <styleUrl>#facilityStyle</styleUrl>
    <description>
      Capacity: 12303.5
      Fixed Cost: 1.90164e+07
    </description>
    <Point>
      <coordinates>124.85,10.13,0</coordinates>
    </Point>
  </Placemark>
  <Placemark>
    <name>Warehouse 95: Nabunturan</name>
    <styleUrl>#facilityStyle</styleUrl>
    <description>
      Capacity: 13049.2
      Fixed Cost: 2.00665e+07
    </description>
    <Point>
      <coordinates>125.966,7.6008,0</coordinates>
    </Point>
  </Placemark>
  <Placemark>
    <name>Warehouse 97: Poblacion</name>
    <styleUrl>#facilityStyle</styleUrl>
    <description>
      Capacity: 10812.2
      Fixed Cost: 1.66785e+07
    </description>
    <Point>
      <coordinates>124.63,6.8,0</coordinates>
    </Point>
  </Placemark>
  <Placemark>
    <name>Warehouse 99: Virac</name>
    <styleUrl>#facilityStyle</styleUrl>
    <description>
      Capacity: 22370
      Fixed Cost: 3.41028e+07
    </description>
    <Point>
      <coordinates>124.23,13.58,0</coordinates>
    </Point>
  </Placemark>
  <Placemark>
    <name>Warehouse 101: Oroquieta</name>
    <styleUrl>#facilityStyle</styleUrl>
    <description>
      Capacity: 13422
      Fixed Cost: 2.05811e+07
    </description>
    <Point>
      <coordinates>123.8,8.48,0</coordinates>
    </Point>
  </Placemark>
  <Placemark>
    <name>Warehouse 103: Bayombong</name>
    <styleUrl>#facilityStyle</styleUrl>
    <description>
      Capacity: 24793.4
      Fixed Cost: 3.76981e+07
    </description>
    <Point>
      <coordinates>121.15,16.48,0</coordinates>
    </Point>
  </Placemark>
  <Placemark>
    <name>Warehouse 105: San Jose</name>
    <styleUrl>#facilityStyle</styleUrl>
    <description>
      Capacity: 24979.9
      Fixed Cost: 3.7906e+07
    </description>
    <Point>
      <coordinates>121.941,10.7433,0</coordinates>
    </Point>
  </Placemark>
  <Placemark>
    <name>Warehouse 106: Tandag</name>
    <styleUrl>#facilityStyle</styleUrl>
    <description>
      Capacity: 16777.5
      Fixed Cost: 2.57333e+07
    </description>
    <Point>
      <coordinates>126.199,9.0789,0</coordinates>
    </Point>
  </Placemark>
  <Placemark>
    <name>Warehouse 107: Gaibandha</name>
    <styleUrl>#facilityStyle</styleUrl>
    <description>
      Capacity: 16031.8
      Fixed Cost: 2.44841e+07
    </description>
    <Point>
      <coordinates>89.5415,25.329,0</coordinates>
    </Point>
  </Placemark>
  <Placemark>
    <name>Warehouse 108: Naval</name>
    <styleUrl>#facilityStyle</styleUrl>
    <description>
      Capacity: 19946.6
      Fixed Cost: 3.05001e+07
    </description>
    <Point>
      <coordinates>124.45,11.58,0</coordinates>
    </Point>
  </Placemark>
  <Placemark>
    <name>Warehouse 109: Buluan</name>
    <styleUrl>#facilityStyle</styleUrl>
    <description>
      Capacity: 26471.2
      Fixed Cost: 4.0116e+07
    </description>
    <Point>
      <coordinates>124.785,6.7154,0</coordinates>
    </Point>
  </Placemark>
  <Placemark>
    <name>Warehouse 110: Boac</name>
    <styleUrl>#facilityStyle</styleUrl>
    <description>
      Capacity: 12489.9
      Fixed Cost: 1.91851e+07
    </description>
    <Point>
      <coordinates>121.83,13.45,0</coordinates>
    </Point>
  </Placemark>
  <Placemark>
    <name>Warehouse 111: Iba</name>
    <styleUrl>#facilityStyle</styleUrl>
    <description>
      Capacity: 22742.8
      Fixed Cost: 3.4664e+07
    </description>
    <Point>
      <coordinates>119.98,15.33,0</coordinates>
    </Point>
  </Placemark>
  <Placemark>
    <name>Warehouse 115: Bangued</name>
    <styleUrl>#facilityStyle</styleUrl>
    <description>
      Capacity: 10625.8
      Fixed Cost: 1.635e+07
    </description>
    <Point>
      <coordinates>120.62,17.6,0</coordinates>
    </Point>
  </Placemark>
  <Placemark>
    <name>Warehouse 116: Tubod</name>
    <styleUrl>#facilityStyle</styleUrl>
    <description>
      Capacity: 10625.8
      Fixed Cost: 1.64011e+07
    </description>
    <Point>
      <coordinates>123.8,8.05,0</coordinates>
    </Point>
  </Placemark>
  <Placemark>
    <name>Warehouse 117: Panay</name>
    <styleUrl>#facilityStyle</styleUrl>
    <description>
      Capacity: 13049.2
      Fixed Cost: 2.01638e+07
    </description>
    <Point>
      <coordinates>122.793,11.5553,0</coordinates>
    </Point>
  </Placemark>
  <Placemark>
    <name>Warehouse 120: Palayan City</name>
    <styleUrl>#facilityStyle</styleUrl>
    <description>
      Capacity: 11185
      Fixed Cost: 1.73354e+07
    </description>
    <Point>
      <coordinates>121.084,15.5422,0</coordinates>
    </Point>
  </Placemark>
  <Placemark>
    <name>Warehouse 123: Baler</name>
    <styleUrl>#facilityStyle</styleUrl>
    <description>
      Capacity: 11930.7
      Fixed Cost: 1.83001e+07
    </description>
    <Point>
      <coordinates>121.562,15.7583,0</coordinates>
    </Point>
  </Placemark>
  <Placemark>
    <name>Warehouse 124: Badian</name>
    <styleUrl>#facilityStyle</styleUrl>
    <description>
      Capacity: 11185
      Fixed Cost: 1.71921e+07
    </description>
    <Point>
      <coordinates>123.396,9.8694,0</coordinates>
    </Point>
  </Placemark>
  <Placemark>
    <name>Warehouse 126: President Quirino</name>
    <styleUrl>#facilityStyle</styleUrl>
    <description>
      Capacity: 18455.3
      Fixed Cost: 2.81144e+07
    </description>
    <Point>
      <coordinates>124.73,6.7,0</coordinates>
    </Point>
  </Placemark>
  <Placemark>
    <name>Warehouse 129: Romblon</name>
    <styleUrl>#facilityStyle</styleUrl>
    <description>
      Capacity: 11930.7
      Fixed Cost: 1.84539e+07
    </description>
    <Point>
      <coordinates>122.28,12.55,0</coordinates>
    </Point>
  </Placemark>
  <Placemark>
    <name>Warehouse 130: Jordan</name>
    <styleUrl>#facilityStyle</styleUrl>
    <description>
      Capacity: 15845.4
      Fixed Cost: 2.42431e+07
    </description>
    <Point>
      <coordinates>122.6,10.6,0</coordinates>
    </Point>
  </Placemark>
  <Placemark>
    <name>Warehouse 131: San Antonio</name>
    <styleUrl>#facilityStyle</styleUrl>
    <description>
      Capacity: 26284.8
      Fixed Cost: 3.99892e+07
    </description>
    <Point>
      <coordinates>121.3,13.9,0</coordinates>
    </Point>
  </Placemark>
  <Placemark>
    <name>Warehouse 136: Bontoc</name>
    <styleUrl>#facilityStyle</styleUrl>
    <description>
      Capacity: 24234.2
      Fixed Cost: 3.69003e+07
    </description>
    <Point>
      <coordinates>120.977,17.09,0</coordinates>
    </Point>
  </Placemark>
  <Placemark>
    <name>Warehouse 139: Maribojoc</name>
    <styleUrl>#facilityStyle</styleUrl>
    <description>
      Capacity: 11744.3
      Fixed Cost: 1.81241e+07
    </description>
    <Point>
      <coordinates>123.85,9.75,0</coordinates>
    </Point>
  </Placemark>
  <Placemark>
    <name>Warehouse 143: Alcantara</name>
    <styleUrl>#facilityStyle</styleUrl>
    <description>
      Capacity: 17150.3
      Fixed Cost: 2.61917e+07
    </description>
    <Point>
      <coordinates>123.405,9.9715,0</coordinates>
    </Point>
  </Placemark>
  <Placemark>
    <name>Warehouse 144: Kabugao</name>
    <styleUrl>#facilityStyle</styleUrl>
    <description>
      Capacity: 25166.3
      Fixed Cost: 3.83329e+07
    </description>
    <Point>
      <coordinates>121.183,18.0239,0</coordinates>
    </Point>
  </Placemark>
  <Placemark>
    <name>Warehouse 145: Perez</name>
    <styleUrl>#facilityStyle</styleUrl>
    <description>
      Capacity: 24234.2
      Fixed Cost: 3.67913e+07
    </description>
    <Point>
      <coordinates>121.93,14.18,0</coordinates>
    </Point>
  </Placemark>
  <Placemark>
    <name>Warehouse 148: Basco</name>
    <styleUrl>#facilityStyle</styleUrl>
    <description>
      Capacity: 11557.8
      Fixed Cost: 1.7891e+07
    </description>
    <Point>
      <coordinates>121.97,20.45,0</coordinates>
    </Point>
  </Placemark>
  <Placemark>
    <name>Warehouse 149: Corella</name>
    <styleUrl>#facilityStyle</styleUrl>
    <description>
      Capacity: 9880.09
      Fixed Cost: 1.54167e+07
    </description>
    <Point>
      <coordinates>123.92,9.68,0</coordinates>
    </Point>
  </Placemark>
  <Placemark>
    <name>Customer 0: Gāzipura</name>
    <styleUrl>#customerStyle</styleUrl>
    <description>Demand: 53498</description>
    <Point>
      <coordinates>90.3959,23.9234,0</coordinates>
    </Point>
  </Placemark>
  <Placemark>
    <name>Customer 1: Canagatan</name>
    <styleUrl>#customerStyle</styleUrl>
    <description>Demand: 25468</description>
    <Point>
      <coordinates>121.8,18,0</coordinates>
    </Point>
  </Placemark>
  <Placemark>
    <name>Customer 2: Rangapukur</name>
    <styleUrl>#customerStyle</styleUrl>
    <description>Demand: 20631</description>
    <Point>
      <coordinates>89.2147,25.5206,0</coordinates>
    </Point>
  </Placemark>
  <Placemark>
    <name>Customer 3: Nārāyanganj</name>
    <styleUrl>#customerStyle</styleUrl>
    <description>Demand: 19359</description>
    <Point>
      <coordinates>90.5,23.6167,0</coordinates>
    </Point>
  </Placemark>
  <Placemark>
    <name>Customer 4: Dasmariñas</name>
    <styleUrl>#customerStyle</styleUrl>
    <description>Demand: 14058</description>
    <Point>
      <coordinates>120.94,14.33,0</coordinates>
    </Point>
  </Placemark>
  <Placemark>
    <name>Customer 5: Bacoor</name>
    <styleUrl>#customerStyle</styleUrl>
    <description>Demand: 13282</description>
    <Point>
      <coordinates>120.965,14.4624,0</coordinates>
    </Point>
  </Placemark>
  <Placemark>
    <name>Customer 6: Tondo</name>
    <styleUrl>#customerStyle</styleUrl>
    <description>Demand: 13088</description>
    <Point>
      <coordinates>120.967,14.617,0</coordinates>
    </Point>
  </Placemark>
  <Placemark>
    <name>Customer 7: San Jose del Monte</name>
    <styleUrl>#customerStyle</styleUrl>
    <description>Demand: 13039</description>
    <Point>
      <coordinates>121.045,14.8139,0</coordinates>
    </Point>
  </Placemark>
  <Placemark>
    <name>Customer 8: Las Piñas City</name>
    <styleUrl>#customerStyle</styleUrl>
    <description>Demand: 12128</description>
    <Point>
      <coordinates>120.98,14.45,0</coordinates>
    </Point>
  </Placemark>
  <Placemark>
    <name>Customer 9: City of Calamba</name>
    <styleUrl>#customerStyle</styleUrl>
    <description>Demand: 10798</description>
    <Point>
      <coordinates>121.17,14.22,0</coordinates>
    </Point>
  </Placemark>
  <Placemark>
    <name>Customer 10: Imus</name>
    <styleUrl>#customerStyle</styleUrl>
    <description>Demand: 9930</description>
    <Point>
      <coordinates>120.937,14.4297,0</coordinates>
    </Point>
  </Placemark>
  <Placemark>
    <name>Customer 11: General Trias</name>
    <styleUrl>#customerStyle</styleUrl>
    <description>Demand: 9007</description>
    <Point>
      <coordinates>120.88,14.38,0</coordinates>
    </Point>
  </Placemark>
  <Placemark>
    <name>Customer 12: Sirājganj</name>
    <styleUrl>#customerStyle</styleUrl>
    <description>Demand: 9004</description>
    <Point>
      <coordinates>89.7167,24.45,0</coordinates>
    </Point>
  </Placemark>
  <Placemark>
    <name>Customer 13: Rodriguez</name>
    <styleUrl>#customerStyle</styleUrl>
    <description>Demand: 8875</description>
    <Point>
      <coordinates>121.12,14.72,0</coordinates>
    </Point>
  </Placemark>
  <Placemark>
    <name>Customer 14: Chauddagram</name>
    <styleUrl>#customerStyle</styleUrl>
    <description>Demand: 8864</description>
    <Point>
      <coordinates>91.3731,23.2244,0</coordinates>
    </Point>
  </Placemark>
  <Placemark>
    <name>Customer 15: Kushtia</name>
    <styleUrl>#customerStyle</styleUrl>
    <description>Demand: 8374</description>
    <Point>
      <coordinates>89.12,23.9,0</coordinates>
    </Point>
  </Placemark>
  <Placemark>
    <name>Customer 16: Santa Rosa</name>
    <styleUrl>#customerStyle</styleUrl>
    <description>Demand: 8298</description>
    <Point>
      <coordinates>121.12,14.32,0</coordinates>
    </Point>
  </Placemark>
  <Placemark>
    <name>Customer 17: Biñan</name>
    <styleUrl>#customerStyle</styleUrl>
    <description>Demand: 8143</description>
    <Point>
      <coordinates>121.08,14.33,0</coordinates>
    </Point>
  </Placemark>
  <Placemark>
    <name>Customer 18: Barura</name>
    <styleUrl>#customerStyle</styleUrl>
    <description>Demand: 8099</description>
    <Point>
      <coordinates>91.0484,23.3683,0</coordinates>
    </Point>
  </Placemark>
  <Placemark>
    <name>Customer 19: Bogra</name>
    <styleUrl>#customerStyle</styleUrl>
    <description>Demand: 8013</description>
    <Point>
      <coordinates>89.3711,24.851,0</coordinates>
    </Point>
  </Placemark>
  <Placemark>
    <name>Customer 20: Tāngāil</name>
    <styleUrl>#customerStyle</styleUrl>
    <description>Demand: 7852</description>
    <Point>
      <coordinates>89.92,24.25,0</coordinates>
    </Point>
  </Placemark>
  <Placemark>
    <name>Customer 21: Sampaloc</name>
    <styleUrl>#customerStyle</styleUrl>
    <description>Demand: 7775</description>
    <Point>
      <coordinates>121.002,14.6031,0</coordinates>
    </Point>
  </Placemark>
  <Placemark>
    <name>Customer 22: Taytay</name>
    <styleUrl>#customerStyle</styleUrl>
    <description>Demand: 7728</description>
    <Point>
      <coordinates>121.132,14.5692,0</coordinates>
    </Point>
  </Placemark>
  <Placemark>
    <name>Customer 23: Savar</name>
    <styleUrl>#customerStyle</styleUrl>
    <description>Demand: 7691</description>
    <Point>
      <coordinates>90.2577,23.8482,0</coordinates>
    </Point>
  </Placemark>
  <Placemark>
    <name>Customer 24: Cainta</name>
    <styleUrl>#customerStyle</styleUrl>
    <description>Demand: 7534</description>
    <Point>
      <coordinates>121.12,14.57,0</coordinates>
    </Point>
  </Placemark>
  <Placemark>
    <name>Customer 25: Lipa City</name>
    <styleUrl>#customerStyle</styleUrl>
    <description>Demand: 7460</description>
    <Point>
      <coordinates>121.162,13.9411,0</coordinates>
    </Point>
  </Placemark>
  <Placemark>
    <name>Customer 26: Cabuyao</name>
    <styleUrl>#customerStyle</styleUrl>
    <description>Demand: 7104</description>
    <Point>
      <coordinates>121.125,14.275,0</coordinates>
    </Point>
  </Placemark>
  <Placemark>
    <name>Customer 27: Tungi</name>
    <styleUrl>#customerStyle</styleUrl>
    <description>Demand: 7009</description>
    <Point>
      <coordinates>90.4023,23.8915,0</coordinates>
    </Point>
  </Placemark>
  <Placemark>
    <name>Customer 28: Cabanatuan City</name>
    <styleUrl>#customerStyle</styleUrl>
    <description>Demand: 6551</description>
    <Point>
      <coordinates>120.968,15.4908,0</coordinates>
    </Point>
  </Placemark>
  <Placemark>
    <name>Customer 29: San Pedro</name>
    <styleUrl>#customerStyle</styleUrl>
    <description>Demand: 6516</description>
    <Point>
      <coordinates>121.058,14.3583,0</coordinates>
    </Point>
  </Placemark>
  <Placemark>
    <name>Customer 30: Binangonan</name>
    <styleUrl>#customerStyle</styleUrl>
    <description>Demand: 6280</description>
    <Point>
      <coordinates>121.192,14.4514,0</coordinates>
    </Point>
  </Placemark>
  <Placemark>
    <name>Customer 31: Tanza</name>
    <styleUrl>#customerStyle</styleUrl>
    <description>Demand: 6241</description>
    <Point>
      <coordinates>120.853,14.3944,0</coordinates>
    </Point>
  </Placemark>
  <Placemark>
    <name>Customer 32: Comilla</name>
    <styleUrl>#customerStyle</styleUrl>
    <description>Demand: 5929</description>
    <Point>
      <coordinates>91.2,23.45,0</coordinates>
    </Point>
  </Placemark>
  <Placemark>
    <name>Customer 33: Silang</name>
    <styleUrl>#customerStyle</styleUrl>
    <description>Demand: 5914</description>
    <Point>
      <coordinates>120.975,14.2306,0</coordinates>
    </Point>
  </Placemark>
  <Placemark>
    <name>Customer 34: Mabalacat</name>
    <styleUrl>#customerStyle</styleUrl>
    <description>Demand: 5871</description>
    <Point>
      <coordinates>120.58,15.22,0</coordinates>
    </Point>
  </Placemark>
  <Placemark>
    <name>Customer 35: Santa Maria</name>
    <styleUrl>#customerStyle</styleUrl>
    <description>Demand: 5790</description>
    <Point>
      <coordinates>120.96,14.82,0</coordinates>
    </Point>
  </Placemark>
  <Placemark>
    <name>Customer 36: San Pablo</name>
    <styleUrl>#customerStyle</styleUrl>
    <description>Demand: 5708</description>
    <Point>
      <coordinates>121.325,14.07,0</coordinates>
    </Point>
  </Placemark>
  <Placemark>
    <name>Customer 37: San Mateo</name>
    <styleUrl>#customerStyle</styleUrl>
    <description>Demand: 5466</description>
    <Point>
      <coordinates>121.122,14.6969,0</coordinates>
    </Point>
  </Placemark>
  <Placemark>
    <name>Customer 38: Brāhmanbāria</name>
    <styleUrl>#customerStyle</styleUrl>
    <description>Demand: 5373</description>
    <Point>
      <coordinates>91.1099,23.9723,0</coordinates>
    </Point>
  </Placemark>
  <Placemark>
    <name>Customer 39: Feni</name>
    <styleUrl>#customerStyle</styleUrl>
    <description>Demand: 5294</description>
    <Point>
      <coordinates>91.3967,23.015,0</coordinates>
    </Point>
  </Placemark>
  <Placemark>
    <name>Customer 40: Talisay</name>
    <styleUrl>#customerStyle</styleUrl>
    <description>Demand: 5254</description>
    <Point>
      <coordinates>123.83,10.25,0</coordinates>
    </Point>
  </Placemark>
  <Placemark>
    <name>Customer 41: Siddhirganj</name>
    <styleUrl>#customerStyle</styleUrl>
    <description>Demand: 5127</description>
    <Point>
      <coordinates>90.5149,23.6913,0</coordinates>
    </Point>
  </Placemark>
  <Placemark>
    <name>Customer 42: Marilao</name>
    <styleUrl>#customerStyle</styleUrl>
    <description>Demand: 5087</description>
    <Point>
      <coordinates>120.948,14.7581,0</coordinates>
    </Point>
  </Placemark>
  <Placemark>
    <name>Customer 43: Jhenida</name>
    <styleUrl>#customerStyle</styleUrl>
    <description>Demand: 5058</description>
    <Point>
      <coordinates>89.1749,23.5425,0</coordinates>
    </Point>
  </Placemark>
  <Placemark>
    <name>Customer 44: Companiganj</name>
    <styleUrl>#customerStyle</styleUrl>
    <description>Demand: 5009</description>
    <Point>
      <coordinates>91.2782,22.873,0</coordinates>
    </Point>
  </Placemark>
  <Placemark>
    <name>Customer 45: Jessore</name>
    <styleUrl>#customerStyle</styleUrl>
    <description>Demand: 4879</description>
    <Point>
      <coordinates>89.2,23.1704,0</coordinates>
    </Point>
  </Placemark>
  <Placemark>
    <name>Customer 46: Bānchpār</name>
    <styleUrl>#customerStyle</styleUrl>
    <description>Demand: 4838</description>
    <Point>
      <coordinates>90.7979,23.2081,0</coordinates>
    </Point>
  </Placemark>
  <Placemark>
    <name>Customer 47: Nazipur</name>
    <styleUrl>#customerStyle</styleUrl>
    <description>Demand: 4646</description>
    <Point>
      <coordinates>88.7609,25.0455,0</coordinates>
    </Point>
  </Placemark>
  <Placemark>
    <name>Customer 48: Meycauayan</name>
    <styleUrl>#customerStyle</styleUrl>
    <description>Demand: 4518</description>
    <Point>
      <coordinates>120.95,14.73,0</coordinates>
    </Point>
  </Placemark>
  <Placemark>
    <name>Customer 49: Chuādānga</name>
    <styleUrl>#customerStyle</styleUrl>
    <description>Demand: 4501</description>
    <Point>
      <coordinates>88.8577,23.6418,0</coordinates>
    </Point>
  </Placemark>
  <Placemark>
    <name>Customer 50: Cox’s Bāzār</name>
    <styleUrl>#customerStyle</styleUrl>
    <description>Demand: 4480</description>
    <Point>
      <coordinates>91.9677,21.4539,0</coordinates>
    </Point>
  </Placemark>
  <Placemark>
    <name>Customer 51: Santo Tomas</name>
    <styleUrl>#customerStyle</styleUrl>
    <description>Demand: 4368</description>
    <Point>
      <coordinates>121.18,14.08,0</coordinates>
    </Point>
  </Placemark>
  <Placemark>
    <name>Customer 52: Valencia</name>
    <styleUrl>#customerStyle</styleUrl>
    <description>Demand: 4338</description>
    <Point>
      <coordinates>125.093,7.9042,0</coordinates>
    </Point>
  </Placemark>
  <Placemark>
    <name>Customer 53: Panabo</name>
    <styleUrl>#customerStyle</styleUrl>
    <description>Demand: 4182</description>
    <Point>
      <coordinates>125.68,7.3,0</coordinates>
    </Point>
  </Placemark>
  <Placemark>
    <name>Customer 54: Toledo</name>
    <styleUrl>#customerStyle</styleUrl>
    <description>Demand: 4143</description>
    <Point>
      <coordinates>123.65,10.38,0</coordinates>
    </Point>
  </Placemark>
  <Placemark>
    <name>Customer 55: Dinājpur</name>
    <styleUrl>#customerStyle</styleUrl>
    <description>Demand: 4117</description>
    <Point>
      <coordinates>88.65,25.63,0</coordinates>
    </Point>
  </Placemark>
  <Placemark>
    <name>Customer 56: San Carlos City</name>
    <styleUrl>#customerStyle</styleUrl>
    <description>Demand: 4117</description>
    <Point>
      <coordinates>120.349,15.9281,0</coordinates>
    </Point>
  </Placemark>
  <Placemark>
    <name>Customer 57: Brahmanpara</name>
    <styleUrl>#customerStyle</styleUrl>
    <description>Demand: 4098</description>
    <Point>
      <coordinates>91.0679,23.6165,0</coordinates>
    </Point>
  </Placemark>
  <Placemark>
    <name>Customer 58: Santa Ana</name>
    <styleUrl>#customerStyle</styleUrl>
    <description>Demand: 4081</description>
    <Point>
      <coordinates>121.012,14.58,0</coordinates>
    </Point>
  </Placemark>
  <Placemark>
    <name>Customer 59: Kabankalan</name>
    <styleUrl>#customerStyle</styleUrl>
    <description>Demand: 4006</description>
    <Point>
      <coordinates>122.82,9.98,0</coordinates>
    </Point>
  </Placemark>
  <Placemark>
    <name>Customer 60: Koronadal</name>
    <styleUrl>#customerStyle</styleUrl>
    <description>Demand: 3917</description>
    <Point>
      <coordinates>124.85,6.5,0</coordinates>
    </Point>
  </Placemark>
  <Placemark>
    <name>Customer 61: Tanauan</name>
    <styleUrl>#customerStyle</styleUrl>
    <description>Demand: 3884</description>
    <Point>
      <coordinates>121.15,14.08,0</coordinates>
    </Point>
  </Placemark>
  <Placemark>
    <name>Customer 62: Bago</name>
    <styleUrl>#customerStyle</styleUrl>
    <description>Demand: 3834</description>
    <Point>
      <coordinates>122.838,10.5388,0</coordinates>
    </Point>
  </Placemark>
  <Placemark>
    <name>Customer 63: Pābna</name>
    <styleUrl>#customerStyle</styleUrl>
    <description>Demand: 3812</description>
    <Point>
      <coordinates>89.25,24.0004,0</coordinates>
    </Point>
  </Placemark>
  <Placemark>
    <name>Customer 64: Calbayog City</name>
    <styleUrl>#customerStyle</styleUrl>
    <description>Demand: 3736</description>
    <Point>
      <coordinates>124.6,12.07,0</coordinates>
    </Point>
  </Placemark>
  <Placemark>
    <name>Customer 65: Narsingdi</name>
    <styleUrl>#customerStyle</styleUrl>
    <description>Demand: 3708</description>
    <Point>
      <coordinates>90.7167,23.9,0</coordinates>
    </Point>
  </Placemark>
  <Placemark>
    <name>Customer 66: Lubao</name>
    <styleUrl>#customerStyle</styleUrl>
    <description>Demand: 3480</description>
    <Point>
      <coordinates>120.6,14.93,0</coordinates>
    </Point>
  </Placemark>
  <Placemark>
    <name>Customer 67: Mexico</name>
    <styleUrl>#customerStyle</styleUrl>
    <description>Demand: 3475</description>
    <Point>
      <coordinates>120.72,15.0645,0</coordinates>
    </Point>
  </Placemark>
  <Placemark>
    <name>Customer 68: Polomolok</name>
    <styleUrl>#customerStyle</styleUrl>
    <description>Demand: 3447</description>
    <Point>
      <coordinates>125.07,6.22,0</coordinates>
    </Point>
  </Placemark>
  <Placemark>
    <name>Customer 69: General Mariano Alvarez</name>
    <styleUrl>#customerStyle</styleUrl>
    <description>Demand: 3455</description>
    <Point>
      <coordinates>121,14.3,0</coordinates>
    </Point>
  </Placemark>
  <Placemark>
    <name>Customer 70: San Miguel</name>
    <styleUrl>#customerStyle</styleUrl>
    <description>Demand: 3450</description>
    <Point>
      <coordinates>120.978,15.1458,0</coordinates>
    </Point>
  </Placemark>
  <Placemark>
    <name>Customer 71: Concepcion</name>
    <styleUrl>#customerStyle</styleUrl>
    <description>Demand: 3396</description>
    <Point>
      <coordinates>120.655,15.3249,0</coordinates>
    </Point>
  </Placemark>
  <Placemark>
    <name>Customer 72: Baliuag</name>
    <styleUrl>#customerStyle</styleUrl>
    <description>Demand: 3376</description>
    <Point>
      <coordinates>120.901,14.954,0</coordinates>
    </Point>
  </Placemark>
  <Placemark>
    <name>Customer 73: Jamālpur</name>
    <styleUrl>#customerStyle</styleUrl>
    <description>Demand: 3354</description>
    <Point>
      <coordinates>89.95,24.9004,0</coordinates>
    </Point>
  </Placemark>
  <Placemark>
    <name>Customer 74: Sariaya</name>
    <styleUrl>#customerStyle</styleUrl>
    <description>Demand: 3229</description>
    <Point>
      <coordinates>121.53,13.97,0</coordinates>
    </Point>
  </Placemark>
  <Placemark>
    <name>Customer 75: Naic</name>
    <styleUrl>#customerStyle</styleUrl>
    <description>Demand: 3211</description>
    <Point>
      <coordinates>120.77,14.32,0</coordinates>
    </Point>
  </Placemark>
  <Placemark>
    <name>Customer 76: Cadiz</name>
    <styleUrl>#customerStyle</styleUrl>
    <description>Demand: 3176</description>
    <Point>
      <coordinates>123.3,10.95,0</coordinates>
    </Point>
  </Placemark>
  <Placemark>
    <name>Customer 77: Danao</name>
    <styleUrl>#customerStyle</styleUrl>
    <description>Demand: 3131</description>
    <Point>
      <coordinates>123.93,10.53,0</coordinates>
    </Point>
  </Placemark>
  <Placemark>
    <name>Customer 78: Capas</name>
    <styleUrl>#customerStyle</styleUrl>
    <description>Demand: 3129</description>
    <Point>
      <coordinates>120.59,15.3372,0</coordinates>
    </Point>
  </Placemark>
  <Placemark>
    <name>Customer 79: Pandi</name>
    <styleUrl>#customerStyle</styleUrl>
    <description>Demand: 3102</description>
    <Point>
      <coordinates>120.95,14.87,0</coordinates>
    </Point>
  </Placemark>
  <Placemark>
    <name>Customer 80: San Jose</name>
    <styleUrl>#customerStyle</styleUrl>
    <description>Demand: 3069</description>
    <Point>
      <coordinates>121.068,12.3528,0</coordinates>
    </Point>
  </Placemark>
  <Placemark>
    <name>Customer 81: Poblacion</name>
    <styleUrl>#customerStyle</styleUrl>
    <description>Demand: 3071</description>
    <Point>
      <coordinates>123.982,10.4111,0</coordinates>
    </Point>
  </Placemark>
  <Placemark>
    <name>Customer 82: Minglanilla</name>
    <styleUrl>#customerStyle</styleUrl>
    <description>Demand: 3029</description>
    <Point>
      <coordinates>123.796,10.245,0</coordinates>
    </Point>
  </Placemark>
  <Placemark>
    <name>Customer 83: San Jose</name>
    <styleUrl>#customerStyle</styleUrl>
    <description>Demand: 3018</description>
    <Point>
      <coordinates>120.999,15.8037,0</coordinates>
    </Point>
  </Placemark>
  <Placemark>
    <name>Customer 84: Mariveles</name>
    <styleUrl>#customerStyle</styleUrl>
    <description>Demand: 2990</description>
    <Point>
      <coordinates>120.48,14.43,0</coordinates>
    </Point>
  </Placemark>
  <Placemark>
    <name>Customer 85: Sagay</name>
    <styleUrl>#customerStyle</styleUrl>
    <description>Demand: 2970</description>
    <Point>
      <coordinates>123.42,10.9,0</coordinates>
    </Point>
  </Placemark>
  <Placemark>
    <name>Customer 86: Consolacion</name>
    <styleUrl>#customerStyle</styleUrl>
    <description>Demand: 2961</description>
    <Point>
      <coordinates>123.95,10.4,0</coordinates>
    </Point>
  </Placemark>
  <Placemark>
    <name>Customer 87: Calapan</name>
    <styleUrl>#customerStyle</styleUrl>
    <description>Demand: 2906</description>
    <Point>
      <coordinates>121.18,13.414,0</coordinates>
    </Point>
  </Placemark>
  <Placemark>
    <name>Customer 88: Bhāndāria</name>
    <styleUrl>#customerStyle</styleUrl>
    <description>Demand: 2911</description>
    <Point>
      <coordinates>90.0627,22.489,0</coordinates>
    </Point>
  </Placemark>
  <Placemark>
    <name>Customer 89: Arayat</name>
    <styleUrl>#customerStyle</styleUrl>
    <description>Demand: 2898</description>
    <Point>
      <coordinates>120.769,15.1493,0</coordinates>
    </Point>
  </Placemark>
  <Placemark>
    <name>Customer 90: Urdaneta</name>
    <styleUrl>#customerStyle</styleUrl>
    <description>Demand: 2893</description>
    <Point>
      <coordinates>120.571,15.9761,0</coordinates>
    </Point>
  </Placemark>
  <Placemark>
    <name>Customer 91: Calabayan</name>
    <styleUrl>#customerStyle</styleUrl>
    <description>Demand: 2872</description>
    <Point>
      <coordinates>121.78,16.77,0</coordinates>
    </Point>
  </Placemark>
  <Placemark>
    <name>Customer 92: Malasiqui</name>
    <styleUrl>#customerStyle</styleUrl>
    <description>Demand: 2857</description>
    <Point>
      <coordinates>120.42,15.92,0</coordinates>
    </Point>
  </Placemark>
  <Placemark>
    <name>Customer 93: Nawābganj</name>
    <styleUrl>#customerStyle</styleUrl>
    <description>Demand: 2846</description>
    <Point>
      <coordinates>88.2667,24.6,0</coordinates>
    </Point>
  </Placemark>
  <Placemark>
    <name>Customer 94: Bocaue</name>
    <styleUrl>#customerStyle</styleUrl>
    <description>Demand: 2827</description>
    <Point>
      <coordinates>120.93,14.8,0</coordinates>
    </Point>
  </Placemark>
  <Placemark>
    <name>Customer 95: Tabaco</name>
    <styleUrl>#customerStyle</styleUrl>
    <description>Demand: 2820</description>
    <Point>
      <coordinates>123.73,13.35,0</coordinates>
    </Point>
  </Placemark>
  <Placemark>
    <name>Customer 96: Porac</name>
    <styleUrl>#customerStyle</styleUrl>
    <description>Demand: 2809</description>
    <Point>
      <coordinates>120.542,15.0719,0</coordinates>
    </Point>
  </Placemark>
  <Placemark>
    <name>Customer 97: Ozamiz City</name>
    <styleUrl>#customerStyle</styleUrl>
    <description>Demand: 2802</description>
    <Point>
      <coordinates>123.85,8.15,0</coordinates>
    </Point>
  </Placemark>
  <Placemark>
    <name>Customer 98: Payatas</name>
    <styleUrl>#customerStyle</styleUrl>
    <description>Demand: 2791</description>
    <Point>
      <coordinates>121.1,14.7099,0</coordinates>
    </Point>
  </Placemark>
  <Placemark>
    <name>Customer 99: Tanay</name>
    <styleUrl>#customerStyle</styleUrl>
    <description>Demand: 2785</description>
    <Point>
      <coordinates>121.286,14.4972,0</coordinates>
    </Point>
  </Placemark>
  <Placemark>
    <name>Customer 100: Gingoog</name>
    <styleUrl>#customerStyle</styleUrl>
    <description>Demand: 2724</description>
    <Point>
      <coordinates>125.1,8.82,0</coordinates>
    </Point>
  </Placemark>
  <Placemark>
    <name>Customer 101: Nasugbu</name>
    <styleUrl>#customerStyle</styleUrl>
    <description>Demand: 2725</description>
    <Point>
      <coordinates>120.63,14.07,0</coordinates>
    </Point>
  </Placemark>
  <Placemark>
    <name>Customer 102: Carcar</name>
    <styleUrl>#customerStyle</styleUrl>
    <description>Demand: 2731</description>
    <Point>
      <coordinates>123.63,10.12,0</coordinates>
    </Point>
  </Placemark>
  <Placemark>
    <name>Customer 103: Norzagaray</name>
    <styleUrl>#customerStyle</styleUrl>
    <description>Demand: 2727</description>
    <Point>
      <coordinates>121.05,14.92,0</coordinates>
    </Point>
  </Placemark>
  <Placemark>
    <name>Customer 104: Floridablanca</name>
    <styleUrl>#customerStyle</styleUrl>
    <description>Demand: 2709</description>
    <Point>
      <coordinates>120.528,14.974,0</coordinates>
    </Point>
  </Placemark>
  <Placemark>
    <name>Customer 105: Daraga</name>
    <styleUrl>#customerStyle</styleUrl>
    <description>Demand: 2681</description>
    <Point>
      <coordinates>123.694,13.1619,0</coordinates>
    </Point>
  </Placemark>
  <Placemark>
    <name>Customer 106: San Andres</name>
    <styleUrl>#customerStyle</styleUrl>
    <description>Demand: 2683</description>
    <Point>
      <coordinates>121.004,14.5739,0</coordinates>
    </Point>
  </Placemark>
  <Placemark>
    <name>Customer 107: Hagonoy</name>
    <styleUrl>#customerStyle</styleUrl>
    <description>Demand: 2662</description>
    <Point>
      <coordinates>120.73,14.83,0</coordinates>
    </Point>
  </Placemark>
  <Placemark>
    <name>Customer 108: Naga</name>
    <styleUrl>#customerStyle</styleUrl>
    <description>Demand: 2661</description>
    <Point>
      <coordinates>123.75,10.22,0</coordinates>
    </Point>
  </Placemark>
  <Placemark>
    <name>Customer 109: Srīpur</name>
    <styleUrl>#customerStyle</styleUrl>
    <description>Demand: 2664</description>
    <Point>
      <coordinates>90.4731,24.2,0</coordinates>
    </Point>
  </Placemark>
  <Placemark>
    <name>Customer 110: San Carlos</name>
    <styleUrl>#customerStyle</styleUrl>
    <description>Demand: 2655</description>
    <Point>
      <coordinates>123.409,10.4929,0</coordinates>
    </Point>
  </Placemark>
  <Placemark>
    <name>Customer 111: Talavera</name>
    <styleUrl>#customerStyle</styleUrl>
    <description>Demand: 2636</description>
    <Point>
      <coordinates>120.919,15.5839,0</coordinates>
    </Point>
  </Placemark>
  <Placemark>
    <name>Customer 112: Maijdi</name>
    <styleUrl>#customerStyle</styleUrl>
    <description>Demand: 2617</description>
    <Point>
      <coordinates>91.1,22.8667,0</coordinates>
    </Point>
  </Placemark>
  <Placemark>
    <name>Customer 113: Angono</name>
    <styleUrl>#customerStyle</styleUrl>
    <description>Demand: 2607</description>
    <Point>
      <coordinates>121.154,14.5234,0</coordinates>
    </Point>
  </Placemark>
  <Placemark>
    <name>Customer 114: Silay</name>
    <styleUrl>#customerStyle</styleUrl>
    <description>Demand: 2609</description>
    <Point>
      <coordinates>122.97,10.8,0</coordinates>
    </Point>
  </Placemark>
  <Placemark>
    <name>Customer 115: Bamban</name>
    <styleUrl>#customerStyle</styleUrl>
    <description>Demand: 2583</description>
    <Point>
      <coordinates>120.567,15.2742,0</coordinates>
    </Point>
  </Placemark>
  <Placemark>
    <name>Customer 116: Guagua</name>
    <styleUrl>#customerStyle</styleUrl>
    <description>Demand: 2577</description>
    <Point>
      <coordinates>120.63,14.97,0</coordinates>
    </Point>
  </Placemark>
  <Placemark>
    <name>Customer 117: Santo Tomas</name>
    <styleUrl>#customerStyle</styleUrl>
    <description>Demand: 2563</description>
    <Point>
      <coordinates>125.62,7.53,0</coordinates>
    </Point>
  </Placemark>
  <Placemark>
    <name>Customer 118: Rosario</name>
    <styleUrl>#customerStyle</styleUrl>
    <description>Demand: 2569</description>
    <Point>
      <coordinates>121.206,13.846,0</coordinates>
    </Point>
  </Placemark>
  <Placemark>
    <name>Customer 119: Guimba</name>
    <styleUrl>#customerStyle</styleUrl>
    <description>Demand: 2547</description>
    <Point>
      <coordinates>120.765,15.6606,0</coordinates>
    </Point>
  </Placemark>
  <Placemark>
    <name>Customer 120: Saidpur</name>
    <styleUrl>#customerStyle</styleUrl>
    <description>Demand: 2541</description>
    <Point>
      <coordinates>88.9,25.7833,0</coordinates>
    </Point>
  </Placemark>
  <Placemark>
    <name>Customer 121: Santa Cruz</name>
    <styleUrl>#customerStyle</styleUrl>
    <description>Demand: 2528</description>
    <Point>
      <coordinates>120.98,14.5998,0</coordinates>
    </Point>
  </Placemark>
  <Placemark>
    <name>Customer 122: Santa Cruz</name>
    <styleUrl>#customerStyle</styleUrl>
    <description>Demand: 2477</description>
    <Point>
      <coordinates>121.42,14.28,0</coordinates>
    </Point>
  </Placemark>
  <Placemark>
    <name>Customer 123: Gapan</name>
    <styleUrl>#customerStyle</styleUrl>
    <description>Demand: 2462</description>
    <Point>
      <coordinates>120.949,15.3122,0</coordinates>
    </Point>
  </Placemark>
  <Placemark>
    <name>Customer 124: Bayawan</name>
    <styleUrl>#customerStyle</styleUrl>
    <description>Demand: 2457</description>
    <Point>
      <coordinates>122.8,9.37,0</coordinates>
    </Point>
  </Placemark>
  <Placemark>
    <name>Customer 125: Farīdpur</name>
    <styleUrl>#customerStyle</styleUrl>
    <description>Demand: 2424</description>
    <Point>
      <coordinates>89.8353,23.5986,0</coordinates>
    </Point>
  </Placemark>
  <Placemark>
    <name>Customer 126: Tabuk</name>
    <styleUrl>#customerStyle</styleUrl>
    <description>Demand: 2413</description>
    <Point>
      <coordinates>121.442,17.4069,0</coordinates>
    </Point>
  </Placemark>
  <Placemark>
    <name>Customer 127: Poblacion</name>
    <styleUrl>#customerStyle</styleUrl>
    <description>Demand: 2408</description>
    <Point>
      <coordinates>121.029,14.3854,0</coordinates>
    </Point>
  </Placemark>
  <Placemark>
    <name>Customer 128: Fulgāzi</name>
    <styleUrl>#customerStyle</styleUrl>
    <description>Demand: 2389</description>
    <Point>
      <coordinates>91.4409,23.1461,0</coordinates>
    </Point>
  </Placemark>
  <Placemark>
    <name>Customer 129: Candaba</name>
    <styleUrl>#customerStyle</styleUrl>
    <description>Demand: 2387</description>
    <Point>
      <coordinates>120.828,15.0933,0</coordinates>
    </Point>
  </Placemark>
  <Placemark>
    <name>Customer 130: Calumpit</name>
    <styleUrl>#customerStyle</styleUrl>
    <description>Demand: 2359</description>
    <Point>
      <coordinates>120.77,14.92,0</coordinates>
    </Point>
  </Placemark>
  <Placemark>
    <name>Customer 131: Dinalupihan</name>
    <styleUrl>#customerStyle</styleUrl>
    <description>Demand: 2361</description>
    <Point>
      <coordinates>120.47,14.88,0</coordinates>
    </Point>
  </Placemark>
  <Placemark>
    <name>Customer 132: Ligao</name>
    <styleUrl>#customerStyle</styleUrl>
    <description>Demand: 2362</description>
    <Point>
      <coordinates>123.52,13.22,0</coordinates>
    </Point>
  </Placemark>
  <Placemark>
    <name>Customer 133: Midsayap</name>
    <styleUrl>#customerStyle</styleUrl>
    <description>Demand: 2350</description>
    <Point>
      <coordinates>124.53,7.19,0</coordinates>
    </Point>
  </Placemark>
  <Placemark>
    <name>Customer 134: Apalit</name>
    <styleUrl>#customerStyle</styleUrl>
    <description>Demand: 2336</description>
    <Point>
      <coordinates>120.759,14.9496,0</coordinates>
    </Point>
  </Placemark>
  <Placemark>
    <name>Customer 135: Samal</name>
    <styleUrl>#customerStyle</styleUrl>
    <description>Demand: 2345</description>
    <Point>
      <coordinates>125.73,7.05,0</coordinates>
    </Point>
  </Placemark>
  <Placemark>
    <name>Customer 136: Himamaylan</name>
    <styleUrl>#customerStyle</styleUrl>
    <description>Demand: 2320</description>
    <Point>
      <coordinates>122.87,10.1,0</coordinates>
    </Point>
  </Placemark>
  <Placemark>
    <name>Customer 137: San Ildefonso</name>
    <styleUrl>#customerStyle</styleUrl>
    <description>Demand: 2305</description>
    <Point>
      <coordinates>120.942,15.0789,0</coordinates>
    </Point>
  </Placemark>
  <Placemark>
    <name>Customer 138: Los Baños</name>
    <styleUrl>#customerStyle</styleUrl>
    <description>Demand: 2300</description>
    <Point>
      <coordinates>121.22,14.17,0</coordinates>
    </Point>
  </Placemark>
  <Placemark>
    <name>Customer 139: Iriga City</name>
    <styleUrl>#customerStyle</styleUrl>
    <description>Demand: 2292</description>
    <Point>
      <coordinates>123.412,13.4231,0</coordinates>
    </Point>
  </Placemark>
  <Placemark>
    <name>Customer 140: Plaridel</name>
    <styleUrl>#customerStyle</styleUrl>
    <description>Demand: 2293</description>
    <Point>
      <coordinates>120.857,14.8869,0</coordinates>
    </Point>
  </Placemark>
  <Placemark>
    <name>Customer 141: Guiguinto</name>
    <styleUrl>#customerStyle</styleUrl>
    <description>Demand: 2272</description>
    <Point>
      <coordinates>120.88,14.83,0</coordinates>
    </Point>
  </Placemark>
  <Placemark>
    <name>Customer 142: Sātkhira</name>
    <styleUrl>#customerStyle</styleUrl>
    <description>Demand: 2269</description>
    <Point>
      <coordinates>89.0718,22.7082,0</coordinates>
    </Point>
  </Placemark>
  <Placemark>
    <name>Customer 143: Manolo Fortich</name>
    <styleUrl>#customerStyle</styleUrl>
    <description>Demand: 2258</description>
    <Point>
      <coordinates>124.866,8.3675,0</coordinates>
    </Point>
  </Placemark>
  <Placemark>
    <name>Customer 144: Mangaldan</name>
    <styleUrl>#customerStyle</styleUrl>
    <description>Demand: 2273</description>
    <Point>
      <coordinates>120.404,16.07,0</coordinates>
    </Point>
  </Placemark>
  <Placemark>
    <name>Customer 145: Libmanan</name>
    <styleUrl>#customerStyle</styleUrl>
    <description>Demand: 2249</description>
    <Point>
      <coordinates>123.06,13.6964,0</coordinates>
    </Point>
  </Placemark>
  <Placemark>
    <name>Customer 146: Tayabas</name>
    <styleUrl>#customerStyle</styleUrl>
    <description>Demand: 2260</description>
    <Point>
      <coordinates>121.58,14.02,0</coordinates>
    </Point>
  </Placemark>
  <Placemark>
    <name>Customer 147: Subic</name>
    <styleUrl>#customerStyle</styleUrl>
    <description>Demand: 2237</description>
    <Point>
      <coordinates>120.233,14.8769,0</coordinates>
    </Point>
  </Placemark>
  <Placemark>
    <name>Customer 148: Baybay</name>
    <styleUrl>#customerStyle</styleUrl>
    <description>Demand: 2226</description>
    <Point>
      <coordinates>124.8,10.68,0</coordinates>
    </Point>
  </Placemark>
  <Placemark>
    <name>Customer 149: Santamesa</name>
    <styleUrl>#customerStyle</styleUrl>
    <description>Demand: 2223</description>
    <Point>
      <coordinates>121.017,14.6,0</coordinates>
    </Point>
  </Placemark>
  <Placemark>
    <name>Customer 150: Rosario</name>
    <styleUrl>#customerStyle</styleUrl>
    <description>Demand: 2217</description>
    <Point>
      <coordinates>120.85,14.42,0</coordinates>
    </Point>
  </Placemark>
  <Placemark>
    <name>Customer 151: Quezon</name>
    <styleUrl>#customerStyle</styleUrl>
    <description>Demand: 2190</description>
    <Point>
      <coordinates>125.1,7.7306,0</coordinates>
    </Point>
  </Placemark>
  <Placemark>
    <name>Customer 152: Naujan</name>
    <styleUrl>#customerStyle</styleUrl>
    <description>Demand: 2193</description>
    <Point>
      <coordinates>121.303,13.3233,0</coordinates>
    </Point>
  </Placemark>
  <Placemark>
    <name>Customer 153: Glan</name>
    <styleUrl>#customerStyle</styleUrl>
    <description>Demand: 2186</description>
    <Point>
      <coordinates>125.2,5.82,0</coordinates>
    </Point>
  </Placemark>
  <Placemark>
    <name>Customer 154: Bayugan</name>
    <styleUrl>#customerStyle</styleUrl>
    <description>Demand: 2179</description>
    <Point>
      <coordinates>125.75,8.71,0</coordinates>
    </Point>
  </Placemark>
  <Placemark>
    <name>Customer 155: Tacurong</name>
    <styleUrl>#customerStyle</styleUrl>
    <description>Demand: 2179</description>
    <Point>
      <coordinates>124.67,6.68,0</coordinates>
    </Point>
  </Placemark>
  <Placemark>
    <name>Customer 156: Labo</name>
    <styleUrl>#customerStyle</styleUrl>
    <description>Demand: 2182</description>
    <Point>
      <coordinates>122.829,14.1561,0</coordinates>
    </Point>
  </Placemark>
  <Placemark>
    <name>Customer 157: Talisay</name>
    <styleUrl>#customerStyle</styleUrl>
    <description>Demand: 2170</description>
    <Point>
      <coordinates>122.97,10.73,0</coordinates>
    </Point>
  </Placemark>
  <Placemark>
    <name>Customer 158: Pulilan</name>
    <styleUrl>#customerStyle</styleUrl>
    <description>Demand: 2183</description>
    <Point>
      <coordinates>120.849,14.902,0</coordinates>
    </Point>
  </Placemark>
  <Placemark>
    <name>Customer 159: Cawayan</name>
    <styleUrl>#customerStyle</styleUrl>
    <description>Demand: 2174</description>
    <Point>
      <coordinates>122.62,9.97,0</coordinates>
    </Point>
  </Placemark>
  <Placemark>
    <name>Customer 160: Maramag</name>
    <styleUrl>#customerStyle</styleUrl>
    <description>Demand: 2165</description>
    <Point>
      <coordinates>125.005,7.7631,0</coordinates>
    </Point>
  </Placemark>
  <Placemark>
    <name>Customer 161: Kawit</name>
    <styleUrl>#customerStyle</styleUrl>
    <description>Demand: 2157</description>
    <Point>
      <coordinates>120.9,14.43,0</coordinates>
    </Point>
  </Placemark>
  <Placemark>
    <name>Customer 162: Bagong Silangan</name>
    <styleUrl>#customerStyle</styleUrl>
    <description>Demand: 2128</description>
    <Point>
      <coordinates>121.1,14.7094,0</coordinates>
    </Point>
  </Placemark>
  <Placemark>
    <name>Customer 163: Carmona</name>
    <styleUrl>#customerStyle</styleUrl>
    <description>Demand: 2116</description>
    <Point>
      <coordinates>121.05,14.32,0</coordinates>
    </Point>
  </Placemark>
  <Placemark>
    <name>Customer 164: Maluñgun</name>
    <styleUrl>#customerStyle</styleUrl>
    <description>Demand: 2108</description>
    <Point>
      <coordinates>125.28,6.27,0</coordinates>
    </Point>
  </Placemark>
  <Placemark>
    <name>Customer 165: Bulan</name>
    <styleUrl>#customerStyle</styleUrl>
    <description>Demand: 2097</description>
    <Point>
      <coordinates>123.876,12.6697,0</coordinates>
    </Point>
  </Placemark>
  <Placemark>
    <name>Customer 166: Sultan Kudarat</name>
    <styleUrl>#customerStyle</styleUrl>
    <description>Demand: 2111</description>
    <Point>
      <coordinates>124.25,7.23,0</coordinates>
    </Point>
  </Placemark>
  <Placemark>
    <name>Customer 167: Sindangan</name>
    <styleUrl>#customerStyle</styleUrl>
    <description>Demand: 2085</description>
    <Point>
      <coordinates>122.999,8.2386,0</coordinates>
    </Point>
  </Placemark>
  <Placemark>
    <name>Customer 168: San Rafael</name>
    <styleUrl>#customerStyle</styleUrl>
    <description>Demand: 2054</description>
    <Point>
      <coordinates>120.97,14.95,0</coordinates>
    </Point>
  </Placemark>
  <Placemark>
    <name>Customer 169: Paniqui</name>
    <styleUrl>#customerStyle</styleUrl>
    <description>Demand: 2050</description>
    <Point>
      <coordinates>120.579,15.6681,0</coordinates>
    </Point>
  </Placemark>
  <Placemark>
    <name>Customer 170: Parang</name>
    <styleUrl>#customerStyle</styleUrl>
    <description>Demand: 2056</description>
    <Point>
      <coordinates>124.269,7.3744,0</coordinates>
    </Point>
  </Placemark>
  <Placemark>
    <name>Customer 171: Guihulñgan</name>
    <styleUrl>#customerStyle</styleUrl>
    <description>Demand: 2062</description>
    <Point>
      <coordinates>123.27,10.12,0</coordinates>
    </Point>
  </Placemark>
  <Placemark>
    <name>Customer 172: Santa Cruz</name>
    <styleUrl>#customerStyle</styleUrl>
    <description>Demand: 2026</description>
    <Point>
      <coordinates>125.42,6.83,0</coordinates>
    </Point>
  </Placemark>
  <Placemark>
    <name>Customer 173: Cavite City</name>
    <styleUrl>#customerStyle</styleUrl>
    <description>Demand: 2022</description>
    <Point>
      <coordinates>120.9,14.48,0</coordinates>
    </Point>
  </Placemark>
  <Placemark>
    <name>Customer 174: Calasiao</name>
    <styleUrl>#customerStyle</styleUrl>
    <description>Demand: 2001</description>
    <Point>
      <coordinates>120.37,16.02,0</coordinates>
    </Point>
  </Placemark>
  <Placemark>
    <name>Customer 175: Lamitan</name>
    <styleUrl>#customerStyle</styleUrl>
    <description>Demand: 2004</description>
    <Point>
      <coordinates>122.13,6.65,0</coordinates>
    </Point>
  </Placemark>
  <Placemark>
    <name>Customer 176: Putatan</name>
    <styleUrl>#customerStyle</styleUrl>
    <description>Demand: 2003</description>
    <Point>
      <coordinates>121.036,14.3984,0</coordinates>
    </Point>
  </Placemark>
  <Placemark>
    <name>Customer 177: Alaminos</name>
    <styleUrl>#customerStyle</styleUrl>
    <description>Demand: 1994</description>
    <Point>
      <coordinates>119.981,16.1553,0</coordinates>
    </Point>
  </Placemark>
  <Placemark>
    <name>Customer 178: Bislig</name>
    <styleUrl>#customerStyle</styleUrl>
    <description>Demand: 1994</description>
    <Point>
      <coordinates>126.316,8.2133,0</coordinates>
    </Point>
  </Placemark>
  <Placemark>
    <name>Customer 179: Malate</name>
    <styleUrl>#customerStyle</styleUrl>
    <description>Demand: 1992</description>
    <Point>
      <coordinates>120.991,14.5642,0</coordinates>
    </Point>
  </Placemark>
  <Placemark>
    <name>Customer 180: Pili</name>
    <styleUrl>#customerStyle</styleUrl>
    <description>Demand: 1977</description>
    <Point>
      <coordinates>123.275,13.5542,0</coordinates>
    </Point>
  </Placemark>
  <Placemark>
    <name>Customer 181: Oton</name>
    <styleUrl>#customerStyle</styleUrl>
    <description>Demand: 1969</description>
    <Point>
      <coordinates>122.474,10.6931,0</coordinates>
    </Point>
  </Placemark>
  <Placemark>
    <name>Customer 182: M’lang</name>
    <styleUrl>#customerStyle</styleUrl>
    <description>Demand: 1957</description>
    <Point>
      <coordinates>124.88,6.95,0</coordinates>
    </Point>
  </Placemark>
  <Placemark>
    <name>Customer 183: Escalante</name>
    <styleUrl>#customerStyle</styleUrl>
    <description>Demand: 1928</description>
    <Point>
      <coordinates>123.5,10.83,0</coordinates>
    </Point>
  </Placemark>
  <Placemark>
    <name>Customer 184: Balayan</name>
    <styleUrl>#customerStyle</styleUrl>
    <description>Demand: 1922</description>
    <Point>
      <coordinates>120.73,13.93,0</coordinates>
    </Point>
  </Placemark>
  <Placemark>
    <name>Customer 185: Balamban</name>
    <styleUrl>#customerStyle</styleUrl>
    <description>Demand: 1895</description>
    <Point>
      <coordinates>123.78,10.47,0</coordinates>
    </Point>
  </Placemark>
  <Placemark>
    <name>Customer 186: Lopez</name>
    <styleUrl>#customerStyle</styleUrl>
    <description>Demand: 1901</description>
    <Point>
      <coordinates>122.26,13.884,0</coordinates>
    </Point>
  </Placemark>
  <Placemark>
    <name>Customer 187: Gerona</name>
    <styleUrl>#customerStyle</styleUrl>
    <description>Demand: 1880</description>
    <Point>
      <coordinates>120.599,15.6069,0</coordinates>
    </Point>
  </Placemark>
  <Placemark>
    <name>Customer 188: Daanbantayan</name>
    <styleUrl>#customerStyle</styleUrl>
    <description>Demand: 1863</description>
    <Point>
      <coordinates>124,11.25,0</coordinates>
    </Point>
  </Placemark>
  <Placemark>
    <name>Customer 189: Lemery</name>
    <styleUrl>#customerStyle</styleUrl>
    <description>Demand: 1867</description>
    <Point>
      <coordinates>120.913,13.881,0</coordinates>
    </Point>
  </Placemark>
  <Placemark>
    <name>Customer 190: Indanan</name>
    <styleUrl>#customerStyle</styleUrl>
    <description>Demand: 1867</description>
    <Point>
      <coordinates>120.97,6,0</coordinates>
    </Point>
  </Placemark>
  <Placemark>
    <name>Customer 191: Palimbang</name>
    <styleUrl>#customerStyle</styleUrl>
    <description>Demand: 1857</description>
    <Point>
      <coordinates>124.2,6.22,0</coordinates>
    </Point>
  </Placemark>
  <Placemark>
    <name>Customer 192: Sablayan</name>
    <styleUrl>#customerStyle</styleUrl>
    <description>Demand: 1851</description>
    <Point>
      <coordinates>120.775,12.8428,0</coordinates>
    </Point>
  </Placemark>
  <Placemark>
    <name>Customer 193: Santa Barbara</name>
    <styleUrl>#customerStyle</styleUrl>
    <description>Demand: 1847</description>
    <Point>
      <coordinates>120.401,16.0031,0</coordinates>
    </Point>
  </Placemark>
  <Placemark>
    <name>Customer 194: Netrakona</name>
    <styleUrl>#customerStyle</styleUrl>
    <description>Demand: 1840</description>
    <Point>
      <coordinates>90.729,24.8835,0</coordinates>
    </Point>
  </Placemark>
  <Placemark>
    <name>Customer 195: Goalundo Ghāt</name>
    <styleUrl>#customerStyle</styleUrl>
    <description>Demand: 1843</description>
    <Point>
      <coordinates>89.765,23.7241,0</coordinates>
    </Point>
  </Placemark>
  <Placemark>
    <name>Customer 196: Salaman</name>
    <styleUrl>#customerStyle</styleUrl>
    <description>Demand: 1834</description>
    <Point>
      <coordinates>124.067,6.6333,0</coordinates>
    </Point>
  </Placemark>
  <Placemark>
    <name>Customer 197: Bauan</name>
    <styleUrl>#customerStyle</styleUrl>
    <description>Demand: 1815</description>
    <Point>
      <coordinates>121.008,13.7917,0</coordinates>
    </Point>
  </Placemark>
  <Placemark>
    <name>Customer 198: Pantukan</name>
    <styleUrl>#customerStyle</styleUrl>
    <description>Demand: 1818</description>
    <Point>
      <coordinates>125.897,7.1269,0</coordinates>
    </Point>
  </Placemark>
  <Placemark>
    <name>Customer 199: Pongotan</name>
    <styleUrl>#customerStyle</styleUrl>
    <description>Demand: 1806</description>
    <Point>
      <coordinates>125.897,7.1269,0</coordinates>
    </Point>
  </Placemark>
  <Placemark>
    <name>Customer 200: Pinamalayan</name>
    <styleUrl>#customerStyle</styleUrl>
    <description>Demand: 1806</description>
    <Point>
      <coordinates>121.489,13.0364,0</coordinates>
    </Point>
  </Placemark>
  <Placemark>
    <name>Customer 201: Victorias</name>
    <styleUrl>#customerStyle</styleUrl>
    <description>Demand: 1811</description>
    <Point>
      <coordinates>123.08,10.9,0</coordinates>
    </Point>
  </Placemark>
  <Placemark>
    <name>Customer 202: Compostela</name>
    <styleUrl>#customerStyle</styleUrl>
    <description>Demand: 1805</description>
    <Point>
      <coordinates>126.08,7.67,0</coordinates>
    </Point>
  </Placemark>
  <Placemark>
    <name>Customer 203: Surallah</name>
    <styleUrl>#customerStyle</styleUrl>
    <description>Demand: 1776</description>
    <Point>
      <coordinates>124.73,6.37,0</coordinates>
    </Point>
  </Placemark>
  <Placemark>
    <name>Customer 204: Polangui</name>
    <styleUrl>#customerStyle</styleUrl>
    <description>Demand: 1790</description>
    <Point>
      <coordinates>123.486,13.2922,0</coordinates>
    </Point>
  </Placemark>
  <Placemark>
    <name>Customer 205: Banga</name>
    <styleUrl>#customerStyle</styleUrl>
    <description>Demand: 1791</description>
    <Point>
      <coordinates>124.78,6.3,0</coordinates>
    </Point>
  </Placemark>
  <Placemark>
    <name>Customer 206: Hinigaran</name>
    <styleUrl>#customerStyle</styleUrl>
    <description>Demand: 1779</description>
    <Point>
      <coordinates>122.85,10.27,0</coordinates>
    </Point>
  </Placemark>
  <Placemark>
    <name>Customer 207: Calabanga</name>
    <styleUrl>#customerStyle</styleUrl>
    <description>Demand: 1781</description>
    <Point>
      <coordinates>123.216,13.7089,0</coordinates>
    </Point>
  </Placemark>
  <Placemark>
    <name>Customer 208: Passi</name>
    <styleUrl>#customerStyle</styleUrl>
    <description>Demand: 1781</description>
    <Point>
      <coordinates>122.63,11.1,0</coordinates>
    </Point>
  </Placemark>
  <Placemark>
    <name>Customer 209: Murcia</name>
    <styleUrl>#customerStyle</styleUrl>
    <description>Demand: 1776</description>
    <Point>
      <coordinates>123.03,10.6,0</coordinates>
    </Point>
  </Placemark>
  <Placemark>
    <name>Customer 210: Bogo</name>
    <styleUrl>#customerStyle</styleUrl>
    <description>Demand: 1776</description>
    <Point>
      <coordinates>124,11.02,0</coordinates>
    </Point>
  </Placemark>
  <Placemark>
    <name>Customer 211: Solana</name>
    <styleUrl>#customerStyle</styleUrl>
    <description>Demand: 1776</description>
    <Point>
      <coordinates>121.691,17.6522,0</coordinates>
    </Point>
  </Placemark>
  <Placemark>
    <name>Customer 212: Echague</name>
    <styleUrl>#customerStyle</styleUrl>
    <description>Demand: 1777</description>
    <Point>
      <coordinates>121.676,16.7056,0</coordinates>
    </Point>
  </Placemark>
  <Placemark>
    <name>Customer 213: Aroroy</name>
    <styleUrl>#customerStyle</styleUrl>
    <description>Demand: 1769</description>
    <Point>
      <coordinates>123.399,12.5125,0</coordinates>
    </Point>
  </Placemark>
  <Placemark>
    <name>Customer 214: Makilala</name>
    <styleUrl>#customerStyle</styleUrl>
    <description>Demand: 1758</description>
    <Point>
      <coordinates>125.08,6.97,0</coordinates>
    </Point>
  </Placemark>
  <Placemark>
    <name>Customer 215: Baggao</name>
    <styleUrl>#customerStyle</styleUrl>
    <description>Demand: 1757</description>
    <Point>
      <coordinates>121.773,17.9347,0</coordinates>
    </Point>
  </Placemark>
  <Placemark>
    <name>Customer 216: Calauan</name>
    <styleUrl>#customerStyle</styleUrl>
    <description>Demand: 1756</description>
    <Point>
      <coordinates>121.32,14.15,0</coordinates>
    </Point>
  </Placemark>
  <Placemark>
    <name>Customer 217: Baras</name>
    <styleUrl>#customerStyle</styleUrl>
    <description>Demand: 1749</description>
    <Point>
      <coordinates>121.27,14.52,0</coordinates>
    </Point>
  </Placemark>
  <Placemark>
    <name>Customer 218: Western Bicutan</name>
    <styleUrl>#customerStyle</styleUrl>
    <description>Demand: 1751</description>
    <Point>
      <coordinates>121.038,14.5094,0</coordinates>
    </Point>
  </Placemark>
  <Placemark>
    <name>Customer 219: San Fabian</name>
    <styleUrl>#customerStyle</styleUrl>
    <description>Demand: 1754</description>
    <Point>
      <coordinates>120.45,16.15,0</coordinates>
    </Point>
  </Placemark>
  <Placemark>
    <name>Customer 220: Calaca</name>
    <styleUrl>#customerStyle</styleUrl>
    <description>Demand: 1756</description>
    <Point>
      <coordinates>120.813,13.93,0</coordinates>
    </Point>
  </Placemark>
  <Placemark>
    <name>Customer 221: Camiling</name>
    <styleUrl>#customerStyle</styleUrl>
    <description>Demand: 1739</description>
    <Point>
      <coordinates>120.413,15.6867,0</coordinates>
    </Point>
  </Placemark>
  <Placemark>
    <name>Customer 222: Bhola</name>
    <styleUrl>#customerStyle</styleUrl>
    <description>Demand: 1740</description>
    <Point>
      <coordinates>90.65,22.6833,0</coordinates>
    </Point>
  </Placemark>
  <Placemark>
    <name>Customer 223: Binmaley</name>
    <styleUrl>#customerStyle</styleUrl>
    <description>Demand: 1734</description>
    <Point>
      <coordinates>120.269,16.0323,0</coordinates>
    </Point>
  </Placemark>
  <Placemark>
    <name>Customer 224: Nabua</name>
    <styleUrl>#customerStyle</styleUrl>
    <description>Demand: 1736</description>
    <Point>
      <coordinates>123.375,13.4083,0</coordinates>
    </Point>
  </Placemark>
  <Placemark>
    <name>Customer 225: Bantayan</name>
    <styleUrl>#customerStyle</styleUrl>
    <description>Demand: 1731</description>
    <Point>
      <coordinates>123.73,11.2,0</coordinates>
    </Point>
  </Placemark>
  <Placemark>
    <name>Customer 226: Cabiao</name>
    <styleUrl>#customerStyle</styleUrl>
    <description>Demand: 1711</description>
    <Point>
      <coordinates>120.858,15.2522,0</coordinates>
    </Point>
  </Placemark>
  <Placemark>
    <name>Customer 227: Guinobatan</name>
    <styleUrl>#customerStyle</styleUrl>
    <description>Demand: 1719</description>
    <Point>
      <coordinates>123.6,13.18,0</coordinates>
    </Point>
  </Placemark>
  <Placemark>
    <name>Customer 228: Batarasa</name>
    <styleUrl>#customerStyle</styleUrl>
    <description>Demand: 1703</description>
    <Point>
      <coordinates>117.62,8.67,0</coordinates>
    </Point>
  </Placemark>
  <Placemark>
    <name>Customer 229: Tagaytay</name>
    <styleUrl>#customerStyle</styleUrl>
    <description>Demand: 1713</description>
    <Point>
      <coordinates>120.93,14.1,0</coordinates>
    </Point>
  </Placemark>
  <Placemark>
    <name>Customer 230: Dapitan</name>
    <styleUrl>#customerStyle</styleUrl>
    <description>Demand: 1707</description>
    <Point>
      <coordinates>123.424,8.6549,0</coordinates>
    </Point>
  </Placemark>
  <Placemark>
    <name>Customer 231: Pandacan</name>
    <styleUrl>#customerStyle</styleUrl>
    <description>Demand: 1699</description>
    <Point>
      <coordinates>121.007,14.594,0</coordinates>
    </Point>
  </Placemark>
  <Placemark>
    <name>Customer 232: Bais</name>
    <styleUrl>#customerStyle</styleUrl>
    <description>Demand: 1689</description>
    <Point>
      <coordinates>123.121,9.5907,0</coordinates>
    </Point>
  </Placemark>
  <Placemark>
    <name>Customer 233: Science City of Muñoz</name>
    <styleUrl>#customerStyle</styleUrl>
    <description>Demand: 1684</description>
    <Point>
      <coordinates>120.904,15.7153,0</coordinates>
    </Point>
  </Placemark>
  <Placemark>
    <name>Customer 234: Bolinao</name>
    <styleUrl>#customerStyle</styleUrl>
    <description>Demand: 1681</description>
    <Point>
      <coordinates>119.895,16.3881,0</coordinates>
    </Point>
  </Placemark>
  <Placemark>
    <name>Customer 235: Taytay</name>
    <styleUrl>#customerStyle</styleUrl>
    <description>Demand: 1666</description>
    <Point>
      <coordinates>119.52,10.82,0</coordinates>
    </Point>
  </Placemark>
  <Placemark>
    <name>Customer 236: Maco</name>
    <styleUrl>#customerStyle</styleUrl>
    <description>Demand: 1657</description>
    <Point>
      <coordinates>125.855,7.3619,0</coordinates>
    </Point>
  </Placemark>
  <Placemark>
    <name>Customer 237: Habiganj</name>
    <styleUrl>#customerStyle</styleUrl>
    <description>Demand: 1654</description>
    <Point>
      <coordinates>91.413,24.3804,0</coordinates>
    </Point>
  </Placemark>
  <Placemark>
    <name>Customer 238: Lakshmīpur</name>
    <styleUrl>#customerStyle</styleUrl>
    <description>Demand: 1672</description>
    <Point>
      <coordinates>90.8301,22.9443,0</coordinates>
    </Point>
  </Placemark>
  <Placemark>
    <name>Customer 239: Siaton</name>
    <styleUrl>#customerStyle</styleUrl>
    <description>Demand: 1668</description>
    <Point>
      <coordinates>123.03,9.07,0</coordinates>
    </Point>
  </Placemark>
  <Placemark>
    <name>Customer 240: San Antonio</name>
    <styleUrl>#customerStyle</styleUrl>
    <description>Demand: 1663</description>
    <Point>
      <coordinates>120.853,15.3078,0</coordinates>
    </Point>
  </Placemark>
  <Placemark>
    <name>Customer 241: Mabinay</name>
    <styleUrl>#customerStyle</styleUrl>
    <description>Demand: 1657</description>
    <Point>
      <coordinates>122.92,9.73,0</coordinates>
    </Point>
  </Placemark>
  <Placemark>
    <name>Customer 242: Tanjay</name>
    <styleUrl>#customerStyle</styleUrl>
    <description>Demand: 1655</description>
    <Point>
      <coordinates>123.16,9.52,0</coordinates>
    </Point>
  </Placemark>
  <Placemark>
    <name>Customer 243: Calatrava</name>
    <styleUrl>#customerStyle</styleUrl>
    <description>Demand: 1648</description>
    <Point>
      <coordinates>123.48,10.6,0</coordinates>
    </Point>
  </Placemark>
  <Placemark>
    <name>Customer 244: Carmen</name>
    <styleUrl>#customerStyle</styleUrl>
    <description>Demand: 1648</description>
    <Point>
      <coordinates>125.706,7.3606,0</coordinates>
    </Point>
  </Placemark>
  <Placemark>
    <name>Customer 245: Ubay</name>
    <styleUrl>#customerStyle</styleUrl>
    <description>Demand: 1627</description>
    <Point>
      <coordinates>124.473,10.056,0</coordinates>
    </Point>
  </Placemark>
  <Placemark>
    <name>Customer 246: Banco Filipino International Village</name>
    <styleUrl>#customerStyle</styleUrl>
    <description>Demand: 1644</description>
    <Point>
      <coordinates>121,14.4499,0</coordinates>
    </Point>
  </Placemark>
  <Placemark>
    <name>Customer 247: Siasi</name>
    <styleUrl>#customerStyle</styleUrl>
    <description>Demand: 1633</description>
    <Point>
      <coordinates>120.814,5.5462,0</coordinates>
    </Point>
  </Placemark>
  <Placemark>
    <name>Customer 248: Matalam</name>
    <styleUrl>#customerStyle</styleUrl>
    <description>Demand: 1625</description>
    <Point>
      <coordinates>124.9,7.08,0</coordinates>
    </Point>
  </Placemark>
  <Placemark>
    <name>Customer 249: Buhi</name>
    <styleUrl>#customerStyle</styleUrl>
    <description>Demand: 1624</description>
    <Point>
      <coordinates>123.517,13.4347,0</coordinates>
    </Point>
  </Placemark>
  <Placemark>
    <name>Customer 250: Lambunao</name>
    <styleUrl>#customerStyle</styleUrl>
    <description>Demand: 1617</description>
    <Point>
      <coordinates>122.48,11.05,0</coordinates>
    </Point>
  </Placemark>
  <Placemark>
    <name>Customer 251: Bulacan</name>
    <styleUrl>#customerStyle</styleUrl>
    <description>Demand: 1620</description>
    <Point>
      <coordinates>120.879,14.7928,0</coordinates>
    </Point>
  </Placemark>
  <Placemark>
    <name>Customer 252: Kapalong</name>
    <styleUrl>#customerStyle</styleUrl>
    <description>Demand: 1622</description>
    <Point>
      <coordinates>125.705,7.5854,0</coordinates>
    </Point>
  </Placemark>
  <Placemark>
    <name>Customer 253: San Francisco</name>
    <styleUrl>#customerStyle</styleUrl>
    <description>Demand: 1615</description>
    <Point>
      <coordinates>125.98,8.51,0</coordinates>
    </Point>
  </Placemark>
  <Placemark>
    <name>Customer 254: Malapatan</name>
    <styleUrl>#customerStyle</styleUrl>
    <description>Demand: 1615</description>
    <Point>
      <coordinates>125.28,5.97,0</coordinates>
    </Point>
  </Placemark>
  <Placemark>
    <name>Customer 255: Barili</name>
    <styleUrl>#customerStyle</styleUrl>
    <description>Demand: 1611</description>
    <Point>
      <coordinates>123.53,10.12,0</coordinates>
    </Point>
  </Placemark>
  <Placemark>
    <name>Customer 256: Tagoloan</name>
    <styleUrl>#customerStyle</styleUrl>
    <description>Demand: 1600</description>
    <Point>
      <coordinates>124.75,8.53,0</coordinates>
    </Point>
  </Placemark>
  <Placemark>
    <name>Customer 257: San Jose</name>
    <styleUrl>#customerStyle</styleUrl>
    <description>Demand: 1602</description>
    <Point>
      <coordinates>121.105,13.8772,0</coordinates>
    </Point>
  </Placemark>
  <Placemark>
    <name>Customer 258: Paco</name>
    <styleUrl>#customerStyle</styleUrl>
    <description>Demand: 1606</description>
    <Point>
      <coordinates>120.983,14.583,0</coordinates>
    </Point>
  </Placemark>
  <Placemark>
    <name>Customer 259: Patikul</name>
    <styleUrl>#customerStyle</styleUrl>
    <description>Demand: 1588</description>
    <Point>
      <coordinates>121.1,6.07,0</coordinates>
    </Point>
  </Placemark>
  <Placemark>
    <name>Customer 260: Robles</name>
    <styleUrl>#customerStyle</styleUrl>
    <description>Demand: 1588</description>
    <Point>
      <coordinates>123.07,10.35,0</coordinates>
    </Point>
  </Placemark>
  <Placemark>
    <name>Customer 261: San Isidro</name>
    <styleUrl>#customerStyle</styleUrl>
    <description>Demand: 1589</description>
    <Point>
      <coordinates>121.012,14.4685,0</coordinates>
    </Point>
  </Placemark>
  <Placemark>
    <name>Customer 262: Mangatarem</name>
    <styleUrl>#customerStyle</styleUrl>
    <description>Demand: 1595</description>
    <Point>
      <coordinates>120.292,15.7874,0</coordinates>
    </Point>
  </Placemark>
  <Placemark>
    <name>Customer 263: Jaen</name>
    <styleUrl>#customerStyle</styleUrl>
    <description>Demand: 1574</description>
    <Point>
      <coordinates>120.907,15.3392,0</coordinates>
    </Point>
  </Placemark>
  <Placemark>
    <name>Customer 264: Carmen</name>
    <styleUrl>#customerStyle</styleUrl>
    <description>Demand: 1591</description>
    <Point>
      <coordinates>124.78,7.2,0</coordinates>
    </Point>
  </Placemark>
  <Placemark>
    <name>Customer 265: Pagbilao</name>
    <styleUrl>#customerStyle</styleUrl>
    <description>Demand: 1574</description>
    <Point>
      <coordinates>121.687,13.972,0</coordinates>
    </Point>
  </Placemark>
  <Placemark>
    <name>Customer 266: Bauang</name>
    <styleUrl>#customerStyle</styleUrl>
    <description>Demand: 1566</description>
    <Point>
      <coordinates>120.33,16.53,0</coordinates>
    </Point>
  </Placemark>
  <Placemark>
    <name>Customer 267: Pototan</name>
    <styleUrl>#customerStyle</styleUrl>
    <description>Demand: 1556</description>
    <Point>
      <coordinates>122.63,10.95,0</coordinates>
    </Point>
  </Placemark>
  <Placemark>
    <name>Customer 268: Limay</name>
    <styleUrl>#customerStyle</styleUrl>
    <description>Demand: 1567</description>
    <Point>
      <coordinates>120.598,14.5619,0</coordinates>
    </Point>
  </Placemark>
  <Placemark>
    <name>Customer 269: Bamban</name>
    <styleUrl>#customerStyle</styleUrl>
    <description>Demand: 1562</description>
    <Point>
      <coordinates>120.567,15.2742,0</coordinates>
    </Point>
  </Placemark>
  <Placemark>
    <name>Customer 270: Macabebe</name>
    <styleUrl>#customerStyle</styleUrl>
    <description>Demand: 1570</description>
    <Point>
      <coordinates>120.716,14.9081,0</coordinates>
    </Point>
  </Placemark>
  <Placemark>
    <name>Customer 271: Narra</name>
    <styleUrl>#customerStyle</styleUrl>
    <description>Demand: 1549</description>
    <Point>
      <coordinates>118.42,9.28,0</coordinates>
    </Point>
  </Placemark>
  <Placemark>
    <name>Customer 272: Santa Catalina</name>
    <styleUrl>#customerStyle</styleUrl>
    <description>Demand: 1554</description>
    <Point>
      <coordinates>122.866,9.3331,0</coordinates>
    </Point>
  </Placemark>
  <Placemark>
    <name>Customer 273: Hermosa</name>
    <styleUrl>#customerStyle</styleUrl>
    <description>Demand: 1547</description>
    <Point>
      <coordinates>120.5,14.83,0</coordinates>
    </Point>
  </Placemark>
  <Placemark>
    <name>Customer 274: Bustos</name>
    <styleUrl>#customerStyle</styleUrl>
    <description>Demand: 1542</description>
    <Point>
      <coordinates>120.92,14.95,0</coordinates>
    </Point>
  </Placemark>
  <Placemark>
    <name>Customer 275: Kabacan</name>
    <styleUrl>#customerStyle</styleUrl>
    <description>Demand: 1544</description>
    <Point>
      <coordinates>124.82,7.12,0</coordinates>
    </Point>
  </Placemark>
  <Placemark>
    <name>Customer 276: Umingan</name>
    <styleUrl>#customerStyle</styleUrl>
    <description>Demand: 1540</description>
    <Point>
      <coordinates>120.842,15.9289,0</coordinates>
    </Point>
  </Placemark>
  <Placemark>
    <name>Customer 277: Talakag</name>
    <styleUrl>#customerStyle</styleUrl>
    <description>Demand: 1536</description>
    <Point>
      <coordinates>124.603,8.2319,0</coordinates>
    </Point>
  </Placemark>
  <Placemark>
    <name>Customer 278: Balagtas</name>
    <styleUrl>#customerStyle</styleUrl>
    <description>Demand: 1550</description>
    <Point>
      <coordinates>120.909,14.8145,0</coordinates>
    </Point>
  </Placemark>
  <Placemark>
    <name>Customer 279: Bongabong</name>
    <styleUrl>#customerStyle</styleUrl>
    <description>Demand: 1546</description>
    <Point>
      <coordinates>121.488,12.7469,0</coordinates>
    </Point>
  </Placemark>
  <Placemark>
    <name>Customer 280: Palo</name>
    <styleUrl>#customerStyle</styleUrl>
    <description>Demand: 1529</description>
    <Point>
      <coordinates>124.992,11.1583,0</coordinates>
    </Point>
  </Placemark>
  <Placemark>
    <name>Customer 281: Infanta</name>
    <styleUrl>#customerStyle</styleUrl>
    <description>Demand: 1515</description>
    <Point>
      <coordinates>121.649,14.7425,0</coordinates>
    </Point>
  </Placemark>
  <Placemark>
    <name>Customer 282: Manaoag</name>
    <styleUrl>#customerStyle</styleUrl>
    <description>Demand: 1511</description>
    <Point>
      <coordinates>120.486,16.0439,0</coordinates>
    </Point>
  </Placemark>
  <Placemark>
    <name>Customer 283: Pilar</name>
    <styleUrl>#customerStyle</styleUrl>
    <description>Demand: 1510</description>
    <Point>
      <coordinates>123.676,12.9244,0</coordinates>
    </Point>
  </Placemark>
  <Placemark>
    <name>Customer 284: Santa Rosa</name>
    <styleUrl>#customerStyle</styleUrl>
    <description>Demand: 1512</description>
    <Point>
      <coordinates>120.939,15.4239,0</coordinates>
    </Point>
  </Placemark>
  <Placemark>
    <name>Customer 285: Pinamungahan</name>
    <styleUrl>#customerStyle</styleUrl>
    <description>Demand: 1504</description>
    <Point>
      <coordinates>123.58,10.27,0</coordinates>
    </Point>
  </Placemark>
  <Placemark>
    <name>Customer 286: Libon</name>
    <styleUrl>#customerStyle</styleUrl>
    <description>Demand: 1502</description>
    <Point>
      <coordinates>123.433,13.3,0</coordinates>
    </Point>
  </Placemark>
  <Placemark>
    <name>Customer 287: Bugallon</name>
    <styleUrl>#customerStyle</styleUrl>
    <description>Demand: 1501</description>
    <Point>
      <coordinates>120.18,15.92,0</coordinates>
    </Point>
  </Placemark>
  <Placemark>
    <name>Customer 288: Pozorrubio</name>
    <styleUrl>#customerStyle</styleUrl>
    <description>Demand: 1489</description>
    <Point>
      <coordinates>120.55,16.12,0</coordinates>
    </Point>
  </Placemark>
  <Placemark>
    <name>Customer 289: Esperanza</name>
    <styleUrl>#customerStyle</styleUrl>
    <description>Demand: 1493</description>
    <Point>
      <coordinates>124.517,6.7167,0</coordinates>
    </Point>
  </Placemark>
  <Placemark>
    <name>Customer 290: Balingasag</name>
    <styleUrl>#customerStyle</styleUrl>
    <description>Demand: 1496</description>
    <Point>
      <coordinates>124.78,8.75,0</coordinates>
    </Point>
  </Placemark>
  <Placemark>
    <name>Customer 291: Brookes Point</name>
    <styleUrl>#customerStyle</styleUrl>
    <description>Demand: 1483</description>
    <Point>
      <coordinates>117.83,8.78,0</coordinates>
    </Point>
  </Placemark>
  <Placemark>
    <name>Customer 292: Dumangas</name>
    <styleUrl>#customerStyle</styleUrl>
    <description>Demand: 1487</description>
    <Point>
      <coordinates>122.72,10.83,0</coordinates>
    </Point>
  </Placemark>
  <Placemark>
    <name>Customer 293: Alicia</name>
    <styleUrl>#customerStyle</styleUrl>
    <description>Demand: 1484</description>
    <Point>
      <coordinates>121.697,16.7787,0</coordinates>
    </Point>
  </Placemark>
  <Placemark>
    <name>Customer 294: Tupi</name>
    <styleUrl>#customerStyle</styleUrl>
    <description>Demand: 1473</description>
    <Point>
      <coordinates>124.95,6.33,0</coordinates>
    </Point>
  </Placemark>
  <Placemark>
    <name>Customer 295: Lala</name>
    <styleUrl>#customerStyle</styleUrl>
    <description>Demand: 1476</description>
    <Point>
      <coordinates>123.75,7.97,0</coordinates>
    </Point>
  </Placemark>
  <Placemark>
    <name>Customer 296: Jose Abad Santos</name>
    <styleUrl>#customerStyle</styleUrl>
    <description>Demand: 1461</description>
    <Point>
      <coordinates>125.65,5.92,0</coordinates>
    </Point>
  </Placemark>
  <Placemark>
    <name>Customer 297: Bula</name>
    <styleUrl>#customerStyle</styleUrl>
    <description>Demand: 1453</description>
    <Point>
      <coordinates>123.278,13.4694,0</coordinates>
    </Point>
  </Placemark>
  <Placemark>
    <name>Customer 298: Catanauan</name>
    <styleUrl>#customerStyle</styleUrl>
    <description>Demand: 1463</description>
    <Point>
      <coordinates>122.325,13.5917,0</coordinates>
    </Point>
  </Placemark>
  <Placemark>
    <name>Customer 299: Carles</name>
    <styleUrl>#customerStyle</styleUrl>
    <description>Demand: 1459</description>
    <Point>
      <coordinates>123.13,11.57,0</coordinates>
    </Point>
  </Placemark>
  <Placemark>
    <name>Customer 300: San Dionisio</name>
    <styleUrl>#customerStyle</styleUrl>
    <description>Demand: 1447</description>
    <Point>
      <coordinates>120.993,14.4839,0</coordinates>
    </Point>
  </Placemark>
  <Placemark>
    <name>Customer 301: Bacacay</name>
    <styleUrl>#customerStyle</styleUrl>
    <description>Demand: 1453</description>
    <Point>
      <coordinates>123.792,13.2925,0</coordinates>
    </Point>
  </Placemark>
  <Placemark>
    <name>Customer 302: Sipalay</name>
    <styleUrl>#customerStyle</styleUrl>
    <description>Demand: 1456</description>
    <Point>
      <coordinates>122.4,9.75,0</coordinates>
    </Point>
  </Placemark>
  <Placemark>
    <name>Customer 303: San Fernando</name>
    <styleUrl>#customerStyle</styleUrl>
    <description>Demand: 1434</description>
    <Point>
      <coordinates>123.7,10.17,0</coordinates>
    </Point>
  </Placemark>
  <Placemark>
    <name>Customer 304: Camalig</name>
    <styleUrl>#customerStyle</styleUrl>
    <description>Demand: 1432</description>
    <Point>
      <coordinates>123.67,13.13,0</coordinates>
    </Point>
  </Placemark>
  <Placemark>
    <name>Customer 305: Gumaca</name>
    <styleUrl>#customerStyle</styleUrl>
    <description>Demand: 1433</description>
    <Point>
      <coordinates>122.1,13.921,0</coordinates>
    </Point>
  </Placemark>
  <Placemark>
    <name>Customer 306: Calauag</name>
    <styleUrl>#customerStyle</styleUrl>
    <description>Demand: 1435</description>
    <Point>
      <coordinates>122.287,13.9575,0</coordinates>
    </Point>
  </Placemark>
  <Placemark>
    <name>Customer 307: Mānikganj</name>
    <styleUrl>#customerStyle</styleUrl>
    <description>Demand: 1434</description>
    <Point>
      <coordinates>90.0003,23.8614,0</coordinates>
    </Point>
  </Placemark>
  <Placemark>
    <name>Customer 308: Pililla</name>
    <styleUrl>#customerStyle</styleUrl>
    <description>Demand: 1431</description>
    <Point>
      <coordinates>121.3,14.48,0</coordinates>
    </Point>
  </Placemark>
  <Placemark>
    <name>Customer 309: Parang</name>
    <styleUrl>#customerStyle</styleUrl>
    <description>Demand: 1427</description>
    <Point>
      <coordinates>120.92,5.92,0</coordinates>
    </Point>
  </Placemark>
  <Placemark>
    <name>Customer 310: Binalbagan</name>
    <styleUrl>#customerStyle</styleUrl>
    <description>Demand: 1424</description>
    <Point>
      <coordinates>122.87,10.2,0</coordinates>
    </Point>
  </Placemark>
  <Placemark>
    <name>Customer 311: Goa</name>
    <styleUrl>#customerStyle</styleUrl>
    <description>Demand: 1420</description>
    <Point>
      <coordinates>123.489,13.6983,0</coordinates>
    </Point>
  </Placemark>
  <Placemark>
    <name>Customer 312: Talibon</name>
    <styleUrl>#customerStyle</styleUrl>
    <description>Demand: 1424</description>
    <Point>
      <coordinates>124.28,10.12,0</coordinates>
    </Point>
  </Placemark>
  <Placemark>
    <name>Customer 313: Morong</name>
    <styleUrl>#customerStyle</styleUrl>
    <description>Demand: 1420</description>
    <Point>
      <coordinates>121.239,14.5127,0</coordinates>
    </Point>
  </Placemark>
  <Placemark>
    <name>Customer 314: Mauban</name>
    <styleUrl>#customerStyle</styleUrl>
    <description>Demand: 1420</description>
    <Point>
      <coordinates>121.731,14.1911,0</coordinates>
    </Point>
  </Placemark>
  <Placemark>
    <name>Customer 315: Alabang</name>
    <styleUrl>#customerStyle</styleUrl>
    <description>Demand: 1428</description>
    <Point>
      <coordinates>121.038,14.4184,0</coordinates>
    </Point>
  </Placemark>
  <Placemark>
    <name>Customer 316: Tumauini</name>
    <styleUrl>#customerStyle</styleUrl>
    <description>Demand: 1421</description>
    <Point>
      <coordinates>121.8,17.27,0</coordinates>
    </Point>
  </Placemark>
  <Placemark>
    <name>Customer 317: Poblacion</name>
    <styleUrl>#customerStyle</styleUrl>
    <description>Demand: 1419</description>
    <Point>
      <coordinates>123.95,10.25,0</coordinates>
    </Point>
  </Placemark>
  <Placemark>
    <name>Customer 318: Kaukhāli</name>
    <styleUrl>#customerStyle</styleUrl>
    <description>Demand: 1409</description>
    <Point>
      <coordinates>90.0667,22.6333,0</coordinates>
    </Point>
  </Placemark>
  <Placemark>
    <name>Customer 319: Pavia</name>
    <styleUrl>#customerStyle</styleUrl>
    <description>Demand: 1398</description>
    <Point>
      <coordinates>122.542,10.775,0</coordinates>
    </Point>
  </Placemark>
  <Placemark>
    <name>Customer 320: Aliaga</name>
    <styleUrl>#customerStyle</styleUrl>
    <description>Demand: 1404</description>
    <Point>
      <coordinates>120.845,15.5036,0</coordinates>
    </Point>
  </Placemark>
  <Placemark>
    <name>Customer 321: Orani</name>
    <styleUrl>#customerStyle</styleUrl>
    <description>Demand: 1401</description>
    <Point>
      <coordinates>120.53,14.8,0</coordinates>
    </Point>
  </Placemark>
  <Placemark>
    <name>Customer 322: Rizal</name>
    <styleUrl>#customerStyle</styleUrl>
    <description>Demand: 1407</description>
    <Point>
      <coordinates>121.105,15.71,0</coordinates>
    </Point>
  </Placemark>
  <Placemark>
    <name>Customer 323: Tinambac</name>
    <styleUrl>#customerStyle</styleUrl>
    <description>Demand: 1397</description>
    <Point>
      <coordinates>123.324,13.8183,0</coordinates>
    </Point>
  </Placemark>
  <Placemark>
    <name>Customer 324: San Antonio</name>
    <styleUrl>#customerStyle</styleUrl>
    <description>Demand: 1394</description>
    <Point>
      <coordinates>121.031,14.4656,0</coordinates>
    </Point>
  </Placemark>
  <Placemark>
    <name>Customer 325: Roxas</name>
    <styleUrl>#customerStyle</styleUrl>
    <description>Demand: 1389</description>
    <Point>
      <coordinates>119.341,10.3197,0</coordinates>
    </Point>
  </Placemark>
  <Placemark>
    <name>Customer 326: Victoria</name>
    <styleUrl>#customerStyle</styleUrl>
    <description>Demand: 1377</description>
    <Point>
      <coordinates>120.682,15.5781,0</coordinates>
    </Point>
  </Placemark>
  <Placemark>
    <name>Customer 327: Don Carlos</name>
    <styleUrl>#customerStyle</styleUrl>
    <description>Demand: 1379</description>
    <Point>
      <coordinates>124.995,7.6808,0</coordinates>
    </Point>
  </Placemark>
  <Placemark>
    <name>Customer 328: Cawayan</name>
    <styleUrl>#customerStyle</styleUrl>
    <description>Demand: 1381</description>
    <Point>
      <coordinates>123.769,11.9303,0</coordinates>
    </Point>
  </Placemark>
  <Placemark>
    <name>Customer 329: San Pascual</name>
    <styleUrl>#customerStyle</styleUrl>
    <description>Demand: 1388</description>
    <Point>
      <coordinates>121.03,13.8,0</coordinates>
    </Point>
  </Placemark>
  <Placemark>
    <name>Customer 330: La Paz</name>
    <styleUrl>#customerStyle</styleUrl>
    <description>Demand: 1369</description>
    <Point>
      <coordinates>120.729,15.4431,0</coordinates>
    </Point>
  </Placemark>
  <Placemark>
    <name>Customer 331: Bagumbayan</name>
    <styleUrl>#customerStyle</styleUrl>
    <description>Demand: 1381</description>
    <Point>
      <coordinates>124.563,6.5339,0</coordinates>
    </Point>
  </Placemark>
  <Placemark>
    <name>Customer 332: Buenavista</name>
    <styleUrl>#customerStyle</styleUrl>
    <description>Demand: 1378</description>
    <Point>
      <coordinates>125.41,8.97,0</coordinates>
    </Point>
  </Placemark>
  <Placemark>
    <name>Customer 333: Aparri</name>
    <styleUrl>#customerStyle</styleUrl>
    <description>Demand: 1383</description>
    <Point>
      <coordinates>121.637,18.3575,0</coordinates>
    </Point>
  </Placemark>
  <Placemark>
    <name>Customer 334: Indang</name>
    <styleUrl>#customerStyle</styleUrl>
    <description>Demand: 1374</description>
    <Point>
      <coordinates>120.88,14.2,0</coordinates>
    </Point>
  </Placemark>
  <Placemark>
    <name>Customer 335: Alamada</name>
    <styleUrl>#customerStyle</styleUrl>
    <description>Demand: 1374</description>
    <Point>
      <coordinates>124.553,7.3868,0</coordinates>
    </Point>
  </Placemark>
  <Placemark>
    <name>Customer 336: San Leonardo</name>
    <styleUrl>#customerStyle</styleUrl>
    <description>Demand: 1361</description>
    <Point>
      <coordinates>120.962,15.3611,0</coordinates>
    </Point>
  </Placemark>
  <Placemark>
    <name>Customer 337: Mamungan</name>
    <styleUrl>#customerStyle</styleUrl>
    <description>Demand: 1359</description>
    <Point>
      <coordinates>124.22,8.12,0</coordinates>
    </Point>
  </Placemark>
  <Placemark>
    <name>Customer 338: Tangub</name>
    <styleUrl>#customerStyle</styleUrl>
    <description>Demand: 1377</description>
    <Point>
      <coordinates>123.75,8.0667,0</coordinates>
    </Point>
  </Placemark>
  <Placemark>
    <name>Customer 339: Sipocot</name>
    <styleUrl>#customerStyle</styleUrl>
    <description>Demand: 1363</description>
    <Point>
      <coordinates>122.978,13.7675,0</coordinates>
    </Point>
  </Placemark>
  <Placemark>
    <name>Customer 340: Tuburan</name>
    <styleUrl>#customerStyle</styleUrl>
    <description>Demand: 1359</description>
    <Point>
      <coordinates>123.83,10.73,0</coordinates>
    </Point>
  </Placemark>
  <Placemark>
    <name>Customer 341: Miagao</name>
    <styleUrl>#customerStyle</styleUrl>
    <description>Demand: 1355</description>
    <Point>
      <coordinates>122.235,10.6442,0</coordinates>
    </Point>
  </Placemark>
  <Placemark>
    <name>Customer 342: Cuyapo</name>
    <styleUrl>#customerStyle</styleUrl>
    <description>Demand: 1365</description>
    <Point>
      <coordinates>120.661,15.7778,0</coordinates>
    </Point>
  </Placemark>
  <Placemark>
    <name>Customer 343: Castillejos</name>
    <styleUrl>#customerStyle</styleUrl>
    <description>Demand: 1360</description>
    <Point>
      <coordinates>120.2,14.93,0</coordinates>
    </Point>
  </Placemark>
  <Placemark>
    <name>Customer 344: Santa Barbara</name>
    <styleUrl>#customerStyle</styleUrl>
    <description>Demand: 1352</description>
    <Point>
      <coordinates>122.534,10.8231,0</coordinates>
    </Point>
  </Placemark>
  <Placemark>
    <name>Customer 345: Bay</name>
    <styleUrl>#customerStyle</styleUrl>
    <description>Demand: 1333</description>
    <Point>
      <coordinates>121.28,14.18,0</coordinates>
    </Point>
  </Placemark>
  <Placemark>
    <name>Customer 346: Pikit</name>
    <styleUrl>#customerStyle</styleUrl>
    <description>Demand: 1340</description>
    <Point>
      <coordinates>124.67,7.05,0</coordinates>
    </Point>
  </Placemark>
  <Placemark>
    <name>Customer 347: Bongabon</name>
    <styleUrl>#customerStyle</styleUrl>
    <description>Demand: 1331</description>
    <Point>
      <coordinates>121.145,15.6321,0</coordinates>
    </Point>
  </Placemark>
  <Placemark>
    <name>Customer 348: Janiuay</name>
    <styleUrl>#customerStyle</styleUrl>
    <description>Demand: 1343</description>
    <Point>
      <coordinates>122.5,10.95,0</coordinates>
    </Point>
  </Placemark>
  <Placemark>
    <name>Customer 349: Botolan</name>
    <styleUrl>#customerStyle</styleUrl>
    <description>Demand: 1341</description>
    <Point>
      <coordinates>120.025,15.2896,0</coordinates>
    </Point>
  </Placemark>
  <Placemark>
    <name>Customer 350: Rosales</name>
    <styleUrl>#customerStyle</styleUrl>
    <description>Demand: 1330</description>
    <Point>
      <coordinates>120.633,15.8944,0</coordinates>
    </Point>
  </Placemark>
  <Placemark>
    <name>Customer 351: La Carlota</name>
    <styleUrl>#customerStyle</styleUrl>
    <description>Demand: 1325</description>
    <Point>
      <coordinates>122.92,10.42,0</coordinates>
    </Point>
  </Placemark>
  <Placemark>
    <name>Customer 352: San Mateo</name>
    <styleUrl>#customerStyle</styleUrl>
    <description>Demand: 1324</description>
    <Point>
      <coordinates>121.58,16.88,0</coordinates>
    </Point>
  </Placemark>
  <Placemark>
    <name>Customer 353: Opol</name>
    <styleUrl>#customerStyle</styleUrl>
    <description>Demand: 1336</description>
    <Point>
      <coordinates>124.57,8.52,0</coordinates>
    </Point>
  </Placemark>
  <Placemark>
    <name>Customer 354: Oas</name>
    <styleUrl>#customerStyle</styleUrl>
    <description>Demand: 1315</description>
    <Point>
      <coordinates>123.495,13.2589,0</coordinates>
    </Point>
  </Placemark>
  <Placemark>
    <name>Customer 355: Agoo</name>
    <styleUrl>#customerStyle</styleUrl>
    <description>Demand: 1311</description>
    <Point>
      <coordinates>120.365,16.322,0</coordinates>
    </Point>
  </Placemark>
  <Placemark>
    <name>Customer 356: Lantapan</name>
    <styleUrl>#customerStyle</styleUrl>
    <description>Demand: 1313</description>
    <Point>
      <coordinates>125.023,8,0</coordinates>
    </Point>
  </Placemark>
  <Placemark>
    <name>Customer 357: Coron</name>
    <styleUrl>#customerStyle</styleUrl>
    <description>Demand: 1311</description>
    <Point>
      <coordinates>120.2,12,0</coordinates>
    </Point>
  </Placemark>
  <Placemark>
    <name>Customer 358: Roxas</name>
    <styleUrl>#customerStyle</styleUrl>
    <description>Demand: 1312</description>
    <Point>
      <coordinates>121.62,17.12,0</coordinates>
    </Point>
  </Placemark>
  <Placemark>
    <name>Customer 359: Kiamba</name>
    <styleUrl>#customerStyle</styleUrl>
    <description>Demand: 1316</description>
    <Point>
      <coordinates>124.626,5.9912,0</coordinates>
    </Point>
  </Placemark>
  <Placemark>
    <name>Customer 360: San Remigio</name>
    <styleUrl>#customerStyle</styleUrl>
    <description>Demand: 1324</description>
    <Point>
      <coordinates>123.95,11,0</coordinates>
    </Point>
  </Placemark>
  <Placemark>
    <name>Customer 361: Lutayan</name>
    <styleUrl>#customerStyle</styleUrl>
    <description>Demand: 1306</description>
    <Point>
      <coordinates>124.85,6.6,0</coordinates>
    </Point>
  </Placemark>
  <Placemark>
    <name>Customer 362: Angat</name>
    <styleUrl>#customerStyle</styleUrl>
    <description>Demand: 1303</description>
    <Point>
      <coordinates>121.029,14.9281,0</coordinates>
    </Point>
  </Placemark>
  <Placemark>
    <name>Customer 363: Solano</name>
    <styleUrl>#customerStyle</styleUrl>
    <description>Demand: 1303</description>
    <Point>
      <coordinates>121.181,16.5183,0</coordinates>
    </Point>
  </Placemark>
  <Placemark>
    <name>Customer 364: Quezon</name>
    <styleUrl>#customerStyle</styleUrl>
    <description>Demand: 1295</description>
    <Point>
      <coordinates>117.997,9.235,0</coordinates>
    </Point>
  </Placemark>
  <Placemark>
    <name>Customer 365: Tigbauan</name>
    <styleUrl>#customerStyle</styleUrl>
    <description>Demand: 1307</description>
    <Point>
      <coordinates>122.378,10.6747,0</coordinates>
    </Point>
  </Placemark>
  <Placemark>
    <name>Customer 366: Pateros</name>
    <styleUrl>#customerStyle</styleUrl>
    <description>Demand: 1311</description>
    <Point>
      <coordinates>121.067,14.5448,0</coordinates>
    </Point>
  </Placemark>
  <Placemark>
    <name>Customer 367: Villasis</name>
    <styleUrl>#customerStyle</styleUrl>
    <description>Demand: 1310</description>
    <Point>
      <coordinates>120.58,15.9,0</coordinates>
    </Point>
  </Placemark>
  <Placemark>
    <name>Customer 368: Patuakhāli</name>
    <styleUrl>#customerStyle</styleUrl>
    <description>Demand: 1301</description>
    <Point>
      <coordinates>90.3184,22.2591,0</coordinates>
    </Point>
  </Placemark>
  <Placemark>
    <name>Customer 369: Maasin</name>
    <styleUrl>#customerStyle</styleUrl>
    <description>Demand: 1305</description>
    <Point>
      <coordinates>125,5.87,0</coordinates>
    </Point>
  </Placemark>
  <Placemark>
    <name>Customer 370: Nagcarlan</name>
    <styleUrl>#customerStyle</styleUrl>
    <description>Demand: 1295</description>
    <Point>
      <coordinates>121.416,14.1364,0</coordinates>
    </Point>
  </Placemark>
  <Placemark>
    <name>Customer 371: Isabela</name>
    <styleUrl>#customerStyle</styleUrl>
    <description>Demand: 1297</description>
    <Point>
      <coordinates>122.98,10.2,0</coordinates>
    </Point>
  </Placemark>
  <Placemark>
    <name>Customer 372: Hilongos</name>
    <styleUrl>#customerStyle</styleUrl>
    <description>Demand: 1300</description>
    <Point>
      <coordinates>124.75,10.37,0</coordinates>
    </Point>
  </Placemark>
  <Placemark>
    <name>Customer 373: Malvar</name>
    <styleUrl>#customerStyle</styleUrl>
    <description>Demand: 1278</description>
    <Point>
      <coordinates>121.158,14.0417,0</coordinates>
    </Point>
  </Placemark>
  <Placemark>
    <name>Customer 374: Sibulan</name>
    <styleUrl>#customerStyle</styleUrl>
    <description>Demand: 1286</description>
    <Point>
      <coordinates>123.28,9.35,0</coordinates>
    </Point>
  </Placemark>
  <Placemark>
    <name>Customer 375: Saravia</name>
    <styleUrl>#customerStyle</styleUrl>
    <description>Demand: 1283</description>
    <Point>
      <coordinates>122.97,10.88,0</coordinates>
    </Point>
  </Placemark>
  <Placemark>
    <name>Customer 376: Atimonan</name>
    <styleUrl>#customerStyle</styleUrl>
    <description>Demand: 1295</description>
    <Point>
      <coordinates>121.92,14.0036,0</coordinates>
    </Point>
  </Placemark>
  <Placemark>
    <name>Customer 377: Teresa</name>
    <styleUrl>#customerStyle</styleUrl>
    <description>Demand: 1289</description>
    <Point>
      <coordinates>121.208,14.5586,0</coordinates>
    </Point>
  </Placemark>
  <Placemark>
    <name>Customer 378: Tuao</name>
    <styleUrl>#customerStyle</styleUrl>
    <description>Demand: 1282</description>
    <Point>
      <coordinates>121.455,17.735,0</coordinates>
    </Point>
  </Placemark>
  <Placemark>
    <name>Customer 379: Santa Cruz</name>
    <styleUrl>#customerStyle</styleUrl>
    <description>Demand: 1281</description>
    <Point>
      <coordinates>119.92,15.77,0</coordinates>
    </Point>
  </Placemark>
  <Placemark>
    <name>Customer 380: Sibalom</name>
    <styleUrl>#customerStyle</styleUrl>
    <description>Demand: 1280</description>
    <Point>
      <coordinates>122.017,10.7883,0</coordinates>
    </Point>
  </Placemark>
  <Placemark>
    <name>Customer 381: Jose Pañganiban</name>
    <styleUrl>#customerStyle</styleUrl>
    <description>Demand: 1280</description>
    <Point>
      <coordinates>122.693,14.2922,0</coordinates>
    </Point>
  </Placemark>
  <Placemark>
    <name>Customer 382: San Fernando</name>
    <styleUrl>#customerStyle</styleUrl>
    <description>Demand: 1267</description>
    <Point>
      <coordinates>125.329,7.9178,0</coordinates>
    </Point>
  </Placemark>
  <Placemark>
    <name>Customer 383: Calinog</name>
    <styleUrl>#customerStyle</styleUrl>
    <description>Demand: 1262</description>
    <Point>
      <coordinates>122.5,11.13,0</coordinates>
    </Point>
  </Placemark>
  <Placemark>
    <name>Customer 384: Moncada</name>
    <styleUrl>#customerStyle</styleUrl>
    <description>Demand: 1261</description>
    <Point>
      <coordinates>120.573,15.7331,0</coordinates>
    </Point>
  </Placemark>
  <Placemark>
    <name>Customer 385: Bansalan</name>
    <styleUrl>#customerStyle</styleUrl>
    <description>Demand: 1263</description>
    <Point>
      <coordinates>125.22,6.78,0</coordinates>
    </Point>
  </Placemark>
  <Placemark>
    <name>Customer 386: Kapatagan</name>
    <styleUrl>#customerStyle</styleUrl>
    <description>Demand: 1256</description>
    <Point>
      <coordinates>123.77,7.9,0</coordinates>
    </Point>
  </Placemark>
  <Placemark>
    <name>Customer 387: Panchari Bazar</name>
    <styleUrl>#customerStyle</styleUrl>
    <description>Demand: 1252</description>
    <Point>
      <coordinates>91.9027,23.2867,0</coordinates>
    </Point>
  </Placemark>
  <Placemark>
    <name>Customer 388: Aurora</name>
    <styleUrl>#customerStyle</styleUrl>
    <description>Demand: 1234</description>
    <Point>
      <coordinates>122.52,13.35,0</coordinates>
    </Point>
  </Placemark>
  <Placemark>
    <name>Customer 389: Cambanugoy</name>
    <styleUrl>#customerStyle</styleUrl>
    <description>Demand: 1246</description>
    <Point>
      <coordinates>125.751,7.5386,0</coordinates>
    </Point>
  </Placemark>
  <Placemark>
    <name>Customer 390: Nakhyaungcharīpāra</name>
    <styleUrl>#customerStyle</styleUrl>
    <description>Demand: 1232</description>
    <Point>
      <coordinates>92.1779,21.4281,0</coordinates>
    </Point>
  </Placemark>
  <Placemark>
    <name>Customer 391: Santa Ana</name>
    <styleUrl>#customerStyle</styleUrl>
    <description>Demand: 1222</description>
    <Point>
      <coordinates>120.768,15.0939,0</coordinates>
    </Point>
  </Placemark>
  <Placemark>
    <name>Customer 392: Itogon</name>
    <styleUrl>#customerStyle</styleUrl>
    <description>Demand: 1221</description>
    <Point>
      <coordinates>120.67,16.37,0</coordinates>
    </Point>
  </Placemark>
  <Placemark>
    <name>Customer 393: Baao</name>
    <styleUrl>#customerStyle</styleUrl>
    <description>Demand: 1228</description>
    <Point>
      <coordinates>123.365,13.4535,0</coordinates>
    </Point>
  </Placemark>
  <Placemark>
    <name>Customer 394: Taal</name>
    <styleUrl>#customerStyle</styleUrl>
    <description>Demand: 1230</description>
    <Point>
      <coordinates>120.93,13.88,0</coordinates>
    </Point>
  </Placemark>
  <Placemark>
    <name>Customer 395: Candon</name>
    <styleUrl>#customerStyle</styleUrl>
    <description>Demand: 1219</description>
    <Point>
      <coordinates>120.449,17.1958,0</coordinates>
    </Point>
  </Placemark>
  <Placemark>
    <name>Customer 396: Tunasan</name>
    <styleUrl>#customerStyle</styleUrl>
    <description>Demand: 1237</description>
    <Point>
      <coordinates>121.036,14.3725,0</coordinates>
    </Point>
  </Placemark>
  <Placemark>
    <name>Customer 397: Abuyog</name>
    <styleUrl>#customerStyle</styleUrl>
    <description>Demand: 1219</description>
    <Point>
      <coordinates>125.012,10.7458,0</coordinates>
    </Point>
  </Placemark>
  <Placemark>
    <name>Customer 398: Cabatuan</name>
    <styleUrl>#customerStyle</styleUrl>
    <description>Demand: 1231</description>
    <Point>
      <coordinates>122.48,10.88,0</coordinates>
    </Point>
  </Placemark>
  <Placemark>
    <name>Customer 399: Santo Domingo</name>
    <styleUrl>#customerStyle</styleUrl>
    <description>Demand: 1221</description>
    <Point>
      <coordinates>120.879,15.59,0</coordinates>
    </Point>
  </Placemark>
  <Placemark>
    <name>Customer 400: Tulunan</name>
    <styleUrl>#customerStyle</styleUrl>
    <description>Demand: 1210</description>
    <Point>
      <coordinates>124.88,6.83,0</coordinates>
    </Point>
  </Placemark>
  <Placemark>
    <name>Customer 401: Jinoba-an</name>
    <styleUrl>#customerStyle</styleUrl>
    <description>Demand: 1213</description>
    <Point>
      <coordinates>122.467,9.6018,0</coordinates>
    </Point>
  </Placemark>
  <Placemark>
    <name>Customer 402: Orion</name>
    <styleUrl>#customerStyle</styleUrl>
    <description>Demand: 1211</description>
    <Point>
      <coordinates>120.582,14.6206,0</coordinates>
    </Point>
  </Placemark>
  <Placemark>
    <name>Customer 403: Castilla</name>
    <styleUrl>#customerStyle</styleUrl>
    <description>Demand: 1222</description>
    <Point>
      <coordinates>123.876,12.9553,0</coordinates>
    </Point>
  </Placemark>
  <Placemark>
    <name>Customer 404: Laoang</name>
    <styleUrl>#customerStyle</styleUrl>
    <description>Demand: 1207</description>
    <Point>
      <coordinates>125.02,12.57,0</coordinates>
    </Point>
  </Placemark>
  <Placemark>
    <name>Customer 405: Tigaon</name>
    <styleUrl>#customerStyle</styleUrl>
    <description>Demand: 1214</description>
    <Point>
      <coordinates>123.498,13.6319,0</coordinates>
    </Point>
  </Placemark>
  <Placemark>
    <name>Customer 406: Matanao</name>
    <styleUrl>#customerStyle</styleUrl>
    <description>Demand: 1204</description>
    <Point>
      <coordinates>125.23,6.75,0</coordinates>
    </Point>
  </Placemark>
  <Placemark>
    <name>Customer 407: Lalmanirhat</name>
    <styleUrl>#customerStyle</styleUrl>
    <description>Demand: 1200</description>
    <Point>
      <coordinates>89.4459,25.9172,0</coordinates>
    </Point>
  </Placemark>
  <Placemark>
    <name>Customer 408: Gubat</name>
    <styleUrl>#customerStyle</styleUrl>
    <description>Demand: 1206</description>
    <Point>
      <coordinates>124.123,12.9189,0</coordinates>
    </Point>
  </Placemark>
  <Placemark>
    <name>Customer 409: Rosario</name>
    <styleUrl>#customerStyle</styleUrl>
    <description>Demand: 1211</description>
    <Point>
      <coordinates>120.48,16.23,0</coordinates>
    </Point>
  </Placemark>
  <Placemark>
    <name>Customer 410: Paracale</name>
    <styleUrl>#customerStyle</styleUrl>
    <description>Demand: 1212</description>
    <Point>
      <coordinates>122.787,14.2797,0</coordinates>
    </Point>
  </Placemark>
  <Placemark>
    <name>Customer 411: San Mariano</name>
    <styleUrl>#customerStyle</styleUrl>
    <description>Demand: 1194</description>
    <Point>
      <coordinates>122.02,16.98,0</coordinates>
    </Point>
  </Placemark>
  <Placemark>
    <name>Customer 412: Malay</name>
    <styleUrl>#customerStyle</styleUrl>
    <description>Demand: 1203</description>
    <Point>
      <coordinates>121.909,11.8997,0</coordinates>
    </Point>
  </Placemark>
  <Placemark>
    <name>Customer 413: Pirojpur</name>
    <styleUrl>#customerStyle</styleUrl>
    <description>Demand: 1204</description>
    <Point>
      <coordinates>89.9752,22.5796,0</coordinates>
    </Point>
  </Placemark>
  <Placemark>
    <name>Customer 414: Obando</name>
    <styleUrl>#customerStyle</styleUrl>
    <description>Demand: 1205</description>
    <Point>
      <coordinates>120.938,14.7083,0</coordinates>
    </Point>
  </Placemark>
  <Placemark>
    <name>Customer 415: Arankhola</name>
    <styleUrl>#customerStyle</styleUrl>
    <description>Demand: 1191</description>
    <Point>
      <coordinates>90.0806,24.6928,0</coordinates>
    </Point>
  </Placemark>
  <Placemark>
    <name>Customer 416: Sigaboy</name>
    <styleUrl>#customerStyle</styleUrl>
    <description>Demand: 1197</description>
    <Point>
      <coordinates>126.072,6.6536,0</coordinates>
    </Point>
  </Placemark>
  <Placemark>
    <name>Customer 417: Ilog</name>
    <styleUrl>#customerStyle</styleUrl>
    <description>Demand: 1197</description>
    <Point>
      <coordinates>122.77,10.03,0</coordinates>
    </Point>
  </Placemark>
  <Placemark>
    <name>Customer 418: Ragay</name>
    <styleUrl>#customerStyle</styleUrl>
    <description>Demand: 1188</description>
    <Point>
      <coordinates>122.79,13.8217,0</coordinates>
    </Point>
  </Placemark>
  <Placemark>
    <name>Customer 419: Kananya</name>
    <styleUrl>#customerStyle</styleUrl>
    <description>Demand: 1196</description>
    <Point>
      <coordinates>124.56,11.1856,0</coordinates>
    </Point>
  </Placemark>
  <Placemark>
    <name>Customer 420: Medellin</name>
    <styleUrl>#customerStyle</styleUrl>
    <description>Demand: 1190</description>
    <Point>
      <coordinates>123.962,11.1286,0</coordinates>
    </Point>
  </Placemark>
  <Placemark>
    <name>Customer 421: Maimbung</name>
    <styleUrl>#customerStyle</styleUrl>
    <description>Demand: 1189</description>
    <Point>
      <coordinates>121.03,5.93,0</coordinates>
    </Point>
  </Placemark>
  <Placemark>
    <name>Customer 422: Esperanza</name>
    <styleUrl>#customerStyle</styleUrl>
    <description>Demand: 1190</description>
    <Point>
      <coordinates>125.65,8.68,0</coordinates>
    </Point>
  </Placemark>
  <Placemark>
    <name>Customer 423: Alfonso</name>
    <styleUrl>#customerStyle</styleUrl>
    <description>Demand: 1186</description>
    <Point>
      <coordinates>120.855,14.1379,0</coordinates>
    </Point>
  </Placemark>
  <Placemark>
    <name>Customer 424: Irosin</name>
    <styleUrl>#customerStyle</styleUrl>
    <description>Demand: 1192</description>
    <Point>
      <coordinates>124.032,12.705,0</coordinates>
    </Point>
  </Placemark>
  <Placemark>
    <name>Customer 425: San Francisco</name>
    <styleUrl>#customerStyle</styleUrl>
    <description>Demand: 1175</description>
    <Point>
      <coordinates>124.35,10.65,0</coordinates>
    </Point>
  </Placemark>
  <Placemark>
    <name>Customer 426: San Simon</name>
    <styleUrl>#customerStyle</styleUrl>
    <description>Demand: 1182</description>
    <Point>
      <coordinates>120.78,14.998,0</coordinates>
    </Point>
  </Placemark>
  <Placemark>
    <name>Customer 427: Mansalay</name>
    <styleUrl>#customerStyle</styleUrl>
    <description>Demand: 1188</description>
    <Point>
      <coordinates>121.439,12.5204,0</coordinates>
    </Point>
  </Placemark>
  <Placemark>
    <name>Customer 428: Upi</name>
    <styleUrl>#customerStyle</styleUrl>
    <description>Demand: 1177</description>
    <Point>
      <coordinates>124.163,7.0106,0</coordinates>
    </Point>
  </Placemark>
  <Placemark>
    <name>Customer 429: Gattaran</name>
    <styleUrl>#customerStyle</styleUrl>
    <description>Demand: 1175</description>
    <Point>
      <coordinates>121.645,18.0611,0</coordinates>
    </Point>
  </Placemark>
  <Placemark>
    <name>Customer 430: Roxas</name>
    <styleUrl>#customerStyle</styleUrl>
    <description>Demand: 1171</description>
    <Point>
      <coordinates>121.5,12.58,0</coordinates>
    </Point>
  </Placemark>
  <Placemark>
    <name>Customer 431: Canlaon</name>
    <styleUrl>#customerStyle</styleUrl>
    <description>Demand: 1172</description>
    <Point>
      <coordinates>123.2,10.38,0</coordinates>
    </Point>
  </Placemark>
  <Placemark>
    <name>Customer 432: El Salvador</name>
    <styleUrl>#customerStyle</styleUrl>
    <description>Demand: 1177</description>
    <Point>
      <coordinates>124.52,8.57,0</coordinates>
    </Point>
  </Placemark>
  <Placemark>
    <name>Customer 433: Calatagan</name>
    <styleUrl>#customerStyle</styleUrl>
    <description>Demand: 1174</description>
    <Point>
      <coordinates>120.632,13.8322,0</coordinates>
    </Point>
  </Placemark>
  <Placemark>
    <name>Customer 434: Baganga</name>
    <styleUrl>#customerStyle</styleUrl>
    <description>Demand: 1167</description>
    <Point>
      <coordinates>126.558,7.5752,0</coordinates>
    </Point>
  </Placemark>
  <Placemark>
    <name>Customer 435: Raharpur</name>
    <styleUrl>#customerStyle</styleUrl>
    <description>Demand: 1180</description>
    <Point>
      <coordinates>88.325,24.8194,0</coordinates>
    </Point>
  </Placemark>
  <Placemark>
    <name>Customer 436: San Luis</name>
    <styleUrl>#customerStyle</styleUrl>
    <description>Demand: 1164</description>
    <Point>
      <coordinates>120.792,15.04,0</coordinates>
    </Point>
  </Placemark>
  <Placemark>
    <name>Customer 437: Ibaan</name>
    <styleUrl>#customerStyle</styleUrl>
    <description>Demand: 1168</description>
    <Point>
      <coordinates>121.133,13.8176,0</coordinates>
    </Point>
  </Placemark>
  <Placemark>
    <name>Customer 438: Palompon</name>
    <styleUrl>#customerStyle</styleUrl>
    <description>Demand: 1176</description>
    <Point>
      <coordinates>124.38,11.05,0</coordinates>
    </Point>
  </Placemark>
  <Placemark>
    <name>Customer 439: Barotac Nuevo</name>
    <styleUrl>#customerStyle</styleUrl>
    <description>Demand: 1166</description>
    <Point>
      <coordinates>122.7,10.9,0</coordinates>
    </Point>
  </Placemark>
  <Placemark>
    <name>Customer 440: Masantol</name>
    <styleUrl>#customerStyle</styleUrl>
    <description>Demand: 1152</description>
    <Point>
      <coordinates>120.72,14.9,0</coordinates>
    </Point>
  </Placemark>
  <Placemark>
    <name>Customer 441: New Corella</name>
    <styleUrl>#customerStyle</styleUrl>
    <description>Demand: 1165</description>
    <Point>
      <coordinates>125.824,7.5866,0</coordinates>
    </Point>
  </Placemark>
  <Placemark>
    <name>Customer 442: Cogan</name>
    <styleUrl>#customerStyle</styleUrl>
    <description>Demand: 1162</description>
    <Point>
      <coordinates>123.97,10.58,0</coordinates>
    </Point>
  </Placemark>
  <Placemark>
    <name>Customer 443: Dumanjog</name>
    <styleUrl>#customerStyle</styleUrl>
    <description>Demand: 1160</description>
    <Point>
      <coordinates>123.48,10.05,0</coordinates>
    </Point>
  </Placemark>
  <Placemark>
    <name>Customer 444: Asingan</name>
    <styleUrl>#customerStyle</styleUrl>
    <description>Demand: 1153</description>
    <Point>
      <coordinates>120.669,16.0023,0</coordinates>
    </Point>
  </Placemark>
  <Placemark>
    <name>Customer 445: Milagros</name>
    <styleUrl>#customerStyle</styleUrl>
    <description>Demand: 1150</description>
    <Point>
      <coordinates>123.509,12.2192,0</coordinates>
    </Point>
  </Placemark>
  <Placemark>
    <name>Customer 446: Santa Maria</name>
    <styleUrl>#customerStyle</styleUrl>
    <description>Demand: 1158</description>
    <Point>
      <coordinates>125.47,6.55,0</coordinates>
    </Point>
  </Placemark>
  <Placemark>
    <name>Customer 447: Tanauan</name>
    <styleUrl>#customerStyle</styleUrl>
    <description>Demand: 1156</description>
    <Point>
      <coordinates>125.02,11.12,0</coordinates>
    </Point>
  </Placemark>
  <Placemark>
    <name>Customer 448: Cupang</name>
    <styleUrl>#customerStyle</styleUrl>
    <description>Demand: 1151</description>
    <Point>
      <coordinates>121.049,14.4315,0</coordinates>
    </Point>
  </Placemark>
  <Placemark>
    <name>Customer 449: Alangalang</name>
    <styleUrl>#customerStyle</styleUrl>
    <description>Demand: 1152</description>
    <Point>
      <coordinates>124.848,11.2061,0</coordinates>
    </Point>
  </Placemark>
  <Placemark>
    <name>Customer 450: Uson</name>
    <styleUrl>#customerStyle</styleUrl>
    <description>Demand: 1140</description>
    <Point>
      <coordinates>123.783,12.2253,0</coordinates>
    </Point>
  </Placemark>
  <Placemark>
    <name>Customer 451: Jasaan</name>
    <styleUrl>#customerStyle</styleUrl>
    <description>Demand: 1136</description>
    <Point>
      <coordinates>124.75,8.65,0</coordinates>
    </Point>
  </Placemark>
  <Placemark>
    <name>Customer 452: Hagonoy</name>
    <styleUrl>#customerStyle</styleUrl>
    <description>Demand: 1135</description>
    <Point>
      <coordinates>125.3,6.68,0</coordinates>
    </Point>
  </Placemark>
  <Placemark>
    <name>Customer 453: Pinagkaisahan</name>
    <styleUrl>#customerStyle</styleUrl>
    <description>Demand: 1145</description>
    <Point>
      <coordinates>121.055,14.5229,0</coordinates>
    </Point>
  </Placemark>
  <Placemark>
    <name>Customer 454: Lagonoy</name>
    <styleUrl>#customerStyle</styleUrl>
    <description>Demand: 1138</description>
    <Point>
      <coordinates>123.521,13.7353,0</coordinates>
    </Point>
  </Placemark>
  <Placemark>
    <name>Customer 455: Basey</name>
    <styleUrl>#customerStyle</styleUrl>
    <description>Demand: 1124</description>
    <Point>
      <coordinates>125.068,11.2817,0</coordinates>
    </Point>
  </Placemark>
  <Placemark>
    <name>Customer 456: Pangantocan</name>
    <styleUrl>#customerStyle</styleUrl>
    <description>Demand: 1141</description>
    <Point>
      <coordinates>124.829,7.8331,0</coordinates>
    </Point>
  </Placemark>
  <Placemark>
    <name>Customer 457: Ramon</name>
    <styleUrl>#customerStyle</styleUrl>
    <description>Demand: 1120</description>
    <Point>
      <coordinates>121.53,16.78,0</coordinates>
    </Point>
  </Placemark>
  <Placemark>
    <name>Customer 458: Tiwi</name>
    <styleUrl>#customerStyle</styleUrl>
    <description>Demand: 1136</description>
    <Point>
      <coordinates>123.68,13.4585,0</coordinates>
    </Point>
  </Placemark>
  <Placemark>
    <name>Customer 459: Binalonan</name>
    <styleUrl>#customerStyle</styleUrl>
    <description>Demand: 1121</description>
    <Point>
      <coordinates>120.6,16.05,0</coordinates>
    </Point>
  </Placemark>
  <Placemark>
    <name>Customer 460: Sucat</name>
    <styleUrl>#customerStyle</styleUrl>
    <description>Demand: 1125</description>
    <Point>
      <coordinates>121.05,14.46,0</coordinates>
    </Point>
  </Placemark>
  <Placemark>
    <name>Customer 461: Placer</name>
    <styleUrl>#customerStyle</styleUrl>
    <description>Demand: 1116</description>
    <Point>
      <coordinates>123.917,11.8689,0</coordinates>
    </Point>
  </Placemark>
  <Placemark>
    <name>Customer 462: Lian</name>
    <styleUrl>#customerStyle</styleUrl>
    <description>Demand: 1124</description>
    <Point>
      <coordinates>120.65,14.03,0</coordinates>
    </Point>
  </Placemark>
  <Placemark>
    <name>Customer 463: Libungan</name>
    <styleUrl>#customerStyle</styleUrl>
    <description>Demand: 1115</description>
    <Point>
      <coordinates>124.52,7.25,0</coordinates>
    </Point>
  </Placemark>
  <Placemark>
    <name>Customer 464: Magsaysay</name>
    <styleUrl>#customerStyle</styleUrl>
    <description>Demand: 1123</description>
    <Point>
      <coordinates>125.18,6.77,0</coordinates>
    </Point>
  </Placemark>
  <Placemark>
    <name>Customer 465: Diffun</name>
    <styleUrl>#customerStyle</styleUrl>
    <description>Demand: 1124</description>
    <Point>
      <coordinates>121.502,16.5936,0</coordinates>
    </Point>
  </Placemark>
  <Placemark>
    <name>Customer 466: Lower Bicutan</name>
    <styleUrl>#customerStyle</styleUrl>
    <description>Demand: 1124</description>
    <Point>
      <coordinates>121.065,14.5053,0</coordinates>
    </Point>
  </Placemark>
  <Placemark>
    <name>Customer 467: General Tinio</name>
    <styleUrl>#customerStyle</styleUrl>
    <description>Demand: 1118</description>
    <Point>
      <coordinates>121.05,15.35,0</coordinates>
    </Point>
  </Placemark>
  <Placemark>
    <name>Customer 468: Poblacion</name>
    <styleUrl>#customerStyle</styleUrl>
    <description>Demand: 1107</description>
    <Point>
      <coordinates>123.97,10.47,0</coordinates>
    </Point>
  </Placemark>
  <Placemark>
    <name>Customer 469: Bambang</name>
    <styleUrl>#customerStyle</styleUrl>
    <description>Demand: 1120</description>
    <Point>
      <coordinates>121.108,16.3872,0</coordinates>
    </Point>
  </Placemark>
  <Placemark>
    <name>Customer 470: Paombong</name>
    <styleUrl>#customerStyle</styleUrl>
    <description>Demand: 1105</description>
    <Point>
      <coordinates>120.789,14.8311,0</coordinates>
    </Point>
  </Placemark>
  <Placemark>
    <name>Customer 471: Mulanay</name>
    <styleUrl>#customerStyle</styleUrl>
    <description>Demand: 1102</description>
    <Point>
      <coordinates>122.404,13.5222,0</coordinates>
    </Point>
  </Placemark>
  <Placemark>
    <name>Customer 472: Urbiztondo</name>
    <styleUrl>#customerStyle</styleUrl>
    <description>Demand: 1110</description>
    <Point>
      <coordinates>120.329,15.8227,0</coordinates>
    </Point>
  </Placemark>
  <Placemark>
    <name>Customer 473: Batac</name>
    <styleUrl>#customerStyle</styleUrl>
    <description>Demand: 1114</description>
    <Point>
      <coordinates>120.565,18.0554,0</coordinates>
    </Point>
  </Placemark>
  <Placemark>
    <name>Customer 474: Tatalon</name>
    <styleUrl>#customerStyle</styleUrl>
    <description>Demand: 1111</description>
    <Point>
      <coordinates>121.015,14.6242,0</coordinates>
    </Point>
  </Placemark>
  <Placemark>
    <name>Customer 475: Asturias</name>
    <styleUrl>#customerStyle</styleUrl>
    <description>Demand: 1114</description>
    <Point>
      <coordinates>123.717,10.5679,0</coordinates>
    </Point>
  </Placemark>
  <Placemark>
    <name>Customer 476: Mercedes</name>
    <styleUrl>#customerStyle</styleUrl>
    <description>Demand: 1101</description>
    <Point>
      <coordinates>123.011,14.1093,0</coordinates>
    </Point>
  </Placemark>
  <Placemark>
    <name>Customer 477: Manapla</name>
    <styleUrl>#customerStyle</styleUrl>
    <description>Demand: 1100</description>
    <Point>
      <coordinates>123.123,10.958,0</coordinates>
    </Point>
  </Placemark>
  <Placemark>
    <name>Customer 478: Elenga</name>
    <styleUrl>#customerStyle</styleUrl>
    <description>Demand: 1101</description>
    <Point>
      <coordinates>89.9219,24.3386,0</coordinates>
    </Point>
  </Placemark>
  <Placemark>
    <name>Customer 479: Santa Cruz</name>
    <styleUrl>#customerStyle</styleUrl>
    <description>Demand: 1083</description>
    <Point>
      <coordinates>122.03,13.48,0</coordinates>
    </Point>
  </Placemark>
  <Placemark>
    <name>Customer 480: Carigara</name>
    <styleUrl>#customerStyle</styleUrl>
    <description>Demand: 1090</description>
    <Point>
      <coordinates>124.68,11.3,0</coordinates>
    </Point>
  </Placemark>
  <Placemark>
    <name>Customer 481: Sara</name>
    <styleUrl>#customerStyle</styleUrl>
    <description>Demand: 1101</description>
    <Point>
      <coordinates>123.02,11.25,0</coordinates>
    </Point>
  </Placemark>
  <Placemark>
    <name>Customer 482: Pila</name>
    <styleUrl>#customerStyle</styleUrl>
    <description>Demand: 1086</description>
    <Point>
      <coordinates>121.37,14.23,0</coordinates>
    </Point>
  </Placemark>
  <Placemark>
    <name>Customer 483: Masinloc</name>
    <styleUrl>#customerStyle</styleUrl>
    <description>Demand: 1092</description>
    <Point>
      <coordinates>119.95,15.53,0</coordinates>
    </Point>
  </Placemark>
  <Placemark>
    <name>Customer 484: Pontevedra</name>
    <styleUrl>#customerStyle</styleUrl>
    <description>Demand: 1097</description>
    <Point>
      <coordinates>122.88,10.37,0</coordinates>
    </Point>
  </Placemark>
  <Placemark>
    <name>Customer 485: Trento</name>
    <styleUrl>#customerStyle</styleUrl>
    <description>Demand: 1097</description>
    <Point>
      <coordinates>126.06,8.05,0</coordinates>
    </Point>
  </Placemark>
  <Placemark>
    <name>Customer 486: Tapas</name>
    <styleUrl>#customerStyle</styleUrl>
    <description>Demand: 1092</description>
    <Point>
      <coordinates>122.537,11.2622,0</coordinates>
    </Point>
  </Placemark>
  <Placemark>
    <name>Customer 487: San Isidro</name>
    <styleUrl>#customerStyle</styleUrl>
    <description>Demand: 1091</description>
    <Point>
      <coordinates>120.907,15.3097,0</coordinates>
    </Point>
  </Placemark>
  <Placemark>
    <name>Customer 488: San Manuel</name>
    <styleUrl>#customerStyle</styleUrl>
    <description>Demand: 1093</description>
    <Point>
      <coordinates>120.667,16.0656,0</coordinates>
    </Point>
  </Placemark>
  <Placemark>
    <name>Customer 489: Don Bosco</name>
    <styleUrl>#customerStyle</styleUrl>
    <description>Demand: 1082</description>
    <Point>
      <coordinates>121.026,14.4817,0</coordinates>
    </Point>
  </Placemark>
  <Placemark>
    <name>Customer 490: Jālākāti</name>
    <styleUrl>#customerStyle</styleUrl>
    <description>Demand: 1087</description>
    <Point>
      <coordinates>90.1988,22.6409,0</coordinates>
    </Point>
  </Placemark>
  <Placemark>
    <name>Customer 491: Tagkawayan</name>
    <styleUrl>#customerStyle</styleUrl>
    <description>Demand: 1074</description>
    <Point>
      <coordinates>122.53,13.97,0</coordinates>
    </Point>
  </Placemark>
  <Placemark>
    <name>Customer 492: Titay</name>
    <styleUrl>#customerStyle</styleUrl>
    <description>Demand: 1078</description>
    <Point>
      <coordinates>122.559,7.8703,0</coordinates>
    </Point>
  </Placemark>
  <Placemark>
    <name>Customer 493: Minalabac</name>
    <styleUrl>#customerStyle</styleUrl>
    <description>Demand: 1074</description>
    <Point>
      <coordinates>123.184,13.57,0</coordinates>
    </Point>
  </Placemark>
  <Placemark>
    <name>Customer 494: Cabagan</name>
    <styleUrl>#customerStyle</styleUrl>
    <description>Demand: 1069</description>
    <Point>
      <coordinates>121.77,17.43,0</coordinates>
    </Point>
  </Placemark>
  <Placemark>
    <name>Customer 495: Impasugong</name>
    <styleUrl>#customerStyle</styleUrl>
    <description>Demand: 1083</description>
    <Point>
      <coordinates>125.001,8.3028,0</coordinates>
    </Point>
  </Placemark>
  <Placemark>
    <name>Customer 496: Magpet</name>
    <styleUrl>#customerStyle</styleUrl>
    <description>Demand: 1083</description>
    <Point>
      <coordinates>125.12,7.12,0</coordinates>
    </Point>
  </Placemark>
  <Placemark>
    <name>Customer 497: Kitaotao</name>
    <styleUrl>#customerStyle</styleUrl>
    <description>Demand: 1083</description>
    <Point>
      <coordinates>125.009,7.6406,0</coordinates>
    </Point>
  </Placemark>
  <Placemark>
    <name>Customer 498: Ajuy</name>
    <styleUrl>#customerStyle</styleUrl>
    <description>Demand: 1064</description>
    <Point>
      <coordinates>123.02,11.1725,0</coordinates>
    </Point>
  </Placemark>
  <Placemark>
    <name>Customer 499: Pasacao</name>
    <styleUrl>#customerStyle</styleUrl>
    <description>Demand: 1074</description>
    <Point>
      <coordinates>123.042,13.5103,0</coordinates>
    </Point>
  </Placemark>
  <Placemark>
    <name>Customer 500: Sibonga</name>
    <styleUrl>#customerStyle</styleUrl>
    <description>Demand: 1068</description>
    <Point>
      <coordinates>123.57,10.03,0</coordinates>
    </Point>
  </Placemark>
  <Placemark>
    <name>Customer 501: Guiuan</name>
    <styleUrl>#customerStyle</styleUrl>
    <description>Demand: 1062</description>
    <Point>
      <coordinates>125.73,11.03,0</coordinates>
    </Point>
  </Placemark>
  <Placemark>
    <name>Customer 502: Estancia</name>
    <styleUrl>#customerStyle</styleUrl>
    <description>Demand: 1069</description>
    <Point>
      <coordinates>123.15,11.45,0</coordinates>
    </Point>
  </Placemark>
  <Placemark>
    <name>Customer 503: Molave</name>
    <styleUrl>#customerStyle</styleUrl>
    <description>Demand: 1070</description>
    <Point>
      <coordinates>123.485,8.0933,0</coordinates>
    </Point>
  </Placemark>
  <Placemark>
    <name>Customer 504: Lucban</name>
    <styleUrl>#customerStyle</styleUrl>
    <description>Demand: 1071</description>
    <Point>
      <coordinates>121.557,14.1133,0</coordinates>
    </Point>
  </Placemark>
  <Placemark>
    <name>Customer 505: Zaragoza</name>
    <styleUrl>#customerStyle</styleUrl>
    <description>Demand: 1058</description>
    <Point>
      <coordinates>120.793,15.4492,0</coordinates>
    </Point>
  </Placemark>
  <Placemark>
    <name>Customer 506: Aurora</name>
    <styleUrl>#customerStyle</styleUrl>
    <description>Demand: 1063</description>
    <Point>
      <coordinates>123.582,7.9484,0</coordinates>
    </Point>
  </Placemark>
  <Placemark>
    <name>Customer 507: Buenavista</name>
    <styleUrl>#customerStyle</styleUrl>
    <description>Demand: 1049</description>
    <Point>
      <coordinates>122.63,10.7,0</coordinates>
    </Point>
  </Placemark>
  <Placemark>
    <name>Customer 508: Pigcawayan</name>
    <styleUrl>#customerStyle</styleUrl>
    <description>Demand: 1058</description>
    <Point>
      <coordinates>124.43,7.28,0</coordinates>
    </Point>
  </Placemark>
  <Placemark>
    <name>Customer 509: Hamtic</name>
    <styleUrl>#customerStyle</styleUrl>
    <description>Demand: 1045</description>
    <Point>
      <coordinates>121.98,10.7,0</coordinates>
    </Point>
  </Placemark>
  <Placemark>
    <name>Customer 510: San Joaquin</name>
    <styleUrl>#customerStyle</styleUrl>
    <description>Demand: 1045</description>
    <Point>
      <coordinates>122.08,10.6,0</coordinates>
    </Point>
  </Placemark>
  <Placemark>
    <name>Customer 511: Bani</name>
    <styleUrl>#customerStyle</styleUrl>
    <description>Demand: 1043</description>
    <Point>
      <coordinates>119.859,16.1869,0</coordinates>
    </Point>
  </Placemark>
  <Placemark>
    <name>Customer 512: President Roxas</name>
    <styleUrl>#customerStyle</styleUrl>
    <description>Demand: 1059</description>
    <Point>
      <coordinates>125.056,7.1544,0</coordinates>
    </Point>
  </Placemark>
  <Placemark>
    <name>Customer 513: Burauen</name>
    <styleUrl>#customerStyle</styleUrl>
    <description>Demand: 1047</description>
    <Point>
      <coordinates>124.9,10.98,0</coordinates>
    </Point>
  </Placemark>
  <Placemark>
    <name>Customer 514: Claveria</name>
    <styleUrl>#customerStyle</styleUrl>
    <description>Demand: 1050</description>
    <Point>
      <coordinates>124.895,8.61,0</coordinates>
    </Point>
  </Placemark>
  <Placemark>
    <name>Customer 515: Ibajay</name>
    <styleUrl>#customerStyle</styleUrl>
    <description>Demand: 1052</description>
    <Point>
      <coordinates>122.162,11.8211,0</coordinates>
    </Point>
  </Placemark>
  <Placemark>
    <name>Customer 516: Sison</name>
    <styleUrl>#customerStyle</styleUrl>
    <description>Demand: 1038</description>
    <Point>
      <coordinates>120.52,16.17,0</coordinates>
    </Point>
  </Placemark>
  <Placemark>
    <name>Customer 517: Naguilian</name>
    <styleUrl>#customerStyle</styleUrl>
    <description>Demand: 1037</description>
    <Point>
      <coordinates>120.4,16.53,0</coordinates>
    </Point>
  </Placemark>
  <Placemark>
    <name>Customer 518: Victoria</name>
    <styleUrl>#customerStyle</styleUrl>
    <description>Demand: 1040</description>
    <Point>
      <coordinates>121.276,13.1719,0</coordinates>
    </Point>
  </Placemark>
  <Placemark>
    <name>Customer 519: Bato</name>
    <styleUrl>#customerStyle</styleUrl>
    <description>Demand: 1051</description>
    <Point>
      <coordinates>123.368,13.3578,0</coordinates>
    </Point>
  </Placemark>
  <Placemark>
    <name>Customer 520: Leon</name>
    <styleUrl>#customerStyle</styleUrl>
    <description>Demand: 1042</description>
    <Point>
      <coordinates>122.389,10.7808,0</coordinates>
    </Point>
  </Placemark>
  <Placemark>
    <name>Customer 521: Padre Garcia</name>
    <styleUrl>#customerStyle</styleUrl>
    <description>Demand: 1030</description>
    <Point>
      <coordinates>121.22,13.88,0</coordinates>
    </Point>
  </Placemark>
  <Placemark>
    <name>Customer 522: Sherpur</name>
    <styleUrl>#customerStyle</styleUrl>
    <description>Demand: 1045</description>
    <Point>
      <coordinates>89.4159,24.6765,0</coordinates>
    </Point>
  </Placemark>
  <Placemark>
    <name>Customer 523: Caramoan</name>
    <styleUrl>#customerStyle</styleUrl>
    <description>Demand: 1024</description>
    <Point>
      <coordinates>123.863,13.7707,0</coordinates>
    </Point>
  </Placemark>
  <Placemark>
    <name>Customer 524: Santa Ignacia</name>
    <styleUrl>#customerStyle</styleUrl>
    <description>Demand: 1030</description>
    <Point>
      <coordinates>120.43,15.62,0</coordinates>
    </Point>
  </Placemark>
  <Placemark>
    <name>Customer 525: Alaminos</name>
    <styleUrl>#customerStyle</styleUrl>
    <description>Demand: 1023</description>
    <Point>
      <coordinates>121.245,14.0635,0</coordinates>
    </Point>
  </Placemark>
  <Placemark>
    <name>Customer 526: Bantacan</name>
    <styleUrl>#customerStyle</styleUrl>
    <description>Demand: 1035</description>
    <Point>
      <coordinates>126.138,7.5483,0</coordinates>
    </Point>
  </Placemark>
  <Placemark>
    <name>Customer 527: Gopālganj</name>
    <styleUrl>#customerStyle</styleUrl>
    <description>Demand: 1018</description>
    <Point>
      <coordinates>89.8167,23,0</coordinates>
    </Point>
  </Placemark>
  <Placemark>
    <name>Customer 528: Ocampo</name>
    <styleUrl>#customerStyle</styleUrl>
    <description>Demand: 1028</description>
    <Point>
      <coordinates>123.376,13.5594,0</coordinates>
    </Point>
  </Placemark>
  <Placemark>
    <name>Customer 529: San Narciso</name>
    <styleUrl>#customerStyle</styleUrl>
    <description>Demand: 1030</description>
    <Point>
      <coordinates>122.567,13.5677,0</coordinates>
    </Point>
  </Placemark>
  <Placemark>
    <name>Customer 530: Kalamansig</name>
    <styleUrl>#customerStyle</styleUrl>
    <description>Demand: 1026</description>
    <Point>
      <coordinates>124.05,6.57,0</coordinates>
    </Point>
  </Placemark>
  <Placemark>
    <name>Customer 531: Mabini</name>
    <styleUrl>#customerStyle</styleUrl>
    <description>Demand: 1012</description>
    <Point>
      <coordinates>120.941,13.7496,0</coordinates>
    </Point>
  </Placemark>
  <Placemark>
    <name>Customer 532: Sunāmganj</name>
    <styleUrl>#customerStyle</styleUrl>
    <description>Demand: 1006</description>
    <Point>
      <coordinates>91.4,25.0667,0</coordinates>
    </Point>
  </Placemark>
  <Placemark>
    <name>Customer 533: Cataingan</name>
    <styleUrl>#customerStyle</styleUrl>
    <description>Demand: 1012</description>
    <Point>
      <coordinates>123.994,12.0028,0</coordinates>
    </Point>
  </Placemark>
  <Placemark>
    <name>Customer 534: Gloria</name>
    <styleUrl>#customerStyle</styleUrl>
    <description>Demand: 1001</description>
    <Point>
      <coordinates>121.478,12.9722,0</coordinates>
    </Point>
  </Placemark>
  <Placemark>
    <name>Customer 535: El Nido</name>
    <styleUrl>#customerStyle</styleUrl>
    <description>Demand: 1001</description>
    <Point>
      <coordinates>119.407,11.1956,0</coordinates>
    </Point>
  </Placemark>
  <Placemark>
    <name>Customer 536: Aringay</name>
    <styleUrl>#customerStyle</styleUrl>
    <description>Demand: 1012</description>
    <Point>
      <coordinates>120.356,16.3982,0</coordinates>
    </Point>
  </Placemark>
  <Placemark>
    <name>Customer 537: Wao</name>
    <styleUrl>#customerStyle</styleUrl>
    <description>Demand: 1011</description>
    <Point>
      <coordinates>124.726,7.6404,0</coordinates>
    </Point>
  </Placemark>
  <Placemark>
    <name>Customer 538: Amulung</name>
    <styleUrl>#customerStyle</styleUrl>
    <description>Demand: 999</description>
    <Point>
      <coordinates>121.724,17.8387,0</coordinates>
    </Point>
  </Placemark>
  <Placemark>
    <name>Customer 539: Peñablanca</name>
    <styleUrl>#customerStyle</styleUrl>
    <description>Demand: 1005</description>
    <Point>
      <coordinates>121.785,17.6258,0</coordinates>
    </Point>
  </Placemark>
  <Placemark>
    <name>Customer 540: Donsol</name>
    <styleUrl>#customerStyle</styleUrl>
    <description>Demand: 1011</description>
    <Point>
      <coordinates>123.598,12.9083,0</coordinates>
    </Point>
  </Placemark>
  <Placemark>
    <name>Customer 541: Gopālpur</name>
    <styleUrl>#customerStyle</styleUrl>
    <description>Demand: 999</description>
    <Point>
      <coordinates>89.9218,24.5601,0</coordinates>
    </Point>
  </Placemark>
  <Placemark>
    <name>Customer 542: Cardona</name>
    <styleUrl>#customerStyle</styleUrl>
    <description>Demand: 1000</description>
    <Point>
      <coordinates>121.229,14.4861,0</coordinates>
    </Point>
  </Placemark>
  <Placemark>
    <name>Customer 543: Muktāgācha</name>
    <styleUrl>#customerStyle</styleUrl>
    <description>Demand: 1003</description>
    <Point>
      <coordinates>90.2573,24.7668,0</coordinates>
    </Point>
  </Placemark>
  <Placemark>
    <name>Customer 544: Pananaw</name>
    <styleUrl>#customerStyle</styleUrl>
    <description>Demand: 997</description>
    <Point>
      <coordinates>121.25,5.98,0</coordinates>
    </Point>
  </Placemark>
  <Placemark>
    <name>Customer 545: Pontevedra</name>
    <styleUrl>#customerStyle</styleUrl>
    <description>Demand: 1003</description>
    <Point>
      <coordinates>122.83,11.48,0</coordinates>
    </Point>
  </Placemark>
  <Placemark>
    <name>Customer 546: Bignay</name>
    <styleUrl>#customerStyle</styleUrl>
    <description>Demand: 991</description>
    <Point>
      <coordinates>120.996,14.7456,0</coordinates>
    </Point>
  </Placemark>
  <Placemark>
    <name>Customer 547: Rosario</name>
    <styleUrl>#customerStyle</styleUrl>
    <description>Demand: 993</description>
    <Point>
      <coordinates>126,8.38,0</coordinates>
    </Point>
  </Placemark>
  <Placemark>
    <name>Customer 548: Dumarao</name>
    <styleUrl>#customerStyle</styleUrl>
    <description>Demand: 983</description>
    <Point>
      <coordinates>122.688,11.2631,0</coordinates>
    </Point>
  </Placemark>
  <Placemark>
    <name>Customer 549: Noveleta</name>
    <styleUrl>#customerStyle</styleUrl>
    <description>Demand: 991</description>
    <Point>
      <coordinates>120.88,14.43,0</coordinates>
    </Point>
  </Placemark>
  <Placemark>
    <name>Customer 550: Kiblawan</name>
    <styleUrl>#customerStyle</styleUrl>
    <description>Demand: 985</description>
    <Point>
      <coordinates>125.22,6.62,0</coordinates>
    </Point>
  </Placemark>
  <Placemark>
    <name>Customer 551: Bagumbayan</name>
    <styleUrl>#customerStyle</styleUrl>
    <description>Demand: 990</description>
    <Point>
      <coordinates>121.057,14.4744,0</coordinates>
    </Point>
  </Placemark>
  <Placemark>
    <name>Customer 552: Odiongan</name>
    <styleUrl>#customerStyle</styleUrl>
    <description>Demand: 990</description>
    <Point>
      <coordinates>122,12.4,0</coordinates>
    </Point>
  </Placemark>
  <Placemark>
    <name>Customer 553: Carmen</name>
    <styleUrl>#customerStyle</styleUrl>
    <description>Demand: 981</description>
    <Point>
      <coordinates>124.2,9.82,0</coordinates>
    </Point>
  </Placemark>
  <Placemark>
    <name>Customer 554: Malabang</name>
    <styleUrl>#customerStyle</styleUrl>
    <description>Demand: 985</description>
    <Point>
      <coordinates>124.072,7.5933,0</coordinates>
    </Point>
  </Placemark>
  <Placemark>
    <name>Customer 555: Pio Duran</name>
    <styleUrl>#customerStyle</styleUrl>
    <description>Demand: 971</description>
    <Point>
      <coordinates>123.45,13.03,0</coordinates>
    </Point>
  </Placemark>
  <Placemark>
    <name>Customer 556: Vinzons</name>
    <styleUrl>#customerStyle</styleUrl>
    <description>Demand: 977</description>
    <Point>
      <coordinates>122.908,14.1739,0</coordinates>
    </Point>
  </Placemark>
  <Placemark>
    <name>Customer 557: Dulag</name>
    <styleUrl>#customerStyle</styleUrl>
    <description>Demand: 976</description>
    <Point>
      <coordinates>125.032,10.9525,0</coordinates>
    </Point>
  </Placemark>
  <Placemark>
    <name>Customer 558: Libona</name>
    <styleUrl>#customerStyle</styleUrl>
    <description>Demand: 970</description>
    <Point>
      <coordinates>124.743,8.3333,0</coordinates>
    </Point>
  </Placemark>
  <Placemark>
    <name>Customer 559: Alcala</name>
    <styleUrl>#customerStyle</styleUrl>
    <description>Demand: 972</description>
    <Point>
      <coordinates>120.522,15.8468,0</coordinates>
    </Point>
  </Placemark>
  <Placemark>
    <name>Customer 560: Dumingag</name>
    <styleUrl>#customerStyle</styleUrl>
    <description>Demand: 972</description>
    <Point>
      <coordinates>123.345,8.155,0</coordinates>
    </Point>
  </Placemark>
  <Placemark>
    <name>Customer 561: Lal-lo</name>
    <styleUrl>#customerStyle</styleUrl>
    <description>Demand: 983</description>
    <Point>
      <coordinates>121.662,18.2,0</coordinates>
    </Point>
  </Placemark>
  <Placemark>
    <name>Customer 562: Barotac Viejo</name>
    <styleUrl>#customerStyle</styleUrl>
    <description>Demand: 971</description>
    <Point>
      <coordinates>122.85,11.05,0</coordinates>
    </Point>
  </Placemark>
  <Placemark>
    <name>Customer 563: Inabanga</name>
    <styleUrl>#customerStyle</styleUrl>
    <description>Demand: 968</description>
    <Point>
      <coordinates>124.07,10.03,0</coordinates>
    </Point>
  </Placemark>
  <Placemark>
    <name>Customer 564: Siocon</name>
    <styleUrl>#customerStyle</styleUrl>
    <description>Demand: 968</description>
    <Point>
      <coordinates>122.136,7.7067,0</coordinates>
    </Point>
  </Placemark>
  <Placemark>
    <name>Customer 565: Minalin</name>
    <styleUrl>#customerStyle</styleUrl>
    <description>Demand: 968</description>
    <Point>
      <coordinates>120.68,14.97,0</coordinates>
    </Point>
  </Placemark>
  <Placemark>
    <name>Customer 566: Tuba</name>
    <styleUrl>#customerStyle</styleUrl>
    <description>Demand: 965</description>
    <Point>
      <coordinates>120.56,16.3928,0</coordinates>
    </Point>
  </Placemark>
  <Placemark>
    <name>Customer 567: Mahayag</name>
    <styleUrl>#customerStyle</styleUrl>
    <description>Demand: 957</description>
    <Point>
      <coordinates>123.438,8.1297,0</coordinates>
    </Point>
  </Placemark>
  <Placemark>
    <name>Customer 568: Chhāgalnāiya</name>
    <styleUrl>#customerStyle</styleUrl>
    <description>Demand: 958</description>
    <Point>
      <coordinates>91.5109,23.0248,0</coordinates>
    </Point>
  </Placemark>
  <Placemark>
    <name>Customer 569: Santa Rita</name>
    <styleUrl>#customerStyle</styleUrl>
    <description>Demand: 966</description>
    <Point>
      <coordinates>120.615,14.9953,0</coordinates>
    </Point>
  </Placemark>
  <Placemark>
    <name>Customer 570: Bacolor</name>
    <styleUrl>#customerStyle</styleUrl>
    <description>Demand: 960</description>
    <Point>
      <coordinates>120.653,14.9984,0</coordinates>
    </Point>
  </Placemark>
  <Placemark>
    <name>Customer 571: Balimbing</name>
    <styleUrl>#customerStyle</styleUrl>
    <description>Demand: 969</description>
    <Point>
      <coordinates>119.885,5.0728,0</coordinates>
    </Point>
  </Placemark>
  <Placemark>
    <name>Customer 572: New Washington</name>
    <styleUrl>#customerStyle</styleUrl>
    <description>Demand: 965</description>
    <Point>
      <coordinates>122.434,11.6483,0</coordinates>
    </Point>
  </Placemark>
  <Placemark>
    <name>Customer 573: Tibigan</name>
    <styleUrl>#customerStyle</styleUrl>
    <description>Demand: 964</description>
    <Point>
      <coordinates>123.97,9.95,0</coordinates>
    </Point>
  </Placemark>
  <Placemark>
    <name>Customer 574: Sogod</name>
    <styleUrl>#customerStyle</styleUrl>
    <description>Demand: 951</description>
    <Point>
      <coordinates>124.98,10.38,0</coordinates>
    </Point>
  </Placemark>
  <Placemark>
    <name>Customer 575: Bunawan</name>
    <styleUrl>#customerStyle</styleUrl>
    <description>Demand: 944</description>
    <Point>
      <coordinates>125.99,8.18,0</coordinates>
    </Point>
  </Placemark>
  <Placemark>
    <name>Customer 576: Malinao</name>
    <styleUrl>#customerStyle</styleUrl>
    <description>Demand: 953</description>
    <Point>
      <coordinates>123.7,13.4,0</coordinates>
    </Point>
  </Placemark>
  <Placemark>
    <name>Customer 577: Sumisip</name>
    <styleUrl>#customerStyle</styleUrl>
    <description>Demand: 954</description>
    <Point>
      <coordinates>121.98,6.42,0</coordinates>
    </Point>
  </Placemark>
  <Placemark>
    <name>Customer 578: Albuera</name>
    <styleUrl>#customerStyle</styleUrl>
    <description>Demand: 948</description>
    <Point>
      <coordinates>124.692,10.9186,0</coordinates>
    </Point>
  </Placemark>
  <Placemark>
    <name>Customer 579: Ayungon</name>
    <styleUrl>#customerStyle</styleUrl>
    <description>Demand: 949</description>
    <Point>
      <coordinates>123.147,9.8584,0</coordinates>
    </Point>
  </Placemark>
  <Placemark>
    <name>Customer 580: Pilar</name>
    <styleUrl>#customerStyle</styleUrl>
    <description>Demand: 941</description>
    <Point>
      <coordinates>122.996,11.4878,0</coordinates>
    </Point>
  </Placemark>
  <Placemark>
    <name>Customer 581: Banisilan</name>
    <styleUrl>#customerStyle</styleUrl>
    <description>Demand: 931</description>
    <Point>
      <coordinates>124.7,7.5,0</coordinates>
    </Point>
  </Placemark>
  <Placemark>
    <name>Customer 582: Isabel</name>
    <styleUrl>#customerStyle</styleUrl>
    <description>Demand: 935</description>
    <Point>
      <coordinates>124.43,10.93,0</coordinates>
    </Point>
  </Placemark>
  <Placemark>
    <name>Customer 583: Norala</name>
    <styleUrl>#customerStyle</styleUrl>
    <description>Demand: 925</description>
    <Point>
      <coordinates>124.67,6.55,0</coordinates>
    </Point>
  </Placemark>
  <Placemark>
    <name>Customer 584: Montevista</name>
    <styleUrl>#customerStyle</styleUrl>
    <description>Demand: 929</description>
    <Point>
      <coordinates>125.99,7.7053,0</coordinates>
    </Point>
  </Placemark>
  <Placemark>
    <name>Customer 585: Tuy</name>
    <styleUrl>#customerStyle</styleUrl>
    <description>Demand: 924</description>
    <Point>
      <coordinates>120.73,14.02,0</coordinates>
    </Point>
  </Placemark>
  <Placemark>
    <name>Customer 586: Lower Tungawan</name>
    <styleUrl>#customerStyle</styleUrl>
    <description>Demand: 919</description>
    <Point>
      <coordinates>122.423,7.6047,0</coordinates>
    </Point>
  </Placemark>
  <Placemark>
    <name>Customer 587: Cordon</name>
    <styleUrl>#customerStyle</styleUrl>
    <description>Demand: 935</description>
    <Point>
      <coordinates>121.45,16.67,0</coordinates>
    </Point>
  </Placemark>
  <Placemark>
    <name>Customer 588: Pagalungan</name>
    <styleUrl>#customerStyle</styleUrl>
    <description>Demand: 926</description>
    <Point>
      <coordinates>124.699,7.0592,0</coordinates>
    </Point>
  </Placemark>
  <Placemark>
    <name>Customer 589: Pilar</name>
    <styleUrl>#customerStyle</styleUrl>
    <description>Demand: 915</description>
    <Point>
      <coordinates>120.57,14.67,0</coordinates>
    </Point>
  </Placemark>
  <Placemark>
    <name>Customer 590: Talisay</name>
    <styleUrl>#customerStyle</styleUrl>
    <description>Demand: 934</description>
    <Point>
      <coordinates>121.02,14.1,0</coordinates>
    </Point>
  </Placemark>
  <Placemark>
    <name>Customer 591: Narvacan</name>
    <styleUrl>#customerStyle</styleUrl>
    <description>Demand: 929</description>
    <Point>
      <coordinates>120.476,17.4192,0</coordinates>
    </Point>
  </Placemark>
  <Placemark>
    <name>Customer 592: Dingle</name>
    <styleUrl>#customerStyle</styleUrl>
    <description>Demand: 927</description>
    <Point>
      <coordinates>122.67,11.05,0</coordinates>
    </Point>
  </Placemark>
  <Placemark>
    <name>Customer 593: Lupao</name>
    <styleUrl>#customerStyle</styleUrl>
    <description>Demand: 914</description>
    <Point>
      <coordinates>120.899,15.8794,0</coordinates>
    </Point>
  </Placemark>
  <Placemark>
    <name>Customer 594: Lumba-a-Bayabao</name>
    <styleUrl>#customerStyle</styleUrl>
    <description>Demand: 908</description>
    <Point>
      <coordinates>124.38,7.88,0</coordinates>
    </Point>
  </Placemark>
  <Placemark>
    <name>Customer 595: Tantangan</name>
    <styleUrl>#customerStyle</styleUrl>
    <description>Demand: 909</description>
    <Point>
      <coordinates>124.75,6.62,0</coordinates>
    </Point>
  </Placemark>
  <Placemark>
    <name>Customer 596: Maluso</name>
    <styleUrl>#customerStyle</styleUrl>
    <description>Demand: 919</description>
    <Point>
      <coordinates>121.88,6.55,0</coordinates>
    </Point>
  </Placemark>
  <Placemark>
    <name>Customer 597: Jones</name>
    <styleUrl>#customerStyle</styleUrl>
    <description>Demand: 911</description>
    <Point>
      <coordinates>121.7,16.5583,0</coordinates>
    </Point>
  </Placemark>
  <Placemark>
    <name>Customer 598: Talagutong</name>
    <styleUrl>#customerStyle</styleUrl>
    <description>Demand: 906</description>
    <Point>
      <coordinates>125.67,6.27,0</coordinates>
    </Point>
  </Placemark>
  <Placemark>
    <name>Customer 599: Tayug</name>
    <styleUrl>#customerStyle</styleUrl>
    <description>Demand: 913</description>
    <Point>
      <coordinates>120.748,16.0267,0</coordinates>
    </Point>
  </Placemark>
  <Placemark>
    <name>Customer 600: Basud</name>
    <styleUrl>#customerStyle</styleUrl>
    <description>Demand: 911</description>
    <Point>
      <coordinates>122.97,14.07,0</coordinates>
    </Point>
  </Placemark>
  <Placemark>
    <name>Customer 601: Aguilar</name>
    <styleUrl>#customerStyle</styleUrl>
    <description>Demand: 905</description>
    <Point>
      <coordinates>120.238,15.8899,0</coordinates>
    </Point>
  </Placemark>
  <Placemark>
    <name>Customer 602: Angadanan</name>
    <styleUrl>#customerStyle</styleUrl>
    <description>Demand: 903</description>
    <Point>
      <coordinates>121.748,16.7571,0</coordinates>
    </Point>
  </Placemark>
  <Placemark>
    <name>Customer 603: Maria Aurora</name>
    <styleUrl>#customerStyle</styleUrl>
    <description>Demand: 903</description>
    <Point>
      <coordinates>121.474,15.7967,0</coordinates>
    </Point>
  </Placemark>
  <Placemark>
    <name>Customer 604: Buguias</name>
    <styleUrl>#customerStyle</styleUrl>
    <description>Demand: 897</description>
    <Point>
      <coordinates>120.821,16.8033,0</coordinates>
    </Point>
  </Placemark>
  <Placemark>
    <name>Customer 605: Nasipit</name>
    <styleUrl>#customerStyle</styleUrl>
    <description>Demand: 890</description>
    <Point>
      <coordinates>125.34,8.99,0</coordinates>
    </Point>
  </Placemark>
  <Placemark>
    <name>Customer 606: Manjuyod</name>
    <styleUrl>#customerStyle</styleUrl>
    <description>Demand: 901</description>
    <Point>
      <coordinates>123.15,9.68,0</coordinates>
    </Point>
  </Placemark>
  <Placemark>
    <name>Customer 607: Katipunan</name>
    <styleUrl>#customerStyle</styleUrl>
    <description>Demand: 886</description>
    <Point>
      <coordinates>123.285,8.5134,0</coordinates>
    </Point>
  </Placemark>
  <Placemark>
    <name>Customer 608: Bhārella</name>
    <styleUrl>#customerStyle</styleUrl>
    <description>Demand: 903</description>
    <Point>
      <coordinates>91.0889,23.5653,0</coordinates>
    </Point>
  </Placemark>
  <Placemark>
    <name>Customer 609: Concepcion</name>
    <styleUrl>#customerStyle</styleUrl>
    <description>Demand: 892</description>
    <Point>
      <coordinates>123.1,11.2,0</coordinates>
    </Point>
  </Placemark>
  <Placemark>
    <name>Customer 610: Dolores</name>
    <styleUrl>#customerStyle</styleUrl>
    <description>Demand: 902</description>
    <Point>
      <coordinates>125.483,12.0378,0</coordinates>
    </Point>
  </Placemark>
  <Placemark>
    <name>Customer 611: Upper Bicutan</name>
    <styleUrl>#customerStyle</styleUrl>
    <description>Demand: 889</description>
    <Point>
      <coordinates>121.05,14.4873,0</coordinates>
    </Point>
  </Placemark>
  <Placemark>
    <name>Customer 612: Culasi</name>
    <styleUrl>#customerStyle</styleUrl>
    <description>Demand: 890</description>
    <Point>
      <coordinates>122.056,11.4272,0</coordinates>
    </Point>
  </Placemark>
  <Placemark>
    <name>Customer 613: San Pascual</name>
    <styleUrl>#customerStyle</styleUrl>
    <description>Demand: 885</description>
    <Point>
      <coordinates>122.978,13.1286,0</coordinates>
    </Point>
  </Placemark>
  <Placemark>
    <name>Customer 614: Bacnotan</name>
    <styleUrl>#customerStyle</styleUrl>
    <description>Demand: 885</description>
    <Point>
      <coordinates>120.348,16.7197,0</coordinates>
    </Point>
  </Placemark>
  <Placemark>
    <name>Customer 615: Bulalacao</name>
    <styleUrl>#customerStyle</styleUrl>
    <description>Demand: 896</description>
    <Point>
      <coordinates>121.343,12.325,0</coordinates>
    </Point>
  </Placemark>
  <Placemark>
    <name>Customer 616: San Jacinto</name>
    <styleUrl>#customerStyle</styleUrl>
    <description>Demand: 888</description>
    <Point>
      <coordinates>120.441,16.0725,0</coordinates>
    </Point>
  </Placemark>
  <Placemark>
    <name>Customer 617: Pagsanjan</name>
    <styleUrl>#customerStyle</styleUrl>
    <description>Demand: 885</description>
    <Point>
      <coordinates>121.45,14.27,0</coordinates>
    </Point>
  </Placemark>
  <Placemark>
    <name>Customer 618: General Mamerto Natividad</name>
    <styleUrl>#customerStyle</styleUrl>
    <description>Demand: 890</description>
    <Point>
      <coordinates>121.051,15.603,0</coordinates>
    </Point>
  </Placemark>
  <Placemark>
    <name>Customer 619: Labangan</name>
    <styleUrl>#customerStyle</styleUrl>
    <description>Demand: 875</description>
    <Point>
      <coordinates>123.517,7.8667,0</coordinates>
    </Point>
  </Placemark>
  <Placemark>
    <name>Customer 620: Loon</name>
    <styleUrl>#customerStyle</styleUrl>
    <description>Demand: 882</description>
    <Point>
      <coordinates>123.8,9.8,0</coordinates>
    </Point>
  </Placemark>
  <Placemark>
    <name>Customer 621: Cateel</name>
    <styleUrl>#customerStyle</styleUrl>
    <description>Demand: 885</description>
    <Point>
      <coordinates>126.453,7.79,0</coordinates>
    </Point>
  </Placemark>
  <Placemark>
    <name>Customer 622: Maitum</name>
    <styleUrl>#customerStyle</styleUrl>
    <description>Demand: 886</description>
    <Point>
      <coordinates>124.48,6.03,0</coordinates>
    </Point>
  </Placemark>
  <Placemark>
    <name>Customer 623: Central Signal Village</name>
    <styleUrl>#customerStyle</styleUrl>
    <description>Demand: 878</description>
    <Point>
      <coordinates>121.056,14.5115,0</coordinates>
    </Point>
  </Placemark>
  <Placemark>
    <name>Customer 624: Mandaon</name>
    <styleUrl>#customerStyle</styleUrl>
    <description>Demand: 887</description>
    <Point>
      <coordinates>123.284,12.2259,0</coordinates>
    </Point>
  </Placemark>
  <Placemark>
    <name>Customer 625: Guinayangan</name>
    <styleUrl>#customerStyle</styleUrl>
    <description>Demand: 883</description>
    <Point>
      <coordinates>122.45,13.9,0</coordinates>
    </Point>
  </Placemark>
  <Placemark>
    <name>Customer 626: San Jose</name>
    <styleUrl>#customerStyle</styleUrl>
    <description>Demand: 880</description>
    <Point>
      <coordinates>123.519,13.6981,0</coordinates>
    </Point>
  </Placemark>
  <Placemark>
    <name>Customer 627: Labason</name>
    <styleUrl>#customerStyle</styleUrl>
    <description>Demand: 877</description>
    <Point>
      <coordinates>122.52,8.0647,0</coordinates>
    </Point>
  </Placemark>
  <Placemark>
    <name>Customer 628: Loreto</name>
    <styleUrl>#customerStyle</styleUrl>
    <description>Demand: 869</description>
    <Point>
      <coordinates>125.85,8.19,0</coordinates>
    </Point>
  </Placemark>
  <Placemark>
    <name>Customer 629: Jaro</name>
    <styleUrl>#customerStyle</styleUrl>
    <description>Demand: 880</description>
    <Point>
      <coordinates>124.785,11.1894,0</coordinates>
    </Point>
  </Placemark>
  <Placemark>
    <name>Customer 630: Kalilangan</name>
    <styleUrl>#customerStyle</styleUrl>
    <description>Demand: 869</description>
    <Point>
      <coordinates>124.748,7.7464,0</coordinates>
    </Point>
  </Placemark>
  <Placemark>
    <name>Customer 631: Santa Elena</name>
    <styleUrl>#customerStyle</styleUrl>
    <description>Demand: 880</description>
    <Point>
      <coordinates>122.392,14.1797,0</coordinates>
    </Point>
  </Placemark>
  <Placemark>
    <name>Customer 632: Guambog</name>
    <styleUrl>#customerStyle</styleUrl>
    <description>Demand: 867</description>
    <Point>
      <coordinates>125.856,7.3092,0</coordinates>
    </Point>
  </Placemark>
  <Placemark>
    <name>Customer 633: Moises Padilla</name>
    <styleUrl>#customerStyle</styleUrl>
    <description>Demand: 879</description>
    <Point>
      <coordinates>123.08,10.27,0</coordinates>
    </Point>
  </Placemark>
  <Placemark>
    <name>Customer 634: Toboso</name>
    <styleUrl>#customerStyle</styleUrl>
    <description>Demand: 869</description>
    <Point>
      <coordinates>123.52,10.72,0</coordinates>
    </Point>
  </Placemark>
  <Placemark>
    <name>Customer 635: Victoria</name>
    <styleUrl>#customerStyle</styleUrl>
    <description>Demand: 874</description>
    <Point>
      <coordinates>121.325,14.225,0</coordinates>
    </Point>
  </Placemark>
  <Placemark>
    <name>Customer 636: Laurel</name>
    <styleUrl>#customerStyle</styleUrl>
    <description>Demand: 855</description>
    <Point>
      <coordinates>120.932,14.0504,0</coordinates>
    </Point>
  </Placemark>
  <Placemark>
    <name>Customer 637: South Upi</name>
    <styleUrl>#customerStyle</styleUrl>
    <description>Demand: 859</description>
    <Point>
      <coordinates>124.144,6.8548,0</coordinates>
    </Point>
  </Placemark>
  <Placemark>
    <name>Customer 638: Abucay</name>
    <styleUrl>#customerStyle</styleUrl>
    <description>Demand: 866</description>
    <Point>
      <coordinates>120.535,14.7222,0</coordinates>
    </Point>
  </Placemark>
  <Placemark>
    <name>Customer 639: Char Fasson</name>
    <styleUrl>#customerStyle</styleUrl>
    <description>Demand: 848</description>
    <Point>
      <coordinates>90.761,22.1865,0</coordinates>
    </Point>
  </Placemark>
  <Placemark>
    <name>Customer 640: Villaba</name>
    <styleUrl>#customerStyle</styleUrl>
    <description>Demand: 864</description>
    <Point>
      <coordinates>124.4,11.22,0</coordinates>
    </Point>
  </Placemark>
  <Placemark>
    <name>Customer 641: Santo Tomas</name>
    <styleUrl>#customerStyle</styleUrl>
    <description>Demand: 860</description>
    <Point>
      <coordinates>120.75,15,0</coordinates>
    </Point>
  </Placemark>
  <Placemark>
    <name>Customer 642: Nueva Valencia</name>
    <styleUrl>#customerStyle</styleUrl>
    <description>Demand: 851</description>
    <Point>
      <coordinates>122.54,10.5259,0</coordinates>
    </Point>
  </Placemark>
  <Placemark>
    <name>Customer 643: Proper Bansud</name>
    <styleUrl>#customerStyle</styleUrl>
    <description>Demand: 850</description>
    <Point>
      <coordinates>121.457,12.8594,0</coordinates>
    </Point>
  </Placemark>
  <Placemark>
    <name>Customer 644: Panitan</name>
    <styleUrl>#customerStyle</styleUrl>
    <description>Demand: 841</description>
    <Point>
      <coordinates>122.769,11.4639,0</coordinates>
    </Point>
  </Placemark>
  <Placemark>
    <name>Customer 645: Balabac</name>
    <styleUrl>#customerStyle</styleUrl>
    <description>Demand: 855</description>
    <Point>
      <coordinates>117.05,7.98,0</coordinates>
    </Point>
  </Placemark>
  <Placemark>
    <name>Customer 646: Tucuran</name>
    <styleUrl>#customerStyle</styleUrl>
    <description>Demand: 843</description>
    <Point>
      <coordinates>123.578,7.8547,0</coordinates>
    </Point>
  </Placemark>
  <Placemark>
    <name>Customer 647: Carranglan</name>
    <styleUrl>#customerStyle</styleUrl>
    <description>Demand: 848</description>
    <Point>
      <coordinates>121.063,15.9608,0</coordinates>
    </Point>
  </Placemark>
  <Placemark>
    <name>Customer 648: Santa Cruz</name>
    <styleUrl>#customerStyle</styleUrl>
    <description>Demand: 839</description>
    <Point>
      <coordinates>120.719,13.0831,0</coordinates>
    </Point>
  </Placemark>
  <Placemark>
    <name>Customer 649: Santa Rita</name>
    <styleUrl>#customerStyle</styleUrl>
    <description>Demand: 855</description>
    <Point>
      <coordinates>124.941,11.4522,0</coordinates>
    </Point>
  </Placemark>
  <Placemark>
    <name>Customer 650: Llanera</name>
    <styleUrl>#customerStyle</styleUrl>
    <description>Demand: 845</description>
    <Point>
      <coordinates>121.02,15.6625,0</coordinates>
    </Point>
  </Placemark>
  <Placemark>
    <name>Customer 651: Polanco</name>
    <styleUrl>#customerStyle</styleUrl>
    <description>Demand: 844</description>
    <Point>
      <coordinates>123.363,8.5319,0</coordinates>
    </Point>
  </Placemark>
  <Placemark>
    <name>Customer 652: Liloy</name>
    <styleUrl>#customerStyle</styleUrl>
    <description>Demand: 840</description>
    <Point>
      <coordinates>122.674,8.1228,0</coordinates>
    </Point>
  </Placemark>
  <Placemark>
    <name>Customer 653: Aritao</name>
    <styleUrl>#customerStyle</styleUrl>
    <description>Demand: 833</description>
    <Point>
      <coordinates>121.034,16.2973,0</coordinates>
    </Point>
  </Placemark>
  <Placemark>
    <name>Customer 654: Madridejos</name>
    <styleUrl>#customerStyle</styleUrl>
    <description>Demand: 845</description>
    <Point>
      <coordinates>123.73,11.27,0</coordinates>
    </Point>
  </Placemark>
  <Placemark>
    <name>Customer 655: Matnog</name>
    <styleUrl>#customerStyle</styleUrl>
    <description>Demand: 849</description>
    <Point>
      <coordinates>124.086,12.5856,0</coordinates>
    </Point>
  </Placemark>
  <Placemark>
    <name>Customer 656: Puerto Galera</name>
    <styleUrl>#customerStyle</styleUrl>
    <description>Demand: 842</description>
    <Point>
      <coordinates>120.954,13.5,0</coordinates>
    </Point>
  </Placemark>
  <Placemark>
    <name>Customer 657: Amadeo</name>
    <styleUrl>#customerStyle</styleUrl>
    <description>Demand: 832</description>
    <Point>
      <coordinates>120.928,14.1728,0</coordinates>
    </Point>
  </Placemark>
  <Placemark>
    <name>Customer 658: Kibawe</name>
    <styleUrl>#customerStyle</styleUrl>
    <description>Demand: 835</description>
    <Point>
      <coordinates>124.99,7.5678,0</coordinates>
    </Point>
  </Placemark>
  <Placemark>
    <name>Customer 659: Quezon</name>
    <styleUrl>#customerStyle</styleUrl>
    <description>Demand: 839</description>
    <Point>
      <coordinates>120.811,15.5542,0</coordinates>
    </Point>
  </Placemark>
  <Placemark>
    <name>Customer 660: San Miguel</name>
    <styleUrl>#customerStyle</styleUrl>
    <description>Demand: 843</description>
    <Point>
      <coordinates>126.04,8.9322,0</coordinates>
    </Point>
  </Placemark>
  <Placemark>
    <name>Customer 661: Kasibu</name>
    <styleUrl>#customerStyle</styleUrl>
    <description>Demand: 839</description>
    <Point>
      <coordinates>121.296,16.3181,0</coordinates>
    </Point>
  </Placemark>
  <Placemark>
    <name>Customer 662: Naga</name>
    <styleUrl>#customerStyle</styleUrl>
    <description>Demand: 836</description>
    <Point>
      <coordinates>122.694,7.7978,0</coordinates>
    </Point>
  </Placemark>
  <Placemark>
    <name>Customer 663: Gonzaga</name>
    <styleUrl>#customerStyle</styleUrl>
    <description>Demand: 825</description>
    <Point>
      <coordinates>121.997,18.2614,0</coordinates>
    </Point>
  </Placemark>
  <Placemark>
    <name>Customer 664: Daram</name>
    <styleUrl>#customerStyle</styleUrl>
    <description>Demand: 833</description>
    <Point>
      <coordinates>124.795,11.6341,0</coordinates>
    </Point>
  </Placemark>
  <Placemark>
    <name>Customer 665: Socorro</name>
    <styleUrl>#customerStyle</styleUrl>
    <description>Demand: 823</description>
    <Point>
      <coordinates>121.412,13.0583,0</coordinates>
    </Point>
  </Placemark>
  <Placemark>
    <name>Customer 666: Anda</name>
    <styleUrl>#customerStyle</styleUrl>
    <description>Demand: 836</description>
    <Point>
      <coordinates>119.949,16.2896,0</coordinates>
    </Point>
  </Placemark>
  <Placemark>
    <name>Customer 667: Tagudin</name>
    <styleUrl>#customerStyle</styleUrl>
    <description>Demand: 832</description>
    <Point>
      <coordinates>120.446,16.9361,0</coordinates>
    </Point>
  </Placemark>
  <Placemark>
    <name>Customer 668: Tabogon</name>
    <styleUrl>#customerStyle</styleUrl>
    <description>Demand: 826</description>
    <Point>
      <coordinates>124.03,10.93,0</coordinates>
    </Point>
  </Placemark>
  <Placemark>
    <name>Customer 669: Mondragon</name>
    <styleUrl>#customerStyle</styleUrl>
    <description>Demand: 830</description>
    <Point>
      <coordinates>124.75,12.52,0</coordinates>
    </Point>
  </Placemark>
  <Placemark>
    <name>Customer 670: Santa Cruz</name>
    <styleUrl>#customerStyle</styleUrl>
    <description>Demand: 827</description>
    <Point>
      <coordinates>120.455,17.0853,0</coordinates>
    </Point>
  </Placemark>
  <Placemark>
    <name>Customer 671: Maulavi Bāzār</name>
    <styleUrl>#customerStyle</styleUrl>
    <description>Demand: 819</description>
    <Point>
      <coordinates>91.7708,24.4889,0</coordinates>
    </Point>
  </Placemark>
  <Placemark>
    <name>Customer 672: Alcala</name>
    <styleUrl>#customerStyle</styleUrl>
    <description>Demand: 820</description>
    <Point>
      <coordinates>121.656,17.9031,0</coordinates>
    </Point>
  </Placemark>
  <Placemark>
    <name>Customer 673: Maayon</name>
    <styleUrl>#customerStyle</styleUrl>
    <description>Demand: 830</description>
    <Point>
      <coordinates>122.783,11.3903,0</coordinates>
    </Point>
  </Placemark>
  <Placemark>
    <name>Customer 674: Lasam</name>
    <styleUrl>#customerStyle</styleUrl>
    <description>Demand: 823</description>
    <Point>
      <coordinates>121.6,18.07,0</coordinates>
    </Point>
  </Placemark>
  <Placemark>
    <name>Customer 675: Bacong</name>
    <styleUrl>#customerStyle</styleUrl>
    <description>Demand: 820</description>
    <Point>
      <coordinates>123.295,9.2464,0</coordinates>
    </Point>
  </Placemark>
  <Placemark>
    <name>Customer 676: San Jose de Urquico</name>
    <styleUrl>#customerStyle</styleUrl>
    <description>Demand: 821</description>
    <Point>
      <coordinates>120.464,15.4781,0</coordinates>
    </Point>
  </Placemark>
  <Placemark>
    <name>Customer 677: La Libertad</name>
    <styleUrl>#customerStyle</styleUrl>
    <description>Demand: 824</description>
    <Point>
      <coordinates>123.22,10.03,0</coordinates>
    </Point>
  </Placemark>
  <Placemark>
    <name>Customer 678: Tagbina</name>
    <styleUrl>#customerStyle</styleUrl>
    <description>Demand: 825</description>
    <Point>
      <coordinates>126.158,8.4578,0</coordinates>
    </Point>
  </Placemark>
  <Placemark>
    <name>Customer 679: Tampakan</name>
    <styleUrl>#customerStyle</styleUrl>
    <description>Demand: 817</description>
    <Point>
      <coordinates>124.93,6.45,0</coordinates>
    </Point>
  </Placemark>
  <Placemark>
    <name>Customer 680: Maddela</name>
    <styleUrl>#customerStyle</styleUrl>
    <description>Demand: 816</description>
    <Point>
      <coordinates>121.683,16.3411,0</coordinates>
    </Point>
  </Placemark>
  <Placemark>
    <name>Customer 681: Malilipot</name>
    <styleUrl>#customerStyle</styleUrl>
    <description>Demand: 810</description>
    <Point>
      <coordinates>123.73,13.32,0</coordinates>
    </Point>
  </Placemark>
  <Placemark>
    <name>Customer 682: Santo Tomas</name>
    <styleUrl>#customerStyle</styleUrl>
    <description>Demand: 823</description>
    <Point>
      <coordinates>120.38,16.28,0</coordinates>
    </Point>
  </Placemark>
  <Placemark>
    <name>Customer 683: Mobo</name>
    <styleUrl>#customerStyle</styleUrl>
    <description>Demand: 818</description>
    <Point>
      <coordinates>123.658,12.3372,0</coordinates>
    </Point>
  </Placemark>
  <Placemark>
    <name>Customer 684: Vallehermoso</name>
    <styleUrl>#customerStyle</styleUrl>
    <description>Demand: 806</description>
    <Point>
      <coordinates>123.32,10.33,0</coordinates>
    </Point>
  </Placemark>
  <Placemark>
    <name>Customer 685: Lobo</name>
    <styleUrl>#customerStyle</styleUrl>
    <description>Demand: 813</description>
    <Point>
      <coordinates>121.21,13.6473,0</coordinates>
    </Point>
  </Placemark>
  <Placemark>
    <name>Customer 686: Mambusao</name>
    <styleUrl>#customerStyle</styleUrl>
    <description>Demand: 814</description>
    <Point>
      <coordinates>122.595,11.43,0</coordinates>
    </Point>
  </Placemark>
  <Placemark>
    <name>Customer 687: Maragondon</name>
    <styleUrl>#customerStyle</styleUrl>
    <description>Demand: 817</description>
    <Point>
      <coordinates>120.73,14.27,0</coordinates>
    </Point>
  </Placemark>
  <Placemark>
    <name>Customer 688: Nabas</name>
    <styleUrl>#customerStyle</styleUrl>
    <description>Demand: 813</description>
    <Point>
      <coordinates>122.094,11.8278,0</coordinates>
    </Point>
  </Placemark>
  <Placemark>
    <name>Customer 689: Siay</name>
    <styleUrl>#customerStyle</styleUrl>
    <description>Demand: 821</description>
    <Point>
      <coordinates>122.864,7.7056,0</coordinates>
    </Point>
  </Placemark>
  <Placemark>
    <name>Customer 690: San Juan</name>
    <styleUrl>#customerStyle</styleUrl>
    <description>Demand: 807</description>
    <Point>
      <coordinates>120.33,16.67,0</coordinates>
    </Point>
  </Placemark>
  <Placemark>
    <name>Customer 691: Rizal</name>
    <styleUrl>#customerStyle</styleUrl>
    <description>Demand: 806</description>
    <Point>
      <coordinates>120.97,12.47,0</coordinates>
    </Point>
  </Placemark>
  <Placemark>
    <name>Customer 692: Villanueva</name>
    <styleUrl>#customerStyle</styleUrl>
    <description>Demand: 809</description>
    <Point>
      <coordinates>124.78,8.58,0</coordinates>
    </Point>
  </Placemark>
  <Placemark>
    <name>Customer 693: Leyte</name>
    <styleUrl>#customerStyle</styleUrl>
    <description>Demand: 814</description>
    <Point>
      <coordinates>124.48,11.37,0</coordinates>
    </Point>
  </Placemark>
  <Placemark>
    <name>Customer 694: Balaoan</name>
    <styleUrl>#customerStyle</styleUrl>
    <description>Demand: 804</description>
    <Point>
      <coordinates>120.4,16.82,0</coordinates>
    </Point>
  </Placemark>
  <Placemark>
    <name>Customer 695: Bañga</name>
    <styleUrl>#customerStyle</styleUrl>
    <description>Demand: 816</description>
    <Point>
      <coordinates>122.333,11.6389,0</coordinates>
    </Point>
  </Placemark>
  <Placemark>
    <name>Customer 696: Payabon</name>
    <styleUrl>#customerStyle</styleUrl>
    <description>Demand: 813</description>
    <Point>
      <coordinates>123.13,9.77,0</coordinates>
    </Point>
  </Placemark>
  <Placemark>
    <name>Customer 697: Malalag</name>
    <styleUrl>#customerStyle</styleUrl>
    <description>Demand: 797</description>
    <Point>
      <coordinates>125.4,6.6,0</coordinates>
    </Point>
  </Placemark>
  <Placemark>
    <name>Customer 698: Balud</name>
    <styleUrl>#customerStyle</styleUrl>
    <description>Demand: 802</description>
    <Point>
      <coordinates>123.194,12.0369,0</coordinates>
    </Point>
  </Placemark>
  <Placemark>
    <name>Customer 699: Dohazāri</name>
    <styleUrl>#customerStyle</styleUrl>
    <description>Demand: 796</description>
    <Point>
      <coordinates>92.0733,22.1639,0</coordinates>
    </Point>
  </Placemark>
  <Placemark>
    <name>Customer 700: Taysan</name>
    <styleUrl>#customerStyle</styleUrl>
    <description>Demand: 806</description>
    <Point>
      <coordinates>121.2,13.78,0</coordinates>
    </Point>
  </Placemark>
  <Placemark>
    <name>Customer 701: Dingras</name>
    <styleUrl>#customerStyle</styleUrl>
    <description>Demand: 811</description>
    <Point>
      <coordinates>120.698,18.1036,0</coordinates>
    </Point>
  </Placemark>
  <Placemark>
    <name>Customer 702: Valladolid</name>
    <styleUrl>#customerStyle</styleUrl>
    <description>Demand: 794</description>
    <Point>
      <coordinates>122.83,10.47,0</coordinates>
    </Point>
  </Placemark>
  <Placemark>
    <name>Customer 703: Cabatuan</name>
    <styleUrl>#customerStyle</styleUrl>
    <description>Demand: 807</description>
    <Point>
      <coordinates>121.669,16.9589,0</coordinates>
    </Point>
  </Placemark>
  <Placemark>
    <name>Customer 704: Plaridel</name>
    <styleUrl>#customerStyle</styleUrl>
    <description>Demand: 798</description>
    <Point>
      <coordinates>123.71,8.6214,0</coordinates>
    </Point>
  </Placemark>
  <Placemark>
    <name>Customer 705: Panglao</name>
    <styleUrl>#customerStyle</styleUrl>
    <description>Demand: 800</description>
    <Point>
      <coordinates>123.745,9.579,0</coordinates>
    </Point>
  </Placemark>
  <Placemark>
    <name>Customer 706: Tago</name>
    <styleUrl>#customerStyle</styleUrl>
    <description>Demand: 787</description>
    <Point>
      <coordinates>126.233,9.0192,0</coordinates>
    </Point>
  </Placemark>
  <Placemark>
    <name>Customer 707: Baco</name>
    <styleUrl>#customerStyle</styleUrl>
    <description>Demand: 786</description>
    <Point>
      <coordinates>121.098,13.3584,0</coordinates>
    </Point>
  </Placemark>
  <Placemark>
    <name>Customer 708: Pamplona</name>
    <styleUrl>#customerStyle</styleUrl>
    <description>Demand: 790</description>
    <Point>
      <coordinates>123.12,9.47,0</coordinates>
    </Point>
  </Placemark>
  <Placemark>
    <name>Customer 709: Santo Niño</name>
    <styleUrl>#customerStyle</styleUrl>
    <description>Demand: 800</description>
    <Point>
      <coordinates>124.68,6.43,0</coordinates>
    </Point>
  </Placemark>
  <Placemark>
    <name>Customer 710: Palauig</name>
    <styleUrl>#customerStyle</styleUrl>
    <description>Demand: 792</description>
    <Point>
      <coordinates>119.908,15.4336,0</coordinates>
    </Point>
  </Placemark>
  <Placemark>
    <name>Customer 711: San Nicolas</name>
    <styleUrl>#customerStyle</styleUrl>
    <description>Demand: 795</description>
    <Point>
      <coordinates>120.765,16.07,0</coordinates>
    </Point>
  </Placemark>
  <Placemark>
    <name>Customer 712: Magsaysay</name>
    <styleUrl>#customerStyle</styleUrl>
    <description>Demand: 801</description>
    <Point>
      <coordinates>121.147,12.3117,0</coordinates>
    </Point>
  </Placemark>
  <Placemark>
    <name>Customer 713: Alimodian</name>
    <styleUrl>#customerStyle</styleUrl>
    <description>Demand: 785</description>
    <Point>
      <coordinates>122.432,10.8196,0</coordinates>
    </Point>
  </Placemark>
  <Placemark>
    <name>Customer 714: Veruela</name>
    <styleUrl>#customerStyle</styleUrl>
    <description>Demand: 786</description>
    <Point>
      <coordinates>125.96,8.07,0</coordinates>
    </Point>
  </Placemark>
  <Placemark>
    <name>Customer 715: Caraga</name>
    <styleUrl>#customerStyle</styleUrl>
    <description>Demand: 801</description>
    <Point>
      <coordinates>126.566,7.3283,0</coordinates>
    </Point>
  </Placemark>
  <Placemark>
    <name>Customer 716: Buldon</name>
    <styleUrl>#customerStyle</styleUrl>
    <description>Demand: 792</description>
    <Point>
      <coordinates>124.37,7.52,0</coordinates>
    </Point>
  </Placemark>
  <Placemark>
    <name>Customer 717: Talacogon</name>
    <styleUrl>#customerStyle</styleUrl>
    <description>Demand: 796</description>
    <Point>
      <coordinates>125.79,8.45,0</coordinates>
    </Point>
  </Placemark>
  <Placemark>
    <name>Customer 718: Poblacion</name>
    <styleUrl>#customerStyle</styleUrl>
    <description>Demand: 792</description>
    <Point>
      <coordinates>125.921,7.5086,0</coordinates>
    </Point>
  </Placemark>
  <Placemark>
    <name>Customer 719: Manay</name>
    <styleUrl>#customerStyle</styleUrl>
    <description>Demand: 801</description>
    <Point>
      <coordinates>126.533,7.2108,0</coordinates>
    </Point>
  </Placemark>
  <Placemark>
    <name>Customer 720: Kalingalan Caluang</name>
    <styleUrl>#customerStyle</styleUrl>
    <description>Demand: 790</description>
    <Point>
      <coordinates>121.27,5.88,0</coordinates>
    </Point>
  </Placemark>
  <Placemark>
    <name>Customer 721: Lilio</name>
    <styleUrl>#customerStyle</styleUrl>
    <description>Demand: 794</description>
    <Point>
      <coordinates>121.436,14.13,0</coordinates>
    </Point>
  </Placemark>
  <Placemark>
    <name>Customer 722: Siniloan</name>
    <styleUrl>#customerStyle</styleUrl>
    <description>Demand: 784</description>
    <Point>
      <coordinates>121.45,14.42,0</coordinates>
    </Point>
  </Placemark>
  <Placemark>
    <name>Customer 723: Alicia</name>
    <styleUrl>#customerStyle</styleUrl>
    <description>Demand: 798</description>
    <Point>
      <coordinates>122.941,7.506,0</coordinates>
    </Point>
  </Placemark>
  <Placemark>
    <name>Customer 724: Sogod</name>
    <styleUrl>#customerStyle</styleUrl>
    <description>Demand: 787</description>
    <Point>
      <coordinates>124,10.75,0</coordinates>
    </Point>
  </Placemark>
  <Placemark>
    <name>Customer 725: Clarin</name>
    <styleUrl>#customerStyle</styleUrl>
    <description>Demand: 791</description>
    <Point>
      <coordinates>123.85,8.2,0</coordinates>
    </Point>
  </Placemark>
  <Placemark>
    <name>Customer 726: Pamplona</name>
    <styleUrl>#customerStyle</styleUrl>
    <description>Demand: 794</description>
    <Point>
      <coordinates>123.083,13.5925,0</coordinates>
    </Point>
  </Placemark>
  <Placemark>
    <name>Customer 727: Damulog</name>
    <styleUrl>#customerStyle</styleUrl>
    <description>Demand: 781</description>
    <Point>
      <coordinates>124.941,7.4853,0</coordinates>
    </Point>
  </Placemark>
  <Placemark>
    <name>Customer 728: Bayanan</name>
    <styleUrl>#customerStyle</styleUrl>
    <description>Demand: 789</description>
    <Point>
      <coordinates>121.05,14.4078,0</coordinates>
    </Point>
  </Placemark>
  <Placemark>
    <name>Customer 729: Agoncillo</name>
    <styleUrl>#customerStyle</styleUrl>
    <description>Demand: 778</description>
    <Point>
      <coordinates>120.928,13.9334,0</coordinates>
    </Point>
  </Placemark>
  <Placemark>
    <name>Customer 730: Sual</name>
    <styleUrl>#customerStyle</styleUrl>
    <description>Demand: 781</description>
    <Point>
      <coordinates>120.096,16.0661,0</coordinates>
    </Point>
  </Placemark>
  <Placemark>
    <name>Customer 731: San Dionisio</name>
    <styleUrl>#customerStyle</styleUrl>
    <description>Demand: 779</description>
    <Point>
      <coordinates>123.095,11.2711,0</coordinates>
    </Point>
  </Placemark>
  <Placemark>
    <name>Customer 732: Gabaldon</name>
    <styleUrl>#customerStyle</styleUrl>
    <description>Demand: 773</description>
    <Point>
      <coordinates>121.338,15.4506,0</coordinates>
    </Point>
  </Placemark>
  <Placemark>
    <name>Customer 733: Caluya</name>
    <styleUrl>#customerStyle</styleUrl>
    <description>Demand: 781</description>
    <Point>
      <coordinates>121.548,11.932,0</coordinates>
    </Point>
  </Placemark>
  <Placemark>
    <name>Customer 734: San Nicolas</name>
    <styleUrl>#customerStyle</styleUrl>
    <description>Demand: 773</description>
    <Point>
      <coordinates>120.595,18.175,0</coordinates>
    </Point>
  </Placemark>
  <Placemark>
    <name>Customer 735: Cabugao</name>
    <styleUrl>#customerStyle</styleUrl>
    <description>Demand: 782</description>
    <Point>
      <coordinates>120.456,17.7947,0</coordinates>
    </Point>
  </Placemark>
  <Placemark>
    <name>Customer 736: Marikina Heights</name>
    <styleUrl>#customerStyle</styleUrl>
    <description>Demand: 769</description>
    <Point>
      <coordinates>121.119,14.6534,0</coordinates>
    </Point>
  </Placemark>
  <Placemark>
    <name>Customer 737: Aborlan</name>
    <styleUrl>#customerStyle</styleUrl>
    <description>Demand: 771</description>
    <Point>
      <coordinates>118.548,9.4386,0</coordinates>
    </Point>
  </Placemark>
  <Placemark>
    <name>Customer 738: Valencia</name>
    <styleUrl>#customerStyle</styleUrl>
    <description>Demand: 779</description>
    <Point>
      <coordinates>123.25,9.28,0</coordinates>
    </Point>
  </Placemark>
  <Placemark>
    <name>Customer 739: Real</name>
    <styleUrl>#customerStyle</styleUrl>
    <description>Demand: 772</description>
    <Point>
      <coordinates>121.6,14.67,0</coordinates>
    </Point>
  </Placemark>
  <Placemark>
    <name>Customer 740: Jamindan</name>
    <styleUrl>#customerStyle</styleUrl>
    <description>Demand: 783</description>
    <Point>
      <coordinates>122.51,11.4094,0</coordinates>
    </Point>
  </Placemark>
  <Placemark>
    <name>Customer 741: Margosatubig</name>
    <styleUrl>#customerStyle</styleUrl>
    <description>Demand: 783</description>
    <Point>
      <coordinates>123.166,7.5783,0</coordinates>
    </Point>
  </Placemark>
  <Placemark>
    <name>Customer 742: San Fernando</name>
    <styleUrl>#customerStyle</styleUrl>
    <description>Demand: 781</description>
    <Point>
      <coordinates>123.142,13.5661,0</coordinates>
    </Point>
  </Placemark>
  <Placemark>
    <name>Customer 743: San Andres</name>
    <styleUrl>#customerStyle</styleUrl>
    <description>Demand: 774</description>
    <Point>
      <coordinates>124.099,13.5961,0</coordinates>
    </Point>
  </Placemark>
  <Placemark>
    <name>Customer 744: Maasin</name>
    <styleUrl>#customerStyle</styleUrl>
    <description>Demand: 779</description>
    <Point>
      <coordinates>122.43,10.88,0</coordinates>
    </Point>
  </Placemark>
  <Placemark>
    <name>Customer 745: Olutanga</name>
    <styleUrl>#customerStyle</styleUrl>
    <description>Demand: 777</description>
    <Point>
      <coordinates>122.846,7.3106,0</coordinates>
    </Point>
  </Placemark>
  <Placemark>
    <name>Customer 746: Buug</name>
    <styleUrl>#customerStyle</styleUrl>
    <description>Demand: 769</description>
    <Point>
      <coordinates>123.061,7.7286,0</coordinates>
    </Point>
  </Placemark>
  <Placemark>
    <name>Customer 747: Patnongon</name>
    <styleUrl>#customerStyle</styleUrl>
    <description>Demand: 764</description>
    <Point>
      <coordinates>121.995,10.9142,0</coordinates>
    </Point>
  </Placemark>
  <Placemark>
    <name>Customer 748: Samal</name>
    <styleUrl>#customerStyle</styleUrl>
    <description>Demand: 766</description>
    <Point>
      <coordinates>120.543,14.7678,0</coordinates>
    </Point>
  </Placemark>
  <Placemark>
    <name>Customer 749: Laur</name>
    <styleUrl>#customerStyle</styleUrl>
    <description>Demand: 775</description>
    <Point>
      <coordinates>121.186,15.5797,0</coordinates>
    </Point>
  </Placemark>
  <Placemark>
    <name>Customer 750: Borbon</name>
    <styleUrl>#customerStyle</styleUrl>
    <description>Demand: 758</description>
    <Point>
      <coordinates>124,10.83,0</coordinates>
    </Point>
  </Placemark>
  <Placemark>
    <name>Customer 751: Tayasan</name>
    <styleUrl>#customerStyle</styleUrl>
    <description>Demand: 773</description>
    <Point>
      <coordinates>123.15,9.92,0</coordinates>
    </Point>
  </Placemark>
  <Placemark>
    <name>Customer 752: Mapandan</name>
    <styleUrl>#customerStyle</styleUrl>
    <description>Demand: 765</description>
    <Point>
      <coordinates>120.454,16.026,0</coordinates>
    </Point>
  </Placemark>
  <Placemark>
    <name>Customer 753: Bangar</name>
    <styleUrl>#customerStyle</styleUrl>
    <description>Demand: 761</description>
    <Point>
      <coordinates>120.42,16.9,0</coordinates>
    </Point>
  </Placemark>
  <Placemark>
    <name>Customer 754: Bagabag</name>
    <styleUrl>#customerStyle</styleUrl>
    <description>Demand: 766</description>
    <Point>
      <coordinates>121.252,16.6044,0</coordinates>
    </Point>
  </Placemark>
  <Placemark>
    <name>Customer 755: Luuk</name>
    <styleUrl>#customerStyle</styleUrl>
    <description>Demand: 750</description>
    <Point>
      <coordinates>121.313,5.9676,0</coordinates>
    </Point>
  </Placemark>
  <Placemark>
    <name>Customer 756: Santo Domingo</name>
    <styleUrl>#customerStyle</styleUrl>
    <description>Demand: 747</description>
    <Point>
      <coordinates>123.777,13.235,0</coordinates>
    </Point>
  </Placemark>
  <Placemark>
    <name>Customer 757: Marantao</name>
    <styleUrl>#customerStyle</styleUrl>
    <description>Demand: 759</description>
    <Point>
      <coordinates>124.233,7.95,0</coordinates>
    </Point>
  </Placemark>
  <Placemark>
    <name>Customer 758: Karuhatan</name>
    <styleUrl>#customerStyle</styleUrl>
    <description>Demand: 752</description>
    <Point>
      <coordinates>120.976,14.6883,0</coordinates>
    </Point>
  </Placemark>
  <Placemark>
    <name>Customer 759: San Marcelino</name>
    <styleUrl>#customerStyle</styleUrl>
    <description>Demand: 762</description>
    <Point>
      <coordinates>120.157,14.9742,0</coordinates>
    </Point>
  </Placemark>
  <Placemark>
    <name>Customer 760: Basista</name>
    <styleUrl>#customerStyle</styleUrl>
    <description>Demand: 762</description>
    <Point>
      <coordinates>120.398,15.8524,0</coordinates>
    </Point>
  </Placemark>
  <Placemark>
    <name>Customer 761: Tambulig</name>
    <styleUrl>#customerStyle</styleUrl>
    <description>Demand: 755</description>
    <Point>
      <coordinates>123.537,8.07,0</coordinates>
    </Point>
  </Placemark>
  <Placemark>
    <name>Customer 762: San Andres</name>
    <styleUrl>#customerStyle</styleUrl>
    <description>Demand: 743</description>
    <Point>
      <coordinates>122.676,13.3231,0</coordinates>
    </Point>
  </Placemark>
  <Placemark>
    <name>Customer 763: Oras</name>
    <styleUrl>#customerStyle</styleUrl>
    <description>Demand: 739</description>
    <Point>
      <coordinates>125.439,12.1414,0</coordinates>
    </Point>
  </Placemark>
  <Placemark>
    <name>Customer 764: San Antonio</name>
    <styleUrl>#customerStyle</styleUrl>
    <description>Demand: 747</description>
    <Point>
      <coordinates>120.086,14.9486,0</coordinates>
    </Point>
  </Placemark>
  <Placemark>
    <name>Customer 765: Magallanes</name>
    <styleUrl>#customerStyle</styleUrl>
    <description>Demand: 747</description>
    <Point>
      <coordinates>123.834,12.8283,0</coordinates>
    </Point>
  </Placemark>
  <Placemark>
    <name>Customer 766: Mabuhay</name>
    <styleUrl>#customerStyle</styleUrl>
    <description>Demand: 752</description>
    <Point>
      <coordinates>122.837,7.4176,0</coordinates>
    </Point>
  </Placemark>
  <Placemark>
    <name>Customer 767: Sitangkai</name>
    <styleUrl>#customerStyle</styleUrl>
    <description>Demand: 747</description>
    <Point>
      <coordinates>119.392,4.6615,0</coordinates>
    </Point>
  </Placemark>
  <Placemark>
    <name>Customer 768: Luna</name>
    <styleUrl>#customerStyle</styleUrl>
    <description>Demand: 752</description>
    <Point>
      <coordinates>120.38,16.85,0</coordinates>
    </Point>
  </Placemark>
  <Placemark>
    <name>Customer 769: Mankayan</name>
    <styleUrl>#customerStyle</styleUrl>
    <description>Demand: 741</description>
    <Point>
      <coordinates>120.793,16.8567,0</coordinates>
    </Point>
  </Placemark>
  <Placemark>
    <name>Customer 770: Bantay</name>
    <styleUrl>#customerStyle</styleUrl>
    <description>Demand: 752</description>
    <Point>
      <coordinates>120.391,17.5839,0</coordinates>
    </Point>
  </Placemark>
  <Placemark>
    <name>Customer 771: Imbatug</name>
    <styleUrl>#customerStyle</styleUrl>
    <description>Demand: 746</description>
    <Point>
      <coordinates>124.687,8.3128,0</coordinates>
    </Point>
  </Placemark>
  <Placemark>
    <name>Customer 772: Languyan</name>
    <styleUrl>#customerStyle</styleUrl>
    <description>Demand: 738</description>
    <Point>
      <coordinates>120.083,5.2667,0</coordinates>
    </Point>
  </Placemark>
  <Placemark>
    <name>Customer 773: Kālihāti</name>
    <styleUrl>#customerStyle</styleUrl>
    <description>Demand: 746</description>
    <Point>
      <coordinates>89.9833,24.3833,0</coordinates>
    </Point>
  </Placemark>
  <Placemark>
    <name>Customer 774: Moalboal</name>
    <styleUrl>#customerStyle</styleUrl>
    <description>Demand: 736</description>
    <Point>
      <coordinates>123.4,9.95,0</coordinates>
    </Point>
  </Placemark>
  <Placemark>
    <name>Customer 775: Basilisa</name>
    <styleUrl>#customerStyle</styleUrl>
    <description>Demand: 732</description>
    <Point>
      <coordinates>125.597,10.0654,0</coordinates>
    </Point>
  </Placemark>
  <Placemark>
    <name>Customer 776: San Enrique</name>
    <styleUrl>#customerStyle</styleUrl>
    <description>Demand: 743</description>
    <Point>
      <coordinates>122.657,11.0697,0</coordinates>
    </Point>
  </Placemark>
  <Placemark>
    <name>Customer 777: Manucan</name>
    <styleUrl>#customerStyle</styleUrl>
    <description>Demand: 747</description>
    <Point>
      <coordinates>123.092,8.5161,0</coordinates>
    </Point>
  </Placemark>
  <Placemark>
    <name>Customer 778: Sagnay</name>
    <styleUrl>#customerStyle</styleUrl>
    <description>Demand: 736</description>
    <Point>
      <coordinates>123.523,13.6039,0</coordinates>
    </Point>
  </Placemark>
  <Placemark>
    <name>Customer 779: Magsaysay</name>
    <styleUrl>#customerStyle</styleUrl>
    <description>Demand: 730</description>
    <Point>
      <coordinates>125.18,9.02,0</coordinates>
    </Point>
  </Placemark>
  <Placemark>
    <name>Customer 780: Enrile</name>
    <styleUrl>#customerStyle</styleUrl>
    <description>Demand: 741</description>
    <Point>
      <coordinates>121.701,17.5622,0</coordinates>
    </Point>
  </Placemark>
  <Placemark>
    <name>Customer 781: Sītākund</name>
    <styleUrl>#customerStyle</styleUrl>
    <description>Demand: 738</description>
    <Point>
      <coordinates>91.6594,22.6216,0</coordinates>
    </Point>
  </Placemark>
  <Placemark>
    <name>Customer 782: Aurora</name>
    <styleUrl>#customerStyle</styleUrl>
    <description>Demand: 723</description>
    <Point>
      <coordinates>121.636,16.9918,0</coordinates>
    </Point>
  </Placemark>
  <Placemark>
    <name>Customer 783: Las Navas</name>
    <styleUrl>#customerStyle</styleUrl>
    <description>Demand: 730</description>
    <Point>
      <coordinates>125.032,12.34,0</coordinates>
    </Point>
  </Placemark>
  <Placemark>
    <name>Customer 784: Benāpol</name>
    <styleUrl>#customerStyle</styleUrl>
    <description>Demand: 723</description>
    <Point>
      <coordinates>88.8956,23.0419,0</coordinates>
    </Point>
  </Placemark>
  <Placemark>
    <name>Customer 785: Simbahan</name>
    <styleUrl>#customerStyle</styleUrl>
    <description>Demand: 735</description>
    <Point>
      <coordinates>120.58,6.3,0</coordinates>
    </Point>
  </Placemark>
  <Placemark>
    <name>Customer 786: Dinas</name>
    <styleUrl>#customerStyle</styleUrl>
    <description>Demand: 724</description>
    <Point>
      <coordinates>123.338,7.6161,0</coordinates>
    </Point>
  </Placemark>
  <Placemark>
    <name>Customer 787: Cabanglasan</name>
    <styleUrl>#customerStyle</styleUrl>
    <description>Demand: 720</description>
    <Point>
      <coordinates>125.299,8.0772,0</coordinates>
    </Point>
  </Placemark>
  <Placemark>
    <name>Customer 788: Siayan</name>
    <styleUrl>#customerStyle</styleUrl>
    <description>Demand: 724</description>
    <Point>
      <coordinates>123.114,8.2517,0</coordinates>
    </Point>
  </Placemark>
  <Placemark>
    <name>Customer 789: Cuenca</name>
    <styleUrl>#customerStyle</styleUrl>
    <description>Demand: 730</description>
    <Point>
      <coordinates>121.05,13.8988,0</coordinates>
    </Point>
  </Placemark>
  <Placemark>
    <name>Customer 790: Capalonga</name>
    <styleUrl>#customerStyle</styleUrl>
    <description>Demand: 716</description>
    <Point>
      <coordinates>122.493,14.3314,0</coordinates>
    </Point>
  </Placemark>
  <Placemark>
    <name>Customer 791: Canaman</name>
    <styleUrl>#customerStyle</styleUrl>
    <description>Demand: 722</description>
    <Point>
      <coordinates>123.171,13.6481,0</coordinates>
    </Point>
  </Placemark>
  <Placemark>
    <name>Customer 792: Gasan</name>
    <styleUrl>#customerStyle</styleUrl>
    <description>Demand: 724</description>
    <Point>
      <coordinates>121.85,13.32,0</coordinates>
    </Point>
  </Placemark>
  <Placemark>
    <name>Customer 793: Dagami</name>
    <styleUrl>#customerStyle</styleUrl>
    <description>Demand: 720</description>
    <Point>
      <coordinates>124.903,11.0611,0</coordinates>
    </Point>
  </Placemark>
  <Placemark>
    <name>Customer 794: San Luis</name>
    <styleUrl>#customerStyle</styleUrl>
    <description>Demand: 721</description>
    <Point>
      <coordinates>120.93,13.83,0</coordinates>
    </Point>
  </Placemark>
  <Placemark>
    <name>Customer 795: Rapu-Rapu</name>
    <styleUrl>#customerStyle</styleUrl>
    <description>Demand: 731</description>
    <Point>
      <coordinates>124.13,13.18,0</coordinates>
    </Point>
  </Placemark>
  <Placemark>
    <name>Customer 796: Barira</name>
    <styleUrl>#customerStyle</styleUrl>
    <description>Demand: 728</description>
    <Point>
      <coordinates>124.356,7.4706,0</coordinates>
    </Point>
  </Placemark>
  <Placemark>
    <name>Customer 797: Kishmat Dhanbāri</name>
    <styleUrl>#customerStyle</styleUrl>
    <description>Demand: 715</description>
    <Point>
      <coordinates>90.025,24.6167,0</coordinates>
    </Point>
  </Placemark>
  <Placemark>
    <name>Customer 798: Gutalac</name>
    <styleUrl>#customerStyle</styleUrl>
    <description>Demand: 719</description>
    <Point>
      <coordinates>122.4,7.98,0</coordinates>
    </Point>
  </Placemark>
  <Placemark>
    <name>Customer 799: Sibuco</name>
    <styleUrl>#customerStyle</styleUrl>
    <description>Demand: 719</description>
    <Point>
      <coordinates>122.067,7.2928,0</coordinates>
    </Point>
  </Placemark>
  <Placemark>
    <name>Customer 800: Matanog</name>
    <styleUrl>#customerStyle</styleUrl>
    <description>Demand: 720</description>
    <Point>
      <coordinates>124.25,7.47,0</coordinates>
    </Point>
  </Placemark>
  <Placemark>
    <name>Customer 801: Claveria</name>
    <styleUrl>#customerStyle</styleUrl>
    <description>Demand: 715</description>
    <Point>
      <coordinates>125.733,9.5742,0</coordinates>
    </Point>
  </Placemark>
  <Placemark>
    <name>Customer 802: Bel-Air</name>
    <styleUrl>#customerStyle</styleUrl>
    <description>Demand: 712</description>
    <Point>
      <coordinates>121.026,14.5639,0</coordinates>
    </Point>
  </Placemark>
  <Placemark>
    <name>Customer 803: Pandan</name>
    <styleUrl>#customerStyle</styleUrl>
    <description>Demand: 724</description>
    <Point>
      <coordinates>122.096,11.7206,0</coordinates>
    </Point>
  </Placemark>
  <Placemark>
    <name>Customer 804: Jagna</name>
    <styleUrl>#customerStyle</styleUrl>
    <description>Demand: 706</description>
    <Point>
      <coordinates>124.37,9.65,0</coordinates>
    </Point>
  </Placemark>
  <Placemark>
    <name>Customer 805: Numancia</name>
    <styleUrl>#customerStyle</styleUrl>
    <description>Demand: 712</description>
    <Point>
      <coordinates>122.329,11.7042,0</coordinates>
    </Point>
  </Placemark>
  <Placemark>
    <name>Customer 806: Santa Ana</name>
    <styleUrl>#customerStyle</styleUrl>
    <description>Demand: 722</description>
    <Point>
      <coordinates>122.142,18.4589,0</coordinates>
    </Point>
  </Placemark>
  <Placemark>
    <name>Customer 807: Medina</name>
    <styleUrl>#customerStyle</styleUrl>
    <description>Demand: 715</description>
    <Point>
      <coordinates>125.02,8.92,0</coordinates>
    </Point>
  </Placemark>
  <Placemark>
    <name>Customer 808: Casiguran</name>
    <styleUrl>#customerStyle</styleUrl>
    <description>Demand: 708</description>
    <Point>
      <coordinates>124.008,12.8731,0</coordinates>
    </Point>
  </Placemark>
  <Placemark>
    <name>Customer 809: Pambujan</name>
    <styleUrl>#customerStyle</styleUrl>
    <description>Demand: 708</description>
    <Point>
      <coordinates>124.93,12.57,0</coordinates>
    </Point>
  </Placemark>
  <Placemark>
    <name>Customer 810: Pola</name>
    <styleUrl>#customerStyle</styleUrl>
    <description>Demand: 716</description>
    <Point>
      <coordinates>121.44,13.1439,0</coordinates>
    </Point>
  </Placemark>
  <Placemark>
    <name>Customer 811: Bautista</name>
    <styleUrl>#customerStyle</styleUrl>
    <description>Demand: 699</description>
    <Point>
      <coordinates>120.476,15.8103,0</coordinates>
    </Point>
  </Placemark>
  <Placemark>
    <name>Customer 812: Morong</name>
    <styleUrl>#customerStyle</styleUrl>
    <description>Demand: 698</description>
    <Point>
      <coordinates>120.268,14.68,0</coordinates>
    </Point>
  </Placemark>
  <Placemark>
    <name>Customer 813: Juban</name>
    <styleUrl>#customerStyle</styleUrl>
    <description>Demand: 712</description>
    <Point>
      <coordinates>123.989,12.8478,0</coordinates>
    </Point>
  </Placemark>
  <Placemark>
    <name>Customer 814: Pansol</name>
    <styleUrl>#customerStyle</styleUrl>
    <description>Demand: 705</description>
    <Point>
      <coordinates>121.08,14.6514,0</coordinates>
    </Point>
  </Placemark>
  <Placemark>
    <name>Customer 815: Chandanais</name>
    <styleUrl>#customerStyle</styleUrl>
    <description>Demand: 698</description>
    <Point>
      <coordinates>92.0111,22.2113,0</coordinates>
    </Point>
  </Placemark>
  <Placemark>
    <name>Customer 816: Gandara</name>
    <styleUrl>#customerStyle</styleUrl>
    <description>Demand: 708</description>
    <Point>
      <coordinates>124.812,12.013,0</coordinates>
    </Point>
  </Placemark>
  <Placemark>
    <name>Customer 817: Allacapan</name>
    <styleUrl>#customerStyle</styleUrl>
    <description>Demand: 714</description>
    <Point>
      <coordinates>121.556,18.227,0</coordinates>
    </Point>
  </Placemark>
  <Placemark>
    <name>Customer 818: San Luis</name>
    <styleUrl>#customerStyle</styleUrl>
    <description>Demand: 703</description>
    <Point>
      <coordinates>125.74,8.5,0</coordinates>
    </Point>
  </Placemark>
  <Placemark>
    <name>Customer 819: Abra de Ilog</name>
    <styleUrl>#customerStyle</styleUrl>
    <description>Demand: 696</description>
    <Point>
      <coordinates>120.726,13.4448,0</coordinates>
    </Point>
  </Placemark>
  <Placemark>
    <name>Customer 820: Sulop</name>
    <styleUrl>#customerStyle</styleUrl>
    <description>Demand: 708</description>
    <Point>
      <coordinates>125.344,6.5986,0</coordinates>
    </Point>
  </Placemark>
  <Placemark>
    <name>Customer 821: Lingig</name>
    <styleUrl>#customerStyle</styleUrl>
    <description>Demand: 702</description>
    <Point>
      <coordinates>126.413,8.0381,0</coordinates>
    </Point>
  </Placemark>
  <Placemark>
    <name>Customer 822: Trinidad</name>
    <styleUrl>#customerStyle</styleUrl>
    <description>Demand: 701</description>
    <Point>
      <coordinates>124.343,10.0795,0</coordinates>
    </Point>
  </Placemark>
  <Placemark>
    <name>Customer 823: Balasan</name>
    <styleUrl>#customerStyle</styleUrl>
    <description>Demand: 694</description>
    <Point>
      <coordinates>123.088,11.4728,0</coordinates>
    </Point>
  </Placemark>
  <Placemark>
    <name>Customer 824: Guimbal</name>
    <styleUrl>#customerStyle</styleUrl>
    <description>Demand: 707</description>
    <Point>
      <coordinates>122.32,10.67,0</coordinates>
    </Point>
  </Placemark>
  <Placemark>
    <name>Customer 825: Munai</name>
    <styleUrl>#customerStyle</styleUrl>
    <description>Demand: 708</description>
    <Point>
      <coordinates>124.064,7.9758,0</coordinates>
    </Point>
  </Placemark>
  <Placemark>
    <name>Customer 826: Payao</name>
    <styleUrl>#customerStyle</styleUrl>
    <description>Demand: 708</description>
    <Point>
      <coordinates>122.802,7.5857,0</coordinates>
    </Point>
  </Placemark>
  <Placemark>
    <name>Customer 827: Mendez-Nuñez</name>
    <styleUrl>#customerStyle</styleUrl>
    <description>Demand: 697</description>
    <Point>
      <coordinates>120.906,14.1286,0</coordinates>
    </Point>
  </Placemark>
  <Placemark>
    <name>Customer 828: Leganes</name>
    <styleUrl>#customerStyle</styleUrl>
    <description>Demand: 703</description>
    <Point>
      <coordinates>122.58,10.78,0</coordinates>
    </Point>
  </Placemark>
  <Placemark>
    <name>Customer 829: Bugasong</name>
    <styleUrl>#customerStyle</styleUrl>
    <description>Demand: 687</description>
    <Point>
      <coordinates>122.065,11.0447,0</coordinates>
    </Point>
  </Placemark>
  <Placemark>
    <name>Customer 830: Dueñas</name>
    <styleUrl>#customerStyle</styleUrl>
    <description>Demand: 699</description>
    <Point>
      <coordinates>122.62,11.07,0</coordinates>
    </Point>
  </Placemark>
  <Placemark>
    <name>Customer 831: Abulug</name>
    <styleUrl>#customerStyle</styleUrl>
    <description>Demand: 687</description>
    <Point>
      <coordinates>121.458,18.4441,0</coordinates>
    </Point>
  </Placemark>
  <Placemark>
    <name>Customer 832: Bonifacio</name>
    <styleUrl>#customerStyle</styleUrl>
    <description>Demand: 690</description>
    <Point>
      <coordinates>123.614,8.0527,0</coordinates>
    </Point>
  </Placemark>
  <Placemark>
    <name>Customer 833: Bayog</name>
    <styleUrl>#customerStyle</styleUrl>
    <description>Demand: 698</description>
    <Point>
      <coordinates>123.042,7.8474,0</coordinates>
    </Point>
  </Placemark>
  <Placemark>
    <name>Customer 834: Mogpog</name>
    <styleUrl>#customerStyle</styleUrl>
    <description>Demand: 700</description>
    <Point>
      <coordinates>121.87,13.48,0</coordinates>
    </Point>
  </Placemark>
  <Placemark>
    <name>Customer 835: Santa Maria</name>
    <styleUrl>#customerStyle</styleUrl>
    <description>Demand: 688</description>
    <Point>
      <coordinates>121.425,14.475,0</coordinates>
    </Point>
  </Placemark>
  <Placemark>
    <name>Customer 836: Barugo</name>
    <styleUrl>#customerStyle</styleUrl>
    <description>Demand: 685</description>
    <Point>
      <coordinates>124.73,11.32,0</coordinates>
    </Point>
  </Placemark>
  <Placemark>
    <name>Customer 837: Ballesteros</name>
    <styleUrl>#customerStyle</styleUrl>
    <description>Demand: 697</description>
    <Point>
      <coordinates>121.517,18.4108,0</coordinates>
    </Point>
  </Placemark>
  <Placemark>
    <name>Customer 838: Santa Fe</name>
    <styleUrl>#customerStyle</styleUrl>
    <description>Demand: 698</description>
    <Point>
      <coordinates>123.8,11.15,0</coordinates>
    </Point>
  </Placemark>
  <Placemark>
    <name>Customer 839: Aloguinsan</name>
    <styleUrl>#customerStyle</styleUrl>
    <description>Demand: 691</description>
    <Point>
      <coordinates>123.549,10.2229,0</coordinates>
    </Point>
  </Placemark>
  <Placemark>
    <name>Customer 840: Hatibanda</name>
    <styleUrl>#customerStyle</styleUrl>
    <description>Demand: 682</description>
    <Point>
      <coordinates>90.16,24.2155,0</coordinates>
    </Point>
  </Placemark>
  <Placemark>
    <name>Customer 841: Tandubas</name>
    <styleUrl>#customerStyle</styleUrl>
    <description>Demand: 692</description>
    <Point>
      <coordinates>120.346,5.134,0</coordinates>
    </Point>
  </Placemark>
  <Placemark>
    <name>Customer 842: Pinukpuk</name>
    <styleUrl>#customerStyle</styleUrl>
    <description>Demand: 689</description>
    <Point>
      <coordinates>121.365,17.5731,0</coordinates>
    </Point>
  </Placemark>
  <Placemark>
    <name>Customer 843: New Panamao</name>
    <styleUrl>#customerStyle</styleUrl>
    <description>Demand: 677</description>
    <Point>
      <coordinates>121.2,5.97,0</coordinates>
    </Point>
  </Placemark>
  <Placemark>
    <name>Customer 844: Simunul</name>
    <styleUrl>#customerStyle</styleUrl>
    <description>Demand: 684</description>
    <Point>
      <coordinates>119.821,4.898,0</coordinates>
    </Point>
  </Placemark>
  <Placemark>
    <name>Customer 845: Sibutu</name>
    <styleUrl>#customerStyle</styleUrl>
    <description>Demand: 676</description>
    <Point>
      <coordinates>119.47,4.85,0</coordinates>
    </Point>
  </Placemark>
  <Placemark>
    <name>Customer 846: General Nakar</name>
    <styleUrl>#customerStyle</styleUrl>
    <description>Demand: 681</description>
    <Point>
      <coordinates>121.635,14.7631,0</coordinates>
    </Point>
  </Placemark>
  <Placemark>
    <name>Customer 847: Santa Maria</name>
    <styleUrl>#customerStyle</styleUrl>
    <description>Demand: 677</description>
    <Point>
      <coordinates>120.7,15.9808,0</coordinates>
    </Point>
  </Placemark>
  <Placemark>
    <name>Customer 848: Talayan</name>
    <styleUrl>#customerStyle</styleUrl>
    <description>Demand: 674</description>
    <Point>
      <coordinates>124.356,6.9844,0</coordinates>
    </Point>
  </Placemark>
  <Placemark>
    <name>Customer 849: Laoac East</name>
    <styleUrl>#customerStyle</styleUrl>
    <description>Demand: 687</description>
    <Point>
      <coordinates>120.55,16.0333,0</coordinates>
    </Point>
  </Placemark>
  <Placemark>
    <name>Customer 850: Guindulman</name>
    <styleUrl>#customerStyle</styleUrl>
    <description>Demand: 677</description>
    <Point>
      <coordinates>124.488,9.762,0</coordinates>
    </Point>
  </Placemark>
  <Placemark>
    <name>Customer 851: San Manuel</name>
    <styleUrl>#customerStyle</styleUrl>
    <description>Demand: 685</description>
    <Point>
      <coordinates>121.63,17.02,0</coordinates>
    </Point>
  </Placemark>
  <Placemark>
    <name>Customer 852: Cantilan</name>
    <styleUrl>#customerStyle</styleUrl>
    <description>Demand: 676</description>
    <Point>
      <coordinates>125.977,9.3356,0</coordinates>
    </Point>
  </Placemark>
  <Placemark>
    <name>Customer 853: San Remigio</name>
    <styleUrl>#customerStyle</styleUrl>
    <description>Demand: 684</description>
    <Point>
      <coordinates>122.088,10.8331,0</coordinates>
    </Point>
  </Placemark>
  <Placemark>
    <name>Customer 854: Palapag</name>
    <styleUrl>#customerStyle</styleUrl>
    <description>Demand: 687</description>
    <Point>
      <coordinates>125.116,12.547,0</coordinates>
    </Point>
  </Placemark>
  <Placemark>
    <name>Customer 855: Jalajala</name>
    <styleUrl>#customerStyle</styleUrl>
    <description>Demand: 690</description>
    <Point>
      <coordinates>121.324,14.354,0</coordinates>
    </Point>
  </Placemark>
  <Placemark>
    <name>Customer 856: Shariff Aguak</name>
    <styleUrl>#customerStyle</styleUrl>
    <description>Demand: 678</description>
    <Point>
      <coordinates>124.442,6.8647,0</coordinates>
    </Point>
  </Placemark>
  <Placemark>
    <name>Customer 857: San Quintin</name>
    <styleUrl>#customerStyle</styleUrl>
    <description>Demand: 685</description>
    <Point>
      <coordinates>120.815,15.9844,0</coordinates>
    </Point>
  </Placemark>
  <Placemark>
    <name>Customer 858: Milaor</name>
    <styleUrl>#customerStyle</styleUrl>
    <description>Demand: 679</description>
    <Point>
      <coordinates>123.178,13.5956,0</coordinates>
    </Point>
  </Placemark>
  <Placemark>
    <name>Customer 859: Sibagat</name>
    <styleUrl>#customerStyle</styleUrl>
    <description>Demand: 674</description>
    <Point>
      <coordinates>125.69,8.82,0</coordinates>
    </Point>
  </Placemark>
  <Placemark>
    <name>Customer 860: Initao</name>
    <styleUrl>#customerStyle</styleUrl>
    <description>Demand: 686</description>
    <Point>
      <coordinates>124.317,8.5,0</coordinates>
    </Point>
  </Placemark>
  <Placemark>
    <name>Customer 861: Lupi Viejo</name>
    <styleUrl>#customerStyle</styleUrl>
    <description>Demand: 672</description>
    <Point>
      <coordinates>122.909,13.7908,0</coordinates>
    </Point>
  </Placemark>
  <Placemark>
    <name>Customer 862: Tabango</name>
    <styleUrl>#customerStyle</styleUrl>
    <description>Demand: 677</description>
    <Point>
      <coordinates>124.371,11.3067,0</coordinates>
    </Point>
  </Placemark>
  <Placemark>
    <name>Customer 863: Baclaran</name>
    <styleUrl>#customerStyle</styleUrl>
    <description>Demand: 674</description>
    <Point>
      <coordinates>120.994,14.5319,0</coordinates>
    </Point>
  </Placemark>
  <Placemark>
    <name>Customer 864: Dao</name>
    <styleUrl>#customerStyle</styleUrl>
    <description>Demand: 668</description>
    <Point>
      <coordinates>122.63,11.38,0</coordinates>
    </Point>
  </Placemark>
  <Placemark>
    <name>Customer 865: Tobias Fornier</name>
    <styleUrl>#customerStyle</styleUrl>
    <description>Demand: 675</description>
    <Point>
      <coordinates>121.945,10.5178,0</coordinates>
    </Point>
  </Placemark>
  <Placemark>
    <name>Customer 866: Naguilian</name>
    <styleUrl>#customerStyle</styleUrl>
    <description>Demand: 678</description>
    <Point>
      <coordinates>121.85,17.02,0</coordinates>
    </Point>
  </Placemark>
  <Placemark>
    <name>Customer 867: Catmon</name>
    <styleUrl>#customerStyle</styleUrl>
    <description>Demand: 673</description>
    <Point>
      <coordinates>123.95,10.67,0</coordinates>
    </Point>
  </Placemark>
  <Placemark>
    <name>Customer 868: Kadingilan</name>
    <styleUrl>#customerStyle</styleUrl>
    <description>Demand: 668</description>
    <Point>
      <coordinates>124.91,7.6003,0</coordinates>
    </Point>
  </Placemark>
  <Placemark>
    <name>Customer 869: Capoocan</name>
    <styleUrl>#customerStyle</styleUrl>
    <description>Demand: 675</description>
    <Point>
      <coordinates>124.642,11.2944,0</coordinates>
    </Point>
  </Placemark>
  <Placemark>
    <name>Customer 870: Midsalip</name>
    <styleUrl>#customerStyle</styleUrl>
    <description>Demand: 683</description>
    <Point>
      <coordinates>123.315,8.0328,0</coordinates>
    </Point>
  </Placemark>
  <Placemark>
    <name>Customer 871: Datu Paglas</name>
    <styleUrl>#customerStyle</styleUrl>
    <description>Demand: 671</description>
    <Point>
      <coordinates>124.85,6.7669,0</coordinates>
    </Point>
  </Placemark>
  <Placemark>
    <name>Customer 872: Batobato</name>
    <styleUrl>#customerStyle</styleUrl>
    <description>Demand: 667</description>
    <Point>
      <coordinates>126.089,6.8361,0</coordinates>
    </Point>
  </Placemark>
  <Placemark>
    <name>Customer 873: Masiu</name>
    <styleUrl>#customerStyle</styleUrl>
    <description>Demand: 672</description>
    <Point>
      <coordinates>124.32,7.82,0</coordinates>
    </Point>
  </Placemark>
  <Placemark>
    <name>Customer 874: Sapa Sapa</name>
    <styleUrl>#customerStyle</styleUrl>
    <description>Demand: 670</description>
    <Point>
      <coordinates>120.273,5.0899,0</coordinates>
    </Point>
  </Placemark>
  <Placemark>
    <name>Customer 875: Dāganbhuiya</name>
    <styleUrl>#customerStyle</styleUrl>
    <description>Demand: 675</description>
    <Point>
      <coordinates>91.3036,22.9366,0</coordinates>
    </Point>
  </Placemark>
  <Placemark>
    <name>Customer 876: Columbio</name>
    <styleUrl>#customerStyle</styleUrl>
    <description>Demand: 673</description>
    <Point>
      <coordinates>124.93,6.7,0</coordinates>
    </Point>
  </Placemark>
  <Placemark>
    <name>Customer 877: San Vicente</name>
    <styleUrl>#customerStyle</styleUrl>
    <description>Demand: 677</description>
    <Point>
      <coordinates>119.254,10.5281,0</coordinates>
    </Point>
  </Placemark>
  <Placemark>
    <name>Customer 878: Bacarra</name>
    <styleUrl>#customerStyle</styleUrl>
    <description>Demand: 675</description>
    <Point>
      <coordinates>120.611,18.2519,0</coordinates>
    </Point>
  </Placemark>
  <Placemark>
    <name>Customer 879: Batan</name>
    <styleUrl>#customerStyle</styleUrl>
    <description>Demand: 671</description>
    <Point>
      <coordinates>122.498,11.5853,0</coordinates>
    </Point>
  </Placemark>
  <Placemark>
    <name>Customer 880: Getafe</name>
    <styleUrl>#customerStyle</styleUrl>
    <description>Demand: 669</description>
    <Point>
      <coordinates>124.15,10.15,0</coordinates>
    </Point>
  </Placemark>
  <Placemark>
    <name>Customer 881: Banate</name>
    <styleUrl>#customerStyle</styleUrl>
    <description>Demand: 676</description>
    <Point>
      <coordinates>122.78,11.05,0</coordinates>
    </Point>
  </Placemark>
  <Placemark>
    <name>Customer 882: Vintar</name>
    <styleUrl>#customerStyle</styleUrl>
    <description>Demand: 661</description>
    <Point>
      <coordinates>120.649,18.2306,0</coordinates>
    </Point>
  </Placemark>
  <Placemark>
    <name>Customer 883: Dupax Del Norte</name>
    <styleUrl>#customerStyle</styleUrl>
    <description>Demand: 671</description>
    <Point>
      <coordinates>121.102,16.3075,0</coordinates>
    </Point>
  </Placemark>
  <Placemark>
    <name>Customer 884: Barguna</name>
    <styleUrl>#customerStyle</styleUrl>
    <description>Demand: 664</description>
    <Point>
      <coordinates>90.1176,22.1567,0</coordinates>
    </Point>
  </Placemark>
  <Placemark>
    <name>Customer 885: Pandami</name>
    <styleUrl>#customerStyle</styleUrl>
    <description>Demand: 654</description>
    <Point>
      <coordinates>120.75,5.53,0</coordinates>
    </Point>
  </Placemark>
  <Placemark>
    <name>Customer 886: Dipaculao</name>
    <styleUrl>#customerStyle</styleUrl>
    <description>Demand: 668</description>
    <Point>
      <coordinates>121.63,15.98,0</coordinates>
    </Point>
  </Placemark>
  <Placemark>
    <name>Customer 887: Calape</name>
    <styleUrl>#customerStyle</styleUrl>
    <description>Demand: 671</description>
    <Point>
      <coordinates>123.88,9.88,0</coordinates>
    </Point>
  </Placemark>
  <Placemark>
    <name>Customer 888: Dumalinao</name>
    <styleUrl>#customerStyle</styleUrl>
    <description>Demand: 663</description>
    <Point>
      <coordinates>123.37,7.82,0</coordinates>
    </Point>
  </Placemark>
  <Placemark>
    <name>Customer 889: Mayantoc</name>
    <styleUrl>#customerStyle</styleUrl>
    <description>Demand: 644</description>
    <Point>
      <coordinates>120.377,15.6203,0</coordinates>
    </Point>
  </Placemark>
  <Placemark>
    <name>Customer 890: Matalom</name>
    <styleUrl>#customerStyle</styleUrl>
    <description>Demand: 643</description>
    <Point>
      <coordinates>124.8,10.28,0</coordinates>
    </Point>
  </Placemark>
  <Placemark>
    <name>Customer 891: Diplahan</name>
    <styleUrl>#customerStyle</styleUrl>
    <description>Demand: 654</description>
    <Point>
      <coordinates>122.985,7.6911,0</coordinates>
    </Point>
  </Placemark>
  <Placemark>
    <name>Customer 892: Balindong</name>
    <styleUrl>#customerStyle</styleUrl>
    <description>Demand: 649</description>
    <Point>
      <coordinates>124.2,7.92,0</coordinates>
    </Point>
  </Placemark>
  <Placemark>
    <name>Customer 893: Badoc</name>
    <styleUrl>#customerStyle</styleUrl>
    <description>Demand: 652</description>
    <Point>
      <coordinates>120.475,17.9267,0</coordinates>
    </Point>
  </Placemark>
  <Placemark>
    <name>Customer 894: Dolores</name>
    <styleUrl>#customerStyle</styleUrl>
    <description>Demand: 658</description>
    <Point>
      <coordinates>121.401,14.0157,0</coordinates>
    </Point>
  </Placemark>
  <Placemark>
    <name>Customer 895: Lumbang</name>
    <styleUrl>#customerStyle</styleUrl>
    <description>Demand: 646</description>
    <Point>
      <coordinates>121.459,14.297,0</coordinates>
    </Point>
  </Placemark>
  <Placemark>
    <name>Customer 896: Peñaranda</name>
    <styleUrl>#customerStyle</styleUrl>
    <description>Demand: 635</description>
    <Point>
      <coordinates>121.002,15.3531,0</coordinates>
    </Point>
  </Placemark>
  <Placemark>
    <name>Customer 897: Jimalalud</name>
    <styleUrl>#customerStyle</styleUrl>
    <description>Demand: 643</description>
    <Point>
      <coordinates>123.2,9.9797,0</coordinates>
    </Point>
  </Placemark>
  <Placemark>
    <name>Customer 898: Mallig</name>
    <styleUrl>#customerStyle</styleUrl>
    <description>Demand: 651</description>
    <Point>
      <coordinates>121.611,17.2086,0</coordinates>
    </Point>
  </Placemark>
  <Placemark>
    <name>Customer 899: Igbaras</name>
    <styleUrl>#customerStyle</styleUrl>
    <description>Demand: 638</description>
    <Point>
      <coordinates>122.27,10.72,0</coordinates>
    </Point>
  </Placemark>
  <Placemark>
    <name>Customer 900: Catubig</name>
    <styleUrl>#customerStyle</styleUrl>
    <description>Demand: 652</description>
    <Point>
      <coordinates>125.054,12.408,0</coordinates>
    </Point>
  </Placemark>
  <Placemark>
    <name>Customer 901: Alubijid</name>
    <styleUrl>#customerStyle</styleUrl>
    <description>Demand: 649</description>
    <Point>
      <coordinates>124.475,8.5714,0</coordinates>
    </Point>
  </Placemark>
  <Placemark>
    <name>Customer 902: Salug</name>
    <styleUrl>#customerStyle</styleUrl>
    <description>Demand: 643</description>
    <Point>
      <coordinates>122.757,8.1075,0</coordinates>
    </Point>
  </Placemark>
  <Placemark>
    <name>Customer 903: Balimbing</name>
    <styleUrl>#customerStyle</styleUrl>
    <description>Demand: 633</description>
    <Point>
      <coordinates>123.85,7.9,0</coordinates>
    </Point>
  </Placemark>
  <Placemark>
    <name>Customer 904: Caramoran</name>
    <styleUrl>#customerStyle</styleUrl>
    <description>Demand: 636</description>
    <Point>
      <coordinates>124.13,13.98,0</coordinates>
    </Point>
  </Placemark>
  <Placemark>
    <name>Customer 905: Tamparan</name>
    <styleUrl>#customerStyle</styleUrl>
    <description>Demand: 650</description>
    <Point>
      <coordinates>124.333,7.879,0</coordinates>
    </Point>
  </Placemark>
  <Placemark>
    <name>Customer 906: Malangas</name>
    <styleUrl>#customerStyle</styleUrl>
    <description>Demand: 645</description>
    <Point>
      <coordinates>123.032,7.6317,0</coordinates>
    </Point>
  </Placemark>
  <Placemark>
    <name>Customer 907: Bauko</name>
    <styleUrl>#customerStyle</styleUrl>
    <description>Demand: 647</description>
    <Point>
      <coordinates>120.864,16.9917,0</coordinates>
    </Point>
  </Placemark>
  <Placemark>
    <name>Customer 908: Sergio Osmeña Sr</name>
    <styleUrl>#customerStyle</styleUrl>
    <description>Demand: 643</description>
    <Point>
      <coordinates>123.508,8.3003,0</coordinates>
    </Point>
  </Placemark>
  <Placemark>
    <name>Customer 909: Polillo</name>
    <styleUrl>#customerStyle</styleUrl>
    <description>Demand: 636</description>
    <Point>
      <coordinates>121.95,14.72,0</coordinates>
    </Point>
  </Placemark>
  <Placemark>
    <name>Customer 910: Claveria</name>
    <styleUrl>#customerStyle</styleUrl>
    <description>Demand: 636</description>
    <Point>
      <coordinates>121.082,18.6061,0</coordinates>
    </Point>
  </Placemark>
  <Placemark>
    <name>Customer 911: Pantabangan</name>
    <styleUrl>#customerStyle</styleUrl>
    <description>Demand: 628</description>
    <Point>
      <coordinates>121.143,15.8086,0</coordinates>
    </Point>
  </Placemark>
  <Placemark>
    <name>Customer 912: Tubao</name>
    <styleUrl>#customerStyle</styleUrl>
    <description>Demand: 631</description>
    <Point>
      <coordinates>120.42,16.35,0</coordinates>
    </Point>
  </Placemark>
  <Placemark>
    <name>Customer 913: Sigma</name>
    <styleUrl>#customerStyle</styleUrl>
    <description>Demand: 634</description>
    <Point>
      <coordinates>122.666,11.4214,0</coordinates>
    </Point>
  </Placemark>
  <Placemark>
    <name>Customer 914: Calubian</name>
    <styleUrl>#customerStyle</styleUrl>
    <description>Demand: 640</description>
    <Point>
      <coordinates>124.428,11.4467,0</coordinates>
    </Point>
  </Placemark>
  <Placemark>
    <name>Customer 915: Merida</name>
    <styleUrl>#customerStyle</styleUrl>
    <description>Demand: 638</description>
    <Point>
      <coordinates>124.538,10.9098,0</coordinates>
    </Point>
  </Placemark>
  <Placemark>
    <name>Customer 916: Nagdha Simla</name>
    <styleUrl>#customerStyle</styleUrl>
    <description>Demand: 628</description>
    <Point>
      <coordinates>89.9151,24.6071,0</coordinates>
    </Point>
  </Placemark>
  <Placemark>
    <name>Customer 917: Lemery</name>
    <styleUrl>#customerStyle</styleUrl>
    <description>Demand: 629</description>
    <Point>
      <coordinates>122.93,11.23,0</coordinates>
    </Point>
  </Placemark>
  <Placemark>
    <name>Customer 918: Bagac</name>
    <styleUrl>#customerStyle</styleUrl>
    <description>Demand: 631</description>
    <Point>
      <coordinates>120.392,14.5951,0</coordinates>
    </Point>
  </Placemark>
  <Placemark>
    <name>Customer 919: Dasol</name>
    <styleUrl>#customerStyle</styleUrl>
    <description>Demand: 620</description>
    <Point>
      <coordinates>119.88,15.9896,0</coordinates>
    </Point>
  </Placemark>
  <Placemark>
    <name>Customer 920: Dimataling</name>
    <styleUrl>#customerStyle</styleUrl>
    <description>Demand: 630</description>
    <Point>
      <coordinates>123.366,7.5297,0</coordinates>
    </Point>
  </Placemark>
  <Placemark>
    <name>Customer 921: Magsingal</name>
    <styleUrl>#customerStyle</styleUrl>
    <description>Demand: 632</description>
    <Point>
      <coordinates>120.424,17.685,0</coordinates>
    </Point>
  </Placemark>
  <Placemark>
    <name>Customer 922: Ivisan</name>
    <styleUrl>#customerStyle</styleUrl>
    <description>Demand: 631</description>
    <Point>
      <coordinates>122.691,11.5217,0</coordinates>
    </Point>
  </Placemark>
  <Placemark>
    <name>Customer 923: President Roxas</name>
    <styleUrl>#customerStyle</styleUrl>
    <description>Demand: 635</description>
    <Point>
      <coordinates>122.925,11.4297,0</coordinates>
    </Point>
  </Placemark>
  <Placemark>
    <name>Customer 924: Paracelis</name>
    <styleUrl>#customerStyle</styleUrl>
    <description>Demand: 619</description>
    <Point>
      <coordinates>121.404,17.1811,0</coordinates>
    </Point>
  </Placemark>
  <Placemark>
    <name>Customer 925: Siraway</name>
    <styleUrl>#customerStyle</styleUrl>
    <description>Demand: 624</description>
    <Point>
      <coordinates>122.141,7.5853,0</coordinates>
    </Point>
  </Placemark>
  <Placemark>
    <name>Customer 926: Buenavista</name>
    <styleUrl>#customerStyle</styleUrl>
    <description>Demand: 620</description>
    <Point>
      <coordinates>122.468,13.7394,0</coordinates>
    </Point>
  </Placemark>
  <Placemark>
    <name>Customer 927: Gata</name>
    <styleUrl>#customerStyle</styleUrl>
    <description>Demand: 616</description>
    <Point>
      <coordinates>124.35,7.85,0</coordinates>
    </Point>
  </Placemark>
  <Placemark>
    <name>Customer 928: Tairan Camp</name>
    <styleUrl>#customerStyle</styleUrl>
    <description>Demand: 629</description>
    <Point>
      <coordinates>121.87,6.65,0</coordinates>
    </Point>
  </Placemark>
  <Placemark>
    <name>Customer 929: La Paz</name>
    <styleUrl>#customerStyle</styleUrl>
    <description>Demand: 611</description>
    <Point>
      <coordinates>125.81,8.28,0</coordinates>
    </Point>
  </Placemark>
  <Placemark>
    <name>Customer 930: Lohāgāra</name>
    <styleUrl>#customerStyle</styleUrl>
    <description>Demand: 613</description>
    <Point>
      <coordinates>92.1009,22.0112,0</coordinates>
    </Point>
  </Placemark>
  <Placemark>
    <name>Customer 931: Nālchiti</name>
    <styleUrl>#customerStyle</styleUrl>
    <description>Demand: 621</description>
    <Point>
      <coordinates>90.2719,22.637,0</coordinates>
    </Point>
  </Placemark>
  <Placemark>
    <name>Customer 932: Ganassi</name>
    <styleUrl>#customerStyle</styleUrl>
    <description>Demand: 622</description>
    <Point>
      <coordinates>124.103,7.8269,0</coordinates>
    </Point>
  </Placemark>
  <Placemark>
    <name>Customer 933: San Narciso</name>
    <styleUrl>#customerStyle</styleUrl>
    <description>Demand: 624</description>
    <Point>
      <coordinates>120.08,15.02,0</coordinates>
    </Point>
  </Placemark>
  <Placemark>
    <name>Customer 934: San Isidro</name>
    <styleUrl>#customerStyle</styleUrl>
    <description>Demand: 620</description>
    <Point>
      <coordinates>124.35,11.42,0</coordinates>
    </Point>
  </Placemark>
  <Placemark>
    <name>Customer 935: Aglipay</name>
    <styleUrl>#customerStyle</styleUrl>
    <description>Demand: 624</description>
    <Point>
      <coordinates>121.587,16.4889,0</coordinates>
    </Point>
  </Placemark>
  <Placemark>
    <name>Customer 936: Balatan</name>
    <styleUrl>#customerStyle</styleUrl>
    <description>Demand: 620</description>
    <Point>
      <coordinates>123.233,13.3167,0</coordinates>
    </Point>
  </Placemark>
  <Placemark>
    <name>Customer 937: Gamu</name>
    <styleUrl>#customerStyle</styleUrl>
    <description>Demand: 612</description>
    <Point>
      <coordinates>121.83,17.05,0</coordinates>
    </Point>
  </Placemark>
  <Placemark>
    <name>Customer 938: Mataas Na Kahoy</name>
    <styleUrl>#customerStyle</styleUrl>
    <description>Demand: 618</description>
    <Point>
      <coordinates>121.113,13.9592,0</coordinates>
    </Point>
  </Placemark>
  <Placemark>
    <name>Customer 939: Anilao</name>
    <styleUrl>#customerStyle</styleUrl>
    <description>Demand: 609</description>
    <Point>
      <coordinates>122.753,10.9785,0</coordinates>
    </Point>
  </Placemark>
  <Placemark>
    <name>Customer 940: Torrijos</name>
    <styleUrl>#customerStyle</styleUrl>
    <description>Demand: 616</description>
    <Point>
      <coordinates>122.08,13.32,0</coordinates>
    </Point>
  </Placemark>
  <Placemark>
    <name>Customer 941: Maguing</name>
    <styleUrl>#customerStyle</styleUrl>
    <description>Demand: 599</description>
    <Point>
      <coordinates>124.4,7.9,0</coordinates>
    </Point>
  </Placemark>
  <Placemark>
    <name>Customer 942: Candelaria</name>
    <styleUrl>#customerStyle</styleUrl>
    <description>Demand: 605</description>
    <Point>
      <coordinates>119.93,15.63,0</coordinates>
    </Point>
  </Placemark>
  <Placemark>
    <name>Customer 943: Majidpur</name>
    <styleUrl>#customerStyle</styleUrl>
    <description>Demand: 598</description>
    <Point>
      <coordinates>90.7684,23.5797,0</coordinates>
    </Point>
  </Placemark>
  <Placemark>
    <name>Customer 944: Pantao-Ragat</name>
    <styleUrl>#customerStyle</styleUrl>
    <description>Demand: 604</description>
    <Point>
      <coordinates>124.15,8.05,0</coordinates>
    </Point>
  </Placemark>
  <Placemark>
    <name>Customer 945: Las Nieves</name>
    <styleUrl>#customerStyle</styleUrl>
    <description>Demand: 601</description>
    <Point>
      <coordinates>125.6,8.74,0</coordinates>
    </Point>
  </Placemark>
  <Placemark>
    <name>Customer 946: Calintaan</name>
    <styleUrl>#customerStyle</styleUrl>
    <description>Demand: 613</description>
    <Point>
      <coordinates>120.943,12.5756,0</coordinates>
    </Point>
  </Placemark>
  <Placemark>
    <name>Customer 947: Piagapo</name>
    <styleUrl>#customerStyle</styleUrl>
    <description>Demand: 612</description>
    <Point>
      <coordinates>124.2,8,0</coordinates>
    </Point>
  </Placemark>
  <Placemark>
    <name>Customer 948: Candijay</name>
    <styleUrl>#customerStyle</styleUrl>
    <description>Demand: 610</description>
    <Point>
      <coordinates>124.496,9.818,0</coordinates>
    </Point>
  </Placemark>
  <Placemark>
    <name>Customer 949: Marogong</name>
    <styleUrl>#customerStyle</styleUrl>
    <description>Demand: 603</description>
    <Point>
      <coordinates>124.15,7.67,0</coordinates>
    </Point>
  </Placemark>
  <Placemark>
    <name>Customer 950: Pulupandan</name>
    <styleUrl>#customerStyle</styleUrl>
    <description>Demand: 594</description>
    <Point>
      <coordinates>122.8,10.52,0</coordinates>
    </Point>
  </Placemark>
  <Placemark>
    <name>Customer 951: San Miguel</name>
    <styleUrl>#customerStyle</styleUrl>
    <description>Demand: 601</description>
    <Point>
      <coordinates>122.47,10.78,0</coordinates>
    </Point>
  </Placemark>
  <Placemark>
    <name>Customer 952: Dumalag</name>
    <styleUrl>#customerStyle</styleUrl>
    <description>Demand: 595</description>
    <Point>
      <coordinates>122.621,11.3039,0</coordinates>
    </Point>
  </Placemark>
  <Placemark>
    <name>Customer 953: Balete</name>
    <styleUrl>#customerStyle</styleUrl>
    <description>Demand: 607</description>
    <Point>
      <coordinates>122.379,11.5553,0</coordinates>
    </Point>
  </Placemark>
  <Placemark>
    <name>Customer 954: Iguig</name>
    <styleUrl>#customerStyle</styleUrl>
    <description>Demand: 597</description>
    <Point>
      <coordinates>121.736,17.7517,0</coordinates>
    </Point>
  </Placemark>
  <Placemark>
    <name>Customer 955: Dauin</name>
    <styleUrl>#customerStyle</styleUrl>
    <description>Demand: 600</description>
    <Point>
      <coordinates>123.27,9.2,0</coordinates>
    </Point>
  </Placemark>
  <Placemark>
    <name>Customer 956: Santa Maria</name>
    <styleUrl>#customerStyle</styleUrl>
    <description>Demand: 594</description>
    <Point>
      <coordinates>120.481,17.3719,0</coordinates>
    </Point>
  </Placemark>
  <Placemark>
    <name>Customer 957: Balungao</name>
    <styleUrl>#customerStyle</styleUrl>
    <description>Demand: 604</description>
    <Point>
      <coordinates>120.7,15.9,0</coordinates>
    </Point>
  </Placemark>
  <Placemark>
    <name>Customer 958: Salay</name>
    <styleUrl>#customerStyle</styleUrl>
    <description>Demand: 602</description>
    <Point>
      <coordinates>124.8,8.87,0</coordinates>
    </Point>
  </Placemark>
  <Placemark>
    <name>Customer 959: Agno</name>
    <styleUrl>#customerStyle</styleUrl>
    <description>Demand: 590</description>
    <Point>
      <coordinates>119.803,16.1161,0</coordinates>
    </Point>
  </Placemark>
  <Placemark>
    <name>Customer 960: Ragan Sur</name>
    <styleUrl>#customerStyle</styleUrl>
    <description>Demand: 604</description>
    <Point>
      <coordinates>121.78,17.32,0</coordinates>
    </Point>
  </Placemark>
  <Placemark>
    <name>Customer 961: San Roque</name>
    <styleUrl>#customerStyle</styleUrl>
    <description>Demand: 607</description>
    <Point>
      <coordinates>124.867,12.533,0</coordinates>
    </Point>
  </Placemark>
  <Placemark>
    <name>Customer 962: Padada</name>
    <styleUrl>#customerStyle</styleUrl>
    <description>Demand: 603</description>
    <Point>
      <coordinates>125.35,6.63,0</coordinates>
    </Point>
  </Placemark>
  <Placemark>
    <name>Customer 963: Balabagan</name>
    <styleUrl>#customerStyle</styleUrl>
    <description>Demand: 598</description>
    <Point>
      <coordinates>124.12,7.53,0</coordinates>
    </Point>
  </Placemark>
  <Placemark>
    <name>Customer 964: Quiapo</name>
    <styleUrl>#customerStyle</styleUrl>
    <description>Demand: 602</description>
    <Point>
      <coordinates>120.983,14.6,0</coordinates>
    </Point>
  </Placemark>
  <Placemark>
    <name>Customer 965: San Luis</name>
    <styleUrl>#customerStyle</styleUrl>
    <description>Demand: 597</description>
    <Point>
      <coordinates>121.52,15.72,0</coordinates>
    </Point>
  </Placemark>
  <Placemark>
    <name>Customer 966: Bontoc</name>
    <styleUrl>#customerStyle</styleUrl>
    <description>Demand: 595</description>
    <Point>
      <coordinates>124.97,10.35,0</coordinates>
    </Point>
  </Placemark>
  <Placemark>
    <name>Customer 967: Benito Soliven</name>
    <styleUrl>#customerStyle</styleUrl>
    <description>Demand: 595</description>
    <Point>
      <coordinates>121.95,16.98,0</coordinates>
    </Point>
  </Placemark>
  <Placemark>
    <name>Customer 968: Makato</name>
    <styleUrl>#customerStyle</styleUrl>
    <description>Demand: 602</description>
    <Point>
      <coordinates>122.292,11.712,0</coordinates>
    </Point>
  </Placemark>
  <Placemark>
    <name>Customer 969: Buenavista</name>
    <styleUrl>#customerStyle</styleUrl>
    <description>Demand: 587</description>
    <Point>
      <coordinates>124.12,10.08,0</coordinates>
    </Point>
  </Placemark>
  <Placemark>
    <name>Customer 970: Parsuram</name>
    <styleUrl>#customerStyle</styleUrl>
    <description>Demand: 602</description>
    <Point>
      <coordinates>91.4686,23.2114,0</coordinates>
    </Point>
  </Placemark>
  <Placemark>
    <name>Customer 971: San Jacinto</name>
    <styleUrl>#customerStyle</styleUrl>
    <description>Demand: 598</description>
    <Point>
      <coordinates>123.734,12.5683,0</coordinates>
    </Point>
  </Placemark>
  <Placemark>
    <name>Customer 972: Pasuquin</name>
    <styleUrl>#customerStyle</styleUrl>
    <description>Demand: 585</description>
    <Point>
      <coordinates>120.618,18.3342,0</coordinates>
    </Point>
  </Placemark>
  <Placemark>
    <name>Customer 973: West Rembo</name>
    <styleUrl>#customerStyle</styleUrl>
    <description>Demand: 591</description>
    <Point>
      <coordinates>121.061,14.5602,0</coordinates>
    </Point>
  </Placemark>
  <Placemark>
    <name>Customer 974: Placer</name>
    <styleUrl>#customerStyle</styleUrl>
    <description>Demand: 600</description>
    <Point>
      <coordinates>125.602,9.657,0</coordinates>
    </Point>
  </Placemark>
  <Placemark>
    <name>Customer 975: South Ubian</name>
    <styleUrl>#customerStyle</styleUrl>
    <description>Demand: 593</description>
    <Point>
      <coordinates>120.48,5.18,0</coordinates>
    </Point>
  </Placemark>
  <Placemark>
    <name>Customer 976: Zamboanguita</name>
    <styleUrl>#customerStyle</styleUrl>
    <description>Demand: 595</description>
    <Point>
      <coordinates>123.199,9.1,0</coordinates>
    </Point>
  </Placemark>
  <Placemark>
    <name>Customer 977: Sumilao</name>
    <styleUrl>#customerStyle</styleUrl>
    <description>Demand: 595</description>
    <Point>
      <coordinates>124.978,8.3281,0</coordinates>
    </Point>
  </Placemark>
  <Placemark>
    <name>Customer 978: Kumalarang</name>
    <styleUrl>#customerStyle</styleUrl>
    <description>Demand: 588</description>
    <Point>
      <coordinates>123.144,7.7478,0</coordinates>
    </Point>
  </Placemark>
  <Placemark>
    <name>Customer 979: Manticao</name>
    <styleUrl>#customerStyle</styleUrl>
    <description>Demand: 591</description>
    <Point>
      <coordinates>124.287,8.4042,0</coordinates>
    </Point>
  </Placemark>
  <Placemark>
    <name>Customer 980: Garchitorena</name>
    <styleUrl>#customerStyle</styleUrl>
    <description>Demand: 581</description>
    <Point>
      <coordinates>123.7,13.88,0</coordinates>
    </Point>
  </Placemark>
  <Placemark>
    <name>Customer 981: Lavezares</name>
    <styleUrl>#customerStyle</styleUrl>
    <description>Demand: 587</description>
    <Point>
      <coordinates>124.33,12.53,0</coordinates>
    </Point>
  </Placemark>
  <Placemark>
    <name>Customer 982: Bagong Pag-Asa</name>
    <styleUrl>#customerStyle</styleUrl>
    <description>Demand: 596</description>
    <Point>
      <coordinates>121.033,14.6622,0</coordinates>
    </Point>
  </Placemark>
  <Placemark>
    <name>Customer 983: Licab</name>
    <styleUrl>#customerStyle</styleUrl>
    <description>Demand: 582</description>
    <Point>
      <coordinates>120.762,15.54,0</coordinates>
    </Point>
  </Placemark>
  <Placemark>
    <name>Customer 984: Oslob</name>
    <styleUrl>#customerStyle</styleUrl>
    <description>Demand: 580</description>
    <Point>
      <coordinates>123.4,9.55,0</coordinates>
    </Point>
  </Placemark>
  <Placemark>
    <name>Customer 985: Poona-Piagapo</name>
    <styleUrl>#customerStyle</styleUrl>
    <description>Demand: 578</description>
    <Point>
      <coordinates>124.08,8.08,0</coordinates>
    </Point>
  </Placemark>
  <Placemark>
    <name>Customer 986: Hinunangan</name>
    <styleUrl>#customerStyle</styleUrl>
    <description>Demand: 588</description>
    <Point>
      <coordinates>125.2,10.4,0</coordinates>
    </Point>
  </Placemark>
  <Placemark>
    <name>Customer 987: Sexmoan</name>
    <styleUrl>#customerStyle</styleUrl>
    <description>Demand: 581</description>
    <Point>
      <coordinates>120.623,14.936,0</coordinates>
    </Point>
  </Placemark>
  <Placemark>
    <name>Customer 988: Lugus</name>
    <styleUrl>#customerStyle</styleUrl>
    <description>Demand: 589</description>
    <Point>
      <coordinates>120.82,5.7,0</coordinates>
    </Point>
  </Placemark>
  <Placemark>
    <name>Customer 989: Santo Domingo</name>
    <styleUrl>#customerStyle</styleUrl>
    <description>Demand: 578</description>
    <Point>
      <coordinates>120.411,17.6414,0</coordinates>
    </Point>
  </Placemark>
  <Placemark>
    <name>Customer 990: Dapa</name>
    <styleUrl>#customerStyle</styleUrl>
    <description>Demand: 580</description>
    <Point>
      <coordinates>126.053,9.7578,0</coordinates>
    </Point>
  </Placemark>
  <Placemark>
    <name>Customer 991: Ampatuan</name>
    <styleUrl>#customerStyle</styleUrl>
    <description>Demand: 580</description>
    <Point>
      <coordinates>124.458,6.8348,0</coordinates>
    </Point>
  </Placemark>
  <Placemark>
    <name>Customer 992: Santo Niño</name>
    <styleUrl>#customerStyle</styleUrl>
    <description>Demand: 575</description>
    <Point>
      <coordinates>121.003,14.5033,0</coordinates>
    </Point>
  </Placemark>
  <Placemark>
    <name>Customer 993: Jimenez</name>
    <styleUrl>#customerStyle</styleUrl>
    <description>Demand: 571</description>
    <Point>
      <coordinates>123.833,8.3333,0</coordinates>
    </Point>
  </Placemark>
  <Placemark>
    <name>Customer 994: Tabuelan</name>
    <styleUrl>#customerStyle</styleUrl>
    <description>Demand: 568</description>
    <Point>
      <coordinates>123.9,10.85,0</coordinates>
    </Point>
  </Placemark>
  <Placemark>
    <name>Customer 995: Ponot</name>
    <styleUrl>#customerStyle</styleUrl>
    <description>Demand: 570</description>
    <Point>
      <coordinates>123.022,8.4428,0</coordinates>
    </Point>
  </Placemark>
  <Placemark>
    <name>Customer 996: Baleno</name>
    <styleUrl>#customerStyle</styleUrl>
    <description>Demand: 580</description>
    <Point>
      <coordinates>123.498,12.4739,0</coordinates>
    </Point>
  </Placemark>
  <Placemark>
    <name>Customer 997: Mathba</name>
    <styleUrl>#customerStyle</styleUrl>
    <description>Demand: 575</description>
    <Point>
      <coordinates>89.9588,22.2862,0</coordinates>
    </Point>
  </Placemark>
  <Placemark>
    <name>Customer 998: Babatngon</name>
    <styleUrl>#customerStyle</styleUrl>
    <description>Demand: 579</description>
    <Point>
      <coordinates>124.843,11.4207,0</coordinates>
    </Point>
  </Placemark>
  <Placemark>
    <name>Customer 999: Tibiao</name>
    <styleUrl>#customerStyle</styleUrl>
    <description>Demand: 574</description>
    <Point>
      <coordinates>122.034,11.2892,0</coordinates>
    </Point>
  </Placemark>
  <Placemark>
    <name>Customer 1000: Mabini</name>
    <styleUrl>#customerStyle</styleUrl>
    <description>Demand: 575</description>
    <Point>
      <coordinates>124.523,9.865,0</coordinates>
    </Point>
  </Placemark>
  <Placemark>
    <name>Customer 1001: Pilar</name>
    <styleUrl>#customerStyle</styleUrl>
    <description>Demand: 573</description>
    <Point>
      <coordinates>124.33,9.83,0</coordinates>
    </Point>
  </Placemark>
  <Placemark>
    <name>Customer 1002: Santiago</name>
    <styleUrl>#customerStyle</styleUrl>
    <description>Demand: 567</description>
    <Point>
      <coordinates>125.56,9.27,0</coordinates>
    </Point>
  </Placemark>
  <Placemark>
    <name>Customer 1003: Doña Remedios Trinidad</name>
    <styleUrl>#customerStyle</styleUrl>
    <description>Demand: 574</description>
    <Point>
      <coordinates>121.08,15,0</coordinates>
    </Point>
  </Placemark>
  <Placemark>
    <name>Customer 1004: Mirzāpur</name>
    <styleUrl>#customerStyle</styleUrl>
    <description>Demand: 579</description>
    <Point>
      <coordinates>90.0984,24.1029,0</coordinates>
    </Point>
  </Placemark>
  <Placemark>
    <name>Customer 1005: Tudela</name>
    <styleUrl>#customerStyle</styleUrl>
    <description>Demand: 581</description>
    <Point>
      <coordinates>123.842,8.2472,0</coordinates>
    </Point>
  </Placemark>
  <Placemark>
    <name>Customer 1006: Santo Niño</name>
    <styleUrl>#customerStyle</styleUrl>
    <description>Demand: 560</description>
    <Point>
      <coordinates>121.569,17.8861,0</coordinates>
    </Point>
  </Placemark>
  <Placemark>
    <name>Customer 1007: Basay</name>
    <styleUrl>#customerStyle</styleUrl>
    <description>Demand: 570</description>
    <Point>
      <coordinates>122.63,9.42,0</coordinates>
    </Point>
  </Placemark>
  <Placemark>
    <name>Customer 1008: Saint Bernard</name>
    <styleUrl>#customerStyle</styleUrl>
    <description>Demand: 570</description>
    <Point>
      <coordinates>125.13,10.28,0</coordinates>
    </Point>
  </Placemark>
  <Placemark>
    <name>Customer 1009: Valencia</name>
    <styleUrl>#customerStyle</styleUrl>
    <description>Demand: 564</description>
    <Point>
      <coordinates>124.208,9.6097,0</coordinates>
    </Point>
  </Placemark>
  <Placemark>
    <name>Customer 1010: San Manuel</name>
    <styleUrl>#customerStyle</styleUrl>
    <description>Demand: 577</description>
    <Point>
      <coordinates>120.607,15.7975,0</coordinates>
    </Point>
  </Placemark>
  <Placemark>
    <name>Customer 1011: Datu Piang</name>
    <styleUrl>#customerStyle</styleUrl>
    <description>Demand: 572</description>
    <Point>
      <coordinates>124.497,7.0178,0</coordinates>
    </Point>
  </Placemark>
  <Placemark>
    <name>Customer 1012: Libacao</name>
    <styleUrl>#customerStyle</styleUrl>
    <description>Demand: 572</description>
    <Point>
      <coordinates>122.3,11.48,0</coordinates>
    </Point>
  </Placemark>
  <Placemark>
    <name>Customer 1013: Kolambugan</name>
    <styleUrl>#customerStyle</styleUrl>
    <description>Demand: 574</description>
    <Point>
      <coordinates>123.897,8.1144,0</coordinates>
    </Point>
  </Placemark>
  <Placemark>
    <name>Customer 1014: Pinyahan</name>
    <styleUrl>#customerStyle</styleUrl>
    <description>Demand: 554</description>
    <Point>
      <coordinates>121.046,14.64,0</coordinates>
    </Point>
  </Placemark>
  <Placemark>
    <name>Customer 1015: Cabangan</name>
    <styleUrl>#customerStyle</styleUrl>
    <description>Demand: 554</description>
    <Point>
      <coordinates>120.15,15.13,0</coordinates>
    </Point>
  </Placemark>
  <Placemark>
    <name>Customer 1016: Bayang</name>
    <styleUrl>#customerStyle</styleUrl>
    <description>Demand: 553</description>
    <Point>
      <coordinates>124.192,7.793,0</coordinates>
    </Point>
  </Placemark>
  <Placemark>
    <name>Customer 1017: Mainit</name>
    <styleUrl>#customerStyle</styleUrl>
    <description>Demand: 566</description>
    <Point>
      <coordinates>125.523,9.5369,0</coordinates>
    </Point>
  </Placemark>
  <Placemark>
    <name>Customer 1018: Cuartero</name>
    <styleUrl>#customerStyle</styleUrl>
    <description>Demand: 559</description>
    <Point>
      <coordinates>122.671,11.3428,0</coordinates>
    </Point>
  </Placemark>
  <Placemark>
    <name>Customer 1019: Aloran</name>
    <styleUrl>#customerStyle</styleUrl>
    <description>Demand: 568</description>
    <Point>
      <coordinates>123.823,8.4146,0</coordinates>
    </Point>
  </Placemark>
  <Placemark>
    <name>Customer 1020: Reina Mercedes Viejo</name>
    <styleUrl>#customerStyle</styleUrl>
    <description>Demand: 551</description>
    <Point>
      <coordinates>121.786,17.0018,0</coordinates>
    </Point>
  </Placemark>
  <Placemark>
    <name>Customer 1021: Reina Mercedes</name>
    <styleUrl>#customerStyle</styleUrl>
    <description>Demand: 566</description>
    <Point>
      <coordinates>121.827,16.9872,0</coordinates>
    </Point>
  </Placemark>
  <Placemark>
    <name>Customer 1022: Majayjay</name>
    <styleUrl>#customerStyle</styleUrl>
    <description>Demand: 556</description>
    <Point>
      <coordinates>121.473,14.1463,0</coordinates>
    </Point>
  </Placemark>
  <Placemark>
    <name>Customer 1023: Caridad</name>
    <styleUrl>#customerStyle</styleUrl>
    <description>Demand: 555</description>
    <Point>
      <coordinates>120.896,14.4828,0</coordinates>
    </Point>
  </Placemark>
  <Placemark>
    <name>Customer 1024: Dingalan</name>
    <styleUrl>#customerStyle</styleUrl>
    <description>Demand: 548</description>
    <Point>
      <coordinates>121.4,15.38,0</coordinates>
    </Point>
  </Placemark>
  <Placemark>
    <name>Customer 1025: Talusan</name>
    <styleUrl>#customerStyle</styleUrl>
    <description>Demand: 556</description>
    <Point>
      <coordinates>122.808,7.4263,0</coordinates>
    </Point>
  </Placemark>
  <Placemark>
    <name>Customer 1026: San Isidro</name>
    <styleUrl>#customerStyle</styleUrl>
    <description>Demand: 558</description>
    <Point>
      <coordinates>124.331,12.388,0</coordinates>
    </Point>
  </Placemark>
  <Placemark>
    <name>Customer 1027: Mahaplag</name>
    <styleUrl>#customerStyle</styleUrl>
    <description>Demand: 561</description>
    <Point>
      <coordinates>124.964,10.6072,0</coordinates>
    </Point>
  </Placemark>
  <Placemark>
    <name>Customer 1028: Magdalena</name>
    <styleUrl>#customerStyle</styleUrl>
    <description>Demand: 563</description>
    <Point>
      <coordinates>121.43,14.2,0</coordinates>
    </Point>
  </Placemark>
  <Placemark>
    <name>Customer 1029: Lapuyan</name>
    <styleUrl>#customerStyle</styleUrl>
    <description>Demand: 546</description>
    <Point>
      <coordinates>123.191,7.6325,0</coordinates>
    </Point>
  </Placemark>
  <Placemark>
    <name>Customer 1030: Leon Postigo</name>
    <styleUrl>#customerStyle</styleUrl>
    <description>Demand: 545</description>
    <Point>
      <coordinates>122.924,8.1514,0</coordinates>
    </Point>
  </Placemark>
  <Placemark>
    <name>Customer 1031: Conner</name>
    <styleUrl>#customerStyle</styleUrl>
    <description>Demand: 546</description>
    <Point>
      <coordinates>121.289,17.8086,0</coordinates>
    </Point>
  </Placemark>
  <Placemark>
    <name>Customer 1032: Pitogo</name>
    <styleUrl>#customerStyle</styleUrl>
    <description>Demand: 552</description>
    <Point>
      <coordinates>123.313,7.4536,0</coordinates>
    </Point>
  </Placemark>
  <Placemark>
    <name>Customer 1033: Daulatkhān</name>
    <styleUrl>#customerStyle</styleUrl>
    <description>Demand: 548</description>
    <Point>
      <coordinates>90.7414,22.5998,0</coordinates>
    </Point>
  </Placemark>
  <Placemark>
    <name>Customer 1034: Villareal</name>
    <styleUrl>#customerStyle</styleUrl>
    <description>Demand: 551</description>
    <Point>
      <coordinates>124.93,11.57,0</coordinates>
    </Point>
  </Placemark>
  <Placemark>
    <name>Customer 1035: Palanas</name>
    <styleUrl>#customerStyle</styleUrl>
    <description>Demand: 544</description>
    <Point>
      <coordinates>123.922,12.1464,0</coordinates>
    </Point>
  </Placemark>
  <Placemark>
    <name>Customer 1036: Macalelon</name>
    <styleUrl>#customerStyle</styleUrl>
    <description>Demand: 543</description>
    <Point>
      <coordinates>122.13,13.75,0</coordinates>
    </Point>
  </Placemark>
  <Placemark>
    <name>Customer 1037: Zarraga</name>
    <styleUrl>#customerStyle</styleUrl>
    <description>Demand: 550</description>
    <Point>
      <coordinates>122.6,10.82,0</coordinates>
    </Point>
  </Placemark>
  <Placemark>
    <name>Customer 1038: Ramon Magsaysay</name>
    <styleUrl>#customerStyle</styleUrl>
    <description>Demand: 551</description>
    <Point>
      <coordinates>123.487,8.0053,0</coordinates>
    </Point>
  </Placemark>
  <Placemark>
    <name>Customer 1039: Talisay</name>
    <styleUrl>#customerStyle</styleUrl>
    <description>Demand: 554</description>
    <Point>
      <coordinates>122.924,14.1356,0</coordinates>
    </Point>
  </Placemark>
  <Placemark>
    <name>Customer 1040: Taraka</name>
    <styleUrl>#customerStyle</styleUrl>
    <description>Demand: 533</description>
    <Point>
      <coordinates>124.348,7.8994,0</coordinates>
    </Point>
  </Placemark>
  <Placemark>
    <name>Customer 1041: Badiangan</name>
    <styleUrl>#customerStyle</styleUrl>
    <description>Demand: 547</description>
    <Point>
      <coordinates>122.537,10.986,0</coordinates>
    </Point>
  </Placemark>
  <Placemark>
    <name>Customer 1042: San Isidro</name>
    <styleUrl>#customerStyle</styleUrl>
    <description>Demand: 542</description>
    <Point>
      <coordinates>121.77,16.87,0</coordinates>
    </Point>
  </Placemark>
  <Placemark>
    <name>Customer 1043: Quezon</name>
    <styleUrl>#customerStyle</styleUrl>
    <description>Demand: 548</description>
    <Point>
      <coordinates>121.605,17.3119,0</coordinates>
    </Point>
  </Placemark>
  <Placemark>
    <name>Customer 1044: Tarragona</name>
    <styleUrl>#customerStyle</styleUrl>
    <description>Demand: 543</description>
    <Point>
      <coordinates>126.447,7.0491,0</coordinates>
    </Point>
  </Placemark>
  <Placemark>
    <name>Customer 1045: Tambo</name>
    <styleUrl>#customerStyle</styleUrl>
    <description>Demand: 540</description>
    <Point>
      <coordinates>120.989,14.5164,0</coordinates>
    </Point>
  </Placemark>
  <Placemark>
    <name>Customer 1046: Alitagtag</name>
    <styleUrl>#customerStyle</styleUrl>
    <description>Demand: 544</description>
    <Point>
      <coordinates>121.006,13.865,0</coordinates>
    </Point>
  </Placemark>
  <Placemark>
    <name>Customer 1047: Santa Margarita</name>
    <styleUrl>#customerStyle</styleUrl>
    <description>Demand: 541</description>
    <Point>
      <coordinates>124.658,12.0378,0</coordinates>
    </Point>
  </Placemark>
  <Placemark>
    <name>Customer 1048: Labrador</name>
    <styleUrl>#customerStyle</styleUrl>
    <description>Demand: 533</description>
    <Point>
      <coordinates>120.139,16.0339,0</coordinates>
    </Point>
  </Placemark>
  <Placemark>
    <name>Customer 1049: Magarao</name>
    <styleUrl>#customerStyle</styleUrl>
    <description>Demand: 531</description>
    <Point>
      <coordinates>123.19,13.6619,0</coordinates>
    </Point>
  </Placemark>
  <Placemark>
    <name>Customer 1050: Malitbog</name>
    <styleUrl>#customerStyle</styleUrl>
    <description>Demand: 536</description>
    <Point>
      <coordinates>124.881,8.5361,0</coordinates>
    </Point>
  </Placemark>
  <Placemark>
    <name>Customer 1051: Saguiaran</name>
    <styleUrl>#customerStyle</styleUrl>
    <description>Demand: 532</description>
    <Point>
      <coordinates>124.27,8.03,0</coordinates>
    </Point>
  </Placemark>
  <Placemark>
    <name>Customer 1052: Sapian</name>
    <styleUrl>#customerStyle</styleUrl>
    <description>Demand: 525</description>
    <Point>
      <coordinates>122.605,11.4939,0</coordinates>
    </Point>
  </Placemark>
  <Placemark>
    <name>Customer 1053: San Juan</name>
    <styleUrl>#customerStyle</styleUrl>
    <description>Demand: 542</description>
    <Point>
      <coordinates>120.458,17.7431,0</coordinates>
    </Point>
  </Placemark>
  <Placemark>
    <name>Customer 1054: Bien Unido</name>
    <styleUrl>#customerStyle</styleUrl>
    <description>Demand: 540</description>
    <Point>
      <coordinates>124.38,10.13,0</coordinates>
    </Point>
  </Placemark>
  <Placemark>
    <name>Customer 1055: Bugho</name>
    <styleUrl>#customerStyle</styleUrl>
    <description>Demand: 526</description>
    <Point>
      <coordinates>124.93,10.8,0</coordinates>
    </Point>
  </Placemark>
  <Placemark>
    <name>Customer 1056: San Pablo</name>
    <styleUrl>#customerStyle</styleUrl>
    <description>Demand: 529</description>
    <Point>
      <coordinates>123.46,7.6578,0</coordinates>
    </Point>
  </Placemark>
  <Placemark>
    <name>Customer 1057: Pantar</name>
    <styleUrl>#customerStyle</styleUrl>
    <description>Demand: 526</description>
    <Point>
      <coordinates>124.267,8.0667,0</coordinates>
    </Point>
  </Placemark>
  <Placemark>
    <name>Customer 1058: Macrohon</name>
    <styleUrl>#customerStyle</styleUrl>
    <description>Demand: 538</description>
    <Point>
      <coordinates>124.943,10.0797,0</coordinates>
    </Point>
  </Placemark>
  <Placemark>
    <name>Customer 1059: Lauaan</name>
    <styleUrl>#customerStyle</styleUrl>
    <description>Demand: 522</description>
    <Point>
      <coordinates>122.042,11.1429,0</coordinates>
    </Point>
  </Placemark>
  <Placemark>
    <name>Customer 1060: Casiguran</name>
    <styleUrl>#customerStyle</styleUrl>
    <description>Demand: 528</description>
    <Point>
      <coordinates>122.12,16.28,0</coordinates>
    </Point>
  </Placemark>
  <Placemark>
    <name>Customer 1061: Plainview</name>
    <styleUrl>#customerStyle</styleUrl>
    <description>Demand: 540</description>
    <Point>
      <coordinates>121.034,14.5777,0</coordinates>
    </Point>
  </Placemark>
  <Placemark>
    <name>Customer 1062: Bubong</name>
    <styleUrl>#customerStyle</styleUrl>
    <description>Demand: 526</description>
    <Point>
      <coordinates>124.48,8.02,0</coordinates>
    </Point>
  </Placemark>
  <Placemark>
    <name>Customer 1063: Madalum</name>
    <styleUrl>#customerStyle</styleUrl>
    <description>Demand: 536</description>
    <Point>
      <coordinates>124.119,7.853,0</coordinates>
    </Point>
  </Placemark>
  <Placemark>
    <name>Customer 1064: Kayapa</name>
    <styleUrl>#customerStyle</styleUrl>
    <description>Demand: 523</description>
    <Point>
      <coordinates>120.886,16.3583,0</coordinates>
    </Point>
  </Placemark>
  <Placemark>
    <name>Customer 1065: Mabini</name>
    <styleUrl>#customerStyle</styleUrl>
    <description>Demand: 539</description>
    <Point>
      <coordinates>119.94,16.0697,0</coordinates>
    </Point>
  </Placemark>
  <Placemark>
    <name>Customer 1066: Santa Josefa</name>
    <styleUrl>#customerStyle</styleUrl>
    <description>Demand: 520</description>
    <Point>
      <coordinates>126.03,7.98,0</coordinates>
    </Point>
  </Placemark>
  <Placemark>
    <name>Customer 1067: Del Gallego</name>
    <styleUrl>#customerStyle</styleUrl>
    <description>Demand: 529</description>
    <Point>
      <coordinates>122.596,13.9233,0</coordinates>
    </Point>
  </Placemark>
  <Placemark>
    <name>Customer 1068: San Jose</name>
    <styleUrl>#customerStyle</styleUrl>
    <description>Demand: 528</description>
    <Point>
      <coordinates>125.589,10.0083,0</coordinates>
    </Point>
  </Placemark>
  <Placemark>
    <name>Customer 1069: Lagindingan</name>
    <styleUrl>#customerStyle</styleUrl>
    <description>Demand: 536</description>
    <Point>
      <coordinates>124.45,8.58,0</coordinates>
    </Point>
  </Placemark>
  <Placemark>
    <name>Customer 1070: Pandag</name>
    <styleUrl>#customerStyle</styleUrl>
    <description>Demand: 525</description>
    <Point>
      <coordinates>124.783,6.7411,0</coordinates>
    </Point>
  </Placemark>
  <Placemark>
    <name>Customer 1071: Duptiair</name>
    <styleUrl>#customerStyle</styleUrl>
    <description>Demand: 525</description>
    <Point>
      <coordinates>89.7973,23.9925,0</coordinates>
    </Point>
  </Placemark>
  <Placemark>
    <name>Customer 1072: San Pablo</name>
    <styleUrl>#customerStyle</styleUrl>
    <description>Demand: 530</description>
    <Point>
      <coordinates>121.795,17.4478,0</coordinates>
    </Point>
  </Placemark>
  <Placemark>
    <name>Customer 1073: Infanta</name>
    <styleUrl>#customerStyle</styleUrl>
    <description>Demand: 533</description>
    <Point>
      <coordinates>119.908,15.8208,0</coordinates>
    </Point>
  </Placemark>
  <Placemark>
    <name>Customer 1074: Lamut</name>
    <styleUrl>#customerStyle</styleUrl>
    <description>Demand: 520</description>
    <Point>
      <coordinates>121.218,16.6517,0</coordinates>
    </Point>
  </Placemark>
  <Placemark>
    <name>Customer 1075: Poro</name>
    <styleUrl>#customerStyle</styleUrl>
    <description>Demand: 521</description>
    <Point>
      <coordinates>124.407,10.629,0</coordinates>
    </Point>
  </Placemark>
  <Placemark>
    <name>Customer 1076: Sanchez-Mira</name>
    <styleUrl>#customerStyle</styleUrl>
    <description>Demand: 523</description>
    <Point>
      <coordinates>121.234,18.5611,0</coordinates>
    </Point>
  </Placemark>
  <Placemark>
    <name>Customer 1077: Manito</name>
    <styleUrl>#customerStyle</styleUrl>
    <description>Demand: 514</description>
    <Point>
      <coordinates>123.869,13.1235,0</coordinates>
    </Point>
  </Placemark>
  <Placemark>
    <name>Customer 1078: Sierra Bullones</name>
    <styleUrl>#customerStyle</styleUrl>
    <description>Demand: 531</description>
    <Point>
      <coordinates>124.28,9.82,0</coordinates>
    </Point>
  </Placemark>
  <Placemark>
    <name>Customer 1079: Dancagan</name>
    <styleUrl>#customerStyle</styleUrl>
    <description>Demand: 529</description>
    <Point>
      <coordinates>125.003,7.6119,0</coordinates>
    </Point>
  </Placemark>
  <Placemark>
    <name>Customer 1080: Buenavista</name>
    <styleUrl>#customerStyle</styleUrl>
    <description>Demand: 516</description>
    <Point>
      <coordinates>121.95,13.25,0</coordinates>
    </Point>
  </Placemark>
  <Placemark>
    <name>Customer 1081: Burgos</name>
    <styleUrl>#customerStyle</styleUrl>
    <description>Demand: 519</description>
    <Point>
      <coordinates>121.7,17.07,0</coordinates>
    </Point>
  </Placemark>
  <Placemark>
    <name>Customer 1082: Sinait</name>
    <styleUrl>#customerStyle</styleUrl>
    <description>Demand: 512</description>
    <Point>
      <coordinates>120.458,17.8667,0</coordinates>
    </Point>
  </Placemark>
  <Placemark>
    <name>Customer 1083: Lakshmīcharīpāra</name>
    <styleUrl>#customerStyle</styleUrl>
    <description>Demand: 518</description>
    <Point>
      <coordinates>91.916,22.7937,0</coordinates>
    </Point>
  </Placemark>
  <Placemark>
    <name>Customer 1084: Santa Lucia</name>
    <styleUrl>#customerStyle</styleUrl>
    <description>Demand: 516</description>
    <Point>
      <coordinates>120.449,17.1222,0</coordinates>
    </Point>
  </Placemark>
  <Placemark>
    <name>Customer 1085: Binidayan</name>
    <styleUrl>#customerStyle</styleUrl>
    <description>Demand: 529</description>
    <Point>
      <coordinates>124.17,7.8,0</coordinates>
    </Point>
  </Placemark>
  <Placemark>
    <name>Customer 1086: Bobon</name>
    <styleUrl>#customerStyle</styleUrl>
    <description>Demand: 521</description>
    <Point>
      <coordinates>124.57,12.52,0</coordinates>
    </Point>
  </Placemark>
  <Placemark>
    <name>Customer 1087: Socorro</name>
    <styleUrl>#customerStyle</styleUrl>
    <description>Demand: 522</description>
    <Point>
      <coordinates>125.966,9.618,0</coordinates>
    </Point>
  </Placemark>
  <Placemark>
    <name>Customer 1088: Tubay</name>
    <styleUrl>#customerStyle</styleUrl>
    <description>Demand: 510</description>
    <Point>
      <coordinates>125.52,9.16,0</coordinates>
    </Point>
  </Placemark>
  <Placemark>
    <name>Customer 1089: Santo Cristo</name>
    <styleUrl>#customerStyle</styleUrl>
    <description>Demand: 512</description>
    <Point>
      <coordinates>121.03,14.6603,0</coordinates>
    </Point>
  </Placemark>
  <Placemark>
    <name>Customer 1090: Pura</name>
    <styleUrl>#customerStyle</styleUrl>
    <description>Demand: 518</description>
    <Point>
      <coordinates>120.648,15.6248,0</coordinates>
    </Point>
  </Placemark>
  <Placemark>
    <name>Customer 1091: Natividad</name>
    <styleUrl>#customerStyle</styleUrl>
    <description>Demand: 515</description>
    <Point>
      <coordinates>120.795,16.0422,0</coordinates>
    </Point>
  </Placemark>
  <Placemark>
    <name>Customer 1092: Talisayan</name>
    <styleUrl>#customerStyle</styleUrl>
    <description>Demand: 508</description>
    <Point>
      <coordinates>124.883,8.9917,0</coordinates>
    </Point>
  </Placemark>
  <Placemark>
    <name>Customer 1093: Santa Maria</name>
    <styleUrl>#customerStyle</styleUrl>
    <description>Demand: 524</description>
    <Point>
      <coordinates>121.75,17.47,0</coordinates>
    </Point>
  </Placemark>
  <Placemark>
    <name>Customer 1094: Tabina</name>
    <styleUrl>#customerStyle</styleUrl>
    <description>Demand: 511</description>
    <Point>
      <coordinates>123.409,7.4655,0</coordinates>
    </Point>
  </Placemark>
  <Placemark>
    <name>Customer 1095: Tarangnan</name>
    <styleUrl>#customerStyle</styleUrl>
    <description>Demand: 511</description>
    <Point>
      <coordinates>124.75,11.9,0</coordinates>
    </Point>
  </Placemark>
  <Placemark>
    <name>Customer 1096: Altavas</name>
    <styleUrl>#customerStyle</styleUrl>
    <description>Demand: 518</description>
    <Point>
      <coordinates>122.487,11.5383,0</coordinates>
    </Point>
  </Placemark>
  <Placemark>
    <name>Customer 1097: Phulpur</name>
    <styleUrl>#customerStyle</styleUrl>
    <description>Demand: 511</description>
    <Point>
      <coordinates>90.2495,24.9487,0</coordinates>
    </Point>
  </Placemark>
  <Placemark>
    <name>Customer 1098: Alegria</name>
    <styleUrl>#customerStyle</styleUrl>
    <description>Demand: 518</description>
    <Point>
      <coordinates>123.34,9.7243,0</coordinates>
    </Point>
  </Placemark>
  <Placemark>
    <name>Customer 1099: Busuanga</name>
    <styleUrl>#customerStyle</styleUrl>
    <description>Demand: 508</description>
    <Point>
      <coordinates>119.936,12.1335,0</coordinates>
    </Point>
  </Placemark>
  <Placemark>
    <name>Customer 1100: Tipo-Tipo</name>
    <styleUrl>#customerStyle</styleUrl>
    <description>Demand: 507</description>
    <Point>
      <coordinates>122.17,6.53,0</coordinates>
    </Point>
  </Placemark>
  <Placemark>
    <name>Customer 1101: Ayuquitan</name>
    <styleUrl>#customerStyle</styleUrl>
    <description>Demand: 502</description>
    <Point>
      <coordinates>123.224,9.4644,0</coordinates>
    </Point>
  </Placemark>
  <Placemark>
    <name>Customer 1102: Lopez Jaena</name>
    <styleUrl>#customerStyle</styleUrl>
    <description>Demand: 515</description>
    <Point>
      <coordinates>123.767,8.55,0</coordinates>
    </Point>
  </Placemark>
  <Placemark>
    <name>Customer 1103: Unisan</name>
    <styleUrl>#customerStyle</styleUrl>
    <description>Demand: 517</description>
    <Point>
      <coordinates>121.975,13.8413,0</coordinates>
    </Point>
  </Placemark>
  <Placemark>
    <name>Customer 1104: Tumbao</name>
    <styleUrl>#customerStyle</styleUrl>
    <description>Demand: 498</description>
    <Point>
      <coordinates>124.38,7.12,0</coordinates>
    </Point>
  </Placemark>
  <Placemark>
    <name>Customer 1105: Nagtipunan</name>
    <styleUrl>#customerStyle</styleUrl>
    <description>Demand: 517</description>
    <Point>
      <coordinates>121.6,16.22,0</coordinates>
    </Point>
  </Placemark>
  <Placemark>
    <name>Customer 1106: San Miguel</name>
    <styleUrl>#customerStyle</styleUrl>
    <description>Demand: 502</description>
    <Point>
      <coordinates>124.32,10,0</coordinates>
    </Point>
  </Placemark>
  <Placemark>
    <name>Customer 1107: Talugtug</name>
    <styleUrl>#customerStyle</styleUrl>
    <description>Demand: 504</description>
    <Point>
      <coordinates>120.811,15.7789,0</coordinates>
    </Point>
  </Placemark>
  <Placemark>
    <name>Customer 1108: Camalaniugan</name>
    <styleUrl>#customerStyle</styleUrl>
    <description>Demand: 494</description>
    <Point>
      <coordinates>121.676,18.2756,0</coordinates>
    </Point>
  </Placemark>
  <Placemark>
    <name>Customer 1109: Allen</name>
    <styleUrl>#customerStyle</styleUrl>
    <description>Demand: 496</description>
    <Point>
      <coordinates>124.282,12.5013,0</coordinates>
    </Point>
  </Placemark>
  <Placemark>
    <name>Customer 1110: Sarrat</name>
    <styleUrl>#customerStyle</styleUrl>
    <description>Demand: 498</description>
    <Point>
      <coordinates>120.645,18.1578,0</coordinates>
    </Point>
  </Placemark>
  <Placemark>
    <name>Customer 1111: Monreal</name>
    <styleUrl>#customerStyle</styleUrl>
    <description>Demand: 498</description>
    <Point>
      <coordinates>123.665,12.644,0</coordinates>
    </Point>
  </Placemark>
  <Placemark>
    <name>Customer 1112: Pagudpud</name>
    <styleUrl>#customerStyle</styleUrl>
    <description>Demand: 502</description>
    <Point>
      <coordinates>120.788,18.5614,0</coordinates>
    </Point>
  </Placemark>
  <Placemark>
    <name>Customer 1113: Soccorro</name>
    <styleUrl>#customerStyle</styleUrl>
    <description>Demand: 500</description>
    <Point>
      <coordinates>121.056,14.6179,0</coordinates>
    </Point>
  </Placemark>
  <Placemark>
    <name>Customer 1114: Camaligan</name>
    <styleUrl>#customerStyle</styleUrl>
    <description>Demand: 504</description>
    <Point>
      <coordinates>123.166,13.6208,0</coordinates>
    </Point>
  </Placemark>
  <Placemark>
    <name>Customer 1115: San Felipe</name>
    <styleUrl>#customerStyle</styleUrl>
    <description>Demand: 508</description>
    <Point>
      <coordinates>120.07,15.0619,0</coordinates>
    </Point>
  </Placemark>
  <Placemark>
    <name>Customer 1116: Pangil</name>
    <styleUrl>#customerStyle</styleUrl>
    <description>Demand: 496</description>
    <Point>
      <coordinates>121.47,14.4,0</coordinates>
    </Point>
  </Placemark>
  <Placemark>
    <name>Customer 1117: Quirino</name>
    <styleUrl>#customerStyle</styleUrl>
    <description>Demand: 493</description>
    <Point>
      <coordinates>121.735,17.1356,0</coordinates>
    </Point>
  </Placemark>
  <Placemark>
    <name>Customer 1118: Paoay</name>
    <styleUrl>#customerStyle</styleUrl>
    <description>Demand: 499</description>
    <Point>
      <coordinates>120.52,18.0625,0</coordinates>
    </Point>
  </Placemark>
  <Placemark>
    <name>Customer 1119: Paete</name>
    <styleUrl>#customerStyle</styleUrl>
    <description>Demand: 497</description>
    <Point>
      <coordinates>121.48,14.37,0</coordinates>
    </Point>
  </Placemark>
  <Placemark>
    <name>Customer 1120: Dimasalang</name>
    <styleUrl>#customerStyle</styleUrl>
    <description>Demand: 496</description>
    <Point>
      <coordinates>123.858,12.1933,0</coordinates>
    </Point>
  </Placemark>
  <Placemark>
    <name>Customer 1121: Jabonga</name>
    <styleUrl>#customerStyle</styleUrl>
    <description>Demand: 488</description>
    <Point>
      <coordinates>125.516,9.3431,0</coordinates>
    </Point>
  </Placemark>
  <Placemark>
    <name>Customer 1122: Solsona</name>
    <styleUrl>#customerStyle</styleUrl>
    <description>Demand: 505</description>
    <Point>
      <coordinates>120.772,18.0961,0</coordinates>
    </Point>
  </Placemark>
  <Placemark>
    <name>Customer 1123: Piat</name>
    <styleUrl>#customerStyle</styleUrl>
    <description>Demand: 497</description>
    <Point>
      <coordinates>121.477,17.7919,0</coordinates>
    </Point>
  </Placemark>
  <Placemark>
    <name>Customer 1124: General Luna</name>
    <styleUrl>#customerStyle</styleUrl>
    <description>Demand: 504</description>
    <Point>
      <coordinates>122.171,13.6881,0</coordinates>
    </Point>
  </Placemark>
  <Placemark>
    <name>Customer 1125: Poblacion</name>
    <styleUrl>#customerStyle</styleUrl>
    <description>Demand: 490</description>
    <Point>
      <coordinates>125.13,10.1614,0</coordinates>
    </Point>
  </Placemark>
  <Placemark>
    <name>Customer 1126: Pamplona</name>
    <styleUrl>#customerStyle</styleUrl>
    <description>Demand: 503</description>
    <Point>
      <coordinates>121.343,18.4661,0</coordinates>
    </Point>
  </Placemark>
  <Placemark>
    <name>Customer 1127: Tugaya</name>
    <styleUrl>#customerStyle</styleUrl>
    <description>Demand: 498</description>
    <Point>
      <coordinates>124.172,7.884,0</coordinates>
    </Point>
  </Placemark>
  <Placemark>
    <name>Customer 1128: Kalayaan</name>
    <styleUrl>#customerStyle</styleUrl>
    <description>Demand: 496</description>
    <Point>
      <coordinates>121.48,14.328,0</coordinates>
    </Point>
  </Placemark>
  <Placemark>
    <name>Customer 1129: Tuburan</name>
    <styleUrl>#customerStyle</styleUrl>
    <description>Demand: 498</description>
    <Point>
      <coordinates>122.2,6.6,0</coordinates>
    </Point>
  </Placemark>
  <Placemark>
    <name>Customer 1130: Patian</name>
    <styleUrl>#customerStyle</styleUrl>
    <description>Demand: 501</description>
    <Point>
      <coordinates>121.144,5.8444,0</coordinates>
    </Point>
  </Placemark>
  <Placemark>
    <name>Customer 1131: Baroy</name>
    <styleUrl>#customerStyle</styleUrl>
    <description>Demand: 500</description>
    <Point>
      <coordinates>123.78,8.03,0</coordinates>
    </Point>
  </Placemark>
  <Placemark>
    <name>Customer 1132: Tamilisan</name>
    <styleUrl>#customerStyle</styleUrl>
    <description>Demand: 499</description>
    <Point>
      <coordinates>122.664,7.9761,0</coordinates>
    </Point>
  </Placemark>
  <Placemark>
    <name>Customer 1133: Ternate</name>
    <styleUrl>#customerStyle</styleUrl>
    <description>Demand: 493</description>
    <Point>
      <coordinates>120.72,14.28,0</coordinates>
    </Point>
  </Placemark>
  <Placemark>
    <name>Customer 1134: Burdeos</name>
    <styleUrl>#customerStyle</styleUrl>
    <description>Demand: 497</description>
    <Point>
      <coordinates>121.97,14.8436,0</coordinates>
    </Point>
  </Placemark>
  <Placemark>
    <name>Customer 1135: Carrascal</name>
    <styleUrl>#customerStyle</styleUrl>
    <description>Demand: 497</description>
    <Point>
      <coordinates>125.949,9.3683,0</coordinates>
    </Point>
  </Placemark>
  <Placemark>
    <name>Customer 1136: Santo Tomas</name>
    <styleUrl>#customerStyle</styleUrl>
    <description>Demand: 487</description>
    <Point>
      <coordinates>121.77,17.4,0</coordinates>
    </Point>
  </Placemark>
  <Placemark>
    <name>Customer 1137: Malinao</name>
    <styleUrl>#customerStyle</styleUrl>
    <description>Demand: 499</description>
    <Point>
      <coordinates>122.307,11.6431,0</coordinates>
    </Point>
  </Placemark>
  <Placemark>
    <name>Customer 1138: Napindan</name>
    <styleUrl>#customerStyle</styleUrl>
    <description>Demand: 481</description>
    <Point>
      <coordinates>121.096,14.5403,0</coordinates>
    </Point>
  </Placemark>
  <Placemark>
    <name>Customer 1139: Garcia Hernandez</name>
    <styleUrl>#customerStyle</styleUrl>
    <description>Demand: 483</description>
    <Point>
      <coordinates>124.295,9.6144,0</coordinates>
    </Point>
  </Placemark>
  <Placemark>
    <name>Customer 1140: Ramain</name>
    <styleUrl>#customerStyle</styleUrl>
    <description>Demand: 497</description>
    <Point>
      <coordinates>124.35,7.97,0</coordinates>
    </Point>
  </Placemark>
  <Placemark>
    <name>Customer 1141: Alicia</name>
    <styleUrl>#customerStyle</styleUrl>
    <description>Demand: 484</description>
    <Point>
      <coordinates>124.442,9.8957,0</coordinates>
    </Point>
  </Placemark>
  <Placemark>
    <name>Customer 1142: Bacolod</name>
    <styleUrl>#customerStyle</styleUrl>
    <description>Demand: 487</description>
    <Point>
      <coordinates>124.024,8.1892,0</coordinates>
    </Point>
  </Placemark>
  <Placemark>
    <name>Customer 1143: Sagbayan</name>
    <styleUrl>#customerStyle</styleUrl>
    <description>Demand: 486</description>
    <Point>
      <coordinates>124.1,9.92,0</coordinates>
    </Point>
  </Placemark>
  <Placemark>
    <name>Customer 1144: Lucena</name>
    <styleUrl>#customerStyle</styleUrl>
    <description>Demand: 490</description>
    <Point>
      <coordinates>122.6,10.88,0</coordinates>
    </Point>
  </Placemark>
  <Placemark>
    <name>Customer 1145: Kauswagan</name>
    <styleUrl>#customerStyle</styleUrl>
    <description>Demand: 474</description>
    <Point>
      <coordinates>124.085,8.1917,0</coordinates>
    </Point>
  </Placemark>
  <Placemark>
    <name>Customer 1146: Lagonglong</name>
    <styleUrl>#customerStyle</styleUrl>
    <description>Demand: 478</description>
    <Point>
      <coordinates>124.78,8.8,0</coordinates>
    </Point>
  </Placemark>
  <Placemark>
    <name>Customer 1147: San Enrique</name>
    <styleUrl>#customerStyle</styleUrl>
    <description>Demand: 493</description>
    <Point>
      <coordinates>122.85,10.42,0</coordinates>
    </Point>
  </Placemark>
  <Placemark>
    <name>Customer 1148: San Fernando</name>
    <styleUrl>#customerStyle</styleUrl>
    <description>Demand: 478</description>
    <Point>
      <coordinates>122.6,12.32,0</coordinates>
    </Point>
  </Placemark>
  <Placemark>
    <name>Customer 1149: Caibiran</name>
    <styleUrl>#customerStyle</styleUrl>
    <description>Demand: 488</description>
    <Point>
      <coordinates>124.58,11.57,0</coordinates>
    </Point>
  </Placemark>
  <Placemark>
    <name>Customer 1150: San Agustin</name>
    <styleUrl>#customerStyle</styleUrl>
    <description>Demand: 479</description>
    <Point>
      <coordinates>122.131,12.5689,0</coordinates>
    </Point>
  </Placemark>
  <Placemark>
    <name>Customer 1151: Balete</name>
    <styleUrl>#customerStyle</styleUrl>
    <description>Demand: 482</description>
    <Point>
      <coordinates>121.1,14.02,0</coordinates>
    </Point>
  </Placemark>
  <Placemark>
    <name>Customer 1152: Quezon</name>
    <styleUrl>#customerStyle</styleUrl>
    <description>Demand: 485</description>
    <Point>
      <coordinates>121.264,16.4894,0</coordinates>
    </Point>
  </Placemark>
  <Placemark>
    <name>Customer 1153: Mina</name>
    <styleUrl>#customerStyle</styleUrl>
    <description>Demand: 474</description>
    <Point>
      <coordinates>122.58,10.93,0</coordinates>
    </Point>
  </Placemark>
  <Placemark>
    <name>Customer 1154: Cavinti</name>
    <styleUrl>#customerStyle</styleUrl>
    <description>Demand: 471</description>
    <Point>
      <coordinates>121.507,14.245,0</coordinates>
    </Point>
  </Placemark>
  <Placemark>
    <name>Customer 1155: General Emilio Aguinaldo</name>
    <styleUrl>#customerStyle</styleUrl>
    <description>Demand: 481</description>
    <Point>
      <coordinates>120.8,14.18,0</coordinates>
    </Point>
  </Placemark>
  <Placemark>
    <name>Customer 1156: Bulusan</name>
    <styleUrl>#customerStyle</styleUrl>
    <description>Demand: 474</description>
    <Point>
      <coordinates>124.136,12.7522,0</coordinates>
    </Point>
  </Placemark>
  <Placemark>
    <name>Customer 1157: San Nicolas</name>
    <styleUrl>#customerStyle</styleUrl>
    <description>Demand: 488</description>
    <Point>
      <coordinates>120.951,13.9283,0</coordinates>
    </Point>
  </Placemark>
  <Placemark>
    <name>Customer 1158: Magallanes</name>
    <styleUrl>#customerStyle</styleUrl>
    <description>Demand: 469</description>
    <Point>
      <coordinates>120.75,14.18,0</coordinates>
    </Point>
  </Placemark>
  <Placemark>
    <name>Customer 1159: Kalawit</name>
    <styleUrl>#customerStyle</styleUrl>
    <description>Demand: 481</description>
    <Point>
      <coordinates>122.528,7.9051,0</coordinates>
    </Point>
  </Placemark>
  <Placemark>
    <name>Customer 1160: Catigbian</name>
    <styleUrl>#customerStyle</styleUrl>
    <description>Demand: 477</description>
    <Point>
      <coordinates>124.03,9.83,0</coordinates>
    </Point>
  </Placemark>
  <Placemark>
    <name>Customer 1161: Lawang Bato</name>
    <styleUrl>#customerStyle</styleUrl>
    <description>Demand: 483</description>
    <Point>
      <coordinates>120.996,14.73,0</coordinates>
    </Point>
  </Placemark>
  <Placemark>
    <name>Customer 1162: Baliguian</name>
    <styleUrl>#customerStyle</styleUrl>
    <description>Demand: 476</description>
    <Point>
      <coordinates>122.145,7.8088,0</coordinates>
    </Point>
  </Placemark>
  <Placemark>
    <name>Customer 1163: Candoni</name>
    <styleUrl>#customerStyle</styleUrl>
    <description>Demand: 469</description>
    <Point>
      <coordinates>122.6,9.82,0</coordinates>
    </Point>
  </Placemark>
  <Placemark>
    <name>Customer 1164: Burgos</name>
    <styleUrl>#customerStyle</styleUrl>
    <description>Demand: 469</description>
    <Point>
      <coordinates>119.857,16.0465,0</coordinates>
    </Point>
  </Placemark>
  <Placemark>
    <name>Customer 1165: Limbuhan</name>
    <styleUrl>#customerStyle</styleUrl>
    <description>Demand: 468</description>
    <Point>
      <coordinates>124.05,11.8836,0</coordinates>
    </Point>
  </Placemark>
  <Placemark>
    <name>Customer 1166: Tangalan</name>
    <styleUrl>#customerStyle</styleUrl>
    <description>Demand: 484</description>
    <Point>
      <coordinates>122.26,11.7775,0</coordinates>
    </Point>
  </Placemark>
  <Placemark>
    <name>Customer 1167: Pitogo</name>
    <styleUrl>#customerStyle</styleUrl>
    <description>Demand: 474</description>
    <Point>
      <coordinates>124.553,10.121,0</coordinates>
    </Point>
  </Placemark>
  <Placemark>
    <name>Customer 1168: Dumaran</name>
    <styleUrl>#customerStyle</styleUrl>
    <description>Demand: 460</description>
    <Point>
      <coordinates>119.77,10.53,0</coordinates>
    </Point>
  </Placemark>
  <Placemark>
    <name>Customer 1169: Pakil</name>
    <styleUrl>#customerStyle</styleUrl>
    <description>Demand: 460</description>
    <Point>
      <coordinates>121.48,14.38,0</coordinates>
    </Point>
  </Placemark>
  <Placemark>
    <name>Customer 1170: Cuyo</name>
    <styleUrl>#customerStyle</styleUrl>
    <description>Demand: 476</description>
    <Point>
      <coordinates>121.02,10.85,0</coordinates>
    </Point>
  </Placemark>
  <Placemark>
    <name>Customer 1171: Maharlika Village</name>
    <styleUrl>#customerStyle</styleUrl>
    <description>Demand: 478</description>
    <Point>
      <coordinates>121.055,14.4974,0</coordinates>
    </Point>
  </Placemark>
  <Placemark>
    <name>Customer 1172: Sakhipur</name>
    <styleUrl>#customerStyle</styleUrl>
    <description>Demand: 466</description>
    <Point>
      <coordinates>90.1694,24.3199,0</coordinates>
    </Point>
  </Placemark>
  <Placemark>
    <name>Customer 1173: Gamay</name>
    <styleUrl>#customerStyle</styleUrl>
    <description>Demand: 464</description>
    <Point>
      <coordinates>125.3,12.38,0</coordinates>
    </Point>
  </Placemark>
  <Placemark>
    <name>Customer 1174: Barbasa</name>
    <styleUrl>#customerStyle</styleUrl>
    <description>Demand: 463</description>
    <Point>
      <coordinates>122.039,11.1961,0</coordinates>
    </Point>
  </Placemark>
  <Placemark>
    <name>Customer 1175: Maigo</name>
    <styleUrl>#customerStyle</styleUrl>
    <description>Demand: 476</description>
    <Point>
      <coordinates>123.97,8.15,0</coordinates>
    </Point>
  </Placemark>
  <Placemark>
    <name>Customer 1176: Calbiga</name>
    <styleUrl>#customerStyle</styleUrl>
    <description>Demand: 462</description>
    <Point>
      <coordinates>125.02,11.63,0</coordinates>
    </Point>
  </Placemark>
  <Placemark>
    <name>Customer 1177: Tugatog</name>
    <styleUrl>#customerStyle</styleUrl>
    <description>Demand: 467</description>
    <Point>
      <coordinates>120.969,14.6629,0</coordinates>
    </Point>
  </Placemark>
  <Placemark>
    <name>Customer 1178: Cajidiocan</name>
    <styleUrl>#customerStyle</styleUrl>
    <description>Demand: 472</description>
    <Point>
      <coordinates>122.68,12.37,0</coordinates>
    </Point>
  </Placemark>
  <Placemark>
    <name>Customer 1179: Maibog</name>
    <styleUrl>#customerStyle</styleUrl>
    <description>Demand: 466</description>
    <Point>
      <coordinates>125,10.15,0</coordinates>
    </Point>
  </Placemark>
  <Placemark>
    <name>Customer 1180: Calamba</name>
    <styleUrl>#customerStyle</styleUrl>
    <description>Demand: 458</description>
    <Point>
      <coordinates>123.642,8.5583,0</coordinates>
    </Point>
  </Placemark>
  <Placemark>
    <name>Customer 1181: Culion</name>
    <styleUrl>#customerStyle</styleUrl>
    <description>Demand: 457</description>
    <Point>
      <coordinates>120.019,11.8944,0</coordinates>
    </Point>
  </Placemark>
  <Placemark>
    <name>Customer 1182: Carmen</name>
    <styleUrl>#customerStyle</styleUrl>
    <description>Demand: 455</description>
    <Point>
      <coordinates>125.26,9,0</coordinates>
    </Point>
  </Placemark>
  <Placemark>
    <name>Customer 1183: Caba</name>
    <styleUrl>#customerStyle</styleUrl>
    <description>Demand: 470</description>
    <Point>
      <coordinates>120.345,16.4316,0</coordinates>
    </Point>
  </Placemark>
  <Placemark>
    <name>Customer 1184: Tubungan</name>
    <styleUrl>#customerStyle</styleUrl>
    <description>Demand: 457</description>
    <Point>
      <coordinates>122.3,10.78,0</coordinates>
    </Point>
  </Placemark>
  <Placemark>
    <name>Customer 1185: Ramos</name>
    <styleUrl>#customerStyle</styleUrl>
    <description>Demand: 449</description>
    <Point>
      <coordinates>120.642,15.6667,0</coordinates>
    </Point>
  </Placemark>
  <Placemark>
    <name>Customer 1186: Viga</name>
    <styleUrl>#customerStyle</styleUrl>
    <description>Demand: 454</description>
    <Point>
      <coordinates>124.3,13.87,0</coordinates>
    </Point>
  </Placemark>
  <Placemark>
    <name>Customer 1187: Oteiza</name>
    <styleUrl>#customerStyle</styleUrl>
    <description>Demand: 458</description>
    <Point>
      <coordinates>126.221,8.7437,0</coordinates>
    </Point>
  </Placemark>
  <Placemark>
    <name>Customer 1188: General Luna</name>
    <styleUrl>#customerStyle</styleUrl>
    <description>Demand: 467</description>
    <Point>
      <coordinates>126.156,9.783,0</coordinates>
    </Point>
  </Placemark>
  <Placemark>
    <name>Customer 1189: Pitogo</name>
    <styleUrl>#customerStyle</styleUrl>
    <description>Demand: 453</description>
    <Point>
      <coordinates>122.088,13.785,0</coordinates>
    </Point>
  </Placemark>
  <Placemark>
    <name>Customer 1190: Lumbatan</name>
    <styleUrl>#customerStyle</styleUrl>
    <description>Demand: 451</description>
    <Point>
      <coordinates>124.256,7.785,0</coordinates>
    </Point>
  </Placemark>
  <Placemark>
    <name>Customer 1191: Butig</name>
    <styleUrl>#customerStyle</styleUrl>
    <description>Demand: 456</description>
    <Point>
      <coordinates>124.301,7.7239,0</coordinates>
    </Point>
  </Placemark>
  <Placemark>
    <name>Customer 1192: Prieto Diaz</name>
    <styleUrl>#customerStyle</styleUrl>
    <description>Demand: 447</description>
    <Point>
      <coordinates>124.193,13.0408,0</coordinates>
    </Point>
  </Placemark>
  <Placemark>
    <name>Customer 1193: Parabcan</name>
    <styleUrl>#customerStyle</styleUrl>
    <description>Demand: 456</description>
    <Point>
      <coordinates>123.745,13.71,0</coordinates>
    </Point>
  </Placemark>
  <Placemark>
    <name>Customer 1194: Santa Ana</name>
    <styleUrl>#customerStyle</styleUrl>
    <description>Demand: 456</description>
    <Point>
      <coordinates>121.077,14.5277,0</coordinates>
    </Point>
  </Placemark>
  <Placemark>
    <name>Customer 1195: Sarangani</name>
    <styleUrl>#customerStyle</styleUrl>
    <description>Demand: 450</description>
    <Point>
      <coordinates>125.422,5.412,0</coordinates>
    </Point>
  </Placemark>
  <Placemark>
    <name>Customer 1196: Lazi</name>
    <styleUrl>#customerStyle</styleUrl>
    <description>Demand: 456</description>
    <Point>
      <coordinates>123.634,9.128,0</coordinates>
    </Point>
  </Placemark>
  <Placemark>
    <name>Customer 1197: Piddig</name>
    <styleUrl>#customerStyle</styleUrl>
    <description>Demand: 452</description>
    <Point>
      <coordinates>120.717,18.1647,0</coordinates>
    </Point>
  </Placemark>
  <Placemark>
    <name>Customer 1198: Naawan</name>
    <styleUrl>#customerStyle</styleUrl>
    <description>Demand: 458</description>
    <Point>
      <coordinates>124.3,8.4333,0</coordinates>
    </Point>
  </Placemark>
  <Placemark>
    <name>Customer 1199: Magallanes</name>
    <styleUrl>#customerStyle</styleUrl>
    <description>Demand: 452</description>
    <Point>
      <coordinates>125.52,9.02,0</coordinates>
    </Point>
  </Placemark>
  <Placemark>
    <name>Customer 1200: Ugong</name>
    <styleUrl>#customerStyle</styleUrl>
    <description>Demand: 447</description>
    <Point>
      <coordinates>121.073,14.5842,0</coordinates>
    </Point>
  </Placemark>
  <Placemark>
    <name>Customer 1201: Batad</name>
    <styleUrl>#customerStyle</styleUrl>
    <description>Demand: 449</description>
    <Point>
      <coordinates>123.12,11.42,0</coordinates>
    </Point>
  </Placemark>
  <Placemark>
    <name>Customer 1202: Salcedo</name>
    <styleUrl>#customerStyle</styleUrl>
    <description>Demand: 446</description>
    <Point>
      <coordinates>125.67,11.15,0</coordinates>
    </Point>
  </Placemark>
  <Placemark>
    <name>Customer 1203: Santa Fe</name>
    <styleUrl>#customerStyle</styleUrl>
    <description>Demand: 450</description>
    <Point>
      <coordinates>124.916,11.1856,0</coordinates>
    </Point>
  </Placemark>
  <Placemark>
    <name>Customer 1204: San Agustin</name>
    <styleUrl>#customerStyle</styleUrl>
    <description>Demand: 431</description>
    <Point>
      <coordinates>121.75,16.52,0</coordinates>
    </Point>
  </Placemark>
  <Placemark>
    <name>Customer 1205: Madamba</name>
    <styleUrl>#customerStyle</styleUrl>
    <description>Demand: 451</description>
    <Point>
      <coordinates>124.07,7.88,0</coordinates>
    </Point>
  </Placemark>
  <Placemark>
    <name>Customer 1206: Anini-y</name>
    <styleUrl>#customerStyle</styleUrl>
    <description>Demand: 447</description>
    <Point>
      <coordinates>121.925,10.4325,0</coordinates>
    </Point>
  </Placemark>
  <Placemark>
    <name>Customer 1207: San Jose</name>
    <styleUrl>#customerStyle</styleUrl>
    <description>Demand: 436</description>
    <Point>
      <coordinates>123.23,9.42,0</coordinates>
    </Point>
  </Placemark>
  <Placemark>
    <name>Customer 1208: Mundamāla</name>
    <styleUrl>#customerStyle</styleUrl>
    <description>Demand: 439</description>
    <Point>
      <coordinates>88.4728,24.6081,0</coordinates>
    </Point>
  </Placemark>
  <Placemark>
    <name>Customer 1209: Gigaquit</name>
    <styleUrl>#customerStyle</styleUrl>
    <description>Demand: 439</description>
    <Point>
      <coordinates>125.698,9.5947,0</coordinates>
    </Point>
  </Placemark>
  <Placemark>
    <name>Customer 1210: Amtali</name>
    <styleUrl>#customerStyle</styleUrl>
    <description>Demand: 442</description>
    <Point>
      <coordinates>90.221,22.1189,0</coordinates>
    </Point>
  </Placemark>
  <Placemark>
    <name>Customer 1211: Looc</name>
    <styleUrl>#customerStyle</styleUrl>
    <description>Demand: 438</description>
    <Point>
      <coordinates>121.993,12.2605,0</coordinates>
    </Point>
  </Placemark>
  <Placemark>
    <name>Customer 1212: Bato</name>
    <styleUrl>#customerStyle</styleUrl>
    <description>Demand: 441</description>
    <Point>
      <coordinates>124.3,13.6,0</coordinates>
    </Point>
  </Placemark>
  <Placemark>
    <name>Customer 1213: Cagwait</name>
    <styleUrl>#customerStyle</styleUrl>
    <description>Demand: 440</description>
    <Point>
      <coordinates>126.302,8.9181,0</coordinates>
    </Point>
  </Placemark>
  <Placemark>
    <name>Customer 1214: Guipos</name>
    <styleUrl>#customerStyle</styleUrl>
    <description>Demand: 433</description>
    <Point>
      <coordinates>123.323,7.735,0</coordinates>
    </Point>
  </Placemark>
  <Placemark>
    <name>Customer 1215: Can-Avid</name>
    <styleUrl>#customerStyle</styleUrl>
    <description>Demand: 424</description>
    <Point>
      <coordinates>125.45,12,0</coordinates>
    </Point>
  </Placemark>
  <Placemark>
    <name>Customer 1216: Tigbao</name>
    <styleUrl>#customerStyle</styleUrl>
    <description>Demand: 441</description>
    <Point>
      <coordinates>123.228,7.8205,0</coordinates>
    </Point>
  </Placemark>
  <Placemark>
    <name>Customer 1217: San Fernando</name>
    <styleUrl>#customerStyle</styleUrl>
    <description>Demand: 438</description>
    <Point>
      <coordinates>123.763,12.4858,0</coordinates>
    </Point>
  </Placemark>
  <Placemark>
    <name>Customer 1218: MacArthur</name>
    <styleUrl>#customerStyle</styleUrl>
    <description>Demand: 434</description>
    <Point>
      <coordinates>124.996,10.8356,0</coordinates>
    </Point>
  </Placemark>
  <Placemark>
    <name>Customer 1219: Rancheria Payau</name>
    <styleUrl>#customerStyle</styleUrl>
    <description>Demand: 439</description>
    <Point>
      <coordinates>123.154,7.8509,0</coordinates>
    </Point>
  </Placemark>
  <Placemark>
    <name>Customer 1220: Santa Teresita</name>
    <styleUrl>#customerStyle</styleUrl>
    <description>Demand: 422</description>
    <Point>
      <coordinates>120.981,13.8664,0</coordinates>
    </Point>
  </Placemark>
  <Placemark>
    <name>Customer 1221: Cabucgayan</name>
    <styleUrl>#customerStyle</styleUrl>
    <description>Demand: 437</description>
    <Point>
      <coordinates>124.575,11.4719,0</coordinates>
    </Point>
  </Placemark>
  <Placemark>
    <name>Customer 1222: Pandan</name>
    <styleUrl>#customerStyle</styleUrl>
    <description>Demand: 425</description>
    <Point>
      <coordinates>124.17,14.05,0</coordinates>
    </Point>
  </Placemark>
  <Placemark>
    <name>Customer 1223: Llorente</name>
    <styleUrl>#customerStyle</styleUrl>
    <description>Demand: 423</description>
    <Point>
      <coordinates>125.546,11.4125,0</coordinates>
    </Point>
  </Placemark>
  <Placemark>
    <name>Customer 1224: Shāhbāzpur</name>
    <styleUrl>#customerStyle</styleUrl>
    <description>Demand: 429</description>
    <Point>
      <coordinates>91.1733,24.0517,0</coordinates>
    </Point>
  </Placemark>
  <Placemark>
    <name>Customer 1225: Inopacan</name>
    <styleUrl>#customerStyle</styleUrl>
    <description>Demand: 436</description>
    <Point>
      <coordinates>124.75,10.5,0</coordinates>
    </Point>
  </Placemark>
  <Placemark>
    <name>Customer 1226: Luna</name>
    <styleUrl>#customerStyle</styleUrl>
    <description>Demand: 429</description>
    <Point>
      <coordinates>121.373,18.3311,0</coordinates>
    </Point>
  </Placemark>
  <Placemark>
    <name>Customer 1227: Krus na Ligas</name>
    <styleUrl>#customerStyle</styleUrl>
    <description>Demand: 421</description>
    <Point>
      <coordinates>121.064,14.6442,0</coordinates>
    </Point>
  </Placemark>
  <Placemark>
    <name>Customer 1228: Kitcharao</name>
    <styleUrl>#customerStyle</styleUrl>
    <description>Demand: 424</description>
    <Point>
      <coordinates>125.58,9.46,0</coordinates>
    </Point>
  </Placemark>
  <Placemark>
    <name>Customer 1229: Mabitac</name>
    <styleUrl>#customerStyle</styleUrl>
    <description>Demand: 426</description>
    <Point>
      <coordinates>121.42,14.43,0</coordinates>
    </Point>
  </Placemark>
  <Placemark>
    <name>Customer 1230: Linamon</name>
    <styleUrl>#customerStyle</styleUrl>
    <description>Demand: 417</description>
    <Point>
      <coordinates>124.17,8.18,0</coordinates>
    </Point>
  </Placemark>
  <Placemark>
    <name>Customer 1231: Dupax del Sur</name>
    <styleUrl>#customerStyle</styleUrl>
    <description>Demand: 414</description>
    <Point>
      <coordinates>121.092,16.2842,0</coordinates>
    </Point>
  </Placemark>
  <Placemark>
    <name>Customer 1232: Clarin</name>
    <styleUrl>#customerStyle</styleUrl>
    <description>Demand: 420</description>
    <Point>
      <coordinates>124.02,9.97,0</coordinates>
    </Point>
  </Placemark>
  <Placemark>
    <name>Customer 1233: Loyola Heights</name>
    <styleUrl>#customerStyle</styleUrl>
    <description>Demand: 426</description>
    <Point>
      <coordinates>121.074,14.6403,0</coordinates>
    </Point>
  </Placemark>
  <Placemark>
    <name>Customer 1234: Aguinaldo</name>
    <styleUrl>#customerStyle</styleUrl>
    <description>Demand: 430</description>
    <Point>
      <coordinates>121.327,16.9789,0</coordinates>
    </Point>
  </Placemark>
  <Placemark>
    <name>Customer 1235: Ronda</name>
    <styleUrl>#customerStyle</styleUrl>
    <description>Demand: 415</description>
    <Point>
      <coordinates>123.409,10.0003,0</coordinates>
    </Point>
  </Placemark>
  <Placemark>
    <name>Customer 1236: Barcelona</name>
    <styleUrl>#customerStyle</styleUrl>
    <description>Demand: 423</description>
    <Point>
      <coordinates>124.142,12.8694,0</coordinates>
    </Point>
  </Placemark>
  <Placemark>
    <name>Customer 1237: Punturin</name>
    <styleUrl>#customerStyle</styleUrl>
    <description>Demand: 422</description>
    <Point>
      <coordinates>120.998,14.7381,0</coordinates>
    </Point>
  </Placemark>
  <Placemark>
    <name>Customer 1238: San Guillermo</name>
    <styleUrl>#customerStyle</styleUrl>
    <description>Demand: 418</description>
    <Point>
      <coordinates>121.81,16.7244,0</coordinates>
    </Point>
  </Placemark>
  <Placemark>
    <name>Customer 1239: Luisiana</name>
    <styleUrl>#customerStyle</styleUrl>
    <description>Demand: 409</description>
    <Point>
      <coordinates>121.511,14.185,0</coordinates>
    </Point>
  </Placemark>
  <Placemark>
    <name>Customer 1240: Hindang</name>
    <styleUrl>#customerStyle</styleUrl>
    <description>Demand: 413</description>
    <Point>
      <coordinates>124.728,10.4339,0</coordinates>
    </Point>
  </Placemark>
  <Placemark>
    <name>Customer 1241: Sonāgāzi</name>
    <styleUrl>#customerStyle</styleUrl>
    <description>Demand: 412</description>
    <Point>
      <coordinates>91.3916,22.8518,0</coordinates>
    </Point>
  </Placemark>
  <Placemark>
    <name>Customer 1242: Banting</name>
    <styleUrl>#customerStyle</styleUrl>
    <description>Demand: 421</description>
    <Point>
      <coordinates>120.9,5.7167,0</coordinates>
    </Point>
  </Placemark>
  <Placemark>
    <name>Customer 1243: Tolosa</name>
    <styleUrl>#customerStyle</styleUrl>
    <description>Demand: 405</description>
    <Point>
      <coordinates>125.035,11.0633,0</coordinates>
    </Point>
  </Placemark>
  <Placemark>
    <name>Customer 1244: Luna</name>
    <styleUrl>#customerStyle</styleUrl>
    <description>Demand: 404</description>
    <Point>
      <coordinates>121.73,16.97,0</coordinates>
    </Point>
  </Placemark>
  <Placemark>
    <name>Customer 1245: Banaue</name>
    <styleUrl>#customerStyle</styleUrl>
    <description>Demand: 407</description>
    <Point>
      <coordinates>121.061,16.9119,0</coordinates>
    </Point>
  </Placemark>
  <Placemark>
    <name>Customer 1246: Kapay</name>
    <styleUrl>#customerStyle</styleUrl>
    <description>Demand: 401</description>
    <Point>
      <coordinates>124.4,8.08,0</coordinates>
    </Point>
  </Placemark>
  <Placemark>
    <name>Customer 1247: Lugait</name>
    <styleUrl>#customerStyle</styleUrl>
    <description>Demand: 419</description>
    <Point>
      <coordinates>124.259,8.3411,0</coordinates>
    </Point>
  </Placemark>
  <Placemark>
    <name>Customer 1248: Guadalupe Nuevo</name>
    <styleUrl>#customerStyle</styleUrl>
    <description>Demand: 418</description>
    <Point>
      <coordinates>121.045,14.5587,0</coordinates>
    </Point>
  </Placemark>
  <Placemark>
    <name>Customer 1249: Binondo</name>
    <styleUrl>#customerStyle</styleUrl>
    <description>Demand: 410</description>
    <Point>
      <coordinates>120.967,14.6,0</coordinates>
    </Point>
  </Placemark>
  <Placemark>
    <name>Customer 1250: Sapang Dalaga</name>
    <styleUrl>#customerStyle</styleUrl>
    <description>Demand: 412</description>
    <Point>
      <coordinates>123.57,8.55,0</coordinates>
    </Point>
  </Placemark>
  <Placemark>
    <name>Customer 1251: Magsaysay</name>
    <styleUrl>#customerStyle</styleUrl>
    <description>Demand: 419</description>
    <Point>
      <coordinates>123.92,8.03,0</coordinates>
    </Point>
  </Placemark>
  <Placemark>
    <name>Customer 1252: Kawayan</name>
    <styleUrl>#customerStyle</styleUrl>
    <description>Demand: 406</description>
    <Point>
      <coordinates>124.37,11.7,0</coordinates>
    </Point>
  </Placemark>
  <Placemark>
    <name>Customer 1253: Samboan</name>
    <styleUrl>#customerStyle</styleUrl>
    <description>Demand: 414</description>
    <Point>
      <coordinates>123.306,9.5288,0</coordinates>
    </Point>
  </Placemark>
  <Placemark>
    <name>Customer 1254: San Martin De Porres</name>
    <styleUrl>#customerStyle</styleUrl>
    <description>Demand: 396</description>
    <Point>
      <coordinates>121.043,14.4817,0</coordinates>
    </Point>
  </Placemark>
  <Placemark>
    <name>Customer 1255: Danao</name>
    <styleUrl>#customerStyle</styleUrl>
    <description>Demand: 411</description>
    <Point>
      <coordinates>124.27,10.02,0</coordinates>
    </Point>
  </Placemark>
  <Placemark>
    <name>Customer 1256: Piñan</name>
    <styleUrl>#customerStyle</styleUrl>
    <description>Demand: 409</description>
    <Point>
      <coordinates>123.45,8.4822,0</coordinates>
    </Point>
  </Placemark>
  <Placemark>
    <name>Customer 1257: Del Carmen</name>
    <styleUrl>#customerStyle</styleUrl>
    <description>Demand: 406</description>
    <Point>
      <coordinates>125.97,9.869,0</coordinates>
    </Point>
  </Placemark>
  <Placemark>
    <name>Customer 1258: Villa Verde</name>
    <styleUrl>#customerStyle</styleUrl>
    <description>Demand: 394</description>
    <Point>
      <coordinates>121.183,16.6067,0</coordinates>
    </Point>
  </Placemark>
  <Placemark>
    <name>Customer 1259: Valderrama</name>
    <styleUrl>#customerStyle</styleUrl>
    <description>Demand: 393</description>
    <Point>
      <coordinates>122.129,11.0036,0</coordinates>
    </Point>
  </Placemark>
  <Placemark>
    <name>Customer 1260: Mulundo</name>
    <styleUrl>#customerStyle</styleUrl>
    <description>Demand: 392</description>
    <Point>
      <coordinates>124.38,7.93,0</coordinates>
    </Point>
  </Placemark>
  <Placemark>
    <name>Customer 1261: Dagohoy</name>
    <styleUrl>#customerStyle</styleUrl>
    <description>Demand: 389</description>
    <Point>
      <coordinates>124.28,9.92,0</coordinates>
    </Point>
  </Placemark>
  <Placemark>
    <name>Customer 1262: San Miguel</name>
    <styleUrl>#customerStyle</styleUrl>
    <description>Demand: 390</description>
    <Point>
      <coordinates>123.268,7.65,0</coordinates>
    </Point>
  </Placemark>
  <Placemark>
    <name>Customer 1263: Jagatpur</name>
    <styleUrl>#customerStyle</styleUrl>
    <description>Demand: 397</description>
    <Point>
      <coordinates>90.766,23.6075,0</coordinates>
    </Point>
  </Placemark>
  <Placemark>
    <name>Customer 1264: Malabuyoc</name>
    <styleUrl>#customerStyle</styleUrl>
    <description>Demand: 402</description>
    <Point>
      <coordinates>123.33,9.65,0</coordinates>
    </Point>
  </Placemark>
  <Placemark>
    <name>Customer 1265: San Miguel</name>
    <styleUrl>#customerStyle</styleUrl>
    <description>Demand: 385</description>
    <Point>
      <coordinates>124.83,11.2942,0</coordinates>
    </Point>
  </Placemark>
  <Placemark>
    <name>Customer 1266: Sinacaban</name>
    <styleUrl>#customerStyle</styleUrl>
    <description>Demand: 398</description>
    <Point>
      <coordinates>123.844,8.2854,0</coordinates>
    </Point>
  </Placemark>
  <Placemark>
    <name>Customer 1267: Caoayan</name>
    <styleUrl>#customerStyle</styleUrl>
    <description>Demand: 389</description>
    <Point>
      <coordinates>120.383,17.5469,0</coordinates>
    </Point>
  </Placemark>
  <Placemark>
    <name>Customer 1268: Santa Teresita</name>
    <styleUrl>#customerStyle</styleUrl>
    <description>Demand: 395</description>
    <Point>
      <coordinates>121.91,18.2519,0</coordinates>
    </Point>
  </Placemark>
  <Placemark>
    <name>Customer 1269: Rizal</name>
    <styleUrl>#customerStyle</styleUrl>
    <description>Demand: 385</description>
    <Point>
      <coordinates>121.6,17.5,0</coordinates>
    </Point>
  </Placemark>
  <Placemark>
    <name>Customer 1270: Santiago</name>
    <styleUrl>#customerStyle</styleUrl>
    <description>Demand: 389</description>
    <Point>
      <coordinates>120.445,17.2947,0</coordinates>
    </Point>
  </Placemark>
  <Placemark>
    <name>Customer 1271: Cervantes</name>
    <styleUrl>#customerStyle</styleUrl>
    <description>Demand: 397</description>
    <Point>
      <coordinates>120.733,16.9917,0</coordinates>
    </Point>
  </Placemark>
  <Placemark>
    <name>Customer 1272: Marihatag</name>
    <styleUrl>#customerStyle</styleUrl>
    <description>Demand: 388</description>
    <Point>
      <coordinates>126.298,8.8008,0</coordinates>
    </Point>
  </Placemark>
  <Placemark>
    <name>Customer 1273: Tublay</name>
    <styleUrl>#customerStyle</styleUrl>
    <description>Demand: 381</description>
    <Point>
      <coordinates>120.633,16.4764,0</coordinates>
    </Point>
  </Placemark>
  <Placemark>
    <name>Customer 1274: Siruma</name>
    <styleUrl>#customerStyle</styleUrl>
    <description>Demand: 396</description>
    <Point>
      <coordinates>123.259,14.0219,0</coordinates>
    </Point>
  </Placemark>
  <Placemark>
    <name>Customer 1275: Pastrana</name>
    <styleUrl>#customerStyle</styleUrl>
    <description>Demand: 387</description>
    <Point>
      <coordinates>124.88,11.13,0</coordinates>
    </Point>
  </Placemark>
  <Placemark>
    <name>Customer 1276: Buruanga</name>
    <styleUrl>#customerStyle</styleUrl>
    <description>Demand: 382</description>
    <Point>
      <coordinates>121.889,11.8438,0</coordinates>
    </Point>
  </Placemark>
  <Placemark>
    <name>Customer 1277: Tadian</name>
    <styleUrl>#customerStyle</styleUrl>
    <description>Demand: 395</description>
    <Point>
      <coordinates>120.821,16.9961,0</coordinates>
    </Point>
  </Placemark>
  <Placemark>
    <name>Customer 1278: Pugo</name>
    <styleUrl>#customerStyle</styleUrl>
    <description>Demand: 381</description>
    <Point>
      <coordinates>120.48,16.28,0</coordinates>
    </Point>
  </Placemark>
  <Placemark>
    <name>Customer 1279: San Roque</name>
    <styleUrl>#customerStyle</styleUrl>
    <description>Demand: 377</description>
    <Point>
      <coordinates>120.901,14.48,0</coordinates>
    </Point>
  </Placemark>
  <Placemark>
    <name>Customer 1280: Espiritu</name>
    <styleUrl>#customerStyle</styleUrl>
    <description>Demand: 384</description>
    <Point>
      <coordinates>120.654,17.9806,0</coordinates>
    </Point>
  </Placemark>
  <Placemark>
    <name>Customer 1281: Kapangan</name>
    <styleUrl>#customerStyle</styleUrl>
    <description>Demand: 391</description>
    <Point>
      <coordinates>120.605,16.5764,0</coordinates>
    </Point>
  </Placemark>
  <Placemark>
    <name>Customer 1282: Balintawak</name>
    <styleUrl>#customerStyle</styleUrl>
    <description>Demand: 394</description>
    <Point>
      <coordinates>121.001,14.6506,0</coordinates>
    </Point>
  </Placemark>
  <Placemark>
    <name>Customer 1283: Cabusao</name>
    <styleUrl>#customerStyle</styleUrl>
    <description>Demand: 390</description>
    <Point>
      <coordinates>123.114,13.7275,0</coordinates>
    </Point>
  </Placemark>
  <Placemark>
    <name>Customer 1284: Diadi</name>
    <styleUrl>#customerStyle</styleUrl>
    <description>Demand: 386</description>
    <Point>
      <coordinates>121.369,16.66,0</coordinates>
    </Point>
  </Placemark>
  <Placemark>
    <name>Customer 1285: Atok</name>
    <styleUrl>#customerStyle</styleUrl>
    <description>Demand: 394</description>
    <Point>
      <coordinates>120.767,16.6272,0</coordinates>
    </Point>
  </Placemark>
  <Placemark>
    <name>Customer 1286: Jiabong</name>
    <styleUrl>#customerStyle</styleUrl>
    <description>Demand: 385</description>
    <Point>
      <coordinates>124.952,11.7625,0</coordinates>
    </Point>
  </Placemark>
  <Placemark>
    <name>Customer 1287: Ermita</name>
    <styleUrl>#customerStyle</styleUrl>
    <description>Demand: 379</description>
    <Point>
      <coordinates>120.983,14.583,0</coordinates>
    </Point>
  </Placemark>
  <Placemark>
    <name>Customer 1288: Alcoy</name>
    <styleUrl>#customerStyle</styleUrl>
    <description>Demand: 386</description>
    <Point>
      <coordinates>123.506,9.7082,0</coordinates>
    </Point>
  </Placemark>
  <Placemark>
    <name>Customer 1289: La Paz</name>
    <styleUrl>#customerStyle</styleUrl>
    <description>Demand: 384</description>
    <Point>
      <coordinates>124.957,10.8911,0</coordinates>
    </Point>
  </Placemark>
  <Placemark>
    <name>Customer 1290: San Teodoro</name>
    <styleUrl>#customerStyle</styleUrl>
    <description>Demand: 380</description>
    <Point>
      <coordinates>121.019,13.4358,0</coordinates>
    </Point>
  </Placemark>
  <Placemark>
    <name>Customer 1291: Lumbayanague</name>
    <styleUrl>#customerStyle</styleUrl>
    <description>Demand: 389</description>
    <Point>
      <coordinates>124.28,7.78,0</coordinates>
    </Point>
  </Placemark>
  <Placemark>
    <name>Customer 1292: Rizal</name>
    <styleUrl>#customerStyle</styleUrl>
    <description>Demand: 382</description>
    <Point>
      <coordinates>121.345,17.8478,0</coordinates>
    </Point>
  </Placemark>
  <Placemark>
    <name>Customer 1293: Malanday</name>
    <styleUrl>#customerStyle</styleUrl>
    <description>Demand: 384</description>
    <Point>
      <coordinates>120.955,14.7194,0</coordinates>
    </Point>
  </Placemark>
  <Placemark>
    <name>Customer 1294: San Gabriel</name>
    <styleUrl>#customerStyle</styleUrl>
    <description>Demand: 374</description>
    <Point>
      <coordinates>120.4,16.67,0</coordinates>
    </Point>
  </Placemark>
  <Placemark>
    <name>Customer 1295: Madalag</name>
    <styleUrl>#customerStyle</styleUrl>
    <description>Demand: 374</description>
    <Point>
      <coordinates>122.306,11.5269,0</coordinates>
    </Point>
  </Placemark>
  <Placemark>
    <name>Customer 1296: Duero</name>
    <styleUrl>#customerStyle</styleUrl>
    <description>Demand: 378</description>
    <Point>
      <coordinates>124.4,9.72,0</coordinates>
    </Point>
  </Placemark>
  <Placemark>
    <name>Customer 1297: Malimono</name>
    <styleUrl>#customerStyle</styleUrl>
    <description>Demand: 367</description>
    <Point>
      <coordinates>125.402,9.6183,0</coordinates>
    </Point>
  </Placemark>
  <Placemark>
    <name>Customer 1298: Nunuñgan</name>
    <styleUrl>#customerStyle</styleUrl>
    <description>Demand: 381</description>
    <Point>
      <coordinates>123.97,7.82,0</coordinates>
    </Point>
  </Placemark>
  <Placemark>
    <name>Customer 1299: Sebaste</name>
    <styleUrl>#customerStyle</styleUrl>
    <description>Demand: 370</description>
    <Point>
      <coordinates>122.094,11.5901,0</coordinates>
    </Point>
  </Placemark>
  <Placemark>
    <name>Customer 1300: Taft</name>
    <styleUrl>#customerStyle</styleUrl>
    <description>Demand: 368</description>
    <Point>
      <coordinates>125.418,11.9058,0</coordinates>
    </Point>
  </Placemark>
  <Placemark>
    <name>Customer 1301: Paglat</name>
    <styleUrl>#customerStyle</styleUrl>
    <description>Demand: 367</description>
    <Point>
      <coordinates>124.785,6.7811,0</coordinates>
    </Point>
  </Placemark>
  <Placemark>
    <name>Customer 1302: Balilihan</name>
    <styleUrl>#customerStyle</styleUrl>
    <description>Demand: 364</description>
    <Point>
      <coordinates>123.97,9.75,0</coordinates>
    </Point>
  </Placemark>
  <Placemark>
    <name>Customer 1303: San Miguel</name>
    <styleUrl>#customerStyle</styleUrl>
    <description>Demand: 372</description>
    <Point>
      <coordinates>121,14.6,0</coordinates>
    </Point>
  </Placemark>
  <Placemark>
    <name>Customer 1304: Paluan</name>
    <styleUrl>#customerStyle</styleUrl>
    <description>Demand: 367</description>
    <Point>
      <coordinates>120.47,13.42,0</coordinates>
    </Point>
  </Placemark>
  <Placemark>
    <name>Customer 1305: Santander</name>
    <styleUrl>#customerStyle</styleUrl>
    <description>Demand: 379</description>
    <Point>
      <coordinates>123.33,9.45,0</coordinates>
    </Point>
  </Placemark>
  <Placemark>
    <name>Customer 1306: Bilar</name>
    <styleUrl>#customerStyle</styleUrl>
    <description>Demand: 379</description>
    <Point>
      <coordinates>124.1,9.7,0</coordinates>
    </Point>
  </Placemark>
  <Placemark>
    <name>Customer 1307: Tinoc</name>
    <styleUrl>#customerStyle</styleUrl>
    <description>Demand: 369</description>
    <Point>
      <coordinates>120.937,16.675,0</coordinates>
    </Point>
  </Placemark>
  <Placemark>
    <name>Customer 1308: Baliangao</name>
    <styleUrl>#customerStyle</styleUrl>
    <description>Demand: 373</description>
    <Point>
      <coordinates>123.6,8.67,0</coordinates>
    </Point>
  </Placemark>
  <Placemark>
    <name>Customer 1309: Tinajeros</name>
    <styleUrl>#customerStyle</styleUrl>
    <description>Demand: 360</description>
    <Point>
      <coordinates>120.969,14.6733,0</coordinates>
    </Point>
  </Placemark>
  <Placemark>
    <name>Customer 1310: Cagdianao</name>
    <styleUrl>#customerStyle</styleUrl>
    <description>Demand: 368</description>
    <Point>
      <coordinates>125.67,9.92,0</coordinates>
    </Point>
  </Placemark>
  <Placemark>
    <name>Customer 1311: Cortes</name>
    <styleUrl>#customerStyle</styleUrl>
    <description>Demand: 358</description>
    <Point>
      <coordinates>123.88,9.72,0</coordinates>
    </Point>
  </Placemark>
  <Placemark>
    <name>Customer 1312: Rizal</name>
    <styleUrl>#customerStyle</styleUrl>
    <description>Demand: 375</description>
    <Point>
      <coordinates>121.392,14.1083,0</coordinates>
    </Point>
  </Placemark>
  <Placemark>
    <name>Customer 1313: Santa Fe</name>
    <styleUrl>#customerStyle</styleUrl>
    <description>Demand: 364</description>
    <Point>
      <coordinates>120.938,16.1592,0</coordinates>
    </Point>
  </Placemark>
  <Placemark>
    <name>Customer 1314: Pinabacdao</name>
    <styleUrl>#customerStyle</styleUrl>
    <description>Demand: 369</description>
    <Point>
      <coordinates>124.98,11.62,0</coordinates>
    </Point>
  </Placemark>
  <Placemark>
    <name>Customer 1315: Mayorga</name>
    <styleUrl>#customerStyle</styleUrl>
    <description>Demand: 361</description>
    <Point>
      <coordinates>125,10.9,0</coordinates>
    </Point>
  </Placemark>
  <Placemark>
    <name>Customer 1316: Libjo</name>
    <styleUrl>#customerStyle</styleUrl>
    <description>Demand: 359</description>
    <Point>
      <coordinates>125.533,10.196,0</coordinates>
    </Point>
  </Placemark>
  <Placemark>
    <name>Customer 1317: Buadiposo-Buntong</name>
    <styleUrl>#customerStyle</styleUrl>
    <description>Demand: 355</description>
    <Point>
      <coordinates>124.38,7.97,0</coordinates>
    </Point>
  </Placemark>
  <Placemark>
    <name>Customer 1318: Marcos</name>
    <styleUrl>#customerStyle</styleUrl>
    <description>Demand: 365</description>
    <Point>
      <coordinates>120.679,18.0444,0</coordinates>
    </Point>
  </Placemark>
  <Placemark>
    <name>Customer 1319: Bombon</name>
    <styleUrl>#customerStyle</styleUrl>
    <description>Demand: 350</description>
    <Point>
      <coordinates>123.199,13.6867,0</coordinates>
    </Point>
  </Placemark>
  <Placemark>
    <name>Customer 1320: Almeria</name>
    <styleUrl>#customerStyle</styleUrl>
    <description>Demand: 363</description>
    <Point>
      <coordinates>124.379,11.6206,0</coordinates>
    </Point>
  </Placemark>
  <Placemark>
    <name>Customer 1321: Bucay</name>
    <styleUrl>#customerStyle</styleUrl>
    <description>Demand: 351</description>
    <Point>
      <coordinates>120.72,17.54,0</coordinates>
    </Point>
  </Placemark>
  <Placemark>
    <name>Customer 1322: Flora</name>
    <styleUrl>#customerStyle</styleUrl>
    <description>Demand: 365</description>
    <Point>
      <coordinates>121.419,18.2147,0</coordinates>
    </Point>
  </Placemark>
  <Placemark>
    <name>Customer 1323: Cortes</name>
    <styleUrl>#customerStyle</styleUrl>
    <description>Demand: 352</description>
    <Point>
      <coordinates>126.191,9.2753,0</coordinates>
    </Point>
  </Placemark>
  <Placemark>
    <name>Customer 1324: Gitagum</name>
    <styleUrl>#customerStyle</styleUrl>
    <description>Demand: 361</description>
    <Point>
      <coordinates>124.405,8.5956,0</coordinates>
    </Point>
  </Placemark>
  <Placemark>
    <name>Customer 1325: Loay</name>
    <styleUrl>#customerStyle</styleUrl>
    <description>Demand: 349</description>
    <Point>
      <coordinates>124.02,9.6,0</coordinates>
    </Point>
  </Placemark>
  <Placemark>
    <name>Customer 1326: Marabut</name>
    <styleUrl>#customerStyle</styleUrl>
    <description>Demand: 356</description>
    <Point>
      <coordinates>125.22,11.12,0</coordinates>
    </Point>
  </Placemark>
  <Placemark>
    <name>Customer 1327: Santa Fe</name>
    <styleUrl>#customerStyle</styleUrl>
    <description>Demand: 349</description>
    <Point>
      <coordinates>122,12.15,0</coordinates>
    </Point>
  </Placemark>
  <Placemark>
    <name>Customer 1328: San Rafael</name>
    <styleUrl>#customerStyle</styleUrl>
    <description>Demand: 346</description>
    <Point>
      <coordinates>122.827,11.1728,0</coordinates>
    </Point>
  </Placemark>
  <Placemark>
    <name>Customer 1329: Jovellar</name>
    <styleUrl>#customerStyle</styleUrl>
    <description>Demand: 349</description>
    <Point>
      <coordinates>123.6,13.07,0</coordinates>
    </Point>
  </Placemark>
  <Placemark>
    <name>Customer 1330: Kiangan</name>
    <styleUrl>#customerStyle</styleUrl>
    <description>Demand: 349</description>
    <Point>
      <coordinates>121.088,16.7775,0</coordinates>
    </Point>
  </Placemark>
  <Placemark>
    <name>Customer 1331: Palanan</name>
    <styleUrl>#customerStyle</styleUrl>
    <description>Demand: 347</description>
    <Point>
      <coordinates>122.43,17.0589,0</coordinates>
    </Point>
  </Placemark>
  <Placemark>
    <name>Customer 1332: Biliran</name>
    <styleUrl>#customerStyle</styleUrl>
    <description>Demand: 348</description>
    <Point>
      <coordinates>124.48,11.58,0</coordinates>
    </Point>
  </Placemark>
  <Placemark>
    <name>Customer 1333: San Jose</name>
    <styleUrl>#customerStyle</styleUrl>
    <description>Demand: 349</description>
    <Point>
      <coordinates>124.487,12.531,0</coordinates>
    </Point>
  </Placemark>
  <Placemark>
    <name>Customer 1334: Pinili</name>
    <styleUrl>#customerStyle</styleUrl>
    <description>Demand: 357</description>
    <Point>
      <coordinates>120.527,17.954,0</coordinates>
    </Point>
  </Placemark>
  <Placemark>
    <name>Customer 1335: San Jorge</name>
    <styleUrl>#customerStyle</styleUrl>
    <description>Demand: 351</description>
    <Point>
      <coordinates>124.82,11.98,0</coordinates>
    </Point>
  </Placemark>
  <Placemark>
    <name>Customer 1336: Catarman</name>
    <styleUrl>#customerStyle</styleUrl>
    <description>Demand: 344</description>
    <Point>
      <coordinates>124.68,9.13,0</coordinates>
    </Point>
  </Placemark>
  <Placemark>
    <name>Customer 1337: Esperanza</name>
    <styleUrl>#customerStyle</styleUrl>
    <description>Demand: 352</description>
    <Point>
      <coordinates>124.042,11.7369,0</coordinates>
    </Point>
  </Placemark>
  <Placemark>
    <name>Customer 1338: Harinākunda</name>
    <styleUrl>#customerStyle</styleUrl>
    <description>Demand: 360</description>
    <Point>
      <coordinates>89.0333,23.65,0</coordinates>
    </Point>
  </Placemark>
  <Placemark>
    <name>Customer 1339: Boljoon</name>
    <styleUrl>#customerStyle</styleUrl>
    <description>Demand: 359</description>
    <Point>
      <coordinates>123.43,9.63,0</coordinates>
    </Point>
  </Placemark>
  <Placemark>
    <name>Customer 1340: Matagob</name>
    <styleUrl>#customerStyle</styleUrl>
    <description>Demand: 355</description>
    <Point>
      <coordinates>124.473,11.1469,0</coordinates>
    </Point>
  </Placemark>
  <Placemark>
    <name>Customer 1341: Libertad</name>
    <styleUrl>#customerStyle</styleUrl>
    <description>Demand: 350</description>
    <Point>
      <coordinates>121.919,11.769,0</coordinates>
    </Point>
  </Placemark>
  <Placemark>
    <name>Customer 1342: Talitay</name>
    <styleUrl>#customerStyle</styleUrl>
    <description>Demand: 358</description>
    <Point>
      <coordinates>124.376,7.0353,0</coordinates>
    </Point>
  </Placemark>
  <Placemark>
    <name>Customer 1343: Sibutao</name>
    <styleUrl>#customerStyle</styleUrl>
    <description>Demand: 351</description>
    <Point>
      <coordinates>123.48,8.6131,0</coordinates>
    </Point>
  </Placemark>
  <Placemark>
    <name>Customer 1344: Lubang</name>
    <styleUrl>#customerStyle</styleUrl>
    <description>Demand: 355</description>
    <Point>
      <coordinates>120.123,13.8586,0</coordinates>
    </Point>
  </Placemark>
  <Placemark>
    <name>Customer 1345: Loboc</name>
    <styleUrl>#customerStyle</styleUrl>
    <description>Demand: 351</description>
    <Point>
      <coordinates>124.03,9.63,0</coordinates>
    </Point>
  </Placemark>
  <Placemark>
    <name>Customer 1346: Calayan</name>
    <styleUrl>#customerStyle</styleUrl>
    <description>Demand: 358</description>
    <Point>
      <coordinates>121.475,19.2619,0</coordinates>
    </Point>
  </Placemark>
  <Placemark>
    <name>Customer 1347: Tagana-an</name>
    <styleUrl>#customerStyle</styleUrl>
    <description>Demand: 340</description>
    <Point>
      <coordinates>125.582,9.6964,0</coordinates>
    </Point>
  </Placemark>
  <Placemark>
    <name>Customer 1348: Sudipen</name>
    <styleUrl>#customerStyle</styleUrl>
    <description>Demand: 349</description>
    <Point>
      <coordinates>120.47,16.9,0</coordinates>
    </Point>
  </Placemark>
  <Placemark>
    <name>Customer 1349: Alcantara</name>
    <styleUrl>#customerStyle</styleUrl>
    <description>Demand: 347</description>
    <Point>
      <coordinates>122.054,12.2584,0</coordinates>
    </Point>
  </Placemark>
  <Placemark>
    <name>Customer 1350: Saguday</name>
    <styleUrl>#customerStyle</styleUrl>
    <description>Demand: 335</description>
    <Point>
      <coordinates>121.564,16.5394,0</coordinates>
    </Point>
  </Placemark>
  <Placemark>
    <name>Customer 1351: Dilasag</name>
    <styleUrl>#customerStyle</styleUrl>
    <description>Demand: 341</description>
    <Point>
      <coordinates>122.22,16.4,0</coordinates>
    </Point>
  </Placemark>
  <Placemark>
    <name>Customer 1352: Santa Magdalena</name>
    <styleUrl>#customerStyle</styleUrl>
    <description>Demand: 346</description>
    <Point>
      <coordinates>124.108,12.6489,0</coordinates>
    </Point>
  </Placemark>
  <Placemark>
    <name>Customer 1353: Kibungan</name>
    <styleUrl>#customerStyle</styleUrl>
    <description>Demand: 349</description>
    <Point>
      <coordinates>120.654,16.6939,0</coordinates>
    </Point>
  </Placemark>
  <Placemark>
    <name>Customer 1354: Tomas Oppus</name>
    <styleUrl>#customerStyle</styleUrl>
    <description>Demand: 342</description>
    <Point>
      <coordinates>124.98,10.25,0</coordinates>
    </Point>
  </Placemark>
  <Placemark>
    <name>Customer 1355: Ginatilan</name>
    <styleUrl>#customerStyle</styleUrl>
    <description>Demand: 335</description>
    <Point>
      <coordinates>123.35,9.6,0</coordinates>
    </Point>
  </Placemark>
  <Placemark>
    <name>Customer 1356: Tubaran</name>
    <styleUrl>#customerStyle</styleUrl>
    <description>Demand: 346</description>
    <Point>
      <coordinates>124.17,7.72,0</coordinates>
    </Point>
  </Placemark>
  <Placemark>
    <name>Customer 1357: Latifpur</name>
    <styleUrl>#customerStyle</styleUrl>
    <description>Demand: 327</description>
    <Point>
      <coordinates>90.1398,24.1283,0</coordinates>
    </Point>
  </Placemark>
  <Placemark>
    <name>Customer 1358: Famy</name>
    <styleUrl>#customerStyle</styleUrl>
    <description>Demand: 334</description>
    <Point>
      <coordinates>121.45,14.43,0</coordinates>
    </Point>
  </Placemark>
  <Placemark>
    <name>Customer 1359: Madrid</name>
    <styleUrl>#customerStyle</styleUrl>
    <description>Demand: 343</description>
    <Point>
      <coordinates>125.965,9.2619,0</coordinates>
    </Point>
  </Placemark>
  <Placemark>
    <name>Customer 1360: Barangka</name>
    <styleUrl>#customerStyle</styleUrl>
    <description>Demand: 327</description>
    <Point>
      <coordinates>121.08,14.6297,0</coordinates>
    </Point>
  </Placemark>
  <Placemark>
    <name>Customer 1361: La Paz</name>
    <styleUrl>#customerStyle</styleUrl>
    <description>Demand: 334</description>
    <Point>
      <coordinates>120.685,17.6739,0</coordinates>
    </Point>
  </Placemark>
  <Placemark>
    <name>Customer 1362: San Miguel</name>
    <styleUrl>#customerStyle</styleUrl>
    <description>Demand: 319</description>
    <Point>
      <coordinates>119.871,11.492,0</coordinates>
    </Point>
  </Placemark>
  <Placemark>
    <name>Customer 1363: Panukulan</name>
    <styleUrl>#customerStyle</styleUrl>
    <description>Demand: 325</description>
    <Point>
      <coordinates>121.82,14.93,0</coordinates>
    </Point>
  </Placemark>
  <Placemark>
    <name>Customer 1364: San Juan</name>
    <styleUrl>#customerStyle</styleUrl>
    <description>Demand: 337</description>
    <Point>
      <coordinates>123.494,9.159,0</coordinates>
    </Point>
  </Placemark>
  <Placemark>
    <name>Customer 1365: Arteche</name>
    <styleUrl>#customerStyle</styleUrl>
    <description>Demand: 331</description>
    <Point>
      <coordinates>125.371,12.2694,0</coordinates>
    </Point>
  </Placemark>
  <Placemark>
    <name>Customer 1366: Zumarraga</name>
    <styleUrl>#customerStyle</styleUrl>
    <description>Demand: 333</description>
    <Point>
      <coordinates>124.841,11.639,0</coordinates>
    </Point>
  </Placemark>
  <Placemark>
    <name>Customer 1367: Alegria</name>
    <styleUrl>#customerStyle</styleUrl>
    <description>Demand: 315</description>
    <Point>
      <coordinates>125.577,9.4667,0</coordinates>
    </Point>
  </Placemark>
  <Placemark>
    <name>Customer 1368: Bingawan</name>
    <styleUrl>#customerStyle</styleUrl>
    <description>Demand: 318</description>
    <Point>
      <coordinates>122.57,11.23,0</coordinates>
    </Point>
  </Placemark>
  <Placemark>
    <name>Customer 1369: Tankal</name>
    <styleUrl>#customerStyle</styleUrl>
    <description>Demand: 326</description>
    <Point>
      <coordinates>124,8,0</coordinates>
    </Point>
  </Placemark>
  <Placemark>
    <name>Customer 1370: Despujols</name>
    <styleUrl>#customerStyle</styleUrl>
    <description>Demand: 327</description>
    <Point>
      <coordinates>122.011,12.5183,0</coordinates>
    </Point>
  </Placemark>
  <Placemark>
    <name>Customer 1371: Alabat</name>
    <styleUrl>#customerStyle</styleUrl>
    <description>Demand: 327</description>
    <Point>
      <coordinates>122.014,14.1023,0</coordinates>
    </Point>
  </Placemark>
  <Placemark>
    <name>Customer 1372: Quezon</name>
    <styleUrl>#customerStyle</styleUrl>
    <description>Demand: 309</description>
    <Point>
      <coordinates>122.182,14.0068,0</coordinates>
    </Point>
  </Placemark>
  <Placemark>
    <name>Customer 1373: Kabayan</name>
    <styleUrl>#customerStyle</styleUrl>
    <description>Demand: 321</description>
    <Point>
      <coordinates>120.838,16.6233,0</coordinates>
    </Point>
  </Placemark>
  <Placemark>
    <name>Customer 1374: Sulat</name>
    <styleUrl>#customerStyle</styleUrl>
    <description>Demand: 315</description>
    <Point>
      <coordinates>125.45,11.82,0</coordinates>
    </Point>
  </Placemark>
  <Placemark>
    <name>Customer 1375: San Miguel</name>
    <styleUrl>#customerStyle</styleUrl>
    <description>Demand: 322</description>
    <Point>
      <coordinates>124.301,13.6411,0</coordinates>
    </Point>
  </Placemark>
  <Placemark>
    <name>Customer 1376: Leso</name>
    <styleUrl>#customerStyle</styleUrl>
    <description>Demand: 309</description>
    <Point>
      <coordinates>122.327,11.6697,0</coordinates>
    </Point>
  </Placemark>
  <Placemark>
    <name>Customer 1377: Mayoyao</name>
    <styleUrl>#customerStyle</styleUrl>
    <description>Demand: 311</description>
    <Point>
      <coordinates>121.221,16.9736,0</coordinates>
    </Point>
  </Placemark>
  <Placemark>
    <name>Customer 1378: Calumpang</name>
    <styleUrl>#customerStyle</styleUrl>
    <description>Demand: 303</description>
    <Point>
      <coordinates>121.087,14.6249,0</coordinates>
    </Point>
  </Placemark>
  <Placemark>
    <name>Customer 1379: Julita</name>
    <styleUrl>#customerStyle</styleUrl>
    <description>Demand: 303</description>
    <Point>
      <coordinates>124.962,10.9731,0</coordinates>
    </Point>
  </Placemark>
  <Placemark>
    <name>Customer 1380: Pudtol</name>
    <styleUrl>#customerStyle</styleUrl>
    <description>Demand: 302</description>
    <Point>
      <coordinates>121.373,18.2356,0</coordinates>
    </Point>
  </Placemark>
  <Placemark>
    <name>Customer 1381: Ambaguio</name>
    <styleUrl>#customerStyle</styleUrl>
    <description>Demand: 301</description>
    <Point>
      <coordinates>121.028,16.5316,0</coordinates>
    </Point>
  </Placemark>
  <Placemark>
    <name>Customer 1382: Magdiwang</name>
    <styleUrl>#customerStyle</styleUrl>
    <description>Demand: 308</description>
    <Point>
      <coordinates>122.52,12.48,0</coordinates>
    </Point>
  </Placemark>
  <Placemark>
    <name>Customer 1383: San Policarpo</name>
    <styleUrl>#customerStyle</styleUrl>
    <description>Demand: 313</description>
    <Point>
      <coordinates>125.507,12.1791,0</coordinates>
    </Point>
  </Placemark>
  <Placemark>
    <name>Customer 1384: Victoria</name>
    <styleUrl>#customerStyle</styleUrl>
    <description>Demand: 297</description>
    <Point>
      <coordinates>124.32,12.45,0</coordinates>
    </Point>
  </Placemark>
  <Placemark>
    <name>Customer 1385: Anao-aon</name>
    <styleUrl>#customerStyle</styleUrl>
    <description>Demand: 298</description>
    <Point>
      <coordinates>125.423,9.7778,0</coordinates>
    </Point>
  </Placemark>
  <Placemark>
    <name>Customer 1386: Maydolong</name>
    <styleUrl>#customerStyle</styleUrl>
    <description>Demand: 298</description>
    <Point>
      <coordinates>125.5,11.5,0</coordinates>
    </Point>
  </Placemark>
  <Placemark>
    <name>Customer 1387: Motiong</name>
    <styleUrl>#customerStyle</styleUrl>
    <description>Demand: 314</description>
    <Point>
      <coordinates>125,11.78,0</coordinates>
    </Point>
  </Placemark>
  <Placemark>
    <name>Customer 1388: Project Six</name>
    <styleUrl>#customerStyle</styleUrl>
    <description>Demand: 297</description>
    <Point>
      <coordinates>121.041,14.6561,0</coordinates>
    </Point>
  </Placemark>
  <Placemark>
    <name>Customer 1389: Libagon</name>
    <styleUrl>#customerStyle</styleUrl>
    <description>Demand: 303</description>
    <Point>
      <coordinates>125.05,10.3,0</coordinates>
    </Point>
  </Placemark>
  <Placemark>
    <name>Customer 1390: Silvino Lobos</name>
    <styleUrl>#customerStyle</styleUrl>
    <description>Demand: 310</description>
    <Point>
      <coordinates>124.846,12.3281,0</coordinates>
    </Point>
  </Placemark>
  <Placemark>
    <name>Customer 1391: Tagoloan</name>
    <styleUrl>#customerStyle</styleUrl>
    <description>Demand: 296</description>
    <Point>
      <coordinates>124.267,8.1333,0</coordinates>
    </Point>
  </Placemark>
  <Placemark>
    <name>Customer 1392: Tatarikan</name>
    <styleUrl>#customerStyle</styleUrl>
    <description>Demand: 294</description>
    <Point>
      <coordinates>124.12,7.73,0</coordinates>
    </Point>
  </Placemark>
  <Placemark>
    <name>Customer 1393: Patnanungan</name>
    <styleUrl>#customerStyle</styleUrl>
    <description>Demand: 308</description>
    <Point>
      <coordinates>122.18,14.78,0</coordinates>
    </Point>
  </Placemark>
  <Placemark>
    <name>Customer 1394: Rizal</name>
    <styleUrl>#customerStyle</styleUrl>
    <description>Demand: 305</description>
    <Point>
      <coordinates>123.552,8.5272,0</coordinates>
    </Point>
  </Placemark>
  <Placemark>
    <name>Customer 1395: Tubod</name>
    <styleUrl>#customerStyle</styleUrl>
    <description>Demand: 290</description>
    <Point>
      <coordinates>125.57,9.5547,0</coordinates>
    </Point>
  </Placemark>
  <Placemark>
    <name>Customer 1396: Bangui</name>
    <styleUrl>#customerStyle</styleUrl>
    <description>Demand: 300</description>
    <Point>
      <coordinates>120.765,18.5378,0</coordinates>
    </Point>
  </Placemark>
  <Placemark>
    <name>Customer 1397: Bāisāri</name>
    <styleUrl>#customerStyle</styleUrl>
    <description>Demand: 299</description>
    <Point>
      <coordinates>90.1259,22.7959,0</coordinates>
    </Point>
  </Placemark>
  <Placemark>
    <name>Customer 1398: Santa</name>
    <styleUrl>#customerStyle</styleUrl>
    <description>Demand: 290</description>
    <Point>
      <coordinates>120.434,17.486,0</coordinates>
    </Point>
  </Placemark>
  <Placemark>
    <name>Customer 1399: Antequera</name>
    <styleUrl>#customerStyle</styleUrl>
    <description>Demand: 303</description>
    <Point>
      <coordinates>123.897,9.7812,0</coordinates>
    </Point>
  </Placemark>
  <Placemark>
    <name>Customer 1400: Calanogas</name>
    <styleUrl>#customerStyle</styleUrl>
    <description>Demand: 293</description>
    <Point>
      <coordinates>124.1,7.75,0</coordinates>
    </Point>
  </Placemark>
  <Placemark>
    <name>Customer 1401: Lagangilang</name>
    <styleUrl>#customerStyle</styleUrl>
    <description>Demand: 308</description>
    <Point>
      <coordinates>120.73,17.61,0</coordinates>
    </Point>
  </Placemark>
  <Placemark>
    <name>Customer 1402: San Juan</name>
    <styleUrl>#customerStyle</styleUrl>
    <description>Demand: 300</description>
    <Point>
      <coordinates>125.18,10.27,0</coordinates>
    </Point>
  </Placemark>
  <Placemark>
    <name>Customer 1403: Dimiao</name>
    <styleUrl>#customerStyle</styleUrl>
    <description>Demand: 293</description>
    <Point>
      <coordinates>124.17,9.62,0</coordinates>
    </Point>
  </Placemark>
  <Placemark>
    <name>Customer 1404: Bacuag</name>
    <styleUrl>#customerStyle</styleUrl>
    <description>Demand: 302</description>
    <Point>
      <coordinates>125.641,9.6081,0</coordinates>
    </Point>
  </Placemark>
  <Placemark>
    <name>Customer 1405: San Tomas</name>
    <styleUrl>#customerStyle</styleUrl>
    <description>Demand: 288</description>
    <Point>
      <coordinates>120.588,15.8792,0</coordinates>
    </Point>
  </Placemark>
  <Placemark>
    <name>Customer 1406: Tayum</name>
    <styleUrl>#customerStyle</styleUrl>
    <description>Demand: 292</description>
    <Point>
      <coordinates>120.66,17.62,0</coordinates>
    </Point>
  </Placemark>
  <Placemark>
    <name>Customer 1407: San Julian</name>
    <styleUrl>#customerStyle</styleUrl>
    <description>Demand: 306</description>
    <Point>
      <coordinates>125.456,11.7536,0</coordinates>
    </Point>
  </Placemark>
  <Placemark>
    <name>Customer 1408: Matungao</name>
    <styleUrl>#customerStyle</styleUrl>
    <description>Demand: 293</description>
    <Point>
      <coordinates>124.17,8.13,0</coordinates>
    </Point>
  </Placemark>
  <Placemark>
    <name>Customer 1409: Lope de Vega</name>
    <styleUrl>#customerStyle</styleUrl>
    <description>Demand: 287</description>
    <Point>
      <coordinates>124.624,12.2983,0</coordinates>
    </Point>
  </Placemark>
  <Placemark>
    <name>Customer 1410: Mahinog</name>
    <styleUrl>#customerStyle</styleUrl>
    <description>Demand: 284</description>
    <Point>
      <coordinates>124.78,9.15,0</coordinates>
    </Point>
  </Placemark>
  <Placemark>
    <name>Customer 1411: Boston</name>
    <styleUrl>#customerStyle</styleUrl>
    <description>Demand: 291</description>
    <Point>
      <coordinates>126.376,7.8697,0</coordinates>
    </Point>
  </Placemark>
  <Placemark>
    <name>Customer 1412: Batuan</name>
    <styleUrl>#customerStyle</styleUrl>
    <description>Demand: 288</description>
    <Point>
      <coordinates>123.782,12.4222,0</coordinates>
    </Point>
  </Placemark>
  <Placemark>
    <name>Customer 1413: Bakun</name>
    <styleUrl>#customerStyle</styleUrl>
    <description>Demand: 291</description>
    <Point>
      <coordinates>120.661,16.7925,0</coordinates>
    </Point>
  </Placemark>
  <Placemark>
    <name>Customer 1414: Pualas</name>
    <styleUrl>#customerStyle</styleUrl>
    <description>Demand: 284</description>
    <Point>
      <coordinates>124.07,7.82,0</coordinates>
    </Point>
  </Placemark>
  <Placemark>
    <name>Customer 1415: Quinapundan</name>
    <styleUrl>#customerStyle</styleUrl>
    <description>Demand: 286</description>
    <Point>
      <coordinates>125.521,11.1578,0</coordinates>
    </Point>
  </Placemark>
  <Placemark>
    <name>Customer 1416: Santa Catalina</name>
    <styleUrl>#customerStyle</styleUrl>
    <description>Demand: 290</description>
    <Point>
      <coordinates>120.364,17.5917,0</coordinates>
    </Point>
  </Placemark>
  <Placemark>
    <name>Customer 1417: Nampicuan</name>
    <styleUrl>#customerStyle</styleUrl>
    <description>Demand: 284</description>
    <Point>
      <coordinates>120.636,15.7342,0</coordinates>
    </Point>
  </Placemark>
  <Placemark>
    <name>Customer 1418: Larena</name>
    <styleUrl>#customerStyle</styleUrl>
    <description>Demand: 281</description>
    <Point>
      <coordinates>123.591,9.249,0</coordinates>
    </Point>
  </Placemark>
  <Placemark>
    <name>Customer 1419: Bokod</name>
    <styleUrl>#customerStyle</styleUrl>
    <description>Demand: 292</description>
    <Point>
      <coordinates>120.83,16.4914,0</coordinates>
    </Point>
  </Placemark>
  <Placemark>
    <name>Customer 1420: Araceli</name>
    <styleUrl>#customerStyle</styleUrl>
    <description>Demand: 292</description>
    <Point>
      <coordinates>119.99,10.5529,0</coordinates>
    </Point>
  </Placemark>
  <Placemark>
    <name>Customer 1421: Bagulin</name>
    <styleUrl>#customerStyle</styleUrl>
    <description>Demand: 296</description>
    <Point>
      <coordinates>120.438,16.6079,0</coordinates>
    </Point>
  </Placemark>
  <Placemark>
    <name>Customer 1422: General MacArthur</name>
    <styleUrl>#customerStyle</styleUrl>
    <description>Demand: 295</description>
    <Point>
      <coordinates>125.54,11.2486,0</coordinates>
    </Point>
  </Placemark>
  <Placemark>
    <name>Customer 1423: Maria</name>
    <styleUrl>#customerStyle</styleUrl>
    <description>Demand: 293</description>
    <Point>
      <coordinates>123.655,9.196,0</coordinates>
    </Point>
  </Placemark>
  <Placemark>
    <name>Customer 1424: Balangiga</name>
    <styleUrl>#customerStyle</styleUrl>
    <description>Demand: 290</description>
    <Point>
      <coordinates>125.386,11.1092,0</coordinates>
    </Point>
  </Placemark>
  <Placemark>
    <name>Customer 1425: Balangkas</name>
    <styleUrl>#customerStyle</styleUrl>
    <description>Demand: 284</description>
    <Point>
      <coordinates>120.998,14.7381,0</coordinates>
    </Point>
  </Placemark>
  <Placemark>
    <name>Customer 1426: Sison</name>
    <styleUrl>#customerStyle</styleUrl>
    <description>Demand: 291</description>
    <Point>
      <coordinates>125.527,9.6592,0</coordinates>
    </Point>
  </Placemark>
  <Placemark>
    <name>Customer 1427: Mapanas</name>
    <styleUrl>#customerStyle</styleUrl>
    <description>Demand: 276</description>
    <Point>
      <coordinates>125.254,12.475,0</coordinates>
    </Point>
  </Placemark>
  <Placemark>
    <name>Customer 1428: Santol</name>
    <styleUrl>#customerStyle</styleUrl>
    <description>Demand: 291</description>
    <Point>
      <coordinates>120.45,16.77,0</coordinates>
    </Point>
  </Placemark>
  <Placemark>
    <name>Customer 1429: Belison</name>
    <styleUrl>#customerStyle</styleUrl>
    <description>Demand: 289</description>
    <Point>
      <coordinates>121.961,10.8381,0</coordinates>
    </Point>
  </Placemark>
  <Placemark>
    <name>Customer 1430: Kinogitan</name>
    <styleUrl>#customerStyle</styleUrl>
    <description>Demand: 287</description>
    <Point>
      <coordinates>124.794,8.9855,0</coordinates>
    </Point>
  </Placemark>
  <Placemark>
    <name>Customer 1431: Bambang</name>
    <styleUrl>#customerStyle</styleUrl>
    <description>Demand: 288</description>
    <Point>
      <coordinates>121.073,14.5257,0</coordinates>
    </Point>
  </Placemark>
  <Placemark>
    <name>Customer 1432: Batuan</name>
    <styleUrl>#customerStyle</styleUrl>
    <description>Demand: 281</description>
    <Point>
      <coordinates>124.13,9.8,0</coordinates>
    </Point>
  </Placemark>
  <Placemark>
    <name>Customer 1433: Hinabangan</name>
    <styleUrl>#customerStyle</styleUrl>
    <description>Demand: 268</description>
    <Point>
      <coordinates>125.07,11.7,0</coordinates>
    </Point>
  </Placemark>
  <Placemark>
    <name>Customer 1434: Lanuza</name>
    <styleUrl>#customerStyle</styleUrl>
    <description>Demand: 267</description>
    <Point>
      <coordinates>126.059,9.2322,0</coordinates>
    </Point>
  </Placemark>
  <Placemark>
    <name>Customer 1435: Sampaloc</name>
    <styleUrl>#customerStyle</styleUrl>
    <description>Demand: 269</description>
    <Point>
      <coordinates>121.638,14.1625,0</coordinates>
    </Point>
  </Placemark>
  <Placemark>
    <name>Customer 1436: Baras</name>
    <styleUrl>#customerStyle</styleUrl>
    <description>Demand: 263</description>
    <Point>
      <coordinates>124.37,13.67,0</coordinates>
    </Point>
  </Placemark>
  <Placemark>
    <name>Customer 1437: Dakit</name>
    <styleUrl>#customerStyle</styleUrl>
    <description>Demand: 266</description>
    <Point>
      <coordinates>125.161,10.06,0</coordinates>
    </Point>
  </Placemark>
  <Placemark>
    <name>Customer 1438: Buli</name>
    <styleUrl>#customerStyle</styleUrl>
    <description>Demand: 262</description>
    <Point>
      <coordinates>121.051,14.443,0</coordinates>
    </Point>
  </Placemark>
  <Placemark>
    <name>Customer 1439: Santa Marcela</name>
    <styleUrl>#customerStyle</styleUrl>
    <description>Demand: 268</description>
    <Point>
      <coordinates>121.438,18.2872,0</coordinates>
    </Point>
  </Placemark>
  <Placemark>
    <name>Customer 1440: San Clemente</name>
    <styleUrl>#customerStyle</styleUrl>
    <description>Demand: 265</description>
    <Point>
      <coordinates>120.36,15.7119,0</coordinates>
    </Point>
  </Placemark>
  <Placemark>
    <name>Customer 1441: Tinglayan</name>
    <styleUrl>#customerStyle</styleUrl>
    <description>Demand: 260</description>
    <Point>
      <coordinates>121.149,17.265,0</coordinates>
    </Point>
  </Placemark>
  <Placemark>
    <name>Customer 1442: San Vicente</name>
    <styleUrl>#customerStyle</styleUrl>
    <description>Demand: 272</description>
    <Point>
      <coordinates>120.375,17.5947,0</coordinates>
    </Point>
  </Placemark>
  <Placemark>
    <name>Customer 1443: Giporlos</name>
    <styleUrl>#customerStyle</styleUrl>
    <description>Demand: 271</description>
    <Point>
      <coordinates>125.449,11.1208,0</coordinates>
    </Point>
  </Placemark>
  <Placemark>
    <name>Customer 1444: Silago</name>
    <styleUrl>#customerStyle</styleUrl>
    <description>Demand: 270</description>
    <Point>
      <coordinates>125.162,10.5291,0</coordinates>
    </Point>
  </Placemark>
  <Placemark>
    <name>Customer 1445: Lawaan</name>
    <styleUrl>#customerStyle</styleUrl>
    <description>Demand: 253</description>
    <Point>
      <coordinates>125.301,11.1408,0</coordinates>
    </Point>
  </Placemark>
  <Placemark>
    <name>Customer 1446: Culaba</name>
    <styleUrl>#customerStyle</styleUrl>
    <description>Demand: 251</description>
    <Point>
      <coordinates>124.543,11.6578,0</coordinates>
    </Point>
  </Placemark>
  <Placemark>
    <name>Customer 1447: Libertad</name>
    <styleUrl>#customerStyle</styleUrl>
    <description>Demand: 256</description>
    <Point>
      <coordinates>124.35,8.5583,0</coordinates>
    </Point>
  </Placemark>
  <Placemark>
    <name>Customer 1448: Balbalan</name>
    <styleUrl>#customerStyle</styleUrl>
    <description>Demand: 256</description>
    <Point>
      <coordinates>121.201,17.4436,0</coordinates>
    </Point>
  </Placemark>
  <Placemark>
    <name>Customer 1449: Agutaya</name>
    <styleUrl>#customerStyle</styleUrl>
    <description>Demand: 252</description>
    <Point>
      <coordinates>120.94,11.152,0</coordinates>
    </Point>
  </Placemark>
  <Placemark>
    <name>Customer 1450: Sagay</name>
    <styleUrl>#customerStyle</styleUrl>
    <description>Demand: 247</description>
    <Point>
      <coordinates>124.72,9.12,0</coordinates>
    </Point>
  </Placemark>
  <Placemark>
    <name>Customer 1451: Burgos</name>
    <styleUrl>#customerStyle</styleUrl>
    <description>Demand: 247</description>
    <Point>
      <coordinates>120.494,17.3331,0</coordinates>
    </Point>
  </Placemark>
  <Placemark>
    <name>Customer 1452: Dhubaria</name>
    <styleUrl>#customerStyle</styleUrl>
    <description>Demand: 247</description>
    <Point>
      <coordinates>89.8404,24.0104,0</coordinates>
    </Point>
  </Placemark>
  <Placemark>
    <name>Customer 1453: Magsaysay</name>
    <styleUrl>#customerStyle</styleUrl>
    <description>Demand: 259</description>
    <Point>
      <coordinates>121.05,10.87,0</coordinates>
    </Point>
  </Placemark>
  <Placemark>
    <name>Customer 1454: Tagoloan</name>
    <styleUrl>#customerStyle</styleUrl>
    <description>Demand: 260</description>
    <Point>
      <coordinates>124.439,8.1092,0</coordinates>
    </Point>
  </Placemark>
  <Placemark>
    <name>Customer 1455: San Vicente</name>
    <styleUrl>#customerStyle</styleUrl>
    <description>Demand: 258</description>
    <Point>
      <coordinates>122.873,14.1061,0</coordinates>
    </Point>
  </Placemark>
  <Placemark>
    <name>Customer 1456: Calanasan</name>
    <styleUrl>#customerStyle</styleUrl>
    <description>Demand: 245</description>
    <Point>
      <coordinates>121.044,18.255,0</coordinates>
    </Point>
  </Placemark>
  <Placemark>
    <name>Customer 1457: Santo Niño</name>
    <styleUrl>#customerStyle</styleUrl>
    <description>Demand: 253</description>
    <Point>
      <coordinates>124.449,11.9263,0</coordinates>
    </Point>
  </Placemark>
  <Placemark>
    <name>Customer 1458: Pilar</name>
    <styleUrl>#customerStyle</styleUrl>
    <description>Demand: 257</description>
    <Point>
      <coordinates>124.565,10.807,0</coordinates>
    </Point>
  </Placemark>
  <Placemark>
    <name>Customer 1459: Pidigan</name>
    <styleUrl>#customerStyle</styleUrl>
    <description>Demand: 259</description>
    <Point>
      <coordinates>120.59,17.57,0</coordinates>
    </Point>
  </Placemark>
  <Placemark>
    <name>Customer 1460: Hinundayan</name>
    <styleUrl>#customerStyle</styleUrl>
    <description>Demand: 245</description>
    <Point>
      <coordinates>125.25,10.35,0</coordinates>
    </Point>
  </Placemark>
  <Placemark>
    <name>Customer 1461: Capul</name>
    <styleUrl>#customerStyle</styleUrl>
    <description>Demand: 246</description>
    <Point>
      <coordinates>124.182,12.423,0</coordinates>
    </Point>
  </Placemark>
  <Placemark>
    <name>Customer 1462: Lila</name>
    <styleUrl>#customerStyle</styleUrl>
    <description>Demand: 253</description>
    <Point>
      <coordinates>124.1,9.6,0</coordinates>
    </Point>
  </Placemark>
  <Placemark>
    <name>Customer 1463: Currimao</name>
    <styleUrl>#customerStyle</styleUrl>
    <description>Demand: 236</description>
    <Point>
      <coordinates>120.486,18.0203,0</coordinates>
    </Point>
  </Placemark>
  <Placemark>
    <name>Customer 1464: Anao</name>
    <styleUrl>#customerStyle</styleUrl>
    <description>Demand: 249</description>
    <Point>
      <coordinates>120.626,15.7304,0</coordinates>
    </Point>
  </Placemark>
  <Placemark>
    <name>Customer 1465: Josefina</name>
    <styleUrl>#customerStyle</styleUrl>
    <description>Demand: 238</description>
    <Point>
      <coordinates>123.544,8.2144,0</coordinates>
    </Point>
  </Placemark>
  <Placemark>
    <name>Customer 1466: Nueva Era</name>
    <styleUrl>#customerStyle</styleUrl>
    <description>Demand: 238</description>
    <Point>
      <coordinates>120.67,17.92,0</coordinates>
    </Point>
  </Placemark>
  <Placemark>
    <name>Customer 1467: Mariana</name>
    <styleUrl>#customerStyle</styleUrl>
    <description>Demand: 248</description>
    <Point>
      <coordinates>121.035,14.6194,0</coordinates>
    </Point>
  </Placemark>
  <Placemark>
    <name>Customer 1468: Fort Bonifacio</name>
    <styleUrl>#customerStyle</styleUrl>
    <description>Demand: 240</description>
    <Point>
      <coordinates>121.048,14.5311,0</coordinates>
    </Point>
  </Placemark>
  <Placemark>
    <name>Customer 1469: Tabontabon</name>
    <styleUrl>#customerStyle</styleUrl>
    <description>Demand: 243</description>
    <Point>
      <coordinates>124.97,11.03,0</coordinates>
    </Point>
  </Placemark>
  <Placemark>
    <name>Customer 1470: Lapinig</name>
    <styleUrl>#customerStyle</styleUrl>
    <description>Demand: 234</description>
    <Point>
      <coordinates>125.302,12.315,0</coordinates>
    </Point>
  </Placemark>
  <Placemark>
    <name>Customer 1471: Agcogon</name>
    <styleUrl>#customerStyle</styleUrl>
    <description>Demand: 227</description>
    <Point>
      <coordinates>121.93,12.07,0</coordinates>
    </Point>
  </Placemark>
  <Placemark>
    <name>Customer 1472: Mutia</name>
    <styleUrl>#customerStyle</styleUrl>
    <description>Demand: 225</description>
    <Point>
      <coordinates>123.477,8.4176,0</coordinates>
    </Point>
  </Placemark>
  <Placemark>
    <name>Customer 1473: Carmen</name>
    <styleUrl>#customerStyle</styleUrl>
    <description>Demand: 231</description>
    <Point>
      <coordinates>126.017,9.2289,0</coordinates>
    </Point>
  </Placemark>
  <Placemark>
    <name>Customer 1474: Tuktukan</name>
    <styleUrl>#customerStyle</styleUrl>
    <description>Demand: 222</description>
    <Point>
      <coordinates>121.072,14.528,0</coordinates>
    </Point>
  </Placemark>
  <Placemark>
    <name>Customer 1475: Manabo</name>
    <styleUrl>#customerStyle</styleUrl>
    <description>Demand: 241</description>
    <Point>
      <coordinates>120.7,17.43,0</coordinates>
    </Point>
  </Placemark>
  <Placemark>
    <name>Customer 1476: Sablan</name>
    <styleUrl>#customerStyle</styleUrl>
    <description>Demand: 232</description>
    <Point>
      <coordinates>120.487,16.4967,0</coordinates>
    </Point>
  </Placemark>
  <Placemark>
    <name>Customer 1477: Gainza</name>
    <styleUrl>#customerStyle</styleUrl>
    <description>Demand: 221</description>
    <Point>
      <coordinates>123.141,13.6167,0</coordinates>
    </Point>
  </Placemark>
  <Placemark>
    <name>Customer 1478: Dolores</name>
    <styleUrl>#customerStyle</styleUrl>
    <description>Demand: 226</description>
    <Point>
      <coordinates>120.71,17.65,0</coordinates>
    </Point>
  </Placemark>
  <Placemark>
    <name>Customer 1479: Sagada</name>
    <styleUrl>#customerStyle</styleUrl>
    <description>Demand: 237</description>
    <Point>
      <coordinates>120.901,17.0842,0</coordinates>
    </Point>
  </Placemark>
  <Placemark>
    <name>Customer 1480: Sevilla</name>
    <styleUrl>#customerStyle</styleUrl>
    <description>Demand: 222</description>
    <Point>
      <coordinates>124.05,9.7,0</coordinates>
    </Point>
  </Placemark>
  <Placemark>
    <name>Customer 1481: Calatrava</name>
    <styleUrl>#customerStyle</styleUrl>
    <description>Demand: 222</description>
    <Point>
      <coordinates>122.071,12.6167,0</coordinates>
    </Point>
  </Placemark>
  <Placemark>
    <name>Customer 1482: Tudela</name>
    <styleUrl>#customerStyle</styleUrl>
    <description>Demand: 233</description>
    <Point>
      <coordinates>124.47,10.636,0</coordinates>
    </Point>
  </Placemark>
  <Placemark>
    <name>Customer 1483: Biri</name>
    <styleUrl>#customerStyle</styleUrl>
    <description>Demand: 221</description>
    <Point>
      <coordinates>124.38,12.67,0</coordinates>
    </Point>
  </Placemark>
  <Placemark>
    <name>Customer 1484: Alburquerque</name>
    <styleUrl>#customerStyle</styleUrl>
    <description>Demand: 214</description>
    <Point>
      <coordinates>123.955,9.6104,0</coordinates>
    </Point>
  </Placemark>
  <Placemark>
    <name>Customer 1485: Salcedo</name>
    <styleUrl>#customerStyle</styleUrl>
    <description>Demand: 226</description>
    <Point>
      <coordinates>120.536,17.1517,0</coordinates>
    </Point>
  </Placemark>
  <Placemark>
    <name>Customer 1486: Bagamanoc</name>
    <styleUrl>#customerStyle</styleUrl>
    <description>Demand: 211</description>
    <Point>
      <coordinates>124.289,13.9408,0</coordinates>
    </Point>
  </Placemark>
  <Placemark>
    <name>Customer 1487: Balingoan</name>
    <styleUrl>#customerStyle</styleUrl>
    <description>Demand: 214</description>
    <Point>
      <coordinates>124.85,9,0</coordinates>
    </Point>
  </Placemark>
  <Placemark>
    <name>Customer 1488: Rosario</name>
    <styleUrl>#customerStyle</styleUrl>
    <description>Demand: 213</description>
    <Point>
      <coordinates>124.42,12.52,0</coordinates>
    </Point>
  </Placemark>
  <Placemark>
    <name>Customer 1489: Panaon</name>
    <styleUrl>#customerStyle</styleUrl>
    <description>Demand: 222</description>
    <Point>
      <coordinates>123.833,8.3667,0</coordinates>
    </Point>
  </Placemark>
  <Placemark>
    <name>Customer 1490: Suyo</name>
    <styleUrl>#customerStyle</styleUrl>
    <description>Demand: 209</description>
    <Point>
      <coordinates>120.514,16.9839,0</coordinates>
    </Point>
  </Placemark>
  <Placemark>
    <name>Customer 1491: Burgos</name>
    <styleUrl>#customerStyle</styleUrl>
    <description>Demand: 216</description>
    <Point>
      <coordinates>120.644,18.5114,0</coordinates>
    </Point>
  </Placemark>
  <Placemark>
    <name>Customer 1492: San Juan</name>
    <styleUrl>#customerStyle</styleUrl>
    <description>Demand: 209</description>
    <Point>
      <coordinates>120.73,17.68,0</coordinates>
    </Point>
  </Placemark>
  <Placemark>
    <name>Customer 1493: Dinagat</name>
    <styleUrl>#customerStyle</styleUrl>
    <description>Demand: 204</description>
    <Point>
      <coordinates>125.593,9.9561,0</coordinates>
    </Point>
  </Placemark>
  <Placemark>
    <name>Customer 1494: Pasil</name>
    <styleUrl>#customerStyle</styleUrl>
    <description>Demand: 214</description>
    <Point>
      <coordinates>121.16,17.3894,0</coordinates>
    </Point>
  </Placemark>
  <Placemark>
    <name>Customer 1495: Don Galo</name>
    <styleUrl>#customerStyle</styleUrl>
    <description>Demand: 220</description>
    <Point>
      <coordinates>120.984,14.5072,0</coordinates>
    </Point>
  </Placemark>
  <Placemark>
    <name>Customer 1496: San Ricardo</name>
    <styleUrl>#customerStyle</styleUrl>
    <description>Demand: 204</description>
    <Point>
      <coordinates>125.28,9.92,0</coordinates>
    </Point>
  </Placemark>
  <Placemark>
    <name>Customer 1497: Faradābād</name>
    <styleUrl>#customerStyle</styleUrl>
    <description>Demand: 198</description>
    <Point>
      <coordinates>90.8772,23.7445,0</coordinates>
    </Point>
  </Placemark>
  <Placemark>
    <name>Customer 1498: Pilar</name>
    <styleUrl>#customerStyle</styleUrl>
    <description>Demand: 214</description>
    <Point>
      <coordinates>126.101,9.8639,0</coordinates>
    </Point>
  </Placemark>
  <Placemark>
    <name>Customer 1499: Natonin</name>
    <styleUrl>#customerStyle</styleUrl>
    <description>Demand: 211</description>
    <Point>
      <coordinates>121.28,17.1089,0</coordinates>
    </Point>
  </Placemark>
  <Placemark>
    <name>Customer 1500: Galimuyod</name>
    <styleUrl>#customerStyle</styleUrl>
    <description>Demand: 208</description>
    <Point>
      <coordinates>120.47,17.18,0</coordinates>
    </Point>
  </Placemark>
  <Placemark>
    <name>Customer 1501: Pintuyan</name>
    <styleUrl>#customerStyle</styleUrl>
    <description>Demand: 196</description>
    <Point>
      <coordinates>125.25,9.95,0</coordinates>
    </Point>
  </Placemark>
  <Placemark>
    <name>Customer 1502: Balangkayan</name>
    <styleUrl>#customerStyle</styleUrl>
    <description>Demand: 210</description>
    <Point>
      <coordinates>125.511,11.4728,0</coordinates>
    </Point>
  </Placemark>
  <Placemark>
    <name>Customer 1503: Pilar</name>
    <styleUrl>#customerStyle</styleUrl>
    <description>Demand: 207</description>
    <Point>
      <coordinates>120.6,17.42,0</coordinates>
    </Point>
  </Placemark>
  <Placemark>
    <name>Customer 1504: Plaridel</name>
    <styleUrl>#customerStyle</styleUrl>
    <description>Demand: 202</description>
    <Point>
      <coordinates>122.02,13.9511,0</coordinates>
    </Point>
  </Placemark>
  <Placemark>
    <name>Customer 1505: Corcuera</name>
    <styleUrl>#customerStyle</styleUrl>
    <description>Demand: 207</description>
    <Point>
      <coordinates>122.05,12.8,0</coordinates>
    </Point>
  </Placemark>
  <Placemark>
    <name>Customer 1506: Fatikchari</name>
    <styleUrl>#customerStyle</styleUrl>
    <description>Demand: 201</description>
    <Point>
      <coordinates>91.7812,22.6877,0</coordinates>
    </Point>
  </Placemark>
  <Placemark>
    <name>Customer 1507: Hingyon</name>
    <styleUrl>#customerStyle</styleUrl>
    <description>Demand: 207</description>
    <Point>
      <coordinates>121.099,16.8522,0</coordinates>
    </Point>
  </Placemark>
  <Placemark>
    <name>Customer 1508: San Isidro</name>
    <styleUrl>#customerStyle</styleUrl>
    <description>Demand: 203</description>
    <Point>
      <coordinates>124.3,9.8,0</coordinates>
    </Point>
  </Placemark>
  <Placemark>
    <name>Customer 1509: Latifpur</name>
    <styleUrl>#customerStyle</styleUrl>
    <description>Demand: 204</description>
    <Point>
      <coordinates>91.7464,22.4067,0</coordinates>
    </Point>
  </Placemark>
  <Placemark>
    <name>Customer 1510: Sugbongkogon</name>
    <styleUrl>#customerStyle</styleUrl>
    <description>Demand: 198</description>
    <Point>
      <coordinates>124.78,8.95,0</coordinates>
    </Point>
  </Placemark>
  <Placemark>
    <name>Customer 1511: Panganiban</name>
    <styleUrl>#customerStyle</styleUrl>
    <description>Demand: 203</description>
    <Point>
      <coordinates>124.3,13.9,0</coordinates>
    </Point>
  </Placemark>
  <Placemark>
    <name>Customer 1512: Loreto</name>
    <styleUrl>#customerStyle</styleUrl>
    <description>Demand: 203</description>
    <Point>
      <coordinates>125.582,10.3586,0</coordinates>
    </Point>
  </Placemark>
  <Placemark>
    <name>Customer 1513: Sabangan</name>
    <styleUrl>#customerStyle</styleUrl>
    <description>Demand: 192</description>
    <Point>
      <coordinates>120.923,17.0044,0</coordinates>
    </Point>
  </Placemark>
  <Placemark>
    <name>Customer 1514: Santa Monica</name>
    <styleUrl>#customerStyle</styleUrl>
    <description>Demand: 182</description>
    <Point>
      <coordinates>126.038,10.02,0</coordinates>
    </Point>
  </Placemark>
  <Placemark>
    <name>Customer 1515: Concepcion</name>
    <styleUrl>#customerStyle</styleUrl>
    <description>Demand: 196</description>
    <Point>
      <coordinates>123.6,8.4167,0</coordinates>
    </Point>
  </Placemark>
  <Placemark>
    <name>Customer 1516: Lubuagan</name>
    <styleUrl>#customerStyle</styleUrl>
    <description>Demand: 177</description>
    <Point>
      <coordinates>121.18,17.35,0</coordinates>
    </Point>
  </Placemark>
  <Placemark>
    <name>Customer 1517: Quirino</name>
    <styleUrl>#customerStyle</styleUrl>
    <description>Demand: 178</description>
    <Point>
      <coordinates>120.676,17.1383,0</coordinates>
    </Point>
  </Placemark>
  <Placemark>
    <name>Customer 1518: Almagro</name>
    <styleUrl>#customerStyle</styleUrl>
    <description>Demand: 178</description>
    <Point>
      <coordinates>124.285,11.9108,0</coordinates>
    </Point>
  </Placemark>
  <Placemark>
    <name>Customer 1519: Burgos</name>
    <styleUrl>#customerStyle</styleUrl>
    <description>Demand: 176</description>
    <Point>
      <coordinates>120.458,16.525,0</coordinates>
    </Point>
  </Placemark>
  <Placemark>
    <name>Customer 1520: Bayabas</name>
    <styleUrl>#customerStyle</styleUrl>
    <description>Demand: 188</description>
    <Point>
      <coordinates>126.282,8.9678,0</coordinates>
    </Point>
  </Placemark>
  <Placemark>
    <name>Customer 1521: San Antonio</name>
    <styleUrl>#customerStyle</styleUrl>
    <description>Demand: 172</description>
    <Point>
      <coordinates>124.279,12.414,0</coordinates>
    </Point>
  </Placemark>
  <Placemark>
    <name>Customer 1522: Hunduan</name>
    <styleUrl>#customerStyle</styleUrl>
    <description>Demand: 182</description>
    <Point>
      <coordinates>121,16.83,0</coordinates>
    </Point>
  </Placemark>
  <Placemark>
    <name>Customer 1523: Tagapul-an</name>
    <styleUrl>#customerStyle</styleUrl>
    <description>Demand: 168</description>
    <Point>
      <coordinates>124.15,12.05,0</coordinates>
    </Point>
  </Placemark>
  <Placemark>
    <name>Customer 1524: Tanudan</name>
    <styleUrl>#customerStyle</styleUrl>
    <description>Demand: 170</description>
    <Point>
      <coordinates>121.23,17.2814,0</coordinates>
    </Point>
  </Placemark>
  <Placemark>
    <name>Customer 1525: Gigmoto</name>
    <styleUrl>#customerStyle</styleUrl>
    <description>Demand: 171</description>
    <Point>
      <coordinates>124.38,13.78,0</coordinates>
    </Point>
  </Placemark>
  <Placemark>
    <name>Customer 1526: San Sebastian</name>
    <styleUrl>#customerStyle</styleUrl>
    <description>Demand: 164</description>
    <Point>
      <coordinates>125.02,11.7,0</coordinates>
    </Point>
  </Placemark>
  <Placemark>
    <name>Customer 1527: La Huerta</name>
    <styleUrl>#customerStyle</styleUrl>
    <description>Demand: 171</description>
    <Point>
      <coordinates>120.995,14.4972,0</coordinates>
    </Point>
  </Placemark>
  <Placemark>
    <name>Customer 1528: Alfonso Castañeda</name>
    <styleUrl>#customerStyle</styleUrl>
    <description>Demand: 166</description>
    <Point>
      <coordinates>121.302,15.7933,0</coordinates>
    </Point>
  </Placemark>
  <Placemark>
    <name>Customer 1529: Hernani</name>
    <styleUrl>#customerStyle</styleUrl>
    <description>Demand: 175</description>
    <Point>
      <coordinates>125.618,11.3239,0</coordinates>
    </Point>
  </Placemark>
  <Placemark>
    <name>Customer 1530: San Isidro</name>
    <styleUrl>#customerStyle</styleUrl>
    <description>Demand: 162</description>
    <Point>
      <coordinates>126.089,9.9369,0</coordinates>
    </Point>
  </Placemark>
  <Placemark>
    <name>Customer 1531: Magugpo Poblacion</name>
    <styleUrl>#customerStyle</styleUrl>
    <description>Demand: 124</description>
    <Point>
      <coordinates>125.802,7.3821,0</coordinates>
    </Point>
  </Placemark>
  <Placemark>
    <name>Route Gāzipura to Dhaka</name>
    <description>Assigned Demand Flow: 11557.8</description>
    <styleUrl>#lineStyle</styleUrl>
    <LineString>
      <tessellate>1</tessellate>
      <coordinates>
        90.3959,23.9234,0
        90.3944,23.7289,0
      </coordinates>
    </LineString>
  </Placemark>
  <Placemark>
    <name>Route Gāzipura to Mymensingh</name>
    <description>Assigned Demand Flow: 14726.9</description>
    <styleUrl>#lineStyle</styleUrl>
    <LineString>
      <tessellate>1</tessellate>
      <coordinates>
        90.3959,23.9234,0
        90.38,24.7504,0
      </coordinates>
    </LineString>
  </Placemark>
  <Placemark>
    <name>Route Gāzipura to Barishal</name>
    <description>Assigned Demand Flow: 27213.2</description>
    <styleUrl>#lineStyle</styleUrl>
    <LineString>
      <tessellate>1</tessellate>
      <coordinates>
        90.3959,23.9234,0
        90.3667,22.7,0
      </coordinates>
    </LineString>
  </Placemark>
  <Placemark>
    <name>Route Canagatan to Tuguegarao</name>
    <description>Assigned Demand Flow: 15659</description>
    <styleUrl>#lineStyle</styleUrl>
    <LineString>
      <tessellate>1</tessellate>
      <coordinates>
        121.8,18,0
        121.73,17.6133,0
      </coordinates>
    </LineString>
  </Placemark>
  <Placemark>
    <name>Route Canagatan to Kabugao</name>
    <description>Assigned Demand Flow: 9808.99</description>
    <styleUrl>#lineStyle</styleUrl>
    <LineString>
      <tessellate>1</tessellate>
      <coordinates>
        121.8,18,0
        121.183,18.0239,0
      </coordinates>
    </LineString>
  </Placemark>
  <Placemark>
    <name>Route Rangapukur to Rangpur</name>
    <description>Assigned Demand Flow: 19946.6</description>
    <styleUrl>#lineStyle</styleUrl>
    <LineString>
      <tessellate>1</tessellate>
      <coordinates>
        89.2147,25.5206,0
        89.2444,25.75,0
      </coordinates>
    </LineString>
  </Placemark>
  <Placemark>
    <name>Route Rangapukur to Gaibandha</name>
    <description>Assigned Demand Flow: 684.402</description>
    <styleUrl>#lineStyle</styleUrl>
    <LineString>
      <tessellate>1</tessellate>
      <coordinates>
        89.2147,25.5206,0
        89.5415,25.329,0
      </coordinates>
    </LineString>
  </Placemark>
  <Placemark>
    <name>Route Nārāyanganj to Khulna</name>
    <description>Assigned Demand Flow: 18609.7</description>
    <styleUrl>#lineStyle</styleUrl>
    <LineString>
      <tessellate>1</tessellate>
      <coordinates>
        90.5,23.6167,0
        89.55,22.8167,0
      </coordinates>
    </LineString>
  </Placemark>
  <Placemark>
    <name>Route Nārāyanganj to Barishal</name>
    <description>Assigned Demand Flow: 749.289</description>
    <styleUrl>#lineStyle</styleUrl>
    <LineString>
      <tessellate>1</tessellate>
      <coordinates>
        90.5,23.6167,0
        90.3667,22.7,0
      </coordinates>
    </LineString>
  </Placemark>
  <Placemark>
    <name>Route Dasmariñas to Trece Martires City</name>
    <description>Assigned Demand Flow: 14058</description>
    <styleUrl>#lineStyle</styleUrl>
    <LineString>
      <tessellate>1</tessellate>
      <coordinates>
        120.94,14.33,0
        120.87,14.28,0
      </coordinates>
    </LineString>
  </Placemark>
  <Placemark>
    <name>Route Bacoor to City of Parañaque</name>
    <description>Assigned Demand Flow: 13049.2</description>
    <styleUrl>#lineStyle</styleUrl>
    <LineString>
      <tessellate>1</tessellate>
      <coordinates>
        120.965,14.4624,0
        120.992,14.5008,0
      </coordinates>
    </LineString>
  </Placemark>
  <Placemark>
    <name>Route Bacoor to Pasay City</name>
    <description>Assigned Demand Flow: 232.824</description>
    <styleUrl>#lineStyle</styleUrl>
    <LineString>
      <tessellate>1</tessellate>
      <coordinates>
        120.965,14.4624,0
        120.995,14.5439,0
      </coordinates>
    </LineString>
  </Placemark>
  <Placemark>
    <name>Route Tondo to Caloocan City</name>
    <description>Assigned Demand Flow: 13088</description>
    <styleUrl>#lineStyle</styleUrl>
    <LineString>
      <tessellate>1</tessellate>
      <coordinates>
        120.967,14.617,0
        120.97,14.65,0
      </coordinates>
    </LineString>
  </Placemark>
  <Placemark>
    <name>Route San Jose del Monte to Valenzuela</name>
    <description>Assigned Demand Flow: 13039</description>
    <styleUrl>#lineStyle</styleUrl>
    <LineString>
      <tessellate>1</tessellate>
      <coordinates>
        121.045,14.8139,0
        120.98,14.7,0
      </coordinates>
    </LineString>
  </Placemark>
  <Placemark>
    <name>Route Las Piñas City to Pasay City</name>
    <description>Assigned Demand Flow: 12128</description>
    <styleUrl>#lineStyle</styleUrl>
    <LineString>
      <tessellate>1</tessellate>
      <coordinates>
        120.98,14.45,0
        120.995,14.5439,0
      </coordinates>
    </LineString>
  </Placemark>
  <Placemark>
    <name>Route City of Calamba to Muntinlupa City</name>
    <description>Assigned Demand Flow: 10798</description>
    <styleUrl>#lineStyle</styleUrl>
    <LineString>
      <tessellate>1</tessellate>
      <coordinates>
        121.17,14.22,0
        121.05,14.38,0
      </coordinates>
    </LineString>
  </Placemark>
  <Placemark>
    <name>Route Imus to Muntinlupa City</name>
    <description>Assigned Demand Flow: 9930</description>
    <styleUrl>#lineStyle</styleUrl>
    <LineString>
      <tessellate>1</tessellate>
      <coordinates>
        120.937,14.4297,0
        121.05,14.38,0
      </coordinates>
    </LineString>
  </Placemark>
  <Placemark>
    <name>Route General Trias to Trece Martires City</name>
    <description>Assigned Demand Flow: 9007</description>
    <styleUrl>#lineStyle</styleUrl>
    <LineString>
      <tessellate>1</tessellate>
      <coordinates>
        120.88,14.38,0
        120.87,14.28,0
      </coordinates>
    </LineString>
  </Placemark>
  <Placemark>
    <name>Route Sirājganj to Naogaon</name>
    <description>Assigned Demand Flow: 9004</description>
    <styleUrl>#lineStyle</styleUrl>
    <LineString>
      <tessellate>1</tessellate>
      <coordinates>
        89.7167,24.45,0
        88.947,24.8118,0
      </coordinates>
    </LineString>
  </Placemark>
  <Placemark>
    <name>Route Rodriguez to Marikina City</name>
    <description>Assigned Demand Flow: 8875</description>
    <styleUrl>#lineStyle</styleUrl>
    <LineString>
      <tessellate>1</tessellate>
      <coordinates>
        121.12,14.72,0
        121.1,14.65,0
      </coordinates>
    </LineString>
  </Placemark>
  <Placemark>
    <name>Route Chauddagram to Chattogram</name>
    <description>Assigned Demand Flow: 8864</description>
    <styleUrl>#lineStyle</styleUrl>
    <LineString>
      <tessellate>1</tessellate>
      <coordinates>
        91.3731,23.2244,0
        91.8325,22.335,0
      </coordinates>
    </LineString>
  </Placemark>
  <Placemark>
    <name>Route Kushtia to Rājshāhi</name>
    <description>Assigned Demand Flow: 8374</description>
    <styleUrl>#lineStyle</styleUrl>
    <LineString>
      <tessellate>1</tessellate>
      <coordinates>
        89.12,23.9,0
        88.6,24.3667,0
      </coordinates>
    </LineString>
  </Placemark>
  <Placemark>
    <name>Route Santa Rosa to Taguig City</name>
    <description>Assigned Demand Flow: 6655.98</description>
    <styleUrl>#lineStyle</styleUrl>
    <LineString>
      <tessellate>1</tessellate>
      <coordinates>
        121.12,14.32,0
        121.05,14.52,0
      </coordinates>
    </LineString>
  </Placemark>
  <Placemark>
    <name>Route Santa Rosa to Muntinlupa City</name>
    <description>Assigned Demand Flow: 1642.02</description>
    <styleUrl>#lineStyle</styleUrl>
    <LineString>
      <tessellate>1</tessellate>
      <coordinates>
        121.12,14.32,0
        121.05,14.38,0
      </coordinates>
    </LineString>
  </Placemark>
  <Placemark>
    <name>Route Biñan to Taguig City</name>
    <description>Assigned Demand Flow: 8143</description>
    <styleUrl>#lineStyle</styleUrl>
    <LineString>
      <tessellate>1</tessellate>
      <coordinates>
        121.08,14.33,0
        121.05,14.52,0
      </coordinates>
    </LineString>
  </Placemark>
  <Placemark>
    <name>Route Barura to Chattogram</name>
    <description>Assigned Demand Flow: 5862.93</description>
    <styleUrl>#lineStyle</styleUrl>
    <LineString>
      <tessellate>1</tessellate>
      <coordinates>
        91.0484,23.3683,0
        91.8325,22.335,0
      </coordinates>
    </LineString>
  </Placemark>
  <Placemark>
    <name>Route Barura to Khulna</name>
    <description>Assigned Demand Flow: 2236.07</description>
    <styleUrl>#lineStyle</styleUrl>
    <LineString>
      <tessellate>1</tessellate>
      <coordinates>
        91.0484,23.3683,0
        89.55,22.8167,0
      </coordinates>
    </LineString>
  </Placemark>
  <Placemark>
    <name>Route Bogra to Naogaon</name>
    <description>Assigned Demand Flow: 8013</description>
    <styleUrl>#lineStyle</styleUrl>
    <LineString>
      <tessellate>1</tessellate>
      <coordinates>
        89.3711,24.851,0
        88.947,24.8118,0
      </coordinates>
    </LineString>
  </Placemark>
  <Placemark>
    <name>Route Tāngāil to Naogaon</name>
    <description>Assigned Demand Flow: 7217.18</description>
    <styleUrl>#lineStyle</styleUrl>
    <LineString>
      <tessellate>1</tessellate>
      <coordinates>
        89.92,24.25,0
        88.947,24.8118,0
      </coordinates>
    </LineString>
  </Placemark>
  <Placemark>
    <name>Route Tāngāil to Gaibandha</name>
    <description>Assigned Demand Flow: 634.816</description>
    <styleUrl>#lineStyle</styleUrl>
    <LineString>
      <tessellate>1</tessellate>
      <coordinates>
        89.92,24.25,0
        89.5415,25.329,0
      </coordinates>
    </LineString>
  </Placemark>
  <Placemark>
    <name>Route Sampaloc to San Juan</name>
    <description>Assigned Demand Flow: 7775</description>
    <styleUrl>#lineStyle</styleUrl>
    <LineString>
      <tessellate>1</tessellate>
      <coordinates>
        121.002,14.6031,0
        121.03,14.604,0
      </coordinates>
    </LineString>
  </Placemark>
  <Placemark>
    <name>Route Taytay to Antipolo</name>
    <description>Assigned Demand Flow: 7728</description>
    <styleUrl>#lineStyle</styleUrl>
    <LineString>
      <tessellate>1</tessellate>
      <coordinates>
        121.132,14.5692,0
        121.176,14.5842,0
      </coordinates>
    </LineString>
  </Placemark>
  <Placemark>
    <name>Route Savar to Khulna</name>
    <description>Assigned Demand Flow: 4506.9</description>
    <styleUrl>#lineStyle</styleUrl>
    <LineString>
      <tessellate>1</tessellate>
      <coordinates>
        90.2577,23.8482,0
        89.55,22.8167,0
      </coordinates>
    </LineString>
  </Placemark>
  <Placemark>
    <name>Route Savar to Rājshāhi</name>
    <description>Assigned Demand Flow: 3184.1</description>
    <styleUrl>#lineStyle</styleUrl>
    <LineString>
      <tessellate>1</tessellate>
      <coordinates>
        90.2577,23.8482,0
        88.6,24.3667,0
      </coordinates>
    </LineString>
  </Placemark>
  <Placemark>
    <name>Route Cainta to Pasig City</name>
    <description>Assigned Demand Flow: 7534</description>
    <styleUrl>#lineStyle</styleUrl>
    <LineString>
      <tessellate>1</tessellate>
      <coordinates>
        121.12,14.57,0
        121.076,14.5605,0
      </coordinates>
    </LineString>
  </Placemark>
  <Placemark>
    <name>Route Lipa City to San Antonio</name>
    <description>Assigned Demand Flow: 7460</description>
    <styleUrl>#lineStyle</styleUrl>
    <LineString>
      <tessellate>1</tessellate>
      <coordinates>
        121.162,13.9411,0
        121.3,13.9,0
      </coordinates>
    </LineString>
  </Placemark>
  <Placemark>
    <name>Route Cabuyao to Taguig City</name>
    <description>Assigned Demand Flow: 4257.06</description>
    <styleUrl>#lineStyle</styleUrl>
    <LineString>
      <tessellate>1</tessellate>
      <coordinates>
        121.125,14.275,0
        121.05,14.52,0
      </coordinates>
    </LineString>
  </Placemark>
  <Placemark>
    <name>Route Cabuyao to Trece Martires City</name>
    <description>Assigned Demand Flow: 2846.94</description>
    <styleUrl>#lineStyle</styleUrl>
    <LineString>
      <tessellate>1</tessellate>
      <coordinates>
        121.125,14.275,0
        120.87,14.28,0
      </coordinates>
    </LineString>
  </Placemark>
  <Placemark>
    <name>Route Tungi to Gaibandha</name>
    <description>Assigned Demand Flow: 7009</description>
    <styleUrl>#lineStyle</styleUrl>
    <LineString>
      <tessellate>1</tessellate>
      <coordinates>
        90.4023,23.8915,0
        89.5415,25.329,0
      </coordinates>
    </LineString>
  </Placemark>
  <Placemark>
    <name>Route Cabanatuan City to Palayan City</name>
    <description>Assigned Demand Flow: 6551</description>
    <styleUrl>#lineStyle</styleUrl>
    <LineString>
      <tessellate>1</tessellate>
      <coordinates>
        120.968,15.4908,0
        121.084,15.5422,0
      </coordinates>
    </LineString>
  </Placemark>
  <Placemark>
    <name>Route San Pedro to Taguig City</name>
    <description>Assigned Demand Flow: 6516</description>
    <styleUrl>#lineStyle</styleUrl>
    <LineString>
      <tessellate>1</tessellate>
      <coordinates>
        121.058,14.3583,0
        121.05,14.52,0
      </coordinates>
    </LineString>
  </Placemark>
  <Placemark>
    <name>Route Binangonan to Antipolo</name>
    <description>Assigned Demand Flow: 6280</description>
    <styleUrl>#lineStyle</styleUrl>
    <LineString>
      <tessellate>1</tessellate>
      <coordinates>
        121.192,14.4514,0
        121.176,14.5842,0
      </coordinates>
    </LineString>
  </Placemark>
  <Placemark>
    <name>Route Tanza to Pasay City</name>
    <description>Assigned Demand Flow: 6241</description>
    <styleUrl>#lineStyle</styleUrl>
    <LineString>
      <tessellate>1</tessellate>
      <coordinates>
        120.853,14.3944,0
        120.995,14.5439,0
      </coordinates>
    </LineString>
  </Placemark>
  <Placemark>
    <name>Route Comilla to Sylhet</name>
    <description>Assigned Demand Flow: 5929</description>
    <styleUrl>#lineStyle</styleUrl>
    <LineString>
      <tessellate>1</tessellate>
      <coordinates>
        91.2,23.45,0
        91.8667,24.9,0
      </coordinates>
    </LineString>
  </Placemark>
  <Placemark>
    <name>Route Silang to Taguig City</name>
    <description>Assigned Demand Flow: 2204.05</description>
    <styleUrl>#lineStyle</styleUrl>
    <LineString>
      <tessellate>1</tessellate>
      <coordinates>
        120.975,14.2306,0
        121.05,14.52,0
      </coordinates>
    </LineString>
  </Placemark>
  <Placemark>
    <name>Route Silang to Pasay City</name>
    <description>Assigned Demand Flow: 3709.95</description>
    <styleUrl>#lineStyle</styleUrl>
    <LineString>
      <tessellate>1</tessellate>
      <coordinates>
        120.975,14.2306,0
        120.995,14.5439,0
      </coordinates>
    </LineString>
  </Placemark>
  <Placemark>
    <name>Route Mabalacat to Angeles City</name>
    <description>Assigned Demand Flow: 5871</description>
    <styleUrl>#lineStyle</styleUrl>
    <LineString>
      <tessellate>1</tessellate>
      <coordinates>
        120.58,15.22,0
        120.585,15.1472,0
      </coordinates>
    </LineString>
  </Placemark>
  <Placemark>
    <name>Route Santa Maria to Valenzuela</name>
    <description>Assigned Demand Flow: 569.426</description>
    <styleUrl>#lineStyle</styleUrl>
    <LineString>
      <tessellate>1</tessellate>
      <coordinates>
        120.96,14.82,0
        120.98,14.7,0
      </coordinates>
    </LineString>
  </Placemark>
  <Placemark>
    <name>Route Santa Maria to Malolos</name>
    <description>Assigned Demand Flow: 5220.57</description>
    <styleUrl>#lineStyle</styleUrl>
    <LineString>
      <tessellate>1</tessellate>
      <coordinates>
        120.96,14.82,0
        120.811,14.8436,0
      </coordinates>
    </LineString>
  </Placemark>
  <Placemark>
    <name>Route San Pablo to Tiaong</name>
    <description>Assigned Demand Flow: 5708</description>
    <styleUrl>#lineStyle</styleUrl>
    <LineString>
      <tessellate>1</tessellate>
      <coordinates>
        121.325,14.07,0
        121.32,13.95,0
      </coordinates>
    </LineString>
  </Placemark>
  <Placemark>
    <name>Route San Mateo to Marikina City</name>
    <description>Assigned Demand Flow: 5466</description>
    <styleUrl>#lineStyle</styleUrl>
    <LineString>
      <tessellate>1</tessellate>
      <coordinates>
        121.122,14.6969,0
        121.1,14.65,0
      </coordinates>
    </LineString>
  </Placemark>
  <Placemark>
    <name>Route Brāhmanbāria to Sylhet</name>
    <description>Assigned Demand Flow: 5373</description>
    <styleUrl>#lineStyle</styleUrl>
    <LineString>
      <tessellate>1</tessellate>
      <coordinates>
        91.1099,23.9723,0
        91.8667,24.9,0
      </coordinates>
    </LineString>
  </Placemark>
  <Placemark>
    <name>Route Feni to Sylhet</name>
    <description>Assigned Demand Flow: 5294</description>
    <styleUrl>#lineStyle</styleUrl>
    <LineString>
      <tessellate>1</tessellate>
      <coordinates>
        91.3967,23.015,0
        91.8667,24.9,0
      </coordinates>
    </LineString>
  </Placemark>
  <Placemark>
    <name>Route Talisay to Cebu City</name>
    <description>Assigned Demand Flow: 5254</description>
    <styleUrl>#lineStyle</styleUrl>
    <LineString>
      <tessellate>1</tessellate>
      <coordinates>
        123.83,10.25,0
        123.75,10.32,0
      </coordinates>
    </LineString>
  </Placemark>
  <Placemark>
    <name>Route Siddhirganj to Sylhet</name>
    <description>Assigned Demand Flow: 5127</description>
    <styleUrl>#lineStyle</styleUrl>
    <LineString>
      <tessellate>1</tessellate>
      <coordinates>
        90.5149,23.6913,0
        91.8667,24.9,0
      </coordinates>
    </LineString>
  </Placemark>
  <Placemark>
    <name>Route Marilao to Navotas</name>
    <description>Assigned Demand Flow: 5087</description>
    <styleUrl>#lineStyle</styleUrl>
    <LineString>
      <tessellate>1</tessellate>
      <coordinates>
        120.948,14.7581,0
        120.942,14.6667,0
      </coordinates>
    </LineString>
  </Placemark>
  <Placemark>
    <name>Route Jhenida to Rājshāhi</name>
    <description>Assigned Demand Flow: 5058</description>
    <styleUrl>#lineStyle</styleUrl>
    <LineString>
      <tessellate>1</tessellate>
      <coordinates>
        89.1749,23.5425,0
        88.6,24.3667,0
      </coordinates>
    </LineString>
  </Placemark>
  <Placemark>
    <name>Route Companiganj to Sylhet</name>
    <description>Assigned Demand Flow: 274.182</description>
    <styleUrl>#lineStyle</styleUrl>
    <LineString>
      <tessellate>1</tessellate>
      <coordinates>
        91.2782,22.873,0
        91.8667,24.9,0
      </coordinates>
    </LineString>
  </Placemark>
  <Placemark>
    <name>Route Companiganj to Rājshāhi</name>
    <description>Assigned Demand Flow: 4734.82</description>
    <styleUrl>#lineStyle</styleUrl>
    <LineString>
      <tessellate>1</tessellate>
      <coordinates>
        91.2782,22.873,0
        88.6,24.3667,0
      </coordinates>
    </LineString>
  </Placemark>
  <Placemark>
    <name>Route Jessore to Rājshāhi</name>
    <description>Assigned Demand Flow: 646.266</description>
    <styleUrl>#lineStyle</styleUrl>
    <LineString>
      <tessellate>1</tessellate>
      <coordinates>
        89.2,23.1704,0
        88.6,24.3667,0
      </coordinates>
    </LineString>
  </Placemark>
  <Placemark>
    <name>Route Jessore to Gaibandha</name>
    <description>Assigned Demand Flow: 4232.73</description>
    <styleUrl>#lineStyle</styleUrl>
    <LineString>
      <tessellate>1</tessellate>
      <coordinates>
        89.2,23.1704,0
        89.5415,25.329,0
      </coordinates>
    </LineString>
  </Placemark>
  <Placemark>
    <name>Route Bānchpār to Laoag</name>
    <description>Assigned Demand Flow: 1367.11</description>
    <styleUrl>#lineStyle</styleUrl>
    <LineString>
      <tessellate>1</tessellate>
      <coordinates>
        90.7979,23.2081,0
        120.594,18.1978,0
      </coordinates>
    </LineString>
  </Placemark>
  <Placemark>
    <name>Route Bānchpār to Gaibandha</name>
    <description>Assigned Demand Flow: 3470.89</description>
    <styleUrl>#lineStyle</styleUrl>
    <LineString>
      <tessellate>1</tessellate>
      <coordinates>
        90.7979,23.2081,0
        89.5415,25.329,0
      </coordinates>
    </LineString>
  </Placemark>
  <Placemark>
    <name>Route Nazipur to Laoag</name>
    <description>Assigned Demand Flow: 4646</description>
    <styleUrl>#lineStyle</styleUrl>
    <LineString>
      <tessellate>1</tessellate>
      <coordinates>
        88.7609,25.0455,0
        120.594,18.1978,0
      </coordinates>
    </LineString>
  </Placemark>
  <Placemark>
    <name>Route Meycauayan to Navotas</name>
    <description>Assigned Demand Flow: 4518</description>
    <styleUrl>#lineStyle</styleUrl>
    <LineString>
      <tessellate>1</tessellate>
      <coordinates>
        120.95,14.73,0
        120.942,14.6667,0
      </coordinates>
    </LineString>
  </Placemark>
  <Placemark>
    <name>Route Chuādānga to Laoag</name>
    <description>Assigned Demand Flow: 4501</description>
    <styleUrl>#lineStyle</styleUrl>
    <LineString>
      <tessellate>1</tessellate>
      <coordinates>
        88.8577,23.6418,0
        120.594,18.1978,0
      </coordinates>
    </LineString>
  </Placemark>
  <Placemark>
    <name>Route Cox’s Bāzār to San Fernando</name>
    <description>Assigned Demand Flow: 2690.6</description>
    <styleUrl>#lineStyle</styleUrl>
    <LineString>
      <tessellate>1</tessellate>
      <coordinates>
        91.9677,21.4539,0
        120.32,16.62,0
      </coordinates>
    </LineString>
  </Placemark>
  <Placemark>
    <name>Route Cox’s Bāzār to Laoag</name>
    <description>Assigned Demand Flow: 1789.4</description>
    <styleUrl>#lineStyle</styleUrl>
    <LineString>
      <tessellate>1</tessellate>
      <coordinates>
        91.9677,21.4539,0
        120.594,18.1978,0
      </coordinates>
    </LineString>
  </Placemark>
  <Placemark>
    <name>Route Santo Tomas to Tiaong</name>
    <description>Assigned Demand Flow: 4368</description>
    <styleUrl>#lineStyle</styleUrl>
    <LineString>
      <tessellate>1</tessellate>
      <coordinates>
        121.18,14.08,0
        121.32,13.95,0
      </coordinates>
    </LineString>
  </Placemark>
  <Placemark>
    <name>Route Valencia to Malaybalay</name>
    <description>Assigned Demand Flow: 4338</description>
    <styleUrl>#lineStyle</styleUrl>
    <LineString>
      <tessellate>1</tessellate>
      <coordinates>
        125.093,7.9042,0
        125.133,8.1564,0
      </coordinates>
    </LineString>
  </Placemark>
  <Placemark>
    <name>Route Panabo to Tagum</name>
    <description>Assigned Demand Flow: 4182</description>
    <styleUrl>#lineStyle</styleUrl>
    <LineString>
      <tessellate>1</tessellate>
      <coordinates>
        125.68,7.3,0
        125.808,7.4478,0
      </coordinates>
    </LineString>
  </Placemark>
  <Placemark>
    <name>Route Toledo to Cebu City</name>
    <description>Assigned Demand Flow: 4143</description>
    <styleUrl>#lineStyle</styleUrl>
    <LineString>
      <tessellate>1</tessellate>
      <coordinates>
        123.65,10.38,0
        123.75,10.32,0
      </coordinates>
    </LineString>
  </Placemark>
  <Placemark>
    <name>Route Dinājpur to Bangued</name>
    <description>Assigned Demand Flow: 4117</description>
    <styleUrl>#lineStyle</styleUrl>
    <LineString>
      <tessellate>1</tessellate>
      <coordinates>
        88.65,25.63,0
        120.62,17.6,0
      </coordinates>
    </LineString>
  </Placemark>
  <Placemark>
    <name>Route San Carlos City to Dagupan City</name>
    <description>Assigned Demand Flow: 4117</description>
    <styleUrl>#lineStyle</styleUrl>
    <LineString>
      <tessellate>1</tessellate>
      <coordinates>
        120.349,15.9281,0
        120.334,16.043,0
      </coordinates>
    </LineString>
  </Placemark>
  <Placemark>
    <name>Route Brahmanpara to Bangued</name>
    <description>Assigned Demand Flow: 4098</description>
    <styleUrl>#lineStyle</styleUrl>
    <LineString>
      <tessellate>1</tessellate>
      <coordinates>
        91.0679,23.6165,0
        120.62,17.6,0
      </coordinates>
    </LineString>
  </Placemark>
  <Placemark>
    <name>Route Santa Ana to Mandaluyong City</name>
    <description>Assigned Demand Flow: 4081</description>
    <styleUrl>#lineStyle</styleUrl>
    <LineString>
      <tessellate>1</tessellate>
      <coordinates>
        121.012,14.58,0
        121.03,14.58,0
      </coordinates>
    </LineString>
  </Placemark>
  <Placemark>
    <name>Route Kabankalan to Alcantara</name>
    <description>Assigned Demand Flow: 4006</description>
    <styleUrl>#lineStyle</styleUrl>
    <LineString>
      <tessellate>1</tessellate>
      <coordinates>
        122.82,9.98,0
        123.405,9.9715,0
      </coordinates>
    </LineString>
  </Placemark>
  <Placemark>
    <name>Route Koronadal to Buluan</name>
    <description>Assigned Demand Flow: 3917</description>
    <styleUrl>#lineStyle</styleUrl>
    <LineString>
      <tessellate>1</tessellate>
      <coordinates>
        124.85,6.5,0
        124.785,6.7154,0
      </coordinates>
    </LineString>
  </Placemark>
  <Placemark>
    <name>Route Tanauan to Tiaong</name>
    <description>Assigned Demand Flow: 3884</description>
    <styleUrl>#lineStyle</styleUrl>
    <LineString>
      <tessellate>1</tessellate>
      <coordinates>
        121.15,14.08,0
        121.32,13.95,0
      </coordinates>
    </LineString>
  </Placemark>
  <Placemark>
    <name>Route Bago to Jordan</name>
    <description>Assigned Demand Flow: 3834</description>
    <styleUrl>#lineStyle</styleUrl>
    <LineString>
      <tessellate>1</tessellate>
      <coordinates>
        122.838,10.5388,0
        122.6,10.6,0
      </coordinates>
    </LineString>
  </Placemark>
  <Placemark>
    <name>Route Pābna to San Fernando</name>
    <description>Assigned Demand Flow: 1401.24</description>
    <styleUrl>#lineStyle</styleUrl>
    <LineString>
      <tessellate>1</tessellate>
      <coordinates>
        89.25,24.0004,0
        120.32,16.62,0
      </coordinates>
    </LineString>
  </Placemark>
  <Placemark>
    <name>Route Pābna to Bangued</name>
    <description>Assigned Demand Flow: 2410.76</description>
    <styleUrl>#lineStyle</styleUrl>
    <LineString>
      <tessellate>1</tessellate>
      <coordinates>
        89.25,24.0004,0
        120.62,17.6,0
      </coordinates>
    </LineString>
  </Placemark>
  <Placemark>
    <name>Route Calbayog City to Catarman</name>
    <description>Assigned Demand Flow: 3736</description>
    <styleUrl>#lineStyle</styleUrl>
    <LineString>
      <tessellate>1</tessellate>
      <coordinates>
        124.6,12.07,0
        124.633,12.4994,0
      </coordinates>
    </LineString>
  </Placemark>
  <Placemark>
    <name>Route Narsingdi to San Fernando</name>
    <description>Assigned Demand Flow: 3708</description>
    <styleUrl>#lineStyle</styleUrl>
    <LineString>
      <tessellate>1</tessellate>
      <coordinates>
        90.7167,23.9,0
        120.32,16.62,0
      </coordinates>
    </LineString>
  </Placemark>
  <Placemark>
    <name>Route Lubao to San Fernando</name>
    <description>Assigned Demand Flow: 3480</description>
    <styleUrl>#lineStyle</styleUrl>
    <LineString>
      <tessellate>1</tessellate>
      <coordinates>
        120.6,14.93,0
        120.68,15.03,0
      </coordinates>
    </LineString>
  </Placemark>
  <Placemark>
    <name>Route Mexico to San Fernando</name>
    <description>Assigned Demand Flow: 3475</description>
    <styleUrl>#lineStyle</styleUrl>
    <LineString>
      <tessellate>1</tessellate>
      <coordinates>
        120.72,15.0645,0
        120.68,15.03,0
      </coordinates>
    </LineString>
  </Placemark>
  <Placemark>
    <name>Route Polomolok to Alabel</name>
    <description>Assigned Demand Flow: 3447</description>
    <styleUrl>#lineStyle</styleUrl>
    <LineString>
      <tessellate>1</tessellate>
      <coordinates>
        125.07,6.22,0
        125.287,6.1023,0
      </coordinates>
    </LineString>
  </Placemark>
  <Placemark>
    <name>Route General Mariano Alvarez to Makati City</name>
    <description>Assigned Demand Flow: 3023.92</description>
    <styleUrl>#lineStyle</styleUrl>
    <LineString>
      <tessellate>1</tessellate>
      <coordinates>
        121,14.3,0
        121.021,14.5567,0
      </coordinates>
    </LineString>
  </Placemark>
  <Placemark>
    <name>Route General Mariano Alvarez to Pasay City</name>
    <description>Assigned Demand Flow: 431.08</description>
    <styleUrl>#lineStyle</styleUrl>
    <LineString>
      <tessellate>1</tessellate>
      <coordinates>
        121,14.3,0
        120.995,14.5439,0
      </coordinates>
    </LineString>
  </Placemark>
  <Placemark>
    <name>Route San Miguel to Magalang</name>
    <description>Assigned Demand Flow: 3450</description>
    <styleUrl>#lineStyle</styleUrl>
    <LineString>
      <tessellate>1</tessellate>
      <coordinates>
        120.978,15.1458,0
        120.67,15.22,0
      </coordinates>
    </LineString>
  </Placemark>
  <Placemark>
    <name>Route Concepcion to Magalang</name>
    <description>Assigned Demand Flow: 3396</description>
    <styleUrl>#lineStyle</styleUrl>
    <LineString>
      <tessellate>1</tessellate>
      <coordinates>
        120.655,15.3249,0
        120.67,15.22,0
      </coordinates>
    </LineString>
  </Placemark>
  <Placemark>
    <name>Route Baliuag to Malolos</name>
    <description>Assigned Demand Flow: 3376</description>
    <styleUrl>#lineStyle</styleUrl>
    <LineString>
      <tessellate>1</tessellate>
      <coordinates>
        120.901,14.954,0
        120.811,14.8436,0
      </coordinates>
    </LineString>
  </Placemark>
  <Placemark>
    <name>Route Jamālpur to San Fernando</name>
    <description>Assigned Demand Flow: 3354</description>
    <styleUrl>#lineStyle</styleUrl>
    <LineString>
      <tessellate>1</tessellate>
      <coordinates>
        89.95,24.9004,0
        120.32,16.62,0
      </coordinates>
    </LineString>
  </Placemark>
  <Placemark>
    <name>Route Sariaya to Lucena</name>
    <description>Assigned Demand Flow: 3229</description>
    <styleUrl>#lineStyle</styleUrl>
    <LineString>
      <tessellate>1</tessellate>
      <coordinates>
        121.53,13.97,0
        121.62,13.93,0
      </coordinates>
    </LineString>
  </Placemark>
  <Placemark>
    <name>Route Naic to Makati City</name>
    <description>Assigned Demand Flow: 3211</description>
    <styleUrl>#lineStyle</styleUrl>
    <LineString>
      <tessellate>1</tessellate>
      <coordinates>
        120.77,14.32,0
        121.021,14.5567,0
      </coordinates>
    </LineString>
  </Placemark>
  <Placemark>
    <name>Route Cadiz to Cebu City</name>
    <description>Assigned Demand Flow: 483.09</description>
    <styleUrl>#lineStyle</styleUrl>
    <LineString>
      <tessellate>1</tessellate>
      <coordinates>
        123.3,10.95,0
        123.75,10.32,0
      </coordinates>
    </LineString>
  </Placemark>
  <Placemark>
    <name>Route Cadiz to Jordan</name>
    <description>Assigned Demand Flow: 2692.91</description>
    <styleUrl>#lineStyle</styleUrl>
    <LineString>
      <tessellate>1</tessellate>
      <coordinates>
        123.3,10.95,0
        122.6,10.6,0
      </coordinates>
    </LineString>
  </Placemark>
  <Placemark>
    <name>Route Danao to Mandaue City</name>
    <description>Assigned Demand Flow: 3131</description>
    <styleUrl>#lineStyle</styleUrl>
    <LineString>
      <tessellate>1</tessellate>
      <coordinates>
        123.93,10.53,0
        123.93,10.33,0
      </coordinates>
    </LineString>
  </Placemark>
  <Placemark>
    <name>Route Capas to Magalang</name>
    <description>Assigned Demand Flow: 3129</description>
    <styleUrl>#lineStyle</styleUrl>
    <LineString>
      <tessellate>1</tessellate>
      <coordinates>
        120.59,15.3372,0
        120.67,15.22,0
      </coordinates>
    </LineString>
  </Placemark>
  <Placemark>
    <name>Route Pandi to Malolos</name>
    <description>Assigned Demand Flow: 3102</description>
    <styleUrl>#lineStyle</styleUrl>
    <LineString>
      <tessellate>1</tessellate>
      <coordinates>
        120.95,14.87,0
        120.811,14.8436,0
      </coordinates>
    </LineString>
  </Placemark>
  <Placemark>
    <name>Route San Jose to Calapan</name>
    <description>Assigned Demand Flow: 3069</description>
    <styleUrl>#lineStyle</styleUrl>
    <LineString>
      <tessellate>1</tessellate>
      <coordinates>
        121.068,12.3528,0
        121.18,13.414,0
      </coordinates>
    </LineString>
  </Placemark>
  <Placemark>
    <name>Route Poblacion to Mandaue City</name>
    <description>Assigned Demand Flow: 3071</description>
    <styleUrl>#lineStyle</styleUrl>
    <LineString>
      <tessellate>1</tessellate>
      <coordinates>
        123.982,10.4111,0
        123.93,10.33,0
      </coordinates>
    </LineString>
  </Placemark>
  <Placemark>
    <name>Route Minglanilla to Mandaue City</name>
    <description>Assigned Demand Flow: 3029</description>
    <styleUrl>#lineStyle</styleUrl>
    <LineString>
      <tessellate>1</tessellate>
      <coordinates>
        123.796,10.245,0
        123.93,10.33,0
      </coordinates>
    </LineString>
  </Placemark>
  <Placemark>
    <name>Route San Jose to Palayan City</name>
    <description>Assigned Demand Flow: 3018</description>
    <styleUrl>#lineStyle</styleUrl>
    <LineString>
      <tessellate>1</tessellate>
      <coordinates>
        120.999,15.8037,0
        121.084,15.5422,0
      </coordinates>
    </LineString>
  </Placemark>
  <Placemark>
    <name>Route Mariveles to Balanga</name>
    <description>Assigned Demand Flow: 2990</description>
    <styleUrl>#lineStyle</styleUrl>
    <LineString>
      <tessellate>1</tessellate>
      <coordinates>
        120.48,14.43,0
        120.53,14.68,0
      </coordinates>
    </LineString>
  </Placemark>
  <Placemark>
    <name>Route Sagay to Mandaue City</name>
    <description>Assigned Demand Flow: 2970</description>
    <styleUrl>#lineStyle</styleUrl>
    <LineString>
      <tessellate>1</tessellate>
      <coordinates>
        123.42,10.9,0
        123.93,10.33,0
      </coordinates>
    </LineString>
  </Placemark>
  <Placemark>
    <name>Route Consolacion to Mandaue City</name>
    <description>Assigned Demand Flow: 2961</description>
    <styleUrl>#lineStyle</styleUrl>
    <LineString>
      <tessellate>1</tessellate>
      <coordinates>
        123.95,10.4,0
        123.93,10.33,0
      </coordinates>
    </LineString>
  </Placemark>
  <Placemark>
    <name>Route Calapan to Calapan</name>
    <description>Assigned Demand Flow: 2906</description>
    <styleUrl>#lineStyle</styleUrl>
    <LineString>
      <tessellate>1</tessellate>
      <coordinates>
        121.18,13.414,0
        121.18,13.414,0
      </coordinates>
    </LineString>
  </Placemark>
  <Placemark>
    <name>Route Bhāndāria to San Fernando</name>
    <description>Assigned Demand Flow: 2911</description>
    <styleUrl>#lineStyle</styleUrl>
    <LineString>
      <tessellate>1</tessellate>
      <coordinates>
        90.0627,22.489,0
        120.32,16.62,0
      </coordinates>
    </LineString>
  </Placemark>
  <Placemark>
    <name>Route Arayat to Magalang</name>
    <description>Assigned Demand Flow: 2898</description>
    <styleUrl>#lineStyle</styleUrl>
    <LineString>
      <tessellate>1</tessellate>
      <coordinates>
        120.769,15.1493,0
        120.67,15.22,0
      </coordinates>
    </LineString>
  </Placemark>
  <Placemark>
    <name>Route Urdaneta to Dagupan City</name>
    <description>Assigned Demand Flow: 2893</description>
    <styleUrl>#lineStyle</styleUrl>
    <LineString>
      <tessellate>1</tessellate>
      <coordinates>
        120.571,15.9761,0
        120.334,16.043,0
      </coordinates>
    </LineString>
  </Placemark>
  <Placemark>
    <name>Route Calabayan to Santiago</name>
    <description>Assigned Demand Flow: 2872</description>
    <styleUrl>#lineStyle</styleUrl>
    <LineString>
      <tessellate>1</tessellate>
      <coordinates>
        121.78,16.77,0
        121.55,16.68,0
      </coordinates>
    </LineString>
  </Placemark>
  <Placemark>
    <name>Route Malasiqui to Dagupan City</name>
    <description>Assigned Demand Flow: 2857</description>
    <styleUrl>#lineStyle</styleUrl>
    <LineString>
      <tessellate>1</tessellate>
      <coordinates>
        120.42,15.92,0
        120.334,16.043,0
      </coordinates>
    </LineString>
  </Placemark>
  <Placemark>
    <name>Route Nawābganj to San Fernando</name>
    <description>Assigned Demand Flow: 2339.84</description>
    <styleUrl>#lineStyle</styleUrl>
    <LineString>
      <tessellate>1</tessellate>
      <coordinates>
        88.2667,24.6,0
        120.32,16.62,0
      </coordinates>
    </LineString>
  </Placemark>
  <Placemark>
    <name>Route Nawābganj to Lingayen</name>
    <description>Assigned Demand Flow: 506.163</description>
    <styleUrl>#lineStyle</styleUrl>
    <LineString>
      <tessellate>1</tessellate>
      <coordinates>
        88.2667,24.6,0
        120.233,16.0167,0
      </coordinates>
    </LineString>
  </Placemark>
  <Placemark>
    <name>Route Bocaue to Malolos</name>
    <description>Assigned Demand Flow: 2827</description>
    <styleUrl>#lineStyle</styleUrl>
    <LineString>
      <tessellate>1</tessellate>
      <coordinates>
        120.93,14.8,0
        120.811,14.8436,0
      </coordinates>
    </LineString>
  </Placemark>
  <Placemark>
    <name>Route Tabaco to Legazpi City</name>
    <description>Assigned Demand Flow: 2820</description>
    <styleUrl>#lineStyle</styleUrl>
    <LineString>
      <tessellate>1</tessellate>
      <coordinates>
        123.73,13.35,0
        123.73,13.13,0
      </coordinates>
    </LineString>
  </Placemark>
  <Placemark>
    <name>Route Porac to Angeles City</name>
    <description>Assigned Demand Flow: 2809</description>
    <styleUrl>#lineStyle</styleUrl>
    <LineString>
      <tessellate>1</tessellate>
      <coordinates>
        120.542,15.0719,0
        120.585,15.1472,0
      </coordinates>
    </LineString>
  </Placemark>
  <Placemark>
    <name>Route Ozamiz City to Tubod</name>
    <description>Assigned Demand Flow: 2802</description>
    <styleUrl>#lineStyle</styleUrl>
    <LineString>
      <tessellate>1</tessellate>
      <coordinates>
        123.85,8.15,0
        123.8,8.05,0
      </coordinates>
    </LineString>
  </Placemark>
  <Placemark>
    <name>Route Payatas to Marikina City</name>
    <description>Assigned Demand Flow: 2791</description>
    <styleUrl>#lineStyle</styleUrl>
    <LineString>
      <tessellate>1</tessellate>
      <coordinates>
        121.1,14.7099,0
        121.1,14.65,0
      </coordinates>
    </LineString>
  </Placemark>
  <Placemark>
    <name>Route Tanay to Antipolo</name>
    <description>Assigned Demand Flow: 2785</description>
    <styleUrl>#lineStyle</styleUrl>
    <LineString>
      <tessellate>1</tessellate>
      <coordinates>
        121.286,14.4972,0
        121.176,14.5842,0
      </coordinates>
    </LineString>
  </Placemark>
  <Placemark>
    <name>Route Gingoog to Butuan</name>
    <description>Assigned Demand Flow: 2724</description>
    <styleUrl>#lineStyle</styleUrl>
    <LineString>
      <tessellate>1</tessellate>
      <coordinates>
        125.1,8.82,0
        125.543,8.948,0
      </coordinates>
    </LineString>
  </Placemark>
  <Placemark>
    <name>Route Nasugbu to Batangas</name>
    <description>Assigned Demand Flow: 2725</description>
    <styleUrl>#lineStyle</styleUrl>
    <LineString>
      <tessellate>1</tessellate>
      <coordinates>
        120.63,14.07,0
        121,13.83,0
      </coordinates>
    </LineString>
  </Placemark>
  <Placemark>
    <name>Route Carcar to Alcantara</name>
    <description>Assigned Demand Flow: 2731</description>
    <styleUrl>#lineStyle</styleUrl>
    <LineString>
      <tessellate>1</tessellate>
      <coordinates>
        123.63,10.12,0
        123.405,9.9715,0
      </coordinates>
    </LineString>
  </Placemark>
  <Placemark>
    <name>Route Norzagaray to Malolos</name>
    <description>Assigned Demand Flow: 2727</description>
    <styleUrl>#lineStyle</styleUrl>
    <LineString>
      <tessellate>1</tessellate>
      <coordinates>
        121.05,14.92,0
        120.811,14.8436,0
      </coordinates>
    </LineString>
  </Placemark>
  <Placemark>
    <name>Route Floridablanca to San Fernando</name>
    <description>Assigned Demand Flow: 2709</description>
    <styleUrl>#lineStyle</styleUrl>
    <LineString>
      <tessellate>1</tessellate>
      <coordinates>
        120.528,14.974,0
        120.68,15.03,0
      </coordinates>
    </LineString>
  </Placemark>
  <Placemark>
    <name>Route Daraga to Legazpi City</name>
    <description>Assigned Demand Flow: 2681</description>
    <styleUrl>#lineStyle</styleUrl>
    <LineString>
      <tessellate>1</tessellate>
      <coordinates>
        123.694,13.1619,0
        123.73,13.13,0
      </coordinates>
    </LineString>
  </Placemark>
  <Placemark>
    <name>Route San Andres to Makati City</name>
    <description>Assigned Demand Flow: 2683</description>
    <styleUrl>#lineStyle</styleUrl>
    <LineString>
      <tessellate>1</tessellate>
      <coordinates>
        121.004,14.5739,0
        121.021,14.5567,0
      </coordinates>
    </LineString>
  </Placemark>
  <Placemark>
    <name>Route Hagonoy to Malolos</name>
    <description>Assigned Demand Flow: 2662</description>
    <styleUrl>#lineStyle</styleUrl>
    <LineString>
      <tessellate>1</tessellate>
      <coordinates>
        120.73,14.83,0
        120.811,14.8436,0
      </coordinates>
    </LineString>
  </Placemark>
  <Placemark>
    <name>Route Naga to Mandaue City</name>
    <description>Assigned Demand Flow: 2661</description>
    <styleUrl>#lineStyle</styleUrl>
    <LineString>
      <tessellate>1</tessellate>
      <coordinates>
        123.75,10.22,0
        123.93,10.33,0
      </coordinates>
    </LineString>
  </Placemark>
  <Placemark>
    <name>Route Srīpur to Lingayen</name>
    <description>Assigned Demand Flow: 2664</description>
    <styleUrl>#lineStyle</styleUrl>
    <LineString>
      <tessellate>1</tessellate>
      <coordinates>
        90.4731,24.2,0
        120.233,16.0167,0
      </coordinates>
    </LineString>
  </Placemark>
  <Placemark>
    <name>Route San Carlos to Alcantara</name>
    <description>Assigned Demand Flow: 2655</description>
    <styleUrl>#lineStyle</styleUrl>
    <LineString>
      <tessellate>1</tessellate>
      <coordinates>
        123.409,10.4929,0
        123.405,9.9715,0
      </coordinates>
    </LineString>
  </Placemark>
  <Placemark>
    <name>Route Talavera to Tarlac City</name>
    <description>Assigned Demand Flow: 1019.99</description>
    <styleUrl>#lineStyle</styleUrl>
    <LineString>
      <tessellate>1</tessellate>
      <coordinates>
        120.919,15.5839,0
        120.59,15.4869,0
      </coordinates>
    </LineString>
  </Placemark>
  <Placemark>
    <name>Route Talavera to Palayan City</name>
    <description>Assigned Demand Flow: 1616.01</description>
    <styleUrl>#lineStyle</styleUrl>
    <LineString>
      <tessellate>1</tessellate>
      <coordinates>
        120.919,15.5839,0
        121.084,15.5422,0
      </coordinates>
    </LineString>
  </Placemark>
  <Placemark>
    <name>Route Maijdi to Iba</name>
    <description>Assigned Demand Flow: 2617</description>
    <styleUrl>#lineStyle</styleUrl>
    <LineString>
      <tessellate>1</tessellate>
      <coordinates>
        91.1,22.8667,0
        119.98,15.33,0
      </coordinates>
    </LineString>
  </Placemark>
  <Placemark>
    <name>Route Angono to Antipolo</name>
    <description>Assigned Demand Flow: 2607</description>
    <styleUrl>#lineStyle</styleUrl>
    <LineString>
      <tessellate>1</tessellate>
      <coordinates>
        121.154,14.5234,0
        121.176,14.5842,0
      </coordinates>
    </LineString>
  </Placemark>
  <Placemark>
    <name>Route Silay to Jordan</name>
    <description>Assigned Demand Flow: 2609</description>
    <styleUrl>#lineStyle</styleUrl>
    <LineString>
      <tessellate>1</tessellate>
      <coordinates>
        122.97,10.8,0
        122.6,10.6,0
      </coordinates>
    </LineString>
  </Placemark>
  <Placemark>
    <name>Route Bamban to Magalang</name>
    <description>Assigned Demand Flow: 2583</description>
    <styleUrl>#lineStyle</styleUrl>
    <LineString>
      <tessellate>1</tessellate>
      <coordinates>
        120.567,15.2742,0
        120.67,15.22,0
      </coordinates>
    </LineString>
  </Placemark>
  <Placemark>
    <name>Route Guagua to San Fernando</name>
    <description>Assigned Demand Flow: 2577</description>
    <styleUrl>#lineStyle</styleUrl>
    <LineString>
      <tessellate>1</tessellate>
      <coordinates>
        120.63,14.97,0
        120.68,15.03,0
      </coordinates>
    </LineString>
  </Placemark>
  <Placemark>
    <name>Route Santo Tomas to Tagum</name>
    <description>Assigned Demand Flow: 2563</description>
    <styleUrl>#lineStyle</styleUrl>
    <LineString>
      <tessellate>1</tessellate>
      <coordinates>
        125.62,7.53,0
        125.808,7.4478,0
      </coordinates>
    </LineString>
  </Placemark>
  <Placemark>
    <name>Route Rosario to San Antonio</name>
    <description>Assigned Demand Flow: 2569</description>
    <styleUrl>#lineStyle</styleUrl>
    <LineString>
      <tessellate>1</tessellate>
      <coordinates>
        121.206,13.846,0
        121.3,13.9,0
      </coordinates>
    </LineString>
  </Placemark>
  <Placemark>
    <name>Route Guimba to Tarlac City</name>
    <description>Assigned Demand Flow: 2547</description>
    <styleUrl>#lineStyle</styleUrl>
    <LineString>
      <tessellate>1</tessellate>
      <coordinates>
        120.765,15.6606,0
        120.59,15.4869,0
      </coordinates>
    </LineString>
  </Placemark>
  <Placemark>
    <name>Route Saidpur to Lingayen</name>
    <description>Assigned Demand Flow: 2541</description>
    <styleUrl>#lineStyle</styleUrl>
    <LineString>
      <tessellate>1</tessellate>
      <coordinates>
        88.9,25.7833,0
        120.233,16.0167,0
      </coordinates>
    </LineString>
  </Placemark>
  <Placemark>
    <name>Route Santa Cruz to San Juan</name>
    <description>Assigned Demand Flow: 2528</description>
    <styleUrl>#lineStyle</styleUrl>
    <LineString>
      <tessellate>1</tessellate>
      <coordinates>
        120.98,14.5998,0
        121.03,14.604,0
      </coordinates>
    </LineString>
  </Placemark>
  <Placemark>
    <name>Route Santa Cruz to Tiaong</name>
    <description>Assigned Demand Flow: 2477</description>
    <styleUrl>#lineStyle</styleUrl>
    <LineString>
      <tessellate>1</tessellate>
      <coordinates>
        121.42,14.28,0
        121.32,13.95,0
      </coordinates>
    </LineString>
  </Placemark>
  <Placemark>
    <name>Route Gapan to Magalang</name>
    <description>Assigned Demand Flow: 2462</description>
    <styleUrl>#lineStyle</styleUrl>
    <LineString>
      <tessellate>1</tessellate>
      <coordinates>
        120.949,15.3122,0
        120.67,15.22,0
      </coordinates>
    </LineString>
  </Placemark>
  <Placemark>
    <name>Route Bayawan to Dumaguete City</name>
    <description>Assigned Demand Flow: 2457</description>
    <styleUrl>#lineStyle</styleUrl>
    <LineString>
      <tessellate>1</tessellate>
      <coordinates>
        122.8,9.37,0
        123.308,9.3103,0
      </coordinates>
    </LineString>
  </Placemark>
  <Placemark>
    <name>Route Farīdpur to Lingayen</name>
    <description>Assigned Demand Flow: 2424</description>
    <styleUrl>#lineStyle</styleUrl>
    <LineString>
      <tessellate>1</tessellate>
      <coordinates>
        89.8353,23.5986,0
        120.233,16.0167,0
      </coordinates>
    </LineString>
  </Placemark>
  <Placemark>
    <name>Route Tabuk to Ilagan</name>
    <description>Assigned Demand Flow: 2413</description>
    <styleUrl>#lineStyle</styleUrl>
    <LineString>
      <tessellate>1</tessellate>
      <coordinates>
        121.442,17.4069,0
        121.889,17.1489,0
      </coordinates>
    </LineString>
  </Placemark>
  <Placemark>
    <name>Route Poblacion to Makati City</name>
    <description>Assigned Demand Flow: 2408</description>
    <styleUrl>#lineStyle</styleUrl>
    <LineString>
      <tessellate>1</tessellate>
      <coordinates>
        121.029,14.3854,0
        121.021,14.5567,0
      </coordinates>
    </LineString>
  </Placemark>
  <Placemark>
    <name>Route Fulgāzi to Lingayen</name>
    <description>Assigned Demand Flow: 2389</description>
    <styleUrl>#lineStyle</styleUrl>
    <LineString>
      <tessellate>1</tessellate>
      <coordinates>
        91.4409,23.1461,0
        120.233,16.0167,0
      </coordinates>
    </LineString>
  </Placemark>
  <Placemark>
    <name>Route Candaba to San Fernando</name>
    <description>Assigned Demand Flow: 621.759</description>
    <styleUrl>#lineStyle</styleUrl>
    <LineString>
      <tessellate>1</tessellate>
      <coordinates>
        120.828,15.0933,0
        120.68,15.03,0
      </coordinates>
    </LineString>
  </Placemark>
  <Placemark>
    <name>Route Candaba to Magalang</name>
    <description>Assigned Demand Flow: 1765.24</description>
    <styleUrl>#lineStyle</styleUrl>
    <LineString>
      <tessellate>1</tessellate>
      <coordinates>
        120.828,15.0933,0
        120.67,15.22,0
      </coordinates>
    </LineString>
  </Placemark>
  <Placemark>
    <name>Route Calumpit to Malolos</name>
    <description>Assigned Demand Flow: 2359</description>
    <styleUrl>#lineStyle</styleUrl>
    <LineString>
      <tessellate>1</tessellate>
      <coordinates>
        120.77,14.92,0
        120.811,14.8436,0
      </coordinates>
    </LineString>
  </Placemark>
  <Placemark>
    <name>Route Dinalupihan to Balanga</name>
    <description>Assigned Demand Flow: 2361</description>
    <styleUrl>#lineStyle</styleUrl>
    <LineString>
      <tessellate>1</tessellate>
      <coordinates>
        120.47,14.88,0
        120.53,14.68,0
      </coordinates>
    </LineString>
  </Placemark>
  <Placemark>
    <name>Route Ligao to Legazpi City</name>
    <description>Assigned Demand Flow: 2362</description>
    <styleUrl>#lineStyle</styleUrl>
    <LineString>
      <tessellate>1</tessellate>
      <coordinates>
        123.52,13.22,0
        123.73,13.13,0
      </coordinates>
    </LineString>
  </Placemark>
  <Placemark>
    <name>Route Midsayap to Cotabato</name>
    <description>Assigned Demand Flow: 2350</description>
    <styleUrl>#lineStyle</styleUrl>
    <LineString>
      <tessellate>1</tessellate>
      <coordinates>
        124.53,7.19,0
        124.25,7.22,0
      </coordinates>
    </LineString>
  </Placemark>
  <Placemark>
    <name>Route Apalit to Malolos</name>
    <description>Assigned Demand Flow: 2336</description>
    <styleUrl>#lineStyle</styleUrl>
    <LineString>
      <tessellate>1</tessellate>
      <coordinates>
        120.759,14.9496,0
        120.811,14.8436,0
      </coordinates>
    </LineString>
  </Placemark>
  <Placemark>
    <name>Route Samal to Davao</name>
    <description>Assigned Demand Flow: 2345</description>
    <styleUrl>#lineStyle</styleUrl>
    <LineString>
      <tessellate>1</tessellate>
      <coordinates>
        125.73,7.05,0
        125.6,7.07,0
      </coordinates>
    </LineString>
  </Placemark>
  <Placemark>
    <name>Route Himamaylan to Alcantara</name>
    <description>Assigned Demand Flow: 2320</description>
    <styleUrl>#lineStyle</styleUrl>
    <LineString>
      <tessellate>1</tessellate>
      <coordinates>
        122.87,10.1,0
        123.405,9.9715,0
      </coordinates>
    </LineString>
  </Placemark>
  <Placemark>
    <name>Route San Ildefonso to Angeles City</name>
    <description>Assigned Demand Flow: 1484.95</description>
    <styleUrl>#lineStyle</styleUrl>
    <LineString>
      <tessellate>1</tessellate>
      <coordinates>
        120.942,15.0789,0
        120.585,15.1472,0
      </coordinates>
    </LineString>
  </Placemark>
  <Placemark>
    <name>Route San Ildefonso to Malolos</name>
    <description>Assigned Demand Flow: 556.694</description>
    <styleUrl>#lineStyle</styleUrl>
    <LineString>
      <tessellate>1</tessellate>
      <coordinates>
        120.942,15.0789,0
        120.811,14.8436,0
      </coordinates>
    </LineString>
  </Placemark>
  <Placemark>
    <name>Route San Ildefonso to Magalang</name>
    <description>Assigned Demand Flow: 263.357</description>
    <styleUrl>#lineStyle</styleUrl>
    <LineString>
      <tessellate>1</tessellate>
      <coordinates>
        120.942,15.0789,0
        120.67,15.22,0
      </coordinates>
    </LineString>
  </Placemark>
  <Placemark>
    <name>Route Los Baños to Tiaong</name>
    <description>Assigned Demand Flow: 2300</description>
    <styleUrl>#lineStyle</styleUrl>
    <LineString>
      <tessellate>1</tessellate>
      <coordinates>
        121.22,14.17,0
        121.32,13.95,0
      </coordinates>
    </LineString>
  </Placemark>
  <Placemark>
    <name>Route Iriga City to Naga City</name>
    <description>Assigned Demand Flow: 2292</description>
    <styleUrl>#lineStyle</styleUrl>
    <LineString>
      <tessellate>1</tessellate>
      <coordinates>
        123.412,13.4231,0
        123.186,13.6244,0
      </coordinates>
    </LineString>
  </Placemark>
  <Placemark>
    <name>Route Plaridel to Navotas</name>
    <description>Assigned Demand Flow: 2293</description>
    <styleUrl>#lineStyle</styleUrl>
    <LineString>
      <tessellate>1</tessellate>
      <coordinates>
        120.857,14.8869,0
        120.942,14.6667,0
      </coordinates>
    </LineString>
  </Placemark>
  <Placemark>
    <name>Route Guiguinto to Navotas</name>
    <description>Assigned Demand Flow: 2272</description>
    <styleUrl>#lineStyle</styleUrl>
    <LineString>
      <tessellate>1</tessellate>
      <coordinates>
        120.88,14.83,0
        120.942,14.6667,0
      </coordinates>
    </LineString>
  </Placemark>
  <Placemark>
    <name>Route Sātkhira to Iba</name>
    <description>Assigned Demand Flow: 2269</description>
    <styleUrl>#lineStyle</styleUrl>
    <LineString>
      <tessellate>1</tessellate>
      <coordinates>
        89.0718,22.7082,0
        119.98,15.33,0
      </coordinates>
    </LineString>
  </Placemark>
  <Placemark>
    <name>Route Manolo Fortich to Cagayan de Oro</name>
    <description>Assigned Demand Flow: 2258</description>
    <styleUrl>#lineStyle</styleUrl>
    <LineString>
      <tessellate>1</tessellate>
      <coordinates>
        124.866,8.3675,0
        124.65,8.48,0
      </coordinates>
    </LineString>
  </Placemark>
  <Placemark>
    <name>Route Mangaldan to Dagupan City</name>
    <description>Assigned Demand Flow: 2273</description>
    <styleUrl>#lineStyle</styleUrl>
    <LineString>
      <tessellate>1</tessellate>
      <coordinates>
        120.404,16.07,0
        120.334,16.043,0
      </coordinates>
    </LineString>
  </Placemark>
  <Placemark>
    <name>Route Libmanan to Naga City</name>
    <description>Assigned Demand Flow: 2249</description>
    <styleUrl>#lineStyle</styleUrl>
    <LineString>
      <tessellate>1</tessellate>
      <coordinates>
        123.06,13.6964,0
        123.186,13.6244,0
      </coordinates>
    </LineString>
  </Placemark>
  <Placemark>
    <name>Route Tayabas to Lucena</name>
    <description>Assigned Demand Flow: 2260</description>
    <styleUrl>#lineStyle</styleUrl>
    <LineString>
      <tessellate>1</tessellate>
      <coordinates>
        121.58,14.02,0
        121.62,13.93,0
      </coordinates>
    </LineString>
  </Placemark>
  <Placemark>
    <name>Route Subic to Balanga</name>
    <description>Assigned Demand Flow: 2237</description>
    <styleUrl>#lineStyle</styleUrl>
    <LineString>
      <tessellate>1</tessellate>
      <coordinates>
        120.233,14.8769,0
        120.53,14.68,0
      </coordinates>
    </LineString>
  </Placemark>
  <Placemark>
    <name>Route Baybay to Ormoc</name>
    <description>Assigned Demand Flow: 2226</description>
    <styleUrl>#lineStyle</styleUrl>
    <LineString>
      <tessellate>1</tessellate>
      <coordinates>
        124.8,10.68,0
        124.608,11.0106,0
      </coordinates>
    </LineString>
  </Placemark>
  <Placemark>
    <name>Route Santamesa to San Juan</name>
    <description>Assigned Demand Flow: 2223</description>
    <styleUrl>#lineStyle</styleUrl>
    <LineString>
      <tessellate>1</tessellate>
      <coordinates>
        121.017,14.6,0
        121.03,14.604,0
      </coordinates>
    </LineString>
  </Placemark>
  <Placemark>
    <name>Route Rosario to Makati City</name>
    <description>Assigned Demand Flow: 2217</description>
    <styleUrl>#lineStyle</styleUrl>
    <LineString>
      <tessellate>1</tessellate>
      <coordinates>
        120.85,14.42,0
        121.021,14.5567,0
      </coordinates>
    </LineString>
  </Placemark>
  <Placemark>
    <name>Route Quezon to Malaybalay</name>
    <description>Assigned Demand Flow: 2190</description>
    <styleUrl>#lineStyle</styleUrl>
    <LineString>
      <tessellate>1</tessellate>
      <coordinates>
        125.1,7.7306,0
        125.133,8.1564,0
      </coordinates>
    </LineString>
  </Placemark>
  <Placemark>
    <name>Route Naujan to Calapan</name>
    <description>Assigned Demand Flow: 2193</description>
    <styleUrl>#lineStyle</styleUrl>
    <LineString>
      <tessellate>1</tessellate>
      <coordinates>
        121.303,13.3233,0
        121.18,13.414,0
      </coordinates>
    </LineString>
  </Placemark>
  <Placemark>
    <name>Route Glan to Alabel</name>
    <description>Assigned Demand Flow: 2186</description>
    <styleUrl>#lineStyle</styleUrl>
    <LineString>
      <tessellate>1</tessellate>
      <coordinates>
        125.2,5.82,0
        125.287,6.1023,0
      </coordinates>
    </LineString>
  </Placemark>
  <Placemark>
    <name>Route Bayugan to Butuan</name>
    <description>Assigned Demand Flow: 2179</description>
    <styleUrl>#lineStyle</styleUrl>
    <LineString>
      <tessellate>1</tessellate>
      <coordinates>
        125.75,8.71,0
        125.543,8.948,0
      </coordinates>
    </LineString>
  </Placemark>
  <Placemark>
    <name>Route Tacurong to President Quirino</name>
    <description>Assigned Demand Flow: 2179</description>
    <styleUrl>#lineStyle</styleUrl>
    <LineString>
      <tessellate>1</tessellate>
      <coordinates>
        124.67,6.68,0
        124.73,6.7,0
      </coordinates>
    </LineString>
  </Placemark>
  <Placemark>
    <name>Route Labo to Daet</name>
    <description>Assigned Demand Flow: 2182</description>
    <styleUrl>#lineStyle</styleUrl>
    <LineString>
      <tessellate>1</tessellate>
      <coordinates>
        122.829,14.1561,0
        122.956,14.1142,0
      </coordinates>
    </LineString>
  </Placemark>
  <Placemark>
    <name>Route Talisay to Jordan</name>
    <description>Assigned Demand Flow: 2170</description>
    <styleUrl>#lineStyle</styleUrl>
    <LineString>
      <tessellate>1</tessellate>
      <coordinates>
        122.97,10.73,0
        122.6,10.6,0
      </coordinates>
    </LineString>
  </Placemark>
  <Placemark>
    <name>Route Pulilan to Navotas</name>
    <description>Assigned Demand Flow: 2183</description>
    <styleUrl>#lineStyle</styleUrl>
    <LineString>
      <tessellate>1</tessellate>
      <coordinates>
        120.849,14.902,0
        120.942,14.6667,0
      </coordinates>
    </LineString>
  </Placemark>
  <Placemark>
    <name>Route Cawayan to Jordan</name>
    <description>Assigned Demand Flow: 2174</description>
    <styleUrl>#lineStyle</styleUrl>
    <LineString>
      <tessellate>1</tessellate>
      <coordinates>
        122.62,9.97,0
        122.6,10.6,0
      </coordinates>
    </LineString>
  </Placemark>
  <Placemark>
    <name>Route Maramag to Malaybalay</name>
    <description>Assigned Demand Flow: 2165</description>
    <styleUrl>#lineStyle</styleUrl>
    <LineString>
      <tessellate>1</tessellate>
      <coordinates>
        125.005,7.7631,0
        125.133,8.1564,0
      </coordinates>
    </LineString>
  </Placemark>
  <Placemark>
    <name>Route Kawit to Makati City</name>
    <description>Assigned Demand Flow: 2157</description>
    <styleUrl>#lineStyle</styleUrl>
    <LineString>
      <tessellate>1</tessellate>
      <coordinates>
        120.9,14.43,0
        121.021,14.5567,0
      </coordinates>
    </LineString>
  </Placemark>
  <Placemark>
    <name>Route Bagong Silangan to Marikina City</name>
    <description>Assigned Demand Flow: 2128</description>
    <styleUrl>#lineStyle</styleUrl>
    <LineString>
      <tessellate>1</tessellate>
      <coordinates>
        121.1,14.7094,0
        121.1,14.65,0
      </coordinates>
    </LineString>
  </Placemark>
  <Placemark>
    <name>Route Carmona to Makati City</name>
    <description>Assigned Demand Flow: 2116</description>
    <styleUrl>#lineStyle</styleUrl>
    <LineString>
      <tessellate>1</tessellate>
      <coordinates>
        121.05,14.32,0
        121.021,14.5567,0
      </coordinates>
    </LineString>
  </Placemark>
  <Placemark>
    <name>Route Maluñgun to Alabel</name>
    <description>Assigned Demand Flow: 2108</description>
    <styleUrl>#lineStyle</styleUrl>
    <LineString>
      <tessellate>1</tessellate>
      <coordinates>
        125.28,6.27,0
        125.287,6.1023,0
      </coordinates>
    </LineString>
  </Placemark>
  <Placemark>
    <name>Route Bulan to Legazpi City</name>
    <description>Assigned Demand Flow: 2097</description>
    <styleUrl>#lineStyle</styleUrl>
    <LineString>
      <tessellate>1</tessellate>
      <coordinates>
        123.876,12.6697,0
        123.73,13.13,0
      </coordinates>
    </LineString>
  </Placemark>
  <Placemark>
    <name>Route Sultan Kudarat to Cotabato</name>
    <description>Assigned Demand Flow: 2111</description>
    <styleUrl>#lineStyle</styleUrl>
    <LineString>
      <tessellate>1</tessellate>
      <coordinates>
        124.25,7.23,0
        124.25,7.22,0
      </coordinates>
    </LineString>
  </Placemark>
  <Placemark>
    <name>Route Sindangan to Pagadian</name>
    <description>Assigned Demand Flow: 2085</description>
    <styleUrl>#lineStyle</styleUrl>
    <LineString>
      <tessellate>1</tessellate>
      <coordinates>
        122.999,8.2386,0
        123.436,7.8272,0
      </coordinates>
    </LineString>
  </Placemark>
  <Placemark>
    <name>Route San Rafael to Navotas</name>
    <description>Assigned Demand Flow: 2054</description>
    <styleUrl>#lineStyle</styleUrl>
    <LineString>
      <tessellate>1</tessellate>
      <coordinates>
        120.97,14.95,0
        120.942,14.6667,0
      </coordinates>
    </LineString>
  </Placemark>
  <Placemark>
    <name>Route Paniqui to Tarlac City</name>
    <description>Assigned Demand Flow: 2050</description>
    <styleUrl>#lineStyle</styleUrl>
    <LineString>
      <tessellate>1</tessellate>
      <coordinates>
        120.579,15.6681,0
        120.59,15.4869,0
      </coordinates>
    </LineString>
  </Placemark>
  <Placemark>
    <name>Route Parang to Cotabato</name>
    <description>Assigned Demand Flow: 2056</description>
    <styleUrl>#lineStyle</styleUrl>
    <LineString>
      <tessellate>1</tessellate>
      <coordinates>
        124.269,7.3744,0
        124.25,7.22,0
      </coordinates>
    </LineString>
  </Placemark>
  <Placemark>
    <name>Route Guihulñgan to Alcantara</name>
    <description>Assigned Demand Flow: 2062</description>
    <styleUrl>#lineStyle</styleUrl>
    <LineString>
      <tessellate>1</tessellate>
      <coordinates>
        123.27,10.12,0
        123.405,9.9715,0
      </coordinates>
    </LineString>
  </Placemark>
  <Placemark>
    <name>Route Santa Cruz to Davao</name>
    <description>Assigned Demand Flow: 2026</description>
    <styleUrl>#lineStyle</styleUrl>
    <LineString>
      <tessellate>1</tessellate>
      <coordinates>
        125.42,6.83,0
        125.6,7.07,0
      </coordinates>
    </LineString>
  </Placemark>
  <Placemark>
    <name>Route Cavite City to Makati City</name>
    <description>Assigned Demand Flow: 2022</description>
    <styleUrl>#lineStyle</styleUrl>
    <LineString>
      <tessellate>1</tessellate>
      <coordinates>
        120.9,14.48,0
        121.021,14.5567,0
      </coordinates>
    </LineString>
  </Placemark>
  <Placemark>
    <name>Route Calasiao to Dagupan City</name>
    <description>Assigned Demand Flow: 2001</description>
    <styleUrl>#lineStyle</styleUrl>
    <LineString>
      <tessellate>1</tessellate>
      <coordinates>
        120.37,16.02,0
        120.334,16.043,0
      </coordinates>
    </LineString>
  </Placemark>
  <Placemark>
    <name>Route Lamitan to Ipil</name>
    <description>Assigned Demand Flow: 2004</description>
    <styleUrl>#lineStyle</styleUrl>
    <LineString>
      <tessellate>1</tessellate>
      <coordinates>
        122.13,6.65,0
        122.587,7.7822,0
      </coordinates>
    </LineString>
  </Placemark>
  <Placemark>
    <name>Route Putatan to Makati City</name>
    <description>Assigned Demand Flow: 2003</description>
    <styleUrl>#lineStyle</styleUrl>
    <LineString>
      <tessellate>1</tessellate>
      <coordinates>
        121.036,14.3984,0
        121.021,14.5567,0
      </coordinates>
    </LineString>
  </Placemark>
  <Placemark>
    <name>Route Alaminos to Lingayen</name>
    <description>Assigned Demand Flow: 1994</description>
    <styleUrl>#lineStyle</styleUrl>
    <LineString>
      <tessellate>1</tessellate>
      <coordinates>
        119.981,16.1553,0
        120.233,16.0167,0
      </coordinates>
    </LineString>
  </Placemark>
  <Placemark>
    <name>Route Bislig to Nabunturan</name>
    <description>Assigned Demand Flow: 1994</description>
    <styleUrl>#lineStyle</styleUrl>
    <LineString>
      <tessellate>1</tessellate>
      <coordinates>
        126.316,8.2133,0
        125.966,7.6008,0
      </coordinates>
    </LineString>
  </Placemark>
  <Placemark>
    <name>Route Malate to Makati City</name>
    <description>Assigned Demand Flow: 1992</description>
    <styleUrl>#lineStyle</styleUrl>
    <LineString>
      <tessellate>1</tessellate>
      <coordinates>
        120.991,14.5642,0
        121.021,14.5567,0
      </coordinates>
    </LineString>
  </Placemark>
  <Placemark>
    <name>Route Pili to Naga City</name>
    <description>Assigned Demand Flow: 1977</description>
    <styleUrl>#lineStyle</styleUrl>
    <LineString>
      <tessellate>1</tessellate>
      <coordinates>
        123.275,13.5542,0
        123.186,13.6244,0
      </coordinates>
    </LineString>
  </Placemark>
  <Placemark>
    <name>Route Oton to Jordan</name>
    <description>Assigned Demand Flow: 1969</description>
    <styleUrl>#lineStyle</styleUrl>
    <LineString>
      <tessellate>1</tessellate>
      <coordinates>
        122.474,10.6931,0
        122.6,10.6,0
      </coordinates>
    </LineString>
  </Placemark>
  <Placemark>
    <name>Route M’lang to Kidapawan</name>
    <description>Assigned Demand Flow: 1957</description>
    <styleUrl>#lineStyle</styleUrl>
    <LineString>
      <tessellate>1</tessellate>
      <coordinates>
        124.88,6.95,0
        125.089,7.0083,0
      </coordinates>
    </LineString>
  </Placemark>
  <Placemark>
    <name>Route Escalante to Mandaue City</name>
    <description>Assigned Demand Flow: 1928</description>
    <styleUrl>#lineStyle</styleUrl>
    <LineString>
      <tessellate>1</tessellate>
      <coordinates>
        123.5,10.83,0
        123.93,10.33,0
      </coordinates>
    </LineString>
  </Placemark>
  <Placemark>
    <name>Route Balayan to Batangas</name>
    <description>Assigned Demand Flow: 1922</description>
    <styleUrl>#lineStyle</styleUrl>
    <LineString>
      <tessellate>1</tessellate>
      <coordinates>
        120.73,13.93,0
        121,13.83,0
      </coordinates>
    </LineString>
  </Placemark>
  <Placemark>
    <name>Route Balamban to Lapu-Lapu City</name>
    <description>Assigned Demand Flow: 1140.15</description>
    <styleUrl>#lineStyle</styleUrl>
    <LineString>
      <tessellate>1</tessellate>
      <coordinates>
        123.78,10.47,0
        123.949,10.3127,0
      </coordinates>
    </LineString>
  </Placemark>
  <Placemark>
    <name>Route Balamban to Mandaue City</name>
    <description>Assigned Demand Flow: 754.848</description>
    <styleUrl>#lineStyle</styleUrl>
    <LineString>
      <tessellate>1</tessellate>
      <coordinates>
        123.78,10.47,0
        123.93,10.33,0
      </coordinates>
    </LineString>
  </Placemark>
  <Placemark>
    <name>Route Lopez to Perez</name>
    <description>Assigned Demand Flow: 1901</description>
    <styleUrl>#lineStyle</styleUrl>
    <LineString>
      <tessellate>1</tessellate>
      <coordinates>
        122.26,13.884,0
        121.93,14.18,0
      </coordinates>
    </LineString>
  </Placemark>
  <Placemark>
    <name>Route Gerona to Tarlac City</name>
    <description>Assigned Demand Flow: 1880</description>
    <styleUrl>#lineStyle</styleUrl>
    <LineString>
      <tessellate>1</tessellate>
      <coordinates>
        120.599,15.6069,0
        120.59,15.4869,0
      </coordinates>
    </LineString>
  </Placemark>
  <Placemark>
    <name>Route Daanbantayan to Naval</name>
    <description>Assigned Demand Flow: 1863</description>
    <styleUrl>#lineStyle</styleUrl>
    <LineString>
      <tessellate>1</tessellate>
      <coordinates>
        124,11.25,0
        124.45,11.58,0
      </coordinates>
    </LineString>
  </Placemark>
  <Placemark>
    <name>Route Lemery to Batangas</name>
    <description>Assigned Demand Flow: 1867</description>
    <styleUrl>#lineStyle</styleUrl>
    <LineString>
      <tessellate>1</tessellate>
      <coordinates>
        120.913,13.881,0
        121,13.83,0
      </coordinates>
    </LineString>
  </Placemark>
  <Placemark>
    <name>Route Indanan to Jolo</name>
    <description>Assigned Demand Flow: 1867</description>
    <styleUrl>#lineStyle</styleUrl>
    <LineString>
      <tessellate>1</tessellate>
      <coordinates>
        120.97,6,0
        121,6,0
      </coordinates>
    </LineString>
  </Placemark>
  <Placemark>
    <name>Route Palimbang to President Quirino</name>
    <description>Assigned Demand Flow: 1857</description>
    <styleUrl>#lineStyle</styleUrl>
    <LineString>
      <tessellate>1</tessellate>
      <coordinates>
        124.2,6.22,0
        124.73,6.7,0
      </coordinates>
    </LineString>
  </Placemark>
  <Placemark>
    <name>Route Sablayan to Calapan</name>
    <description>Assigned Demand Flow: 1851</description>
    <styleUrl>#lineStyle</styleUrl>
    <LineString>
      <tessellate>1</tessellate>
      <coordinates>
        120.775,12.8428,0
        121.18,13.414,0
      </coordinates>
    </LineString>
  </Placemark>
  <Placemark>
    <name>Route Santa Barbara to Dagupan City</name>
    <description>Assigned Demand Flow: 213.094</description>
    <styleUrl>#lineStyle</styleUrl>
    <LineString>
      <tessellate>1</tessellate>
      <coordinates>
        120.401,16.0031,0
        120.334,16.043,0
      </coordinates>
    </LineString>
  </Placemark>
  <Placemark>
    <name>Route Santa Barbara to Lingayen</name>
    <description>Assigned Demand Flow: 1633.91</description>
    <styleUrl>#lineStyle</styleUrl>
    <LineString>
      <tessellate>1</tessellate>
      <coordinates>
        120.401,16.0031,0
        120.233,16.0167,0
      </coordinates>
    </LineString>
  </Placemark>
  <Placemark>
    <name>Route Netrakona to Lingayen</name>
    <description>Assigned Demand Flow: 1840</description>
    <styleUrl>#lineStyle</styleUrl>
    <LineString>
      <tessellate>1</tessellate>
      <coordinates>
        90.729,24.8835,0
        120.233,16.0167,0
      </coordinates>
    </LineString>
  </Placemark>
  <Placemark>
    <name>Route Goalundo Ghāt to Lingayen</name>
    <description>Assigned Demand Flow: 1843</description>
    <styleUrl>#lineStyle</styleUrl>
    <LineString>
      <tessellate>1</tessellate>
      <coordinates>
        89.765,23.7241,0
        120.233,16.0167,0
      </coordinates>
    </LineString>
  </Placemark>
  <Placemark>
    <name>Route Salaman to Poblacion</name>
    <description>Assigned Demand Flow: 1834</description>
    <styleUrl>#lineStyle</styleUrl>
    <LineString>
      <tessellate>1</tessellate>
      <coordinates>
        124.067,6.6333,0
        124.63,6.8,0
      </coordinates>
    </LineString>
  </Placemark>
  <Placemark>
    <name>Route Bauan to Batangas</name>
    <description>Assigned Demand Flow: 1815</description>
    <styleUrl>#lineStyle</styleUrl>
    <LineString>
      <tessellate>1</tessellate>
      <coordinates>
        121.008,13.7917,0
        121,13.83,0
      </coordinates>
    </LineString>
  </Placemark>
  <Placemark>
    <name>Route Pantukan to Davao</name>
    <description>Assigned Demand Flow: 1818</description>
    <styleUrl>#lineStyle</styleUrl>
    <LineString>
      <tessellate>1</tessellate>
      <coordinates>
        125.897,7.1269,0
        125.6,7.07,0
      </coordinates>
    </LineString>
  </Placemark>
  <Placemark>
    <name>Route Pongotan to Davao</name>
    <description>Assigned Demand Flow: 1806</description>
    <styleUrl>#lineStyle</styleUrl>
    <LineString>
      <tessellate>1</tessellate>
      <coordinates>
        125.897,7.1269,0
        125.6,7.07,0
      </coordinates>
    </LineString>
  </Placemark>
  <Placemark>
    <name>Route Pinamalayan to Calapan</name>
    <description>Assigned Demand Flow: 1806</description>
    <styleUrl>#lineStyle</styleUrl>
    <LineString>
      <tessellate>1</tessellate>
      <coordinates>
        121.489,13.0364,0
        121.18,13.414,0
      </coordinates>
    </LineString>
  </Placemark>
  <Placemark>
    <name>Route Victorias to Panay</name>
    <description>Assigned Demand Flow: 1414.48</description>
    <styleUrl>#lineStyle</styleUrl>
    <LineString>
      <tessellate>1</tessellate>
      <coordinates>
        123.08,10.9,0
        122.793,11.5553,0
      </coordinates>
    </LineString>
  </Placemark>
  <Placemark>
    <name>Route Victorias to Jordan</name>
    <description>Assigned Demand Flow: 396.518</description>
    <styleUrl>#lineStyle</styleUrl>
    <LineString>
      <tessellate>1</tessellate>
      <coordinates>
        123.08,10.9,0
        122.6,10.6,0
      </coordinates>
    </LineString>
  </Placemark>
  <Placemark>
    <name>Route Compostela to Nabunturan</name>
    <description>Assigned Demand Flow: 1805</description>
    <styleUrl>#lineStyle</styleUrl>
    <LineString>
      <tessellate>1</tessellate>
      <coordinates>
        126.08,7.67,0
        125.966,7.6008,0
      </coordinates>
    </LineString>
  </Placemark>
  <Placemark>
    <name>Route Surallah to President Quirino</name>
    <description>Assigned Demand Flow: 1776</description>
    <styleUrl>#lineStyle</styleUrl>
    <LineString>
      <tessellate>1</tessellate>
      <coordinates>
        124.73,6.37,0
        124.73,6.7,0
      </coordinates>
    </LineString>
  </Placemark>
  <Placemark>
    <name>Route Polangui to Legazpi City</name>
    <description>Assigned Demand Flow: 1790</description>
    <styleUrl>#lineStyle</styleUrl>
    <LineString>
      <tessellate>1</tessellate>
      <coordinates>
        123.486,13.2922,0
        123.73,13.13,0
      </coordinates>
    </LineString>
  </Placemark>
  <Placemark>
    <name>Route Banga to President Quirino</name>
    <description>Assigned Demand Flow: 1791</description>
    <styleUrl>#lineStyle</styleUrl>
    <LineString>
      <tessellate>1</tessellate>
      <coordinates>
        124.78,6.3,0
        124.73,6.7,0
      </coordinates>
    </LineString>
  </Placemark>
  <Placemark>
    <name>Route Hinigaran to Alcantara</name>
    <description>Assigned Demand Flow: 1779</description>
    <styleUrl>#lineStyle</styleUrl>
    <LineString>
      <tessellate>1</tessellate>
      <coordinates>
        122.85,10.27,0
        123.405,9.9715,0
      </coordinates>
    </LineString>
  </Placemark>
  <Placemark>
    <name>Route Calabanga to Naga City</name>
    <description>Assigned Demand Flow: 1781</description>
    <styleUrl>#lineStyle</styleUrl>
    <LineString>
      <tessellate>1</tessellate>
      <coordinates>
        123.216,13.7089,0
        123.186,13.6244,0
      </coordinates>
    </LineString>
  </Placemark>
  <Placemark>
    <name>Route Passi to Panay</name>
    <description>Assigned Demand Flow: 1781</description>
    <styleUrl>#lineStyle</styleUrl>
    <LineString>
      <tessellate>1</tessellate>
      <coordinates>
        122.63,11.1,0
        122.793,11.5553,0
      </coordinates>
    </LineString>
  </Placemark>
  <Placemark>
    <name>Route Murcia to Badian</name>
    <description>Assigned Demand Flow: 178.654</description>
    <styleUrl>#lineStyle</styleUrl>
    <LineString>
      <tessellate>1</tessellate>
      <coordinates>
        123.03,10.6,0
        123.396,9.8694,0
      </coordinates>
    </LineString>
  </Placemark>
  <Placemark>
    <name>Route Murcia to Alcantara</name>
    <description>Assigned Demand Flow: 1597.35</description>
    <styleUrl>#lineStyle</styleUrl>
    <LineString>
      <tessellate>1</tessellate>
      <coordinates>
        123.03,10.6,0
        123.405,9.9715,0
      </coordinates>
    </LineString>
  </Placemark>
  <Placemark>
    <name>Route Bogo to Ormoc</name>
    <description>Assigned Demand Flow: 1776</description>
    <styleUrl>#lineStyle</styleUrl>
    <LineString>
      <tessellate>1</tessellate>
      <coordinates>
        124,11.02,0
        124.608,11.0106,0
      </coordinates>
    </LineString>
  </Placemark>
  <Placemark>
    <name>Route Solana to Ilagan</name>
    <description>Assigned Demand Flow: 1776</description>
    <styleUrl>#lineStyle</styleUrl>
    <LineString>
      <tessellate>1</tessellate>
      <coordinates>
        121.691,17.6522,0
        121.889,17.1489,0
      </coordinates>
    </LineString>
  </Placemark>
  <Placemark>
    <name>Route Echague to Santiago</name>
    <description>Assigned Demand Flow: 1777</description>
    <styleUrl>#lineStyle</styleUrl>
    <LineString>
      <tessellate>1</tessellate>
      <coordinates>
        121.676,16.7056,0
        121.55,16.68,0
      </coordinates>
    </LineString>
  </Placemark>
  <Placemark>
    <name>Route Aroroy to Masbate</name>
    <description>Assigned Demand Flow: 1769</description>
    <styleUrl>#lineStyle</styleUrl>
    <LineString>
      <tessellate>1</tessellate>
      <coordinates>
        123.399,12.5125,0
        123.58,12.27,0
      </coordinates>
    </LineString>
  </Placemark>
  <Placemark>
    <name>Route Makilala to Kidapawan</name>
    <description>Assigned Demand Flow: 1758</description>
    <styleUrl>#lineStyle</styleUrl>
    <LineString>
      <tessellate>1</tessellate>
      <coordinates>
        125.08,6.97,0
        125.089,7.0083,0
      </coordinates>
    </LineString>
  </Placemark>
  <Placemark>
    <name>Route Baggao to Kabugao</name>
    <description>Assigned Demand Flow: 1757</description>
    <styleUrl>#lineStyle</styleUrl>
    <LineString>
      <tessellate>1</tessellate>
      <coordinates>
        121.773,17.9347,0
        121.183,18.0239,0
      </coordinates>
    </LineString>
  </Placemark>
  <Placemark>
    <name>Route Calauan to Tiaong</name>
    <description>Assigned Demand Flow: 1756</description>
    <styleUrl>#lineStyle</styleUrl>
    <LineString>
      <tessellate>1</tessellate>
      <coordinates>
        121.32,14.15,0
        121.32,13.95,0
      </coordinates>
    </LineString>
  </Placemark>
  <Placemark>
    <name>Route Baras to Antipolo</name>
    <description>Assigned Demand Flow: 1749</description>
    <styleUrl>#lineStyle</styleUrl>
    <LineString>
      <tessellate>1</tessellate>
      <coordinates>
        121.27,14.52,0
        121.176,14.5842,0
      </coordinates>
    </LineString>
  </Placemark>
  <Placemark>
    <name>Route Western Bicutan to Pasig City</name>
    <description>Assigned Demand Flow: 1163.32</description>
    <styleUrl>#lineStyle</styleUrl>
    <LineString>
      <tessellate>1</tessellate>
      <coordinates>
        121.038,14.5094,0
        121.076,14.5605,0
      </coordinates>
    </LineString>
  </Placemark>
  <Placemark>
    <name>Route Western Bicutan to Makati City</name>
    <description>Assigned Demand Flow: 587.681</description>
    <styleUrl>#lineStyle</styleUrl>
    <LineString>
      <tessellate>1</tessellate>
      <coordinates>
        121.038,14.5094,0
        121.021,14.5567,0
      </coordinates>
    </LineString>
  </Placemark>
  <Placemark>
    <name>Route San Fabian to Lingayen</name>
    <description>Assigned Demand Flow: 1754</description>
    <styleUrl>#lineStyle</styleUrl>
    <LineString>
      <tessellate>1</tessellate>
      <coordinates>
        120.45,16.15,0
        120.233,16.0167,0
      </coordinates>
    </LineString>
  </Placemark>
  <Placemark>
    <name>Route Calaca to Batangas</name>
    <description>Assigned Demand Flow: 1756</description>
    <styleUrl>#lineStyle</styleUrl>
    <LineString>
      <tessellate>1</tessellate>
      <coordinates>
        120.813,13.93,0
        121,13.83,0
      </coordinates>
    </LineString>
  </Placemark>
  <Placemark>
    <name>Route Camiling to Tarlac City</name>
    <description>Assigned Demand Flow: 1739</description>
    <styleUrl>#lineStyle</styleUrl>
    <LineString>
      <tessellate>1</tessellate>
      <coordinates>
        120.413,15.6867,0
        120.59,15.4869,0
      </coordinates>
    </LineString>
  </Placemark>
  <Placemark>
    <name>Route Bhola to Iba</name>
    <description>Assigned Demand Flow: 1740</description>
    <styleUrl>#lineStyle</styleUrl>
    <LineString>
      <tessellate>1</tessellate>
      <coordinates>
        90.65,22.6833,0
        119.98,15.33,0
      </coordinates>
    </LineString>
  </Placemark>
  <Placemark>
    <name>Route Binmaley to Lingayen</name>
    <description>Assigned Demand Flow: 1734</description>
    <styleUrl>#lineStyle</styleUrl>
    <LineString>
      <tessellate>1</tessellate>
      <coordinates>
        120.269,16.0323,0
        120.233,16.0167,0
      </coordinates>
    </LineString>
  </Placemark>
  <Placemark>
    <name>Route Nabua to Naga City</name>
    <description>Assigned Demand Flow: 1736</description>
    <styleUrl>#lineStyle</styleUrl>
    <LineString>
      <tessellate>1</tessellate>
      <coordinates>
        123.375,13.4083,0
        123.186,13.6244,0
      </coordinates>
    </LineString>
  </Placemark>
  <Placemark>
    <name>Route Bantayan to Naval</name>
    <description>Assigned Demand Flow: 1731</description>
    <styleUrl>#lineStyle</styleUrl>
    <LineString>
      <tessellate>1</tessellate>
      <coordinates>
        123.73,11.2,0
        124.45,11.58,0
      </coordinates>
    </LineString>
  </Placemark>
  <Placemark>
    <name>Route Cabiao to Angeles City</name>
    <description>Assigned Demand Flow: 1711</description>
    <styleUrl>#lineStyle</styleUrl>
    <LineString>
      <tessellate>1</tessellate>
      <coordinates>
        120.858,15.2522,0
        120.585,15.1472,0
      </coordinates>
    </LineString>
  </Placemark>
  <Placemark>
    <name>Route Guinobatan to Legazpi City</name>
    <description>Assigned Demand Flow: 1719</description>
    <styleUrl>#lineStyle</styleUrl>
    <LineString>
      <tessellate>1</tessellate>
      <coordinates>
        123.6,13.18,0
        123.73,13.13,0
      </coordinates>
    </LineString>
  </Placemark>
  <Placemark>
    <name>Route Batarasa to Puerto Princesa</name>
    <description>Assigned Demand Flow: 1703</description>
    <styleUrl>#lineStyle</styleUrl>
    <LineString>
      <tessellate>1</tessellate>
      <coordinates>
        117.62,8.67,0
        118.75,9.75,0
      </coordinates>
    </LineString>
  </Placemark>
  <Placemark>
    <name>Route Tagaytay to Batangas</name>
    <description>Assigned Demand Flow: 1713</description>
    <styleUrl>#lineStyle</styleUrl>
    <LineString>
      <tessellate>1</tessellate>
      <coordinates>
        120.93,14.1,0
        121,13.83,0
      </coordinates>
    </LineString>
  </Placemark>
  <Placemark>
    <name>Route Dapitan to Oroquieta</name>
    <description>Assigned Demand Flow: 1707</description>
    <styleUrl>#lineStyle</styleUrl>
    <LineString>
      <tessellate>1</tessellate>
      <coordinates>
        123.424,8.6549,0
        123.8,8.48,0
      </coordinates>
    </LineString>
  </Placemark>
  <Placemark>
    <name>Route Pandacan to San Juan</name>
    <description>Assigned Demand Flow: 1699</description>
    <styleUrl>#lineStyle</styleUrl>
    <LineString>
      <tessellate>1</tessellate>
      <coordinates>
        121.007,14.594,0
        121.03,14.604,0
      </coordinates>
    </LineString>
  </Placemark>
  <Placemark>
    <name>Route Bais to Dumaguete City</name>
    <description>Assigned Demand Flow: 1689</description>
    <styleUrl>#lineStyle</styleUrl>
    <LineString>
      <tessellate>1</tessellate>
      <coordinates>
        123.121,9.5907,0
        123.308,9.3103,0
      </coordinates>
    </LineString>
  </Placemark>
  <Placemark>
    <name>Route Science City of Muñoz to Tarlac City</name>
    <description>Assigned Demand Flow: 1684</description>
    <styleUrl>#lineStyle</styleUrl>
    <LineString>
      <tessellate>1</tessellate>
      <coordinates>
        120.904,15.7153,0
        120.59,15.4869,0
      </coordinates>
    </LineString>
  </Placemark>
  <Placemark>
    <name>Route Bolinao to Lingayen</name>
    <description>Assigned Demand Flow: 1681</description>
    <styleUrl>#lineStyle</styleUrl>
    <LineString>
      <tessellate>1</tessellate>
      <coordinates>
        119.895,16.3881,0
        120.233,16.0167,0
      </coordinates>
    </LineString>
  </Placemark>
  <Placemark>
    <name>Route Taytay to Puerto Princesa</name>
    <description>Assigned Demand Flow: 1666</description>
    <styleUrl>#lineStyle</styleUrl>
    <LineString>
      <tessellate>1</tessellate>
      <coordinates>
        119.52,10.82,0
        118.75,9.75,0
      </coordinates>
    </LineString>
  </Placemark>
  <Placemark>
    <name>Route Maco to Tagum</name>
    <description>Assigned Demand Flow: 1657</description>
    <styleUrl>#lineStyle</styleUrl>
    <LineString>
      <tessellate>1</tessellate>
      <coordinates>
        125.855,7.3619,0
        125.808,7.4478,0
      </coordinates>
    </LineString>
  </Placemark>
  <Placemark>
    <name>Route Habiganj to Lingayen</name>
    <description>Assigned Demand Flow: 1654</description>
    <styleUrl>#lineStyle</styleUrl>
    <LineString>
      <tessellate>1</tessellate>
      <coordinates>
        91.413,24.3804,0
        120.233,16.0167,0
      </coordinates>
    </LineString>
  </Placemark>
  <Placemark>
    <name>Route Lakshmīpur to Iba</name>
    <description>Assigned Demand Flow: 1672</description>
    <styleUrl>#lineStyle</styleUrl>
    <LineString>
      <tessellate>1</tessellate>
      <coordinates>
        90.8301,22.9443,0
        119.98,15.33,0
      </coordinates>
    </LineString>
  </Placemark>
  <Placemark>
    <name>Route Siaton to Dumaguete City</name>
    <description>Assigned Demand Flow: 1668</description>
    <styleUrl>#lineStyle</styleUrl>
    <LineString>
      <tessellate>1</tessellate>
      <coordinates>
        123.03,9.07,0
        123.308,9.3103,0
      </coordinates>
    </LineString>
  </Placemark>
  <Placemark>
    <name>Route San Antonio to Angeles City</name>
    <description>Assigned Demand Flow: 1663</description>
    <styleUrl>#lineStyle</styleUrl>
    <LineString>
      <tessellate>1</tessellate>
      <coordinates>
        120.853,15.3078,0
        120.585,15.1472,0
      </coordinates>
    </LineString>
  </Placemark>
  <Placemark>
    <name>Route Mabinay to Badian</name>
    <description>Assigned Demand Flow: 1657</description>
    <styleUrl>#lineStyle</styleUrl>
    <LineString>
      <tessellate>1</tessellate>
      <coordinates>
        122.92,9.73,0
        123.396,9.8694,0
      </coordinates>
    </LineString>
  </Placemark>
  <Placemark>
    <name>Route Tanjay to Dumaguete City</name>
    <description>Assigned Demand Flow: 1655</description>
    <styleUrl>#lineStyle</styleUrl>
    <LineString>
      <tessellate>1</tessellate>
      <coordinates>
        123.16,9.52,0
        123.308,9.3103,0
      </coordinates>
    </LineString>
  </Placemark>
  <Placemark>
    <name>Route Calatrava to Lapu-Lapu City</name>
    <description>Assigned Demand Flow: 1648</description>
    <styleUrl>#lineStyle</styleUrl>
    <LineString>
      <tessellate>1</tessellate>
      <coordinates>
        123.48,10.6,0
        123.949,10.3127,0
      </coordinates>
    </LineString>
  </Placemark>
  <Placemark>
    <name>Route Carmen to Tagum</name>
    <description>Assigned Demand Flow: 1648</description>
    <styleUrl>#lineStyle</styleUrl>
    <LineString>
      <tessellate>1</tessellate>
      <coordinates>
        125.706,7.3606,0
        125.808,7.4478,0
      </coordinates>
    </LineString>
  </Placemark>
  <Placemark>
    <name>Route Ubay to Maasin</name>
    <description>Assigned Demand Flow: 1627</description>
    <styleUrl>#lineStyle</styleUrl>
    <LineString>
      <tessellate>1</tessellate>
      <coordinates>
        124.473,10.056,0
        124.85,10.13,0
      </coordinates>
    </LineString>
  </Placemark>
  <Placemark>
    <name>Route Banco Filipino International Village to Pasig City</name>
    <description>Assigned Demand Flow: 623.521</description>
    <styleUrl>#lineStyle</styleUrl>
    <LineString>
      <tessellate>1</tessellate>
      <coordinates>
        121,14.4499,0
        121.076,14.5605,0
      </coordinates>
    </LineString>
  </Placemark>
  <Placemark>
    <name>Route Banco Filipino International Village to Mandaluyong City</name>
    <description>Assigned Demand Flow: 1020.48</description>
    <styleUrl>#lineStyle</styleUrl>
    <LineString>
      <tessellate>1</tessellate>
      <coordinates>
        121,14.4499,0
        121.03,14.58,0
      </coordinates>
    </LineString>
  </Placemark>
  <Placemark>
    <name>Route Siasi to Jolo</name>
    <description>Assigned Demand Flow: 1633</description>
    <styleUrl>#lineStyle</styleUrl>
    <LineString>
      <tessellate>1</tessellate>
      <coordinates>
        120.814,5.5462,0
        121,6,0
      </coordinates>
    </LineString>
  </Placemark>
  <Placemark>
    <name>Route Matalam to Kidapawan</name>
    <description>Assigned Demand Flow: 1625</description>
    <styleUrl>#lineStyle</styleUrl>
    <LineString>
      <tessellate>1</tessellate>
      <coordinates>
        124.9,7.08,0
        125.089,7.0083,0
      </coordinates>
    </LineString>
  </Placemark>
  <Placemark>
    <name>Route Buhi to Legazpi City</name>
    <description>Assigned Demand Flow: 1624</description>
    <styleUrl>#lineStyle</styleUrl>
    <LineString>
      <tessellate>1</tessellate>
      <coordinates>
        123.517,13.4347,0
        123.73,13.13,0
      </coordinates>
    </LineString>
  </Placemark>
  <Placemark>
    <name>Route Lambunao to Panay</name>
    <description>Assigned Demand Flow: 1617</description>
    <styleUrl>#lineStyle</styleUrl>
    <LineString>
      <tessellate>1</tessellate>
      <coordinates>
        122.48,11.05,0
        122.793,11.5553,0
      </coordinates>
    </LineString>
  </Placemark>
  <Placemark>
    <name>Route Bulacan to Navotas</name>
    <description>Assigned Demand Flow: 1620</description>
    <styleUrl>#lineStyle</styleUrl>
    <LineString>
      <tessellate>1</tessellate>
      <coordinates>
        120.879,14.7928,0
        120.942,14.6667,0
      </coordinates>
    </LineString>
  </Placemark>
  <Placemark>
    <name>Route Kapalong to Tagum</name>
    <description>Assigned Demand Flow: 1622</description>
    <styleUrl>#lineStyle</styleUrl>
    <LineString>
      <tessellate>1</tessellate>
      <coordinates>
        125.705,7.5854,0
        125.808,7.4478,0
      </coordinates>
    </LineString>
  </Placemark>
  <Placemark>
    <name>Route San Francisco to Tandag</name>
    <description>Assigned Demand Flow: 1615</description>
    <styleUrl>#lineStyle</styleUrl>
    <LineString>
      <tessellate>1</tessellate>
      <coordinates>
        125.98,8.51,0
        126.199,9.0789,0
      </coordinates>
    </LineString>
  </Placemark>
  <Placemark>
    <name>Route Malapatan to Alabel</name>
    <description>Assigned Demand Flow: 1615</description>
    <styleUrl>#lineStyle</styleUrl>
    <LineString>
      <tessellate>1</tessellate>
      <coordinates>
        125.28,5.97,0
        125.287,6.1023,0
      </coordinates>
    </LineString>
  </Placemark>
  <Placemark>
    <name>Route Barili to Badian</name>
    <description>Assigned Demand Flow: 1611</description>
    <styleUrl>#lineStyle</styleUrl>
    <LineString>
      <tessellate>1</tessellate>
      <coordinates>
        123.53,10.12,0
        123.396,9.8694,0
      </coordinates>
    </LineString>
  </Placemark>
  <Placemark>
    <name>Route Tagoloan to Cagayan de Oro</name>
    <description>Assigned Demand Flow: 1600</description>
    <styleUrl>#lineStyle</styleUrl>
    <LineString>
      <tessellate>1</tessellate>
      <coordinates>
        124.75,8.53,0
        124.65,8.48,0
      </coordinates>
    </LineString>
  </Placemark>
  <Placemark>
    <name>Route San Jose to Batangas</name>
    <description>Assigned Demand Flow: 1602</description>
    <styleUrl>#lineStyle</styleUrl>
    <LineString>
      <tessellate>1</tessellate>
      <coordinates>
        121.105,13.8772,0
        121,13.83,0
      </coordinates>
    </LineString>
  </Placemark>
  <Placemark>
    <name>Route Paco to Mandaluyong City</name>
    <description>Assigned Demand Flow: 1606</description>
    <styleUrl>#lineStyle</styleUrl>
    <LineString>
      <tessellate>1</tessellate>
      <coordinates>
        120.983,14.583,0
        121.03,14.58,0
      </coordinates>
    </LineString>
  </Placemark>
  <Placemark>
    <name>Route Patikul to Jolo</name>
    <description>Assigned Demand Flow: 1588</description>
    <styleUrl>#lineStyle</styleUrl>
    <LineString>
      <tessellate>1</tessellate>
      <coordinates>
        121.1,6.07,0
        121,6,0
      </coordinates>
    </LineString>
  </Placemark>
  <Placemark>
    <name>Route Robles to Badian</name>
    <description>Assigned Demand Flow: 1588</description>
    <styleUrl>#lineStyle</styleUrl>
    <LineString>
      <tessellate>1</tessellate>
      <coordinates>
        123.07,10.35,0
        123.396,9.8694,0
      </coordinates>
    </LineString>
  </Placemark>
  <Placemark>
    <name>Route San Isidro to Mandaluyong City</name>
    <description>Assigned Demand Flow: 1589</description>
    <styleUrl>#lineStyle</styleUrl>
    <LineString>
      <tessellate>1</tessellate>
      <coordinates>
        121.012,14.4685,0
        121.03,14.58,0
      </coordinates>
    </LineString>
  </Placemark>
  <Placemark>
    <name>Route Mangatarem to Tarlac City</name>
    <description>Assigned Demand Flow: 341.134</description>
    <styleUrl>#lineStyle</styleUrl>
    <LineString>
      <tessellate>1</tessellate>
      <coordinates>
        120.292,15.7874,0
        120.59,15.4869,0
      </coordinates>
    </LineString>
  </Placemark>
  <Placemark>
    <name>Route Mangatarem to Lingayen</name>
    <description>Assigned Demand Flow: 1253.87</description>
    <styleUrl>#lineStyle</styleUrl>
    <LineString>
      <tessellate>1</tessellate>
      <coordinates>
        120.292,15.7874,0
        120.233,16.0167,0
      </coordinates>
    </LineString>
  </Placemark>
  <Placemark>
    <name>Route Jaen to Tarlac City</name>
    <description>Assigned Demand Flow: 1574</description>
    <styleUrl>#lineStyle</styleUrl>
    <LineString>
      <tessellate>1</tessellate>
      <coordinates>
        120.907,15.3392,0
        120.59,15.4869,0
      </coordinates>
    </LineString>
  </Placemark>
  <Placemark>
    <name>Route Carmen to Kidapawan</name>
    <description>Assigned Demand Flow: 1591</description>
    <styleUrl>#lineStyle</styleUrl>
    <LineString>
      <tessellate>1</tessellate>
      <coordinates>
        124.78,7.2,0
        125.089,7.0083,0
      </coordinates>
    </LineString>
  </Placemark>
  <Placemark>
    <name>Route Pagbilao to Lucena</name>
    <description>Assigned Demand Flow: 1574</description>
    <styleUrl>#lineStyle</styleUrl>
    <LineString>
      <tessellate>1</tessellate>
      <coordinates>
        121.687,13.972,0
        121.62,13.93,0
      </coordinates>
    </LineString>
  </Placemark>
  <Placemark>
    <name>Route Bauang to La Trinidad</name>
    <description>Assigned Demand Flow: 1566</description>
    <styleUrl>#lineStyle</styleUrl>
    <LineString>
      <tessellate>1</tessellate>
      <coordinates>
        120.33,16.53,0
        120.59,16.46,0
      </coordinates>
    </LineString>
  </Placemark>
  <Placemark>
    <name>Route Pototan to Panay</name>
    <description>Assigned Demand Flow: 1556</description>
    <styleUrl>#lineStyle</styleUrl>
    <LineString>
      <tessellate>1</tessellate>
      <coordinates>
        122.63,10.95,0
        122.793,11.5553,0
      </coordinates>
    </LineString>
  </Placemark>
  <Placemark>
    <name>Route Limay to Balanga</name>
    <description>Assigned Demand Flow: 1567</description>
    <styleUrl>#lineStyle</styleUrl>
    <LineString>
      <tessellate>1</tessellate>
      <coordinates>
        120.598,14.5619,0
        120.53,14.68,0
      </coordinates>
    </LineString>
  </Placemark>
  <Placemark>
    <name>Route Bamban to Tarlac City</name>
    <description>Assigned Demand Flow: 1562</description>
    <styleUrl>#lineStyle</styleUrl>
    <LineString>
      <tessellate>1</tessellate>
      <coordinates>
        120.567,15.2742,0
        120.59,15.4869,0
      </coordinates>
    </LineString>
  </Placemark>
  <Placemark>
    <name>Route Macabebe to Angeles City</name>
    <description>Assigned Demand Flow: 1560.81</description>
    <styleUrl>#lineStyle</styleUrl>
    <LineString>
      <tessellate>1</tessellate>
      <coordinates>
        120.716,14.9081,0
        120.585,15.1472,0
      </coordinates>
    </LineString>
  </Placemark>
  <Placemark>
    <name>Route Macabebe to Balanga</name>
    <description>Assigned Demand Flow: 9.188</description>
    <styleUrl>#lineStyle</styleUrl>
    <LineString>
      <tessellate>1</tessellate>
      <coordinates>
        120.716,14.9081,0
        120.53,14.68,0
      </coordinates>
    </LineString>
  </Placemark>
  <Placemark>
    <name>Route Narra to Puerto Princesa</name>
    <description>Assigned Demand Flow: 1549</description>
    <styleUrl>#lineStyle</styleUrl>
    <LineString>
      <tessellate>1</tessellate>
      <coordinates>
        118.42,9.28,0
        118.75,9.75,0
      </coordinates>
    </LineString>
  </Placemark>
  <Placemark>
    <name>Route Santa Catalina to Dumaguete City</name>
    <description>Assigned Demand Flow: 1554</description>
    <styleUrl>#lineStyle</styleUrl>
    <LineString>
      <tessellate>1</tessellate>
      <coordinates>
        122.866,9.3331,0
        123.308,9.3103,0
      </coordinates>
    </LineString>
  </Placemark>
  <Placemark>
    <name>Route Hermosa to Balanga</name>
    <description>Assigned Demand Flow: 1547</description>
    <styleUrl>#lineStyle</styleUrl>
    <LineString>
      <tessellate>1</tessellate>
      <coordinates>
        120.5,14.83,0
        120.53,14.68,0
      </coordinates>
    </LineString>
  </Placemark>
  <Placemark>
    <name>Route Bustos to Navotas</name>
    <description>Assigned Demand Flow: 1542</description>
    <styleUrl>#lineStyle</styleUrl>
    <LineString>
      <tessellate>1</tessellate>
      <coordinates>
        120.92,14.95,0
        120.942,14.6667,0
      </coordinates>
    </LineString>
  </Placemark>
  <Placemark>
    <name>Route Kabacan to Kidapawan</name>
    <description>Assigned Demand Flow: 1544</description>
    <styleUrl>#lineStyle</styleUrl>
    <LineString>
      <tessellate>1</tessellate>
      <coordinates>
        124.82,7.12,0
        125.089,7.0083,0
      </coordinates>
    </LineString>
  </Placemark>
  <Placemark>
    <name>Route Umingan to Tarlac City</name>
    <description>Assigned Demand Flow: 1540</description>
    <styleUrl>#lineStyle</styleUrl>
    <LineString>
      <tessellate>1</tessellate>
      <coordinates>
        120.842,15.9289,0
        120.59,15.4869,0
      </coordinates>
    </LineString>
  </Placemark>
  <Placemark>
    <name>Route Talakag to Cagayan de Oro</name>
    <description>Assigned Demand Flow: 1536</description>
    <styleUrl>#lineStyle</styleUrl>
    <LineString>
      <tessellate>1</tessellate>
      <coordinates>
        124.603,8.2319,0
        124.65,8.48,0
      </coordinates>
    </LineString>
  </Placemark>
  <Placemark>
    <name>Route Balagtas to Navotas</name>
    <description>Assigned Demand Flow: 1550</description>
    <styleUrl>#lineStyle</styleUrl>
    <LineString>
      <tessellate>1</tessellate>
      <coordinates>
        120.909,14.8145,0
        120.942,14.6667,0
      </coordinates>
    </LineString>
  </Placemark>
  <Placemark>
    <name>Route Bongabong to Calapan</name>
    <description>Assigned Demand Flow: 1546</description>
    <styleUrl>#lineStyle</styleUrl>
    <LineString>
      <tessellate>1</tessellate>
      <coordinates>
        121.488,12.7469,0
        121.18,13.414,0
      </coordinates>
    </LineString>
  </Placemark>
  <Placemark>
    <name>Route Palo to Tacloban</name>
    <description>Assigned Demand Flow: 1529</description>
    <styleUrl>#lineStyle</styleUrl>
    <LineString>
      <tessellate>1</tessellate>
      <coordinates>
        124.992,11.1583,0
        125,11.24,0
      </coordinates>
    </LineString>
  </Placemark>
  <Placemark>
    <name>Route Infanta to Antipolo</name>
    <description>Assigned Demand Flow: 1034.6</description>
    <styleUrl>#lineStyle</styleUrl>
    <LineString>
      <tessellate>1</tessellate>
      <coordinates>
        121.649,14.7425,0
        121.176,14.5842,0
      </coordinates>
    </LineString>
  </Placemark>
  <Placemark>
    <name>Route Infanta to Marikina City</name>
    <description>Assigned Demand Flow: 480.401</description>
    <styleUrl>#lineStyle</styleUrl>
    <LineString>
      <tessellate>1</tessellate>
      <coordinates>
        121.649,14.7425,0
        121.1,14.65,0
      </coordinates>
    </LineString>
  </Placemark>
  <Placemark>
    <name>Route Manaoag to Baguio City</name>
    <description>Assigned Demand Flow: 1511</description>
    <styleUrl>#lineStyle</styleUrl>
    <LineString>
      <tessellate>1</tessellate>
      <coordinates>
        120.486,16.0439,0
        120.593,16.4119,0
      </coordinates>
    </LineString>
  </Placemark>
  <Placemark>
    <name>Route Pilar to Legazpi City</name>
    <description>Assigned Demand Flow: 1510</description>
    <styleUrl>#lineStyle</styleUrl>
    <LineString>
      <tessellate>1</tessellate>
      <coordinates>
        123.676,12.9244,0
        123.73,13.13,0
      </coordinates>
    </LineString>
  </Placemark>
  <Placemark>
    <name>Route Santa Rosa to Tarlac City</name>
    <description>Assigned Demand Flow: 1512</description>
    <styleUrl>#lineStyle</styleUrl>
    <LineString>
      <tessellate>1</tessellate>
      <coordinates>
        120.939,15.4239,0
        120.59,15.4869,0
      </coordinates>
    </LineString>
  </Placemark>
  <Placemark>
    <name>Route Pinamungahan to Lapu-Lapu City</name>
    <description>Assigned Demand Flow: 1504</description>
    <styleUrl>#lineStyle</styleUrl>
    <LineString>
      <tessellate>1</tessellate>
      <coordinates>
        123.58,10.27,0
        123.949,10.3127,0
      </coordinates>
    </LineString>
  </Placemark>
  <Placemark>
    <name>Route Libon to Naga City</name>
    <description>Assigned Demand Flow: 954.654</description>
    <styleUrl>#lineStyle</styleUrl>
    <LineString>
      <tessellate>1</tessellate>
      <coordinates>
        123.433,13.3,0
        123.186,13.6244,0
      </coordinates>
    </LineString>
  </Placemark>
  <Placemark>
    <name>Route Libon to Legazpi City</name>
    <description>Assigned Demand Flow: 547.346</description>
    <styleUrl>#lineStyle</styleUrl>
    <LineString>
      <tessellate>1</tessellate>
      <coordinates>
        123.433,13.3,0
        123.73,13.13,0
      </coordinates>
    </LineString>
  </Placemark>
  <Placemark>
    <name>Route Bugallon to Tarlac City</name>
    <description>Assigned Demand Flow: 1501</description>
    <styleUrl>#lineStyle</styleUrl>
    <LineString>
      <tessellate>1</tessellate>
      <coordinates>
        120.18,15.92,0
        120.59,15.4869,0
      </coordinates>
    </LineString>
  </Placemark>
  <Placemark>
    <name>Route Pozorrubio to Baguio City</name>
    <description>Assigned Demand Flow: 1489</description>
    <styleUrl>#lineStyle</styleUrl>
    <LineString>
      <tessellate>1</tessellate>
      <coordinates>
        120.55,16.12,0
        120.593,16.4119,0
      </coordinates>
    </LineString>
  </Placemark>
  <Placemark>
    <name>Route Esperanza to Poblacion</name>
    <description>Assigned Demand Flow: 1493</description>
    <styleUrl>#lineStyle</styleUrl>
    <LineString>
      <tessellate>1</tessellate>
      <coordinates>
        124.517,6.7167,0
        124.63,6.8,0
      </coordinates>
    </LineString>
  </Placemark>
  <Placemark>
    <name>Route Balingasag to Cagayan de Oro</name>
    <description>Assigned Demand Flow: 1496</description>
    <styleUrl>#lineStyle</styleUrl>
    <LineString>
      <tessellate>1</tessellate>
      <coordinates>
        124.78,8.75,0
        124.65,8.48,0
      </coordinates>
    </LineString>
  </Placemark>
  <Placemark>
    <name>Route Brookes Point to Puerto Princesa</name>
    <description>Assigned Demand Flow: 1483</description>
    <styleUrl>#lineStyle</styleUrl>
    <LineString>
      <tessellate>1</tessellate>
      <coordinates>
        117.83,8.78,0
        118.75,9.75,0
      </coordinates>
    </LineString>
  </Placemark>
  <Placemark>
    <name>Route Dumangas to Panay</name>
    <description>Assigned Demand Flow: 1487</description>
    <styleUrl>#lineStyle</styleUrl>
    <LineString>
      <tessellate>1</tessellate>
      <coordinates>
        122.72,10.83,0
        122.793,11.5553,0
      </coordinates>
    </LineString>
  </Placemark>
  <Placemark>
    <name>Route Alicia to Santiago</name>
    <description>Assigned Demand Flow: 1484</description>
    <styleUrl>#lineStyle</styleUrl>
    <LineString>
      <tessellate>1</tessellate>
      <coordinates>
        121.697,16.7787,0
        121.55,16.68,0
      </coordinates>
    </LineString>
  </Placemark>
  <Placemark>
    <name>Route Tupi to Alabel</name>
    <description>Assigned Demand Flow: 1473</description>
    <styleUrl>#lineStyle</styleUrl>
    <LineString>
      <tessellate>1</tessellate>
      <coordinates>
        124.95,6.33,0
        125.287,6.1023,0
      </coordinates>
    </LineString>
  </Placemark>
  <Placemark>
    <name>Route Lala to Tubod</name>
    <description>Assigned Demand Flow: 1476</description>
    <styleUrl>#lineStyle</styleUrl>
    <LineString>
      <tessellate>1</tessellate>
      <coordinates>
        123.75,7.97,0
        123.8,8.05,0
      </coordinates>
    </LineString>
  </Placemark>
  <Placemark>
    <name>Route Jose Abad Santos to Alabel</name>
    <description>Assigned Demand Flow: 1461</description>
    <styleUrl>#lineStyle</styleUrl>
    <LineString>
      <tessellate>1</tessellate>
      <coordinates>
        125.65,5.92,0
        125.287,6.1023,0
      </coordinates>
    </LineString>
  </Placemark>
  <Placemark>
    <name>Route Bula to Naga City</name>
    <description>Assigned Demand Flow: 195.354</description>
    <styleUrl>#lineStyle</styleUrl>
    <LineString>
      <tessellate>1</tessellate>
      <coordinates>
        123.278,13.4694,0
        123.186,13.6244,0
      </coordinates>
    </LineString>
  </Placemark>
  <Placemark>
    <name>Route Bula to Daet</name>
    <description>Assigned Demand Flow: 1257.65</description>
    <styleUrl>#lineStyle</styleUrl>
    <LineString>
      <tessellate>1</tessellate>
      <coordinates>
        123.278,13.4694,0
        122.956,14.1142,0
      </coordinates>
    </LineString>
  </Placemark>
  <Placemark>
    <name>Route Catanauan to Boac</name>
    <description>Assigned Demand Flow: 1463</description>
    <styleUrl>#lineStyle</styleUrl>
    <LineString>
      <tessellate>1</tessellate>
      <coordinates>
        122.325,13.5917,0
        121.83,13.45,0
      </coordinates>
    </LineString>
  </Placemark>
  <Placemark>
    <name>Route Carles to Panay</name>
    <description>Assigned Demand Flow: 1459</description>
    <styleUrl>#lineStyle</styleUrl>
    <LineString>
      <tessellate>1</tessellate>
      <coordinates>
        123.13,11.57,0
        122.793,11.5553,0
      </coordinates>
    </LineString>
  </Placemark>
  <Placemark>
    <name>Route San Dionisio to Mandaluyong City</name>
    <description>Assigned Demand Flow: 1447</description>
    <styleUrl>#lineStyle</styleUrl>
    <LineString>
      <tessellate>1</tessellate>
      <coordinates>
        120.993,14.4839,0
        121.03,14.58,0
      </coordinates>
    </LineString>
  </Placemark>
  <Placemark>
    <name>Route Bacacay to Virac</name>
    <description>Assigned Demand Flow: 1453</description>
    <styleUrl>#lineStyle</styleUrl>
    <LineString>
      <tessellate>1</tessellate>
      <coordinates>
        123.792,13.2925,0
        124.23,13.58,0
      </coordinates>
    </LineString>
  </Placemark>
  <Placemark>
    <name>Route Sipalay to Badian</name>
    <description>Assigned Demand Flow: 1456</description>
    <styleUrl>#lineStyle</styleUrl>
    <LineString>
      <tessellate>1</tessellate>
      <coordinates>
        122.4,9.75,0
        123.396,9.8694,0
      </coordinates>
    </LineString>
  </Placemark>
  <Placemark>
    <name>Route San Fernando to Lapu-Lapu City</name>
    <description>Assigned Demand Flow: 1434</description>
    <styleUrl>#lineStyle</styleUrl>
    <LineString>
      <tessellate>1</tessellate>
      <coordinates>
        123.7,10.17,0
        123.949,10.3127,0
      </coordinates>
    </LineString>
  </Placemark>
  <Placemark>
    <name>Route Camalig to Virac</name>
    <description>Assigned Demand Flow: 1432</description>
    <styleUrl>#lineStyle</styleUrl>
    <LineString>
      <tessellate>1</tessellate>
      <coordinates>
        123.67,13.13,0
        124.23,13.58,0
      </coordinates>
    </LineString>
  </Placemark>
  <Placemark>
    <name>Route Gumaca to Perez</name>
    <description>Assigned Demand Flow: 1433</description>
    <styleUrl>#lineStyle</styleUrl>
    <LineString>
      <tessellate>1</tessellate>
      <coordinates>
        122.1,13.921,0
        121.93,14.18,0
      </coordinates>
    </LineString>
  </Placemark>
  <Placemark>
    <name>Route Calauag to Perez</name>
    <description>Assigned Demand Flow: 1435</description>
    <styleUrl>#lineStyle</styleUrl>
    <LineString>
      <tessellate>1</tessellate>
      <coordinates>
        122.287,13.9575,0
        121.93,14.18,0
      </coordinates>
    </LineString>
  </Placemark>
  <Placemark>
    <name>Route Mānikganj to Iba</name>
    <description>Assigned Demand Flow: 1434</description>
    <styleUrl>#lineStyle</styleUrl>
    <LineString>
      <tessellate>1</tessellate>
      <coordinates>
        90.0003,23.8614,0
        119.98,15.33,0
      </coordinates>
    </LineString>
  </Placemark>
  <Placemark>
    <name>Route Pililla to Marikina City</name>
    <description>Assigned Demand Flow: 1431</description>
    <styleUrl>#lineStyle</styleUrl>
    <LineString>
      <tessellate>1</tessellate>
      <coordinates>
        121.3,14.48,0
        121.1,14.65,0
      </coordinates>
    </LineString>
  </Placemark>
  <Placemark>
    <name>Route Parang to Jolo</name>
    <description>Assigned Demand Flow: 1427</description>
    <styleUrl>#lineStyle</styleUrl>
    <LineString>
      <tessellate>1</tessellate>
      <coordinates>
        120.92,5.92,0
        121,6,0
      </coordinates>
    </LineString>
  </Placemark>
  <Placemark>
    <name>Route Binalbagan to Badian</name>
    <description>Assigned Demand Flow: 1424</description>
    <styleUrl>#lineStyle</styleUrl>
    <LineString>
      <tessellate>1</tessellate>
      <coordinates>
        122.87,10.2,0
        123.396,9.8694,0
      </coordinates>
    </LineString>
  </Placemark>
  <Placemark>
    <name>Route Goa to Daet</name>
    <description>Assigned Demand Flow: 1420</description>
    <styleUrl>#lineStyle</styleUrl>
    <LineString>
      <tessellate>1</tessellate>
      <coordinates>
        123.489,13.6983,0
        122.956,14.1142,0
      </coordinates>
    </LineString>
  </Placemark>
  <Placemark>
    <name>Route Talibon to Lapu-Lapu City</name>
    <description>Assigned Demand Flow: 1424</description>
    <styleUrl>#lineStyle</styleUrl>
    <LineString>
      <tessellate>1</tessellate>
      <coordinates>
        124.28,10.12,0
        123.949,10.3127,0
      </coordinates>
    </LineString>
  </Placemark>
  <Placemark>
    <name>Route Morong to Marikina City</name>
    <description>Assigned Demand Flow: 1420</description>
    <styleUrl>#lineStyle</styleUrl>
    <LineString>
      <tessellate>1</tessellate>
      <coordinates>
        121.239,14.5127,0
        121.1,14.65,0
      </coordinates>
    </LineString>
  </Placemark>
  <Placemark>
    <name>Route Mauban to Perez</name>
    <description>Assigned Demand Flow: 1420</description>
    <styleUrl>#lineStyle</styleUrl>
    <LineString>
      <tessellate>1</tessellate>
      <coordinates>
        121.731,14.1911,0
        121.93,14.18,0
      </coordinates>
    </LineString>
  </Placemark>
  <Placemark>
    <name>Route Alabang to Mandaluyong City</name>
    <description>Assigned Demand Flow: 1428</description>
    <styleUrl>#lineStyle</styleUrl>
    <LineString>
      <tessellate>1</tessellate>
      <coordinates>
        121.038,14.4184,0
        121.03,14.58,0
      </coordinates>
    </LineString>
  </Placemark>
  <Placemark>
    <name>Route Tumauini to Ilagan</name>
    <description>Assigned Demand Flow: 1421</description>
    <styleUrl>#lineStyle</styleUrl>
    <LineString>
      <tessellate>1</tessellate>
      <coordinates>
        121.8,17.27,0
        121.889,17.1489,0
      </coordinates>
    </LineString>
  </Placemark>
  <Placemark>
    <name>Route Poblacion to Lapu-Lapu City</name>
    <description>Assigned Demand Flow: 1419</description>
    <styleUrl>#lineStyle</styleUrl>
    <LineString>
      <tessellate>1</tessellate>
      <coordinates>
        123.95,10.25,0
        123.949,10.3127,0
      </coordinates>
    </LineString>
  </Placemark>
  <Placemark>
    <name>Route Kaukhāli to Iba</name>
    <description>Assigned Demand Flow: 1409</description>
    <styleUrl>#lineStyle</styleUrl>
    <LineString>
      <tessellate>1</tessellate>
      <coordinates>
        90.0667,22.6333,0
        119.98,15.33,0
      </coordinates>
    </LineString>
  </Placemark>
  <Placemark>
    <name>Route Pavia to San Jose</name>
    <description>Assigned Demand Flow: 1398</description>
    <styleUrl>#lineStyle</styleUrl>
    <LineString>
      <tessellate>1</tessellate>
      <coordinates>
        122.542,10.775,0
        121.941,10.7433,0
      </coordinates>
    </LineString>
  </Placemark>
  <Placemark>
    <name>Route Aliaga to Tarlac City</name>
    <description>Assigned Demand Flow: 1404</description>
    <styleUrl>#lineStyle</styleUrl>
    <LineString>
      <tessellate>1</tessellate>
      <coordinates>
        120.845,15.5036,0
        120.59,15.4869,0
      </coordinates>
    </LineString>
  </Placemark>
  <Placemark>
    <name>Route Orani to Malabon</name>
    <description>Assigned Demand Flow: 371.246</description>
    <styleUrl>#lineStyle</styleUrl>
    <LineString>
      <tessellate>1</tessellate>
      <coordinates>
        120.53,14.8,0
        120.96,14.66,0
      </coordinates>
    </LineString>
  </Placemark>
  <Placemark>
    <name>Route Orani to Navotas</name>
    <description>Assigned Demand Flow: 369.517</description>
    <styleUrl>#lineStyle</styleUrl>
    <LineString>
      <tessellate>1</tessellate>
      <coordinates>
        120.53,14.8,0
        120.942,14.6667,0
      </coordinates>
    </LineString>
  </Placemark>
  <Placemark>
    <name>Route Orani to Balanga</name>
    <description>Assigned Demand Flow: 660.237</description>
    <styleUrl>#lineStyle</styleUrl>
    <LineString>
      <tessellate>1</tessellate>
      <coordinates>
        120.53,14.8,0
        120.53,14.68,0
      </coordinates>
    </LineString>
  </Placemark>
  <Placemark>
    <name>Route Rizal to Baler</name>
    <description>Assigned Demand Flow: 1407</description>
    <styleUrl>#lineStyle</styleUrl>
    <LineString>
      <tessellate>1</tessellate>
      <coordinates>
        121.105,15.71,0
        121.562,15.7583,0
      </coordinates>
    </LineString>
  </Placemark>
  <Placemark>
    <name>Route Tinambac to Daet</name>
    <description>Assigned Demand Flow: 1397</description>
    <styleUrl>#lineStyle</styleUrl>
    <LineString>
      <tessellate>1</tessellate>
      <coordinates>
        123.324,13.8183,0
        122.956,14.1142,0
      </coordinates>
    </LineString>
  </Placemark>
  <Placemark>
    <name>Route San Antonio to Mandaluyong City</name>
    <description>Assigned Demand Flow: 1394</description>
    <styleUrl>#lineStyle</styleUrl>
    <LineString>
      <tessellate>1</tessellate>
      <coordinates>
        121.031,14.4656,0
        121.03,14.58,0
      </coordinates>
    </LineString>
  </Placemark>
  <Placemark>
    <name>Route Roxas to Puerto Princesa</name>
    <description>Assigned Demand Flow: 1389</description>
    <styleUrl>#lineStyle</styleUrl>
    <LineString>
      <tessellate>1</tessellate>
      <coordinates>
        119.341,10.3197,0
        118.75,9.75,0
      </coordinates>
    </LineString>
  </Placemark>
  <Placemark>
    <name>Route Victoria to Tarlac City</name>
    <description>Assigned Demand Flow: 1377</description>
    <styleUrl>#lineStyle</styleUrl>
    <LineString>
      <tessellate>1</tessellate>
      <coordinates>
        120.682,15.5781,0
        120.59,15.4869,0
      </coordinates>
    </LineString>
  </Placemark>
  <Placemark>
    <name>Route Don Carlos to Malaybalay</name>
    <description>Assigned Demand Flow: 1379</description>
    <styleUrl>#lineStyle</styleUrl>
    <LineString>
      <tessellate>1</tessellate>
      <coordinates>
        124.995,7.6808,0
        125.133,8.1564,0
      </coordinates>
    </LineString>
  </Placemark>
  <Placemark>
    <name>Route Cawayan to Masbate</name>
    <description>Assigned Demand Flow: 1381</description>
    <styleUrl>#lineStyle</styleUrl>
    <LineString>
      <tessellate>1</tessellate>
      <coordinates>
        123.769,11.9303,0
        123.58,12.27,0
      </coordinates>
    </LineString>
  </Placemark>
  <Placemark>
    <name>Route San Pascual to Batangas</name>
    <description>Assigned Demand Flow: 1388</description>
    <styleUrl>#lineStyle</styleUrl>
    <LineString>
      <tessellate>1</tessellate>
      <coordinates>
        121.03,13.8,0
        121,13.83,0
      </coordinates>
    </LineString>
  </Placemark>
  <Placemark>
    <name>Route La Paz to Tarlac City</name>
    <description>Assigned Demand Flow: 1198.14</description>
    <styleUrl>#lineStyle</styleUrl>
    <LineString>
      <tessellate>1</tessellate>
      <coordinates>
        120.729,15.4431,0
        120.59,15.4869,0
      </coordinates>
    </LineString>
  </Placemark>
  <Placemark>
    <name>Route La Paz to Iba</name>
    <description>Assigned Demand Flow: 170.86</description>
    <styleUrl>#lineStyle</styleUrl>
    <LineString>
      <tessellate>1</tessellate>
      <coordinates>
        120.729,15.4431,0
        119.98,15.33,0
      </coordinates>
    </LineString>
  </Placemark>
  <Placemark>
    <name>Route Bagumbayan to President Quirino</name>
    <description>Assigned Demand Flow: 1381</description>
    <styleUrl>#lineStyle</styleUrl>
    <LineString>
      <tessellate>1</tessellate>
      <coordinates>
        124.563,6.5339,0
        124.73,6.7,0
      </coordinates>
    </LineString>
  </Placemark>
  <Placemark>
    <name>Route Buenavista to Butuan</name>
    <description>Assigned Demand Flow: 1378</description>
    <styleUrl>#lineStyle</styleUrl>
    <LineString>
      <tessellate>1</tessellate>
      <coordinates>
        125.41,8.97,0
        125.543,8.948,0
      </coordinates>
    </LineString>
  </Placemark>
  <Placemark>
    <name>Route Aparri to Kabugao</name>
    <description>Assigned Demand Flow: 1383</description>
    <styleUrl>#lineStyle</styleUrl>
    <LineString>
      <tessellate>1</tessellate>
      <coordinates>
        121.637,18.3575,0
        121.183,18.0239,0
      </coordinates>
    </LineString>
  </Placemark>
  <Placemark>
    <name>Route Indang to Batangas</name>
    <description>Assigned Demand Flow: 1374</description>
    <styleUrl>#lineStyle</styleUrl>
    <LineString>
      <tessellate>1</tessellate>
      <coordinates>
        120.88,14.2,0
        121,13.83,0
      </coordinates>
    </LineString>
  </Placemark>
  <Placemark>
    <name>Route Alamada to Cotabato</name>
    <description>Assigned Demand Flow: 1374</description>
    <styleUrl>#lineStyle</styleUrl>
    <LineString>
      <tessellate>1</tessellate>
      <coordinates>
        124.553,7.3868,0
        124.25,7.22,0
      </coordinates>
    </LineString>
  </Placemark>
  <Placemark>
    <name>Route San Leonardo to Malabon</name>
    <description>Assigned Demand Flow: 1361</description>
    <styleUrl>#lineStyle</styleUrl>
    <LineString>
      <tessellate>1</tessellate>
      <coordinates>
        120.962,15.3611,0
        120.96,14.66,0
      </coordinates>
    </LineString>
  </Placemark>
  <Placemark>
    <name>Route Mamungan to Marawi City</name>
    <description>Assigned Demand Flow: 1359</description>
    <styleUrl>#lineStyle</styleUrl>
    <LineString>
      <tessellate>1</tessellate>
      <coordinates>
        124.22,8.12,0
        124.285,8.0031,0
      </coordinates>
    </LineString>
  </Placemark>
  <Placemark>
    <name>Route Tangub to Tubod</name>
    <description>Assigned Demand Flow: 1377</description>
    <styleUrl>#lineStyle</styleUrl>
    <LineString>
      <tessellate>1</tessellate>
      <coordinates>
        123.75,8.0667,0
        123.8,8.05,0
      </coordinates>
    </LineString>
  </Placemark>
  <Placemark>
    <name>Route Sipocot to Daet</name>
    <description>Assigned Demand Flow: 1363</description>
    <styleUrl>#lineStyle</styleUrl>
    <LineString>
      <tessellate>1</tessellate>
      <coordinates>
        122.978,13.7675,0
        122.956,14.1142,0
      </coordinates>
    </LineString>
  </Placemark>
  <Placemark>
    <name>Route Tuburan to Lapu-Lapu City</name>
    <description>Assigned Demand Flow: 1359</description>
    <styleUrl>#lineStyle</styleUrl>
    <LineString>
      <tessellate>1</tessellate>
      <coordinates>
        123.83,10.73,0
        123.949,10.3127,0
      </coordinates>
    </LineString>
  </Placemark>
  <Placemark>
    <name>Route Miagao to San Jose</name>
    <description>Assigned Demand Flow: 1355</description>
    <styleUrl>#lineStyle</styleUrl>
    <LineString>
      <tessellate>1</tessellate>
      <coordinates>
        122.235,10.6442,0
        121.941,10.7433,0
      </coordinates>
    </LineString>
  </Placemark>
  <Placemark>
    <name>Route Cuyapo to Baguio City</name>
    <description>Assigned Demand Flow: 1365</description>
    <styleUrl>#lineStyle</styleUrl>
    <LineString>
      <tessellate>1</tessellate>
      <coordinates>
        120.661,15.7778,0
        120.593,16.4119,0
      </coordinates>
    </LineString>
  </Placemark>
  <Placemark>
    <name>Route Castillejos to Iba</name>
    <description>Assigned Demand Flow: 1360</description>
    <styleUrl>#lineStyle</styleUrl>
    <LineString>
      <tessellate>1</tessellate>
      <coordinates>
        120.2,14.93,0
        119.98,15.33,0
      </coordinates>
    </LineString>
  </Placemark>
  <Placemark>
    <name>Route Santa Barbara to San Jose</name>
    <description>Assigned Demand Flow: 1352</description>
    <styleUrl>#lineStyle</styleUrl>
    <LineString>
      <tessellate>1</tessellate>
      <coordinates>
        122.534,10.8231,0
        121.941,10.7433,0
      </coordinates>
    </LineString>
  </Placemark>
  <Placemark>
    <name>Route Bay to Tiaong</name>
    <description>Assigned Demand Flow: 1333</description>
    <styleUrl>#lineStyle</styleUrl>
    <LineString>
      <tessellate>1</tessellate>
      <coordinates>
        121.28,14.18,0
        121.32,13.95,0
      </coordinates>
    </LineString>
  </Placemark>
  <Placemark>
    <name>Route Pikit to Poblacion</name>
    <description>Assigned Demand Flow: 1340</description>
    <styleUrl>#lineStyle</styleUrl>
    <LineString>
      <tessellate>1</tessellate>
      <coordinates>
        124.67,7.05,0
        124.63,6.8,0
      </coordinates>
    </LineString>
  </Placemark>
  <Placemark>
    <name>Route Bongabon to Baler</name>
    <description>Assigned Demand Flow: 1331</description>
    <styleUrl>#lineStyle</styleUrl>
    <LineString>
      <tessellate>1</tessellate>
      <coordinates>
        121.145,15.6321,0
        121.562,15.7583,0
      </coordinates>
    </LineString>
  </Placemark>
  <Placemark>
    <name>Route Janiuay to San Jose</name>
    <description>Assigned Demand Flow: 1343</description>
    <styleUrl>#lineStyle</styleUrl>
    <LineString>
      <tessellate>1</tessellate>
      <coordinates>
        122.5,10.95,0
        121.941,10.7433,0
      </coordinates>
    </LineString>
  </Placemark>
  <Placemark>
    <name>Route Botolan to Iba</name>
    <description>Assigned Demand Flow: 1341</description>
    <styleUrl>#lineStyle</styleUrl>
    <LineString>
      <tessellate>1</tessellate>
      <coordinates>
        120.025,15.2896,0
        119.98,15.33,0
      </coordinates>
    </LineString>
  </Placemark>
  <Placemark>
    <name>Route Rosales to Baguio City</name>
    <description>Assigned Demand Flow: 1330</description>
    <styleUrl>#lineStyle</styleUrl>
    <LineString>
      <tessellate>1</tessellate>
      <coordinates>
        120.633,15.8944,0
        120.593,16.4119,0
      </coordinates>
    </LineString>
  </Placemark>
  <Placemark>
    <name>Route La Carlota to Badian</name>
    <description>Assigned Demand Flow: 1325</description>
    <styleUrl>#lineStyle</styleUrl>
    <LineString>
      <tessellate>1</tessellate>
      <coordinates>
        122.92,10.42,0
        123.396,9.8694,0
      </coordinates>
    </LineString>
  </Placemark>
  <Placemark>
    <name>Route San Mateo to Santiago</name>
    <description>Assigned Demand Flow: 1324</description>
    <styleUrl>#lineStyle</styleUrl>
    <LineString>
      <tessellate>1</tessellate>
      <coordinates>
        121.58,16.88,0
        121.55,16.68,0
      </coordinates>
    </LineString>
  </Placemark>
  <Placemark>
    <name>Route Opol to Cagayan de Oro</name>
    <description>Assigned Demand Flow: 1336</description>
    <styleUrl>#lineStyle</styleUrl>
    <LineString>
      <tessellate>1</tessellate>
      <coordinates>
        124.57,8.52,0
        124.65,8.48,0
      </coordinates>
    </LineString>
  </Placemark>
  <Placemark>
    <name>Route Oas to Virac</name>
    <description>Assigned Demand Flow: 1315</description>
    <styleUrl>#lineStyle</styleUrl>
    <LineString>
      <tessellate>1</tessellate>
      <coordinates>
        123.495,13.2589,0
        124.23,13.58,0
      </coordinates>
    </LineString>
  </Placemark>
  <Placemark>
    <name>Route Agoo to Baguio City</name>
    <description>Assigned Demand Flow: 1311</description>
    <styleUrl>#lineStyle</styleUrl>
    <LineString>
      <tessellate>1</tessellate>
      <coordinates>
        120.365,16.322,0
        120.593,16.4119,0
      </coordinates>
    </LineString>
  </Placemark>
  <Placemark>
    <name>Route Lantapan to Malaybalay</name>
    <description>Assigned Demand Flow: 1313</description>
    <styleUrl>#lineStyle</styleUrl>
    <LineString>
      <tessellate>1</tessellate>
      <coordinates>
        125.023,8,0
        125.133,8.1564,0
      </coordinates>
    </LineString>
  </Placemark>
  <Placemark>
    <name>Route Coron to Calapan</name>
    <description>Assigned Demand Flow: 1311</description>
    <styleUrl>#lineStyle</styleUrl>
    <LineString>
      <tessellate>1</tessellate>
      <coordinates>
        120.2,12,0
        121.18,13.414,0
      </coordinates>
    </LineString>
  </Placemark>
  <Placemark>
    <name>Route Roxas to Ilagan</name>
    <description>Assigned Demand Flow: 1312</description>
    <styleUrl>#lineStyle</styleUrl>
    <LineString>
      <tessellate>1</tessellate>
      <coordinates>
        121.62,17.12,0
        121.889,17.1489,0
      </coordinates>
    </LineString>
  </Placemark>
  <Placemark>
    <name>Route Kiamba to Alabel</name>
    <description>Assigned Demand Flow: 1316</description>
    <styleUrl>#lineStyle</styleUrl>
    <LineString>
      <tessellate>1</tessellate>
      <coordinates>
        124.626,5.9912,0
        125.287,6.1023,0
      </coordinates>
    </LineString>
  </Placemark>
  <Placemark>
    <name>Route San Remigio to Ormoc</name>
    <description>Assigned Demand Flow: 1324</description>
    <styleUrl>#lineStyle</styleUrl>
    <LineString>
      <tessellate>1</tessellate>
      <coordinates>
        123.95,11,0
        124.608,11.0106,0
      </coordinates>
    </LineString>
  </Placemark>
  <Placemark>
    <name>Route Lutayan to Buluan</name>
    <description>Assigned Demand Flow: 1306</description>
    <styleUrl>#lineStyle</styleUrl>
    <LineString>
      <tessellate>1</tessellate>
      <coordinates>
        124.85,6.6,0
        124.785,6.7154,0
      </coordinates>
    </LineString>
  </Placemark>
  <Placemark>
    <name>Route Angat to Malabon</name>
    <description>Assigned Demand Flow: 1303</description>
    <styleUrl>#lineStyle</styleUrl>
    <LineString>
      <tessellate>1</tessellate>
      <coordinates>
        121.029,14.9281,0
        120.96,14.66,0
      </coordinates>
    </LineString>
  </Placemark>
  <Placemark>
    <name>Route Solano to Bayombong</name>
    <description>Assigned Demand Flow: 1303</description>
    <styleUrl>#lineStyle</styleUrl>
    <LineString>
      <tessellate>1</tessellate>
      <coordinates>
        121.181,16.5183,0
        121.15,16.48,0
      </coordinates>
    </LineString>
  </Placemark>
  <Placemark>
    <name>Route Quezon to Puerto Princesa</name>
    <description>Assigned Demand Flow: 1295</description>
    <styleUrl>#lineStyle</styleUrl>
    <LineString>
      <tessellate>1</tessellate>
      <coordinates>
        117.997,9.235,0
        118.75,9.75,0
      </coordinates>
    </LineString>
  </Placemark>
  <Placemark>
    <name>Route Tigbauan to San Jose</name>
    <description>Assigned Demand Flow: 1307</description>
    <styleUrl>#lineStyle</styleUrl>
    <LineString>
      <tessellate>1</tessellate>
      <coordinates>
        122.378,10.6747,0
        121.941,10.7433,0
      </coordinates>
    </LineString>
  </Placemark>
  <Placemark>
    <name>Route Pateros to Mandaluyong City</name>
    <description>Assigned Demand Flow: 1311</description>
    <styleUrl>#lineStyle</styleUrl>
    <LineString>
      <tessellate>1</tessellate>
      <coordinates>
        121.067,14.5448,0
        121.03,14.58,0
      </coordinates>
    </LineString>
  </Placemark>
  <Placemark>
    <name>Route Villasis to Baguio City</name>
    <description>Assigned Demand Flow: 1310</description>
    <styleUrl>#lineStyle</styleUrl>
    <LineString>
      <tessellate>1</tessellate>
      <coordinates>
        120.58,15.9,0
        120.593,16.4119,0
      </coordinates>
    </LineString>
  </Placemark>
  <Placemark>
    <name>Route Patuakhāli to Iba</name>
    <description>Assigned Demand Flow: 1301</description>
    <styleUrl>#lineStyle</styleUrl>
    <LineString>
      <tessellate>1</tessellate>
      <coordinates>
        90.3184,22.2591,0
        119.98,15.33,0
      </coordinates>
    </LineString>
  </Placemark>
  <Placemark>
    <name>Route Maasin to Alabel</name>
    <description>Assigned Demand Flow: 1305</description>
    <styleUrl>#lineStyle</styleUrl>
    <LineString>
      <tessellate>1</tessellate>
      <coordinates>
        125,5.87,0
        125.287,6.1023,0
      </coordinates>
    </LineString>
  </Placemark>
  <Placemark>
    <name>Route Nagcarlan to Tiaong</name>
    <description>Assigned Demand Flow: 1295</description>
    <styleUrl>#lineStyle</styleUrl>
    <LineString>
      <tessellate>1</tessellate>
      <coordinates>
        121.416,14.1364,0
        121.32,13.95,0
      </coordinates>
    </LineString>
  </Placemark>
  <Placemark>
    <name>Route Isabela to Badian</name>
    <description>Assigned Demand Flow: 1297</description>
    <styleUrl>#lineStyle</styleUrl>
    <LineString>
      <tessellate>1</tessellate>
      <coordinates>
        122.98,10.2,0
        123.396,9.8694,0
      </coordinates>
    </LineString>
  </Placemark>
  <Placemark>
    <name>Route Hilongos to Maasin</name>
    <description>Assigned Demand Flow: 1300</description>
    <styleUrl>#lineStyle</styleUrl>
    <LineString>
      <tessellate>1</tessellate>
      <coordinates>
        124.75,10.37,0
        124.85,10.13,0
      </coordinates>
    </LineString>
  </Placemark>
  <Placemark>
    <name>Route Malvar to Tiaong</name>
    <description>Assigned Demand Flow: 1278</description>
    <styleUrl>#lineStyle</styleUrl>
    <LineString>
      <tessellate>1</tessellate>
      <coordinates>
        121.158,14.0417,0
        121.32,13.95,0
      </coordinates>
    </LineString>
  </Placemark>
  <Placemark>
    <name>Route Sibulan to Dumaguete City</name>
    <description>Assigned Demand Flow: 1286</description>
    <styleUrl>#lineStyle</styleUrl>
    <LineString>
      <tessellate>1</tessellate>
      <coordinates>
        123.28,9.35,0
        123.308,9.3103,0
      </coordinates>
    </LineString>
  </Placemark>
  <Placemark>
    <name>Route Saravia to Panay</name>
    <description>Assigned Demand Flow: 1283</description>
    <styleUrl>#lineStyle</styleUrl>
    <LineString>
      <tessellate>1</tessellate>
      <coordinates>
        122.97,10.88,0
        122.793,11.5553,0
      </coordinates>
    </LineString>
  </Placemark>
  <Placemark>
    <name>Route Atimonan to Perez</name>
    <description>Assigned Demand Flow: 1295</description>
    <styleUrl>#lineStyle</styleUrl>
    <LineString>
      <tessellate>1</tessellate>
      <coordinates>
        121.92,14.0036,0
        121.93,14.18,0
      </coordinates>
    </LineString>
  </Placemark>
  <Placemark>
    <name>Route Teresa to Marikina City</name>
    <description>Assigned Demand Flow: 1289</description>
    <styleUrl>#lineStyle</styleUrl>
    <LineString>
      <tessellate>1</tessellate>
      <coordinates>
        121.208,14.5586,0
        121.1,14.65,0
      </coordinates>
    </LineString>
  </Placemark>
  <Placemark>
    <name>Route Tuao to Kabugao</name>
    <description>Assigned Demand Flow: 1282</description>
    <styleUrl>#lineStyle</styleUrl>
    <LineString>
      <tessellate>1</tessellate>
      <coordinates>
        121.455,17.735,0
        121.183,18.0239,0
      </coordinates>
    </LineString>
  </Placemark>
  <Placemark>
    <name>Route Santa Cruz to Iba</name>
    <description>Assigned Demand Flow: 1281</description>
    <styleUrl>#lineStyle</styleUrl>
    <LineString>
      <tessellate>1</tessellate>
      <coordinates>
        119.92,15.77,0
        119.98,15.33,0
      </coordinates>
    </LineString>
  </Placemark>
  <Placemark>
    <name>Route Sibalom to San Jose</name>
    <description>Assigned Demand Flow: 1280</description>
    <styleUrl>#lineStyle</styleUrl>
    <LineString>
      <tessellate>1</tessellate>
      <coordinates>
        122.017,10.7883,0
        121.941,10.7433,0
      </coordinates>
    </LineString>
  </Placemark>
  <Placemark>
    <name>Route Jose Pañganiban to Daet</name>
    <description>Assigned Demand Flow: 1280</description>
    <styleUrl>#lineStyle</styleUrl>
    <LineString>
      <tessellate>1</tessellate>
      <coordinates>
        122.693,14.2922,0
        122.956,14.1142,0
      </coordinates>
    </LineString>
  </Placemark>
  <Placemark>
    <name>Route San Fernando to Malaybalay</name>
    <description>Assigned Demand Flow: 1267</description>
    <styleUrl>#lineStyle</styleUrl>
    <LineString>
      <tessellate>1</tessellate>
      <coordinates>
        125.329,7.9178,0
        125.133,8.1564,0
      </coordinates>
    </LineString>
  </Placemark>
  <Placemark>
    <name>Route Calinog to Panay</name>
    <description>Assigned Demand Flow: 1262</description>
    <styleUrl>#lineStyle</styleUrl>
    <LineString>
      <tessellate>1</tessellate>
      <coordinates>
        122.5,11.13,0
        122.793,11.5553,0
      </coordinates>
    </LineString>
  </Placemark>
  <Placemark>
    <name>Route Moncada to Baguio City</name>
    <description>Assigned Demand Flow: 1261</description>
    <styleUrl>#lineStyle</styleUrl>
    <LineString>
      <tessellate>1</tessellate>
      <coordinates>
        120.573,15.7331,0
        120.593,16.4119,0
      </coordinates>
    </LineString>
  </Placemark>
  <Placemark>
    <name>Route Bansalan to Kidapawan</name>
    <description>Assigned Demand Flow: 845.84</description>
    <styleUrl>#lineStyle</styleUrl>
    <LineString>
      <tessellate>1</tessellate>
      <coordinates>
        125.22,6.78,0
        125.089,7.0083,0
      </coordinates>
    </LineString>
  </Placemark>
  <Placemark>
    <name>Route Bansalan to Buluan</name>
    <description>Assigned Demand Flow: 417.16</description>
    <styleUrl>#lineStyle</styleUrl>
    <LineString>
      <tessellate>1</tessellate>
      <coordinates>
        125.22,6.78,0
        124.785,6.7154,0
      </coordinates>
    </LineString>
  </Placemark>
  <Placemark>
    <name>Route Kapatagan to Tubod</name>
    <description>Assigned Demand Flow: 1256</description>
    <styleUrl>#lineStyle</styleUrl>
    <LineString>
      <tessellate>1</tessellate>
      <coordinates>
        123.77,7.9,0
        123.8,8.05,0
      </coordinates>
    </LineString>
  </Placemark>
  <Placemark>
    <name>Route Panchari Bazar to Iba</name>
    <description>Assigned Demand Flow: 1252</description>
    <styleUrl>#lineStyle</styleUrl>
    <LineString>
      <tessellate>1</tessellate>
      <coordinates>
        91.9027,23.2867,0
        119.98,15.33,0
      </coordinates>
    </LineString>
  </Placemark>
  <Placemark>
    <name>Route Aurora to Boac</name>
    <description>Assigned Demand Flow: 1234</description>
    <styleUrl>#lineStyle</styleUrl>
    <LineString>
      <tessellate>1</tessellate>
      <coordinates>
        122.52,13.35,0
        121.83,13.45,0
      </coordinates>
    </LineString>
  </Placemark>
  <Placemark>
    <name>Route Cambanugoy to Tagum</name>
    <description>Assigned Demand Flow: 631.509</description>
    <styleUrl>#lineStyle</styleUrl>
    <LineString>
      <tessellate>1</tessellate>
      <coordinates>
        125.751,7.5386,0
        125.808,7.4478,0
      </coordinates>
    </LineString>
  </Placemark>
  <Placemark>
    <name>Route Cambanugoy to Nabunturan</name>
    <description>Assigned Demand Flow: 614.491</description>
    <styleUrl>#lineStyle</styleUrl>
    <LineString>
      <tessellate>1</tessellate>
      <coordinates>
        125.751,7.5386,0
        125.966,7.6008,0
      </coordinates>
    </LineString>
  </Placemark>
  <Placemark>
    <name>Route Nakhyaungcharīpāra to Iba</name>
    <description>Assigned Demand Flow: 1232</description>
    <styleUrl>#lineStyle</styleUrl>
    <LineString>
      <tessellate>1</tessellate>
      <coordinates>
        92.1779,21.4281,0
        119.98,15.33,0
      </coordinates>
    </LineString>
  </Placemark>
  <Placemark>
    <name>Route Santa Ana to Malabon</name>
    <description>Assigned Demand Flow: 1222</description>
    <styleUrl>#lineStyle</styleUrl>
    <LineString>
      <tessellate>1</tessellate>
      <coordinates>
        120.768,15.0939,0
        120.96,14.66,0
      </coordinates>
    </LineString>
  </Placemark>
  <Placemark>
    <name>Route Itogon to Baguio City</name>
    <description>Assigned Demand Flow: 1221</description>
    <styleUrl>#lineStyle</styleUrl>
    <LineString>
      <tessellate>1</tessellate>
      <coordinates>
        120.67,16.37,0
        120.593,16.4119,0
      </coordinates>
    </LineString>
  </Placemark>
  <Placemark>
    <name>Route Baao to Daet</name>
    <description>Assigned Demand Flow: 1228</description>
    <styleUrl>#lineStyle</styleUrl>
    <LineString>
      <tessellate>1</tessellate>
      <coordinates>
        123.365,13.4535,0
        122.956,14.1142,0
      </coordinates>
    </LineString>
  </Placemark>
  <Placemark>
    <name>Route Taal to Batangas</name>
    <description>Assigned Demand Flow: 1230</description>
    <styleUrl>#lineStyle</styleUrl>
    <LineString>
      <tessellate>1</tessellate>
      <coordinates>
        120.93,13.88,0
        121,13.83,0
      </coordinates>
    </LineString>
  </Placemark>
  <Placemark>
    <name>Route Candon to Bontoc</name>
    <description>Assigned Demand Flow: 1219</description>
    <styleUrl>#lineStyle</styleUrl>
    <LineString>
      <tessellate>1</tessellate>
      <coordinates>
        120.449,17.1958,0
        120.977,17.09,0
      </coordinates>
    </LineString>
  </Placemark>
  <Placemark>
    <name>Route Tunasan to Mandaluyong City</name>
    <description>Assigned Demand Flow: 1237</description>
    <styleUrl>#lineStyle</styleUrl>
    <LineString>
      <tessellate>1</tessellate>
      <coordinates>
        121.036,14.3725,0
        121.03,14.58,0
      </coordinates>
    </LineString>
  </Placemark>
  <Placemark>
    <name>Route Abuyog to Ormoc</name>
    <description>Assigned Demand Flow: 1219</description>
    <styleUrl>#lineStyle</styleUrl>
    <LineString>
      <tessellate>1</tessellate>
      <coordinates>
        125.012,10.7458,0
        124.608,11.0106,0
      </coordinates>
    </LineString>
  </Placemark>
  <Placemark>
    <name>Route Cabatuan to San Jose</name>
    <description>Assigned Demand Flow: 1231</description>
    <styleUrl>#lineStyle</styleUrl>
    <LineString>
      <tessellate>1</tessellate>
      <coordinates>
        122.48,10.88,0
        121.941,10.7433,0
      </coordinates>
    </LineString>
  </Placemark>
  <Placemark>
    <name>Route Santo Domingo to Baler</name>
    <description>Assigned Demand Flow: 1221</description>
    <styleUrl>#lineStyle</styleUrl>
    <LineString>
      <tessellate>1</tessellate>
      <coordinates>
        120.879,15.59,0
        121.562,15.7583,0
      </coordinates>
    </LineString>
  </Placemark>
  <Placemark>
    <name>Route Tulunan to Buluan</name>
    <description>Assigned Demand Flow: 1210</description>
    <styleUrl>#lineStyle</styleUrl>
    <LineString>
      <tessellate>1</tessellate>
      <coordinates>
        124.88,6.83,0
        124.785,6.7154,0
      </coordinates>
    </LineString>
  </Placemark>
  <Placemark>
    <name>Route Jinoba-an to Dumaguete City</name>
    <description>Assigned Demand Flow: 1213</description>
    <styleUrl>#lineStyle</styleUrl>
    <LineString>
      <tessellate>1</tessellate>
      <coordinates>
        122.467,9.6018,0
        123.308,9.3103,0
      </coordinates>
    </LineString>
  </Placemark>
  <Placemark>
    <name>Route Orion to Malabon</name>
    <description>Assigned Demand Flow: 1211</description>
    <styleUrl>#lineStyle</styleUrl>
    <LineString>
      <tessellate>1</tessellate>
      <coordinates>
        120.582,14.6206,0
        120.96,14.66,0
      </coordinates>
    </LineString>
  </Placemark>
  <Placemark>
    <name>Route Castilla to Virac</name>
    <description>Assigned Demand Flow: 1222</description>
    <styleUrl>#lineStyle</styleUrl>
    <LineString>
      <tessellate>1</tessellate>
      <coordinates>
        123.876,12.9553,0
        124.23,13.58,0
      </coordinates>
    </LineString>
  </Placemark>
  <Placemark>
    <name>Route Laoang to Catarman</name>
    <description>Assigned Demand Flow: 1207</description>
    <styleUrl>#lineStyle</styleUrl>
    <LineString>
      <tessellate>1</tessellate>
      <coordinates>
        125.02,12.57,0
        124.633,12.4994,0
      </coordinates>
    </LineString>
  </Placemark>
  <Placemark>
    <name>Route Tigaon to Daet</name>
    <description>Assigned Demand Flow: 1214</description>
    <styleUrl>#lineStyle</styleUrl>
    <LineString>
      <tessellate>1</tessellate>
      <coordinates>
        123.498,13.6319,0
        122.956,14.1142,0
      </coordinates>
    </LineString>
  </Placemark>
  <Placemark>
    <name>Route Matanao to Buluan</name>
    <description>Assigned Demand Flow: 1204</description>
    <styleUrl>#lineStyle</styleUrl>
    <LineString>
      <tessellate>1</tessellate>
      <coordinates>
        125.23,6.75,0
        124.785,6.7154,0
      </coordinates>
    </LineString>
  </Placemark>
  <Placemark>
    <name>Route Lalmanirhat to Basco</name>
    <description>Assigned Demand Flow: 1200</description>
    <styleUrl>#lineStyle</styleUrl>
    <LineString>
      <tessellate>1</tessellate>
      <coordinates>
        89.4459,25.9172,0
        121.97,20.45,0
      </coordinates>
    </LineString>
  </Placemark>
  <Placemark>
    <name>Route Gubat to Catarman</name>
    <description>Assigned Demand Flow: 1206</description>
    <styleUrl>#lineStyle</styleUrl>
    <LineString>
      <tessellate>1</tessellate>
      <coordinates>
        124.123,12.9189,0
        124.633,12.4994,0
      </coordinates>
    </LineString>
  </Placemark>
  <Placemark>
    <name>Route Rosario to Baguio City</name>
    <description>Assigned Demand Flow: 1211</description>
    <styleUrl>#lineStyle</styleUrl>
    <LineString>
      <tessellate>1</tessellate>
      <coordinates>
        120.48,16.23,0
        120.593,16.4119,0
      </coordinates>
    </LineString>
  </Placemark>
  <Placemark>
    <name>Route Paracale to Daet</name>
    <description>Assigned Demand Flow: 1212</description>
    <styleUrl>#lineStyle</styleUrl>
    <LineString>
      <tessellate>1</tessellate>
      <coordinates>
        122.787,14.2797,0
        122.956,14.1142,0
      </coordinates>
    </LineString>
  </Placemark>
  <Placemark>
    <name>Route San Mariano to Ilagan</name>
    <description>Assigned Demand Flow: 1194</description>
    <styleUrl>#lineStyle</styleUrl>
    <LineString>
      <tessellate>1</tessellate>
      <coordinates>
        122.02,16.98,0
        121.889,17.1489,0
      </coordinates>
    </LineString>
  </Placemark>
  <Placemark>
    <name>Route Malay to Kalibo</name>
    <description>Assigned Demand Flow: 1203</description>
    <styleUrl>#lineStyle</styleUrl>
    <LineString>
      <tessellate>1</tessellate>
      <coordinates>
        121.909,11.8997,0
        122.37,11.7072,0
      </coordinates>
    </LineString>
  </Placemark>
  <Placemark>
    <name>Route Pirojpur to Iba</name>
    <description>Assigned Demand Flow: 1204</description>
    <styleUrl>#lineStyle</styleUrl>
    <LineString>
      <tessellate>1</tessellate>
      <coordinates>
        89.9752,22.5796,0
        119.98,15.33,0
      </coordinates>
    </LineString>
  </Placemark>
  <Placemark>
    <name>Route Obando to Malabon</name>
    <description>Assigned Demand Flow: 1205</description>
    <styleUrl>#lineStyle</styleUrl>
    <LineString>
      <tessellate>1</tessellate>
      <coordinates>
        120.938,14.7083,0
        120.96,14.66,0
      </coordinates>
    </LineString>
  </Placemark>
  <Placemark>
    <name>Route Arankhola to Iba</name>
    <description>Assigned Demand Flow: 1191</description>
    <styleUrl>#lineStyle</styleUrl>
    <LineString>
      <tessellate>1</tessellate>
      <coordinates>
        90.0806,24.6928,0
        119.98,15.33,0
      </coordinates>
    </LineString>
  </Placemark>
  <Placemark>
    <name>Route Sigaboy to Davao</name>
    <description>Assigned Demand Flow: 1197</description>
    <styleUrl>#lineStyle</styleUrl>
    <LineString>
      <tessellate>1</tessellate>
      <coordinates>
        126.072,6.6536,0
        125.6,7.07,0
      </coordinates>
    </LineString>
  </Placemark>
  <Placemark>
    <name>Route Ilog to Dumaguete City</name>
    <description>Assigned Demand Flow: 548.646</description>
    <styleUrl>#lineStyle</styleUrl>
    <LineString>
      <tessellate>1</tessellate>
      <coordinates>
        122.77,10.03,0
        123.308,9.3103,0
      </coordinates>
    </LineString>
  </Placemark>
  <Placemark>
    <name>Route Ilog to Badian</name>
    <description>Assigned Demand Flow: 648.354</description>
    <styleUrl>#lineStyle</styleUrl>
    <LineString>
      <tessellate>1</tessellate>
      <coordinates>
        122.77,10.03,0
        123.396,9.8694,0
      </coordinates>
    </LineString>
  </Placemark>
  <Placemark>
    <name>Route Ragay to Daet</name>
    <description>Assigned Demand Flow: 1188</description>
    <styleUrl>#lineStyle</styleUrl>
    <LineString>
      <tessellate>1</tessellate>
      <coordinates>
        122.79,13.8217,0
        122.956,14.1142,0
      </coordinates>
    </LineString>
  </Placemark>
  <Placemark>
    <name>Route Kananya to Ormoc</name>
    <description>Assigned Demand Flow: 1196</description>
    <styleUrl>#lineStyle</styleUrl>
    <LineString>
      <tessellate>1</tessellate>
      <coordinates>
        124.56,11.1856,0
        124.608,11.0106,0
      </coordinates>
    </LineString>
  </Placemark>
  <Placemark>
    <name>Route Medellin to Ormoc</name>
    <description>Assigned Demand Flow: 1190</description>
    <styleUrl>#lineStyle</styleUrl>
    <LineString>
      <tessellate>1</tessellate>
      <coordinates>
        123.962,11.1286,0
        124.608,11.0106,0
      </coordinates>
    </LineString>
  </Placemark>
  <Placemark>
    <name>Route Maimbung to Jolo</name>
    <description>Assigned Demand Flow: 1189</description>
    <styleUrl>#lineStyle</styleUrl>
    <LineString>
      <tessellate>1</tessellate>
      <coordinates>
        121.03,5.93,0
        121,6,0
      </coordinates>
    </LineString>
  </Placemark>
  <Placemark>
    <name>Route Esperanza to Butuan</name>
    <description>Assigned Demand Flow: 1190</description>
    <styleUrl>#lineStyle</styleUrl>
    <LineString>
      <tessellate>1</tessellate>
      <coordinates>
        125.65,8.68,0
        125.543,8.948,0
      </coordinates>
    </LineString>
  </Placemark>
  <Placemark>
    <name>Route Alfonso to Batangas</name>
    <description>Assigned Demand Flow: 1186</description>
    <styleUrl>#lineStyle</styleUrl>
    <LineString>
      <tessellate>1</tessellate>
      <coordinates>
        120.855,14.1379,0
        121,13.83,0
      </coordinates>
    </LineString>
  </Placemark>
  <Placemark>
    <name>Route Irosin to Masbate</name>
    <description>Assigned Demand Flow: 1192</description>
    <styleUrl>#lineStyle</styleUrl>
    <LineString>
      <tessellate>1</tessellate>
      <coordinates>
        124.032,12.705,0
        123.58,12.27,0
      </coordinates>
    </LineString>
  </Placemark>
  <Placemark>
    <name>Route San Francisco to Ormoc</name>
    <description>Assigned Demand Flow: 1175</description>
    <styleUrl>#lineStyle</styleUrl>
    <LineString>
      <tessellate>1</tessellate>
      <coordinates>
        124.35,10.65,0
        124.608,11.0106,0
      </coordinates>
    </LineString>
  </Placemark>
  <Placemark>
    <name>Route San Simon to Malabon</name>
    <description>Assigned Demand Flow: 1182</description>
    <styleUrl>#lineStyle</styleUrl>
    <LineString>
      <tessellate>1</tessellate>
      <coordinates>
        120.78,14.998,0
        120.96,14.66,0
      </coordinates>
    </LineString>
  </Placemark>
  <Placemark>
    <name>Route Mansalay to Romblon</name>
    <description>Assigned Demand Flow: 1188</description>
    <styleUrl>#lineStyle</styleUrl>
    <LineString>
      <tessellate>1</tessellate>
      <coordinates>
        121.439,12.5204,0
        122.28,12.55,0
      </coordinates>
    </LineString>
  </Placemark>
  <Placemark>
    <name>Route Upi to Cotabato</name>
    <description>Assigned Demand Flow: 1177</description>
    <styleUrl>#lineStyle</styleUrl>
    <LineString>
      <tessellate>1</tessellate>
      <coordinates>
        124.163,7.0106,0
        124.25,7.22,0
      </coordinates>
    </LineString>
  </Placemark>
  <Placemark>
    <name>Route Gattaran to Kabugao</name>
    <description>Assigned Demand Flow: 1175</description>
    <styleUrl>#lineStyle</styleUrl>
    <LineString>
      <tessellate>1</tessellate>
      <coordinates>
        121.645,18.0611,0
        121.183,18.0239,0
      </coordinates>
    </LineString>
  </Placemark>
  <Placemark>
    <name>Route Roxas to Romblon</name>
    <description>Assigned Demand Flow: 1171</description>
    <styleUrl>#lineStyle</styleUrl>
    <LineString>
      <tessellate>1</tessellate>
      <coordinates>
        121.5,12.58,0
        122.28,12.55,0
      </coordinates>
    </LineString>
  </Placemark>
  <Placemark>
    <name>Route Canlaon to Lapu-Lapu City</name>
    <description>Assigned Demand Flow: 1172</description>
    <styleUrl>#lineStyle</styleUrl>
    <LineString>
      <tessellate>1</tessellate>
      <coordinates>
        123.2,10.38,0
        123.949,10.3127,0
      </coordinates>
    </LineString>
  </Placemark>
  <Placemark>
    <name>Route El Salvador to Cagayan de Oro</name>
    <description>Assigned Demand Flow: 1177</description>
    <styleUrl>#lineStyle</styleUrl>
    <LineString>
      <tessellate>1</tessellate>
      <coordinates>
        124.52,8.57,0
        124.65,8.48,0
      </coordinates>
    </LineString>
  </Placemark>
  <Placemark>
    <name>Route Calatagan to Batangas</name>
    <description>Assigned Demand Flow: 1174</description>
    <styleUrl>#lineStyle</styleUrl>
    <LineString>
      <tessellate>1</tessellate>
      <coordinates>
        120.632,13.8322,0
        121,13.83,0
      </coordinates>
    </LineString>
  </Placemark>
  <Placemark>
    <name>Route Baganga to Nabunturan</name>
    <description>Assigned Demand Flow: 1167</description>
    <styleUrl>#lineStyle</styleUrl>
    <LineString>
      <tessellate>1</tessellate>
      <coordinates>
        126.558,7.5752,0
        125.966,7.6008,0
      </coordinates>
    </LineString>
  </Placemark>
  <Placemark>
    <name>Route Raharpur to Iba</name>
    <description>Assigned Demand Flow: 1180</description>
    <styleUrl>#lineStyle</styleUrl>
    <LineString>
      <tessellate>1</tessellate>
      <coordinates>
        88.325,24.8194,0
        119.98,15.33,0
      </coordinates>
    </LineString>
  </Placemark>
  <Placemark>
    <name>Route San Luis to Malabon</name>
    <description>Assigned Demand Flow: 1164</description>
    <styleUrl>#lineStyle</styleUrl>
    <LineString>
      <tessellate>1</tessellate>
      <coordinates>
        120.792,15.04,0
        120.96,14.66,0
      </coordinates>
    </LineString>
  </Placemark>
  <Placemark>
    <name>Route Ibaan to Batangas</name>
    <description>Assigned Demand Flow: 1168</description>
    <styleUrl>#lineStyle</styleUrl>
    <LineString>
      <tessellate>1</tessellate>
      <coordinates>
        121.133,13.8176,0
        121,13.83,0
      </coordinates>
    </LineString>
  </Placemark>
  <Placemark>
    <name>Route Palompon to Ormoc</name>
    <description>Assigned Demand Flow: 1176</description>
    <styleUrl>#lineStyle</styleUrl>
    <LineString>
      <tessellate>1</tessellate>
      <coordinates>
        124.38,11.05,0
        124.608,11.0106,0
      </coordinates>
    </LineString>
  </Placemark>
  <Placemark>
    <name>Route Barotac Nuevo to Panay</name>
    <description>Assigned Demand Flow: 1166</description>
    <styleUrl>#lineStyle</styleUrl>
    <LineString>
      <tessellate>1</tessellate>
      <coordinates>
        122.7,10.9,0
        122.793,11.5553,0
      </coordinates>
    </LineString>
  </Placemark>
  <Placemark>
    <name>Route Masantol to Malabon</name>
    <description>Assigned Demand Flow: 1152</description>
    <styleUrl>#lineStyle</styleUrl>
    <LineString>
      <tessellate>1</tessellate>
      <coordinates>
        120.72,14.9,0
        120.96,14.66,0
      </coordinates>
    </LineString>
  </Placemark>
  <Placemark>
    <name>Route New Corella to Nabunturan</name>
    <description>Assigned Demand Flow: 1165</description>
    <styleUrl>#lineStyle</styleUrl>
    <LineString>
      <tessellate>1</tessellate>
      <coordinates>
        125.824,7.5866,0
        125.966,7.6008,0
      </coordinates>
    </LineString>
  </Placemark>
  <Placemark>
    <name>Route Cogan to Lapu-Lapu City</name>
    <description>Assigned Demand Flow: 1162</description>
    <styleUrl>#lineStyle</styleUrl>
    <LineString>
      <tessellate>1</tessellate>
      <coordinates>
        123.97,10.58,0
        123.949,10.3127,0
      </coordinates>
    </LineString>
  </Placemark>
  <Placemark>
    <name>Route Dumanjog to Maribojoc</name>
    <description>Assigned Demand Flow: 1160</description>
    <styleUrl>#lineStyle</styleUrl>
    <LineString>
      <tessellate>1</tessellate>
      <coordinates>
        123.48,10.05,0
        123.85,9.75,0
      </coordinates>
    </LineString>
  </Placemark>
  <Placemark>
    <name>Route Asingan to Baguio City</name>
    <description>Assigned Demand Flow: 1153</description>
    <styleUrl>#lineStyle</styleUrl>
    <LineString>
      <tessellate>1</tessellate>
      <coordinates>
        120.669,16.0023,0
        120.593,16.4119,0
      </coordinates>
    </LineString>
  </Placemark>
  <Placemark>
    <name>Route Milagros to Masbate</name>
    <description>Assigned Demand Flow: 1150</description>
    <styleUrl>#lineStyle</styleUrl>
    <LineString>
      <tessellate>1</tessellate>
      <coordinates>
        123.509,12.2192,0
        123.58,12.27,0
      </coordinates>
    </LineString>
  </Placemark>
  <Placemark>
    <name>Route Santa Maria to Alabel</name>
    <description>Assigned Demand Flow: 1158</description>
    <styleUrl>#lineStyle</styleUrl>
    <LineString>
      <tessellate>1</tessellate>
      <coordinates>
        125.47,6.55,0
        125.287,6.1023,0
      </coordinates>
    </LineString>
  </Placemark>
  <Placemark>
    <name>Route Tanauan to Tacloban</name>
    <description>Assigned Demand Flow: 1156</description>
    <styleUrl>#lineStyle</styleUrl>
    <LineString>
      <tessellate>1</tessellate>
      <coordinates>
        125.02,11.12,0
        125,11.24,0
      </coordinates>
    </LineString>
  </Placemark>
  <Placemark>
    <name>Route Cupang to Mandaluyong City</name>
    <description>Assigned Demand Flow: 1151</description>
    <styleUrl>#lineStyle</styleUrl>
    <LineString>
      <tessellate>1</tessellate>
      <coordinates>
        121.049,14.4315,0
        121.03,14.58,0
      </coordinates>
    </LineString>
  </Placemark>
  <Placemark>
    <name>Route Alangalang to Tacloban</name>
    <description>Assigned Demand Flow: 1152</description>
    <styleUrl>#lineStyle</styleUrl>
    <LineString>
      <tessellate>1</tessellate>
      <coordinates>
        124.848,11.2061,0
        125,11.24,0
      </coordinates>
    </LineString>
  </Placemark>
  <Placemark>
    <name>Route Uson to Masbate</name>
    <description>Assigned Demand Flow: 1140</description>
    <styleUrl>#lineStyle</styleUrl>
    <LineString>
      <tessellate>1</tessellate>
      <coordinates>
        123.783,12.2253,0
        123.58,12.27,0
      </coordinates>
    </LineString>
  </Placemark>
  <Placemark>
    <name>Route Jasaan to Cagayan de Oro</name>
    <description>Assigned Demand Flow: 1136</description>
    <styleUrl>#lineStyle</styleUrl>
    <LineString>
      <tessellate>1</tessellate>
      <coordinates>
        124.75,8.65,0
        124.65,8.48,0
      </coordinates>
    </LineString>
  </Placemark>
  <Placemark>
    <name>Route Hagonoy to Davao</name>
    <description>Assigned Demand Flow: 1135</description>
    <styleUrl>#lineStyle</styleUrl>
    <LineString>
      <tessellate>1</tessellate>
      <coordinates>
        125.3,6.68,0
        125.6,7.07,0
      </coordinates>
    </LineString>
  </Placemark>
  <Placemark>
    <name>Route Pinagkaisahan to Mandaluyong City</name>
    <description>Assigned Demand Flow: 1145</description>
    <styleUrl>#lineStyle</styleUrl>
    <LineString>
      <tessellate>1</tessellate>
      <coordinates>
        121.055,14.5229,0
        121.03,14.58,0
      </coordinates>
    </LineString>
  </Placemark>
  <Placemark>
    <name>Route Lagonoy to Daet</name>
    <description>Assigned Demand Flow: 1138</description>
    <styleUrl>#lineStyle</styleUrl>
    <LineString>
      <tessellate>1</tessellate>
      <coordinates>
        123.521,13.7353,0
        122.956,14.1142,0
      </coordinates>
    </LineString>
  </Placemark>
  <Placemark>
    <name>Route Basey to Tacloban</name>
    <description>Assigned Demand Flow: 1124</description>
    <styleUrl>#lineStyle</styleUrl>
    <LineString>
      <tessellate>1</tessellate>
      <coordinates>
        125.068,11.2817,0
        125,11.24,0
      </coordinates>
    </LineString>
  </Placemark>
  <Placemark>
    <name>Route Pangantocan to Malaybalay</name>
    <description>Assigned Demand Flow: 1141</description>
    <styleUrl>#lineStyle</styleUrl>
    <LineString>
      <tessellate>1</tessellate>
      <coordinates>
        124.829,7.8331,0
        125.133,8.1564,0
      </coordinates>
    </LineString>
  </Placemark>
  <Placemark>
    <name>Route Ramon to Santiago</name>
    <description>Assigned Demand Flow: 1120</description>
    <styleUrl>#lineStyle</styleUrl>
    <LineString>
      <tessellate>1</tessellate>
      <coordinates>
        121.53,16.78,0
        121.55,16.68,0
      </coordinates>
    </LineString>
  </Placemark>
  <Placemark>
    <name>Route Tiwi to Virac</name>
    <description>Assigned Demand Flow: 1136</description>
    <styleUrl>#lineStyle</styleUrl>
    <LineString>
      <tessellate>1</tessellate>
      <coordinates>
        123.68,13.4585,0
        124.23,13.58,0
      </coordinates>
    </LineString>
  </Placemark>
  <Placemark>
    <name>Route Binalonan to Baguio City</name>
    <description>Assigned Demand Flow: 1121</description>
    <styleUrl>#lineStyle</styleUrl>
    <LineString>
      <tessellate>1</tessellate>
      <coordinates>
        120.6,16.05,0
        120.593,16.4119,0
      </coordinates>
    </LineString>
  </Placemark>
  <Placemark>
    <name>Route Sucat to Quezon City</name>
    <description>Assigned Demand Flow: 136.539</description>
    <styleUrl>#lineStyle</styleUrl>
    <LineString>
      <tessellate>1</tessellate>
      <coordinates>
        121.05,14.46,0
        121.047,14.65,0
      </coordinates>
    </LineString>
  </Placemark>
  <Placemark>
    <name>Route Sucat to Mandaluyong City</name>
    <description>Assigned Demand Flow: 486.534</description>
    <styleUrl>#lineStyle</styleUrl>
    <LineString>
      <tessellate>1</tessellate>
      <coordinates>
        121.05,14.46,0
        121.03,14.58,0
      </coordinates>
    </LineString>
  </Placemark>
  <Placemark>
    <name>Route Sucat to San Juan</name>
    <description>Assigned Demand Flow: 501.927</description>
    <styleUrl>#lineStyle</styleUrl>
    <LineString>
      <tessellate>1</tessellate>
      <coordinates>
        121.05,14.46,0
        121.03,14.604,0
      </coordinates>
    </LineString>
  </Placemark>
  <Placemark>
    <name>Route Placer to Masbate</name>
    <description>Assigned Demand Flow: 1116</description>
    <styleUrl>#lineStyle</styleUrl>
    <LineString>
      <tessellate>1</tessellate>
      <coordinates>
        123.917,11.8689,0
        123.58,12.27,0
      </coordinates>
    </LineString>
  </Placemark>
  <Placemark>
    <name>Route Lian to Batangas</name>
    <description>Assigned Demand Flow: 1124</description>
    <styleUrl>#lineStyle</styleUrl>
    <LineString>
      <tessellate>1</tessellate>
      <coordinates>
        120.65,14.03,0
        121,13.83,0
      </coordinates>
    </LineString>
  </Placemark>
  <Placemark>
    <name>Route Libungan to Cotabato</name>
    <description>Assigned Demand Flow: 1115</description>
    <styleUrl>#lineStyle</styleUrl>
    <LineString>
      <tessellate>1</tessellate>
      <coordinates>
        124.52,7.25,0
        124.25,7.22,0
      </coordinates>
    </LineString>
  </Placemark>
  <Placemark>
    <name>Route Magsaysay to Buluan</name>
    <description>Assigned Demand Flow: 1123</description>
    <styleUrl>#lineStyle</styleUrl>
    <LineString>
      <tessellate>1</tessellate>
      <coordinates>
        125.18,6.77,0
        124.785,6.7154,0
      </coordinates>
    </LineString>
  </Placemark>
  <Placemark>
    <name>Route Diffun to Santiago</name>
    <description>Assigned Demand Flow: 1124</description>
    <styleUrl>#lineStyle</styleUrl>
    <LineString>
      <tessellate>1</tessellate>
      <coordinates>
        121.502,16.5936,0
        121.55,16.68,0
      </coordinates>
    </LineString>
  </Placemark>
  <Placemark>
    <name>Route Lower Bicutan to Quezon City</name>
    <description>Assigned Demand Flow: 1124</description>
    <styleUrl>#lineStyle</styleUrl>
    <LineString>
      <tessellate>1</tessellate>
      <coordinates>
        121.065,14.5053,0
        121.047,14.65,0
      </coordinates>
    </LineString>
  </Placemark>
  <Placemark>
    <name>Route General Tinio to Baler</name>
    <description>Assigned Demand Flow: 1118</description>
    <styleUrl>#lineStyle</styleUrl>
    <LineString>
      <tessellate>1</tessellate>
      <coordinates>
        121.05,15.35,0
        121.562,15.7583,0
      </coordinates>
    </LineString>
  </Placemark>
  <Placemark>
    <name>Route Poblacion to Maribojoc</name>
    <description>Assigned Demand Flow: 1107</description>
    <styleUrl>#lineStyle</styleUrl>
    <LineString>
      <tessellate>1</tessellate>
      <coordinates>
        123.97,10.47,0
        123.85,9.75,0
      </coordinates>
    </LineString>
  </Placemark>
  <Placemark>
    <name>Route Bambang to Bayombong</name>
    <description>Assigned Demand Flow: 1120</description>
    <styleUrl>#lineStyle</styleUrl>
    <LineString>
      <tessellate>1</tessellate>
      <coordinates>
        121.108,16.3872,0
        121.15,16.48,0
      </coordinates>
    </LineString>
  </Placemark>
  <Placemark>
    <name>Route Paombong to Malabon</name>
    <description>Assigned Demand Flow: 1105</description>
    <styleUrl>#lineStyle</styleUrl>
    <LineString>
      <tessellate>1</tessellate>
      <coordinates>
        120.789,14.8311,0
        120.96,14.66,0
      </coordinates>
    </LineString>
  </Placemark>
  <Placemark>
    <name>Route Mulanay to Boac</name>
    <description>Assigned Demand Flow: 1102</description>
    <styleUrl>#lineStyle</styleUrl>
    <LineString>
      <tessellate>1</tessellate>
      <coordinates>
        122.404,13.5222,0
        121.83,13.45,0
      </coordinates>
    </LineString>
  </Placemark>
  <Placemark>
    <name>Route Urbiztondo to Baguio City</name>
    <description>Assigned Demand Flow: 1021.01</description>
    <styleUrl>#lineStyle</styleUrl>
    <LineString>
      <tessellate>1</tessellate>
      <coordinates>
        120.329,15.8227,0
        120.593,16.4119,0
      </coordinates>
    </LineString>
  </Placemark>
  <Placemark>
    <name>Route Urbiztondo to Iba</name>
    <description>Assigned Demand Flow: 88.9896</description>
    <styleUrl>#lineStyle</styleUrl>
    <LineString>
      <tessellate>1</tessellate>
      <coordinates>
        120.329,15.8227,0
        119.98,15.33,0
      </coordinates>
    </LineString>
  </Placemark>
  <Placemark>
    <name>Route Batac to Kabugao</name>
    <description>Assigned Demand Flow: 1114</description>
    <styleUrl>#lineStyle</styleUrl>
    <LineString>
      <tessellate>1</tessellate>
      <coordinates>
        120.565,18.0554,0
        121.183,18.0239,0
      </coordinates>
    </LineString>
  </Placemark>
  <Placemark>
    <name>Route Tatalon to Quezon City</name>
    <description>Assigned Demand Flow: 1111</description>
    <styleUrl>#lineStyle</styleUrl>
    <LineString>
      <tessellate>1</tessellate>
      <coordinates>
        121.015,14.6242,0
        121.047,14.65,0
      </coordinates>
    </LineString>
  </Placemark>
  <Placemark>
    <name>Route Asturias to Lapu-Lapu City</name>
    <description>Assigned Demand Flow: 973.441</description>
    <styleUrl>#lineStyle</styleUrl>
    <LineString>
      <tessellate>1</tessellate>
      <coordinates>
        123.717,10.5679,0
        123.949,10.3127,0
      </coordinates>
    </LineString>
  </Placemark>
  <Placemark>
    <name>Route Asturias to Maribojoc</name>
    <description>Assigned Demand Flow: 140.559</description>
    <styleUrl>#lineStyle</styleUrl>
    <LineString>
      <tessellate>1</tessellate>
      <coordinates>
        123.717,10.5679,0
        123.85,9.75,0
      </coordinates>
    </LineString>
  </Placemark>
  <Placemark>
    <name>Route Mercedes to Daet</name>
    <description>Assigned Demand Flow: 1101</description>
    <styleUrl>#lineStyle</styleUrl>
    <LineString>
      <tessellate>1</tessellate>
      <coordinates>
        123.011,14.1093,0
        122.956,14.1142,0
      </coordinates>
    </LineString>
  </Placemark>
  <Placemark>
    <name>Route Manapla to Roxas City</name>
    <description>Assigned Demand Flow: 1100</description>
    <styleUrl>#lineStyle</styleUrl>
    <LineString>
      <tessellate>1</tessellate>
      <coordinates>
        123.123,10.958,0
        122.751,11.5894,0
      </coordinates>
    </LineString>
  </Placemark>
  <Placemark>
    <name>Route Elenga to La Trinidad</name>
    <description>Assigned Demand Flow: 1101</description>
    <styleUrl>#lineStyle</styleUrl>
    <LineString>
      <tessellate>1</tessellate>
      <coordinates>
        89.9219,24.3386,0
        120.59,16.46,0
      </coordinates>
    </LineString>
  </Placemark>
  <Placemark>
    <name>Route Santa Cruz to Boac</name>
    <description>Assigned Demand Flow: 1083</description>
    <styleUrl>#lineStyle</styleUrl>
    <LineString>
      <tessellate>1</tessellate>
      <coordinates>
        122.03,13.48,0
        121.83,13.45,0
      </coordinates>
    </LineString>
  </Placemark>
  <Placemark>
    <name>Route Carigara to Ormoc</name>
    <description>Assigned Demand Flow: 1090</description>
    <styleUrl>#lineStyle</styleUrl>
    <LineString>
      <tessellate>1</tessellate>
      <coordinates>
        124.68,11.3,0
        124.608,11.0106,0
      </coordinates>
    </LineString>
  </Placemark>
  <Placemark>
    <name>Route Sara to Roxas City</name>
    <description>Assigned Demand Flow: 1077.31</description>
    <styleUrl>#lineStyle</styleUrl>
    <LineString>
      <tessellate>1</tessellate>
      <coordinates>
        123.02,11.25,0
        122.751,11.5894,0
      </coordinates>
    </LineString>
  </Placemark>
  <Placemark>
    <name>Route Sara to Panay</name>
    <description>Assigned Demand Flow: 23.6944</description>
    <styleUrl>#lineStyle</styleUrl>
    <LineString>
      <tessellate>1</tessellate>
      <coordinates>
        123.02,11.25,0
        122.793,11.5553,0
      </coordinates>
    </LineString>
  </Placemark>
  <Placemark>
    <name>Route Pila to Tiaong</name>
    <description>Assigned Demand Flow: 1086</description>
    <styleUrl>#lineStyle</styleUrl>
    <LineString>
      <tessellate>1</tessellate>
      <coordinates>
        121.37,14.23,0
        121.32,13.95,0
      </coordinates>
    </LineString>
  </Placemark>
  <Placemark>
    <name>Route Masinloc to Baguio City</name>
    <description>Assigned Demand Flow: 1092</description>
    <styleUrl>#lineStyle</styleUrl>
    <LineString>
      <tessellate>1</tessellate>
      <coordinates>
        119.95,15.53,0
        120.593,16.4119,0
      </coordinates>
    </LineString>
  </Placemark>
  <Placemark>
    <name>Route Pontevedra to San Jose</name>
    <description>Assigned Demand Flow: 1097</description>
    <styleUrl>#lineStyle</styleUrl>
    <LineString>
      <tessellate>1</tessellate>
      <coordinates>
        122.88,10.37,0
        121.941,10.7433,0
      </coordinates>
    </LineString>
  </Placemark>
  <Placemark>
    <name>Route Trento to Nabunturan</name>
    <description>Assigned Demand Flow: 1097</description>
    <styleUrl>#lineStyle</styleUrl>
    <LineString>
      <tessellate>1</tessellate>
      <coordinates>
        126.06,8.05,0
        125.966,7.6008,0
      </coordinates>
    </LineString>
  </Placemark>
  <Placemark>
    <name>Route Tapas to Roxas City</name>
    <description>Assigned Demand Flow: 1092</description>
    <styleUrl>#lineStyle</styleUrl>
    <LineString>
      <tessellate>1</tessellate>
      <coordinates>
        122.537,11.2622,0
        122.751,11.5894,0
      </coordinates>
    </LineString>
  </Placemark>
  <Placemark>
    <name>Route San Isidro to Malabon</name>
    <description>Assigned Demand Flow: 1091</description>
    <styleUrl>#lineStyle</styleUrl>
    <LineString>
      <tessellate>1</tessellate>
      <coordinates>
        120.907,15.3097,0
        120.96,14.66,0
      </coordinates>
    </LineString>
  </Placemark>
  <Placemark>
    <name>Route San Manuel to Baguio City</name>
    <description>Assigned Demand Flow: 1093</description>
    <styleUrl>#lineStyle</styleUrl>
    <LineString>
      <tessellate>1</tessellate>
      <coordinates>
        120.667,16.0656,0
        120.593,16.4119,0
      </coordinates>
    </LineString>
  </Placemark>
  <Placemark>
    <name>Route Don Bosco to Quezon City</name>
    <description>Assigned Demand Flow: 1082</description>
    <styleUrl>#lineStyle</styleUrl>
    <LineString>
      <tessellate>1</tessellate>
      <coordinates>
        121.026,14.4817,0
        121.047,14.65,0
      </coordinates>
    </LineString>
  </Placemark>
  <Placemark>
    <name>Route Jālākāti to La Trinidad</name>
    <description>Assigned Demand Flow: 1087</description>
    <styleUrl>#lineStyle</styleUrl>
    <LineString>
      <tessellate>1</tessellate>
      <coordinates>
        90.1988,22.6409,0
        120.59,16.46,0
      </coordinates>
    </LineString>
  </Placemark>
  <Placemark>
    <name>Route Tagkawayan to Perez</name>
    <description>Assigned Demand Flow: 1074</description>
    <styleUrl>#lineStyle</styleUrl>
    <LineString>
      <tessellate>1</tessellate>
      <coordinates>
        122.53,13.97,0
        121.93,14.18,0
      </coordinates>
    </LineString>
  </Placemark>
  <Placemark>
    <name>Route Titay to Ipil</name>
    <description>Assigned Demand Flow: 1078</description>
    <styleUrl>#lineStyle</styleUrl>
    <LineString>
      <tessellate>1</tessellate>
      <coordinates>
        122.559,7.8703,0
        122.587,7.7822,0
      </coordinates>
    </LineString>
  </Placemark>
  <Placemark>
    <name>Route Minalabac to Daet</name>
    <description>Assigned Demand Flow: 282.116</description>
    <styleUrl>#lineStyle</styleUrl>
    <LineString>
      <tessellate>1</tessellate>
      <coordinates>
        123.184,13.57,0
        122.956,14.1142,0
      </coordinates>
    </LineString>
  </Placemark>
  <Placemark>
    <name>Route Minalabac to Virac</name>
    <description>Assigned Demand Flow: 791.884</description>
    <styleUrl>#lineStyle</styleUrl>
    <LineString>
      <tessellate>1</tessellate>
      <coordinates>
        123.184,13.57,0
        124.23,13.58,0
      </coordinates>
    </LineString>
  </Placemark>
  <Placemark>
    <name>Route Cabagan to Ilagan</name>
    <description>Assigned Demand Flow: 1069</description>
    <styleUrl>#lineStyle</styleUrl>
    <LineString>
      <tessellate>1</tessellate>
      <coordinates>
        121.77,17.43,0
        121.889,17.1489,0
      </coordinates>
    </LineString>
  </Placemark>
  <Placemark>
    <name>Route Impasugong to Malaybalay</name>
    <description>Assigned Demand Flow: 1083</description>
    <styleUrl>#lineStyle</styleUrl>
    <LineString>
      <tessellate>1</tessellate>
      <coordinates>
        125.001,8.3028,0
        125.133,8.1564,0
      </coordinates>
    </LineString>
  </Placemark>
  <Placemark>
    <name>Route Magpet to Davao</name>
    <description>Assigned Demand Flow: 1083</description>
    <styleUrl>#lineStyle</styleUrl>
    <LineString>
      <tessellate>1</tessellate>
      <coordinates>
        125.12,7.12,0
        125.6,7.07,0
      </coordinates>
    </LineString>
  </Placemark>
  <Placemark>
    <name>Route Kitaotao to Malaybalay</name>
    <description>Assigned Demand Flow: 1083</description>
    <styleUrl>#lineStyle</styleUrl>
    <LineString>
      <tessellate>1</tessellate>
      <coordinates>
        125.009,7.6406,0
        125.133,8.1564,0
      </coordinates>
    </LineString>
  </Placemark>
  <Placemark>
    <name>Route Ajuy to Roxas City</name>
    <description>Assigned Demand Flow: 1064</description>
    <styleUrl>#lineStyle</styleUrl>
    <LineString>
      <tessellate>1</tessellate>
      <coordinates>
        123.02,11.1725,0
        122.751,11.5894,0
      </coordinates>
    </LineString>
  </Placemark>
  <Placemark>
    <name>Route Pasacao to Daet</name>
    <description>Assigned Demand Flow: 1074</description>
    <styleUrl>#lineStyle</styleUrl>
    <LineString>
      <tessellate>1</tessellate>
      <coordinates>
        123.042,13.5103,0
        122.956,14.1142,0
      </coordinates>
    </LineString>
  </Placemark>
  <Placemark>
    <name>Route Sibonga to Maribojoc</name>
    <description>Assigned Demand Flow: 1068</description>
    <styleUrl>#lineStyle</styleUrl>
    <LineString>
      <tessellate>1</tessellate>
      <coordinates>
        123.57,10.03,0
        123.85,9.75,0
      </coordinates>
    </LineString>
  </Placemark>
  <Placemark>
    <name>Route Guiuan to Tacloban</name>
    <description>Assigned Demand Flow: 1062</description>
    <styleUrl>#lineStyle</styleUrl>
    <LineString>
      <tessellate>1</tessellate>
      <coordinates>
        125.73,11.03,0
        125,11.24,0
      </coordinates>
    </LineString>
  </Placemark>
  <Placemark>
    <name>Route Estancia to Roxas City</name>
    <description>Assigned Demand Flow: 1069</description>
    <styleUrl>#lineStyle</styleUrl>
    <LineString>
      <tessellate>1</tessellate>
      <coordinates>
        123.15,11.45,0
        122.751,11.5894,0
      </coordinates>
    </LineString>
  </Placemark>
  <Placemark>
    <name>Route Molave to Pagadian</name>
    <description>Assigned Demand Flow: 1070</description>
    <styleUrl>#lineStyle</styleUrl>
    <LineString>
      <tessellate>1</tessellate>
      <coordinates>
        123.485,8.0933,0
        123.436,7.8272,0
      </coordinates>
    </LineString>
  </Placemark>
  <Placemark>
    <name>Route Lucban to Lucena</name>
    <description>Assigned Demand Flow: 1071</description>
    <styleUrl>#lineStyle</styleUrl>
    <LineString>
      <tessellate>1</tessellate>
      <coordinates>
        121.557,14.1133,0
        121.62,13.93,0
      </coordinates>
    </LineString>
  </Placemark>
  <Placemark>
    <name>Route Zaragoza to Baler</name>
    <description>Assigned Demand Flow: 1058</description>
    <styleUrl>#lineStyle</styleUrl>
    <LineString>
      <tessellate>1</tessellate>
      <coordinates>
        120.793,15.4492,0
        121.562,15.7583,0
      </coordinates>
    </LineString>
  </Placemark>
  <Placemark>
    <name>Route Aurora to Pagadian</name>
    <description>Assigned Demand Flow: 1063</description>
    <styleUrl>#lineStyle</styleUrl>
    <LineString>
      <tessellate>1</tessellate>
      <coordinates>
        123.582,7.9484,0
        123.436,7.8272,0
      </coordinates>
    </LineString>
  </Placemark>
  <Placemark>
    <name>Route Buenavista to San Jose</name>
    <description>Assigned Demand Flow: 1049</description>
    <styleUrl>#lineStyle</styleUrl>
    <LineString>
      <tessellate>1</tessellate>
      <coordinates>
        122.63,10.7,0
        121.941,10.7433,0
      </coordinates>
    </LineString>
  </Placemark>
  <Placemark>
    <name>Route Pigcawayan to Cotabato</name>
    <description>Assigned Demand Flow: 1058</description>
    <styleUrl>#lineStyle</styleUrl>
    <LineString>
      <tessellate>1</tessellate>
      <coordinates>
        124.43,7.28,0
        124.25,7.22,0
      </coordinates>
    </LineString>
  </Placemark>
  <Placemark>
    <name>Route Hamtic to San Jose</name>
    <description>Assigned Demand Flow: 1045</description>
    <styleUrl>#lineStyle</styleUrl>
    <LineString>
      <tessellate>1</tessellate>
      <coordinates>
        121.98,10.7,0
        121.941,10.7433,0
      </coordinates>
    </LineString>
  </Placemark>
  <Placemark>
    <name>Route San Joaquin to San Jose</name>
    <description>Assigned Demand Flow: 1045</description>
    <styleUrl>#lineStyle</styleUrl>
    <LineString>
      <tessellate>1</tessellate>
      <coordinates>
        122.08,10.6,0
        121.941,10.7433,0
      </coordinates>
    </LineString>
  </Placemark>
  <Placemark>
    <name>Route Bani to Baguio City</name>
    <description>Assigned Demand Flow: 1043</description>
    <styleUrl>#lineStyle</styleUrl>
    <LineString>
      <tessellate>1</tessellate>
      <coordinates>
        119.859,16.1869,0
        120.593,16.4119,0
      </coordinates>
    </LineString>
  </Placemark>
  <Placemark>
    <name>Route President Roxas to Buluan</name>
    <description>Assigned Demand Flow: 1059</description>
    <styleUrl>#lineStyle</styleUrl>
    <LineString>
      <tessellate>1</tessellate>
      <coordinates>
        125.056,7.1544,0
        124.785,6.7154,0
      </coordinates>
    </LineString>
  </Placemark>
  <Placemark>
    <name>Route Burauen to Tacloban</name>
    <description>Assigned Demand Flow: 1047</description>
    <styleUrl>#lineStyle</styleUrl>
    <LineString>
      <tessellate>1</tessellate>
      <coordinates>
        124.9,10.98,0
        125,11.24,0
      </coordinates>
    </LineString>
  </Placemark>
  <Placemark>
    <name>Route Claveria to Cagayan de Oro</name>
    <description>Assigned Demand Flow: 1050</description>
    <styleUrl>#lineStyle</styleUrl>
    <LineString>
      <tessellate>1</tessellate>
      <coordinates>
        124.895,8.61,0
        124.65,8.48,0
      </coordinates>
    </LineString>
  </Placemark>
  <Placemark>
    <name>Route Ibajay to Kalibo</name>
    <description>Assigned Demand Flow: 1052</description>
    <styleUrl>#lineStyle</styleUrl>
    <LineString>
      <tessellate>1</tessellate>
      <coordinates>
        122.162,11.8211,0
        122.37,11.7072,0
      </coordinates>
    </LineString>
  </Placemark>
  <Placemark>
    <name>Route Sison to Baguio City</name>
    <description>Assigned Demand Flow: 1038</description>
    <styleUrl>#lineStyle</styleUrl>
    <LineString>
      <tessellate>1</tessellate>
      <coordinates>
        120.52,16.17,0
        120.593,16.4119,0
      </coordinates>
    </LineString>
  </Placemark>
  <Placemark>
    <name>Route Naguilian to La Trinidad</name>
    <description>Assigned Demand Flow: 1037</description>
    <styleUrl>#lineStyle</styleUrl>
    <LineString>
      <tessellate>1</tessellate>
      <coordinates>
        120.4,16.53,0
        120.59,16.46,0
      </coordinates>
    </LineString>
  </Placemark>
  <Placemark>
    <name>Route Victoria to Calapan</name>
    <description>Assigned Demand Flow: 1040</description>
    <styleUrl>#lineStyle</styleUrl>
    <LineString>
      <tessellate>1</tessellate>
      <coordinates>
        121.276,13.1719,0
        121.18,13.414,0
      </coordinates>
    </LineString>
  </Placemark>
  <Placemark>
    <name>Route Bato to Virac</name>
    <description>Assigned Demand Flow: 1051</description>
    <styleUrl>#lineStyle</styleUrl>
    <LineString>
      <tessellate>1</tessellate>
      <coordinates>
        123.368,13.3578,0
        124.23,13.58,0
      </coordinates>
    </LineString>
  </Placemark>
  <Placemark>
    <name>Route Leon to San Jose</name>
    <description>Assigned Demand Flow: 1042</description>
    <styleUrl>#lineStyle</styleUrl>
    <LineString>
      <tessellate>1</tessellate>
      <coordinates>
        122.389,10.7808,0
        121.941,10.7433,0
      </coordinates>
    </LineString>
  </Placemark>
  <Placemark>
    <name>Route Padre Garcia to San Antonio</name>
    <description>Assigned Demand Flow: 1030</description>
    <styleUrl>#lineStyle</styleUrl>
    <LineString>
      <tessellate>1</tessellate>
      <coordinates>
        121.22,13.88,0
        121.3,13.9,0
      </coordinates>
    </LineString>
  </Placemark>
  <Placemark>
    <name>Route Sherpur to La Trinidad</name>
    <description>Assigned Demand Flow: 1045</description>
    <styleUrl>#lineStyle</styleUrl>
    <LineString>
      <tessellate>1</tessellate>
      <coordinates>
        89.4159,24.6765,0
        120.59,16.46,0
      </coordinates>
    </LineString>
  </Placemark>
  <Placemark>
    <name>Route Caramoan to Virac</name>
    <description>Assigned Demand Flow: 1024</description>
    <styleUrl>#lineStyle</styleUrl>
    <LineString>
      <tessellate>1</tessellate>
      <coordinates>
        123.863,13.7707,0
        124.23,13.58,0
      </coordinates>
    </LineString>
  </Placemark>
  <Placemark>
    <name>Route Santa Ignacia to Baguio City</name>
    <description>Assigned Demand Flow: 1030</description>
    <styleUrl>#lineStyle</styleUrl>
    <LineString>
      <tessellate>1</tessellate>
      <coordinates>
        120.43,15.62,0
        120.593,16.4119,0
      </coordinates>
    </LineString>
  </Placemark>
  <Placemark>
    <name>Route Alaminos to Tiaong</name>
    <description>Assigned Demand Flow: 1023</description>
    <styleUrl>#lineStyle</styleUrl>
    <LineString>
      <tessellate>1</tessellate>
      <coordinates>
        121.245,14.0635,0
        121.32,13.95,0
      </coordinates>
    </LineString>
  </Placemark>
  <Placemark>
    <name>Route Bantacan to Nabunturan</name>
    <description>Assigned Demand Flow: 1035</description>
    <styleUrl>#lineStyle</styleUrl>
    <LineString>
      <tessellate>1</tessellate>
      <coordinates>
        126.138,7.5483,0
        125.966,7.6008,0
      </coordinates>
    </LineString>
  </Placemark>
  <Placemark>
    <name>Route Gopālganj to La Trinidad</name>
    <description>Assigned Demand Flow: 1018</description>
    <styleUrl>#lineStyle</styleUrl>
    <LineString>
      <tessellate>1</tessellate>
      <coordinates>
        89.8167,23,0
        120.59,16.46,0
      </coordinates>
    </LineString>
  </Placemark>
  <Placemark>
    <name>Route Ocampo to Virac</name>
    <description>Assigned Demand Flow: 1028</description>
    <styleUrl>#lineStyle</styleUrl>
    <LineString>
      <tessellate>1</tessellate>
      <coordinates>
        123.376,13.5594,0
        124.23,13.58,0
      </coordinates>
    </LineString>
  </Placemark>
  <Placemark>
    <name>Route San Narciso to Boac</name>
    <description>Assigned Demand Flow: 1030</description>
    <styleUrl>#lineStyle</styleUrl>
    <LineString>
      <tessellate>1</tessellate>
      <coordinates>
        122.567,13.5677,0
        121.83,13.45,0
      </coordinates>
    </LineString>
  </Placemark>
  <Placemark>
    <name>Route Kalamansig to Poblacion</name>
    <description>Assigned Demand Flow: 1026</description>
    <styleUrl>#lineStyle</styleUrl>
    <LineString>
      <tessellate>1</tessellate>
      <coordinates>
        124.05,6.57,0
        124.63,6.8,0
      </coordinates>
    </LineString>
  </Placemark>
  <Placemark>
    <name>Route Mabini to Batangas</name>
    <description>Assigned Demand Flow: 1012</description>
    <styleUrl>#lineStyle</styleUrl>
    <LineString>
      <tessellate>1</tessellate>
      <coordinates>
        120.941,13.7496,0
        121,13.83,0
      </coordinates>
    </LineString>
  </Placemark>
  <Placemark>
    <name>Route Sunāmganj to Basco</name>
    <description>Assigned Demand Flow: 1006</description>
    <styleUrl>#lineStyle</styleUrl>
    <LineString>
      <tessellate>1</tessellate>
      <coordinates>
        91.4,25.0667,0
        121.97,20.45,0
      </coordinates>
    </LineString>
  </Placemark>
  <Placemark>
    <name>Route Cataingan to Masbate</name>
    <description>Assigned Demand Flow: 1012</description>
    <styleUrl>#lineStyle</styleUrl>
    <LineString>
      <tessellate>1</tessellate>
      <coordinates>
        123.994,12.0028,0
        123.58,12.27,0
      </coordinates>
    </LineString>
  </Placemark>
  <Placemark>
    <name>Route Gloria to Calapan</name>
    <description>Assigned Demand Flow: 1001</description>
    <styleUrl>#lineStyle</styleUrl>
    <LineString>
      <tessellate>1</tessellate>
      <coordinates>
        121.478,12.9722,0
        121.18,13.414,0
      </coordinates>
    </LineString>
  </Placemark>
  <Placemark>
    <name>Route El Nido to Puerto Princesa</name>
    <description>Assigned Demand Flow: 1001</description>
    <styleUrl>#lineStyle</styleUrl>
    <LineString>
      <tessellate>1</tessellate>
      <coordinates>
        119.407,11.1956,0
        118.75,9.75,0
      </coordinates>
    </LineString>
  </Placemark>
  <Placemark>
    <name>Route Aringay to Baguio City</name>
    <description>Assigned Demand Flow: 1012</description>
    <styleUrl>#lineStyle</styleUrl>
    <LineString>
      <tessellate>1</tessellate>
      <coordinates>
        120.356,16.3982,0
        120.593,16.4119,0
      </coordinates>
    </LineString>
  </Placemark>
  <Placemark>
    <name>Route Wao to Marawi City</name>
    <description>Assigned Demand Flow: 1011</description>
    <styleUrl>#lineStyle</styleUrl>
    <LineString>
      <tessellate>1</tessellate>
      <coordinates>
        124.726,7.6404,0
        124.285,8.0031,0
      </coordinates>
    </LineString>
  </Placemark>
  <Placemark>
    <name>Route Amulung to Kabugao</name>
    <description>Assigned Demand Flow: 999</description>
    <styleUrl>#lineStyle</styleUrl>
    <LineString>
      <tessellate>1</tessellate>
      <coordinates>
        121.724,17.8387,0
        121.183,18.0239,0
      </coordinates>
    </LineString>
  </Placemark>
  <Placemark>
    <name>Route Peñablanca to Ilagan</name>
    <description>Assigned Demand Flow: 1005</description>
    <styleUrl>#lineStyle</styleUrl>
    <LineString>
      <tessellate>1</tessellate>
      <coordinates>
        121.785,17.6258,0
        121.889,17.1489,0
      </coordinates>
    </LineString>
  </Placemark>
  <Placemark>
    <name>Route Donsol to Masbate</name>
    <description>Assigned Demand Flow: 1011</description>
    <styleUrl>#lineStyle</styleUrl>
    <LineString>
      <tessellate>1</tessellate>
      <coordinates>
        123.598,12.9083,0
        123.58,12.27,0
      </coordinates>
    </LineString>
  </Placemark>
  <Placemark>
    <name>Route Gopālpur to La Trinidad</name>
    <description>Assigned Demand Flow: 999</description>
    <styleUrl>#lineStyle</styleUrl>
    <LineString>
      <tessellate>1</tessellate>
      <coordinates>
        89.9218,24.5601,0
        120.59,16.46,0
      </coordinates>
    </LineString>
  </Placemark>
  <Placemark>
    <name>Route Cardona to Marikina City</name>
    <description>Assigned Demand Flow: 1000</description>
    <styleUrl>#lineStyle</styleUrl>
    <LineString>
      <tessellate>1</tessellate>
      <coordinates>
        121.229,14.4861,0
        121.1,14.65,0
      </coordinates>
    </LineString>
  </Placemark>
  <Placemark>
    <name>Route Muktāgācha to Kabugao</name>
    <description>Assigned Demand Flow: 1003</description>
    <styleUrl>#lineStyle</styleUrl>
    <LineString>
      <tessellate>1</tessellate>
      <coordinates>
        90.2573,24.7668,0
        121.183,18.0239,0
      </coordinates>
    </LineString>
  </Placemark>
  <Placemark>
    <name>Route Pananaw to Jolo</name>
    <description>Assigned Demand Flow: 997</description>
    <styleUrl>#lineStyle</styleUrl>
    <LineString>
      <tessellate>1</tessellate>
      <coordinates>
        121.25,5.98,0
        121,6,0
      </coordinates>
    </LineString>
  </Placemark>
  <Placemark>
    <name>Route Pontevedra to Roxas City</name>
    <description>Assigned Demand Flow: 1003</description>
    <styleUrl>#lineStyle</styleUrl>
    <LineString>
      <tessellate>1</tessellate>
      <coordinates>
        122.83,11.48,0
        122.751,11.5894,0
      </coordinates>
    </LineString>
  </Placemark>
  <Placemark>
    <name>Route Bignay to Malabon</name>
    <description>Assigned Demand Flow: 991</description>
    <styleUrl>#lineStyle</styleUrl>
    <LineString>
      <tessellate>1</tessellate>
      <coordinates>
        120.996,14.7456,0
        120.96,14.66,0
      </coordinates>
    </LineString>
  </Placemark>
  <Placemark>
    <name>Route Rosario to Butuan</name>
    <description>Assigned Demand Flow: 993</description>
    <styleUrl>#lineStyle</styleUrl>
    <LineString>
      <tessellate>1</tessellate>
      <coordinates>
        126,8.38,0
        125.543,8.948,0
      </coordinates>
    </LineString>
  </Placemark>
  <Placemark>
    <name>Route Dumarao to Roxas City</name>
    <description>Assigned Demand Flow: 983</description>
    <styleUrl>#lineStyle</styleUrl>
    <LineString>
      <tessellate>1</tessellate>
      <coordinates>
        122.688,11.2631,0
        122.751,11.5894,0
      </coordinates>
    </LineString>
  </Placemark>
  <Placemark>
    <name>Route Noveleta to Caloocan City</name>
    <description>Assigned Demand Flow: 991</description>
    <styleUrl>#lineStyle</styleUrl>
    <LineString>
      <tessellate>1</tessellate>
      <coordinates>
        120.88,14.43,0
        120.97,14.65,0
      </coordinates>
    </LineString>
  </Placemark>
  <Placemark>
    <name>Route Kiblawan to Buluan</name>
    <description>Assigned Demand Flow: 985</description>
    <styleUrl>#lineStyle</styleUrl>
    <LineString>
      <tessellate>1</tessellate>
      <coordinates>
        125.22,6.62,0
        124.785,6.7154,0
      </coordinates>
    </LineString>
  </Placemark>
  <Placemark>
    <name>Route Bagumbayan to Quezon City</name>
    <description>Assigned Demand Flow: 990</description>
    <styleUrl>#lineStyle</styleUrl>
    <LineString>
      <tessellate>1</tessellate>
      <coordinates>
        121.057,14.4744,0
        121.047,14.65,0
      </coordinates>
    </LineString>
  </Placemark>
  <Placemark>
    <name>Route Odiongan to Romblon</name>
    <description>Assigned Demand Flow: 990</description>
    <styleUrl>#lineStyle</styleUrl>
    <LineString>
      <tessellate>1</tessellate>
      <coordinates>
        122,12.4,0
        122.28,12.55,0
      </coordinates>
    </LineString>
  </Placemark>
  <Placemark>
    <name>Route Carmen to Corella</name>
    <description>Assigned Demand Flow: 981</description>
    <styleUrl>#lineStyle</styleUrl>
    <LineString>
      <tessellate>1</tessellate>
      <coordinates>
        124.2,9.82,0
        123.92,9.68,0
      </coordinates>
    </LineString>
  </Placemark>
  <Placemark>
    <name>Route Malabang to Cotabato</name>
    <description>Assigned Demand Flow: 985</description>
    <styleUrl>#lineStyle</styleUrl>
    <LineString>
      <tessellate>1</tessellate>
      <coordinates>
        124.072,7.5933,0
        124.25,7.22,0
      </coordinates>
    </LineString>
  </Placemark>
  <Placemark>
    <name>Route Pio Duran to Masbate</name>
    <description>Assigned Demand Flow: 971</description>
    <styleUrl>#lineStyle</styleUrl>
    <LineString>
      <tessellate>1</tessellate>
      <coordinates>
        123.45,13.03,0
        123.58,12.27,0
      </coordinates>
    </LineString>
  </Placemark>
  <Placemark>
    <name>Route Vinzons to Perez</name>
    <description>Assigned Demand Flow: 977</description>
    <styleUrl>#lineStyle</styleUrl>
    <LineString>
      <tessellate>1</tessellate>
      <coordinates>
        122.908,14.1739,0
        121.93,14.18,0
      </coordinates>
    </LineString>
  </Placemark>
  <Placemark>
    <name>Route Dulag to Tacloban</name>
    <description>Assigned Demand Flow: 976</description>
    <styleUrl>#lineStyle</styleUrl>
    <LineString>
      <tessellate>1</tessellate>
      <coordinates>
        125.032,10.9525,0
        125,11.24,0
      </coordinates>
    </LineString>
  </Placemark>
  <Placemark>
    <name>Route Libona to Cagayan de Oro</name>
    <description>Assigned Demand Flow: 970</description>
    <styleUrl>#lineStyle</styleUrl>
    <LineString>
      <tessellate>1</tessellate>
      <coordinates>
        124.743,8.3333,0
        124.65,8.48,0
      </coordinates>
    </LineString>
  </Placemark>
  <Placemark>
    <name>Route Alcala to Baguio City</name>
    <description>Assigned Demand Flow: 972</description>
    <styleUrl>#lineStyle</styleUrl>
    <LineString>
      <tessellate>1</tessellate>
      <coordinates>
        120.522,15.8468,0
        120.593,16.4119,0
      </coordinates>
    </LineString>
  </Placemark>
  <Placemark>
    <name>Route Dumingag to Pagadian</name>
    <description>Assigned Demand Flow: 972</description>
    <styleUrl>#lineStyle</styleUrl>
    <LineString>
      <tessellate>1</tessellate>
      <coordinates>
        123.345,8.155,0
        123.436,7.8272,0
      </coordinates>
    </LineString>
  </Placemark>
  <Placemark>
    <name>Route Lal-lo to Kabugao</name>
    <description>Assigned Demand Flow: 983</description>
    <styleUrl>#lineStyle</styleUrl>
    <LineString>
      <tessellate>1</tessellate>
      <coordinates>
        121.662,18.2,0
        121.183,18.0239,0
      </coordinates>
    </LineString>
  </Placemark>
  <Placemark>
    <name>Route Barotac Viejo to Roxas City</name>
    <description>Assigned Demand Flow: 971</description>
    <styleUrl>#lineStyle</styleUrl>
    <LineString>
      <tessellate>1</tessellate>
      <coordinates>
        122.85,11.05,0
        122.751,11.5894,0
      </coordinates>
    </LineString>
  </Placemark>
  <Placemark>
    <name>Route Inabanga to Maribojoc</name>
    <description>Assigned Demand Flow: 968</description>
    <styleUrl>#lineStyle</styleUrl>
    <LineString>
      <tessellate>1</tessellate>
      <coordinates>
        124.07,10.03,0
        123.85,9.75,0
      </coordinates>
    </LineString>
  </Placemark>
  <Placemark>
    <name>Route Siocon to Ipil</name>
    <description>Assigned Demand Flow: 968</description>
    <styleUrl>#lineStyle</styleUrl>
    <LineString>
      <tessellate>1</tessellate>
      <coordinates>
        122.136,7.7067,0
        122.587,7.7822,0
      </coordinates>
    </LineString>
  </Placemark>
  <Placemark>
    <name>Route Minalin to Malabon</name>
    <description>Assigned Demand Flow: 968</description>
    <styleUrl>#lineStyle</styleUrl>
    <LineString>
      <tessellate>1</tessellate>
      <coordinates>
        120.68,14.97,0
        120.96,14.66,0
      </coordinates>
    </LineString>
  </Placemark>
  <Placemark>
    <name>Route Tuba to Baguio City</name>
    <description>Assigned Demand Flow: 965</description>
    <styleUrl>#lineStyle</styleUrl>
    <LineString>
      <tessellate>1</tessellate>
      <coordinates>
        120.56,16.3928,0
        120.593,16.4119,0
      </coordinates>
    </LineString>
  </Placemark>
  <Placemark>
    <name>Route Mahayag to Pagadian</name>
    <description>Assigned Demand Flow: 957</description>
    <styleUrl>#lineStyle</styleUrl>
    <LineString>
      <tessellate>1</tessellate>
      <coordinates>
        123.438,8.1297,0
        123.436,7.8272,0
      </coordinates>
    </LineString>
  </Placemark>
  <Placemark>
    <name>Route Chhāgalnāiya to La Trinidad</name>
    <description>Assigned Demand Flow: 958</description>
    <styleUrl>#lineStyle</styleUrl>
    <LineString>
      <tessellate>1</tessellate>
      <coordinates>
        91.5109,23.0248,0
        120.59,16.46,0
      </coordinates>
    </LineString>
  </Placemark>
  <Placemark>
    <name>Route Santa Rita to Malabon</name>
    <description>Assigned Demand Flow: 966</description>
    <styleUrl>#lineStyle</styleUrl>
    <LineString>
      <tessellate>1</tessellate>
      <coordinates>
        120.615,14.9953,0
        120.96,14.66,0
      </coordinates>
    </LineString>
  </Placemark>
  <Placemark>
    <name>Route Bacolor to Malabon</name>
    <description>Assigned Demand Flow: 960</description>
    <styleUrl>#lineStyle</styleUrl>
    <LineString>
      <tessellate>1</tessellate>
      <coordinates>
        120.653,14.9984,0
        120.96,14.66,0
      </coordinates>
    </LineString>
  </Placemark>
  <Placemark>
    <name>Route Balimbing to Jolo</name>
    <description>Assigned Demand Flow: 969</description>
    <styleUrl>#lineStyle</styleUrl>
    <LineString>
      <tessellate>1</tessellate>
      <coordinates>
        119.885,5.0728,0
        121,6,0
      </coordinates>
    </LineString>
  </Placemark>
  <Placemark>
    <name>Route New Washington to Kalibo</name>
    <description>Assigned Demand Flow: 965</description>
    <styleUrl>#lineStyle</styleUrl>
    <LineString>
      <tessellate>1</tessellate>
      <coordinates>
        122.434,11.6483,0
        122.37,11.7072,0
      </coordinates>
    </LineString>
  </Placemark>
  <Placemark>
    <name>Route Tibigan to Maribojoc</name>
    <description>Assigned Demand Flow: 964</description>
    <styleUrl>#lineStyle</styleUrl>
    <LineString>
      <tessellate>1</tessellate>
      <coordinates>
        123.97,9.95,0
        123.85,9.75,0
      </coordinates>
    </LineString>
  </Placemark>
  <Placemark>
    <name>Route Sogod to Maasin</name>
    <description>Assigned Demand Flow: 951</description>
    <styleUrl>#lineStyle</styleUrl>
    <LineString>
      <tessellate>1</tessellate>
      <coordinates>
        124.98,10.38,0
        124.85,10.13,0
      </coordinates>
    </LineString>
  </Placemark>
  <Placemark>
    <name>Route Bunawan to Nabunturan</name>
    <description>Assigned Demand Flow: 944</description>
    <styleUrl>#lineStyle</styleUrl>
    <LineString>
      <tessellate>1</tessellate>
      <coordinates>
        125.99,8.18,0
        125.966,7.6008,0
      </coordinates>
    </LineString>
  </Placemark>
  <Placemark>
    <name>Route Malinao to Virac</name>
    <description>Assigned Demand Flow: 953</description>
    <styleUrl>#lineStyle</styleUrl>
    <LineString>
      <tessellate>1</tessellate>
      <coordinates>
        123.7,13.4,0
        124.23,13.58,0
      </coordinates>
    </LineString>
  </Placemark>
  <Placemark>
    <name>Route Sumisip to Jolo</name>
    <description>Assigned Demand Flow: 954</description>
    <styleUrl>#lineStyle</styleUrl>
    <LineString>
      <tessellate>1</tessellate>
      <coordinates>
        121.98,6.42,0
        121,6,0
      </coordinates>
    </LineString>
  </Placemark>
  <Placemark>
    <name>Route Albuera to Ormoc</name>
    <description>Assigned Demand Flow: 948</description>
    <styleUrl>#lineStyle</styleUrl>
    <LineString>
      <tessellate>1</tessellate>
      <coordinates>
        124.692,10.9186,0
        124.608,11.0106,0
      </coordinates>
    </LineString>
  </Placemark>
  <Placemark>
    <name>Route Ayungon to Dumaguete City</name>
    <description>Assigned Demand Flow: 949</description>
    <styleUrl>#lineStyle</styleUrl>
    <LineString>
      <tessellate>1</tessellate>
      <coordinates>
        123.147,9.8584,0
        123.308,9.3103,0
      </coordinates>
    </LineString>
  </Placemark>
  <Placemark>
    <name>Route Pilar to Roxas City</name>
    <description>Assigned Demand Flow: 941</description>
    <styleUrl>#lineStyle</styleUrl>
    <LineString>
      <tessellate>1</tessellate>
      <coordinates>
        122.996,11.4878,0
        122.751,11.5894,0
      </coordinates>
    </LineString>
  </Placemark>
  <Placemark>
    <name>Route Banisilan to Cotabato</name>
    <description>Assigned Demand Flow: 931</description>
    <styleUrl>#lineStyle</styleUrl>
    <LineString>
      <tessellate>1</tessellate>
      <coordinates>
        124.7,7.5,0
        124.25,7.22,0
      </coordinates>
    </LineString>
  </Placemark>
  <Placemark>
    <name>Route Isabel to Ormoc</name>
    <description>Assigned Demand Flow: 935</description>
    <styleUrl>#lineStyle</styleUrl>
    <LineString>
      <tessellate>1</tessellate>
      <coordinates>
        124.43,10.93,0
        124.608,11.0106,0
      </coordinates>
    </LineString>
  </Placemark>
  <Placemark>
    <name>Route Norala to President Quirino</name>
    <description>Assigned Demand Flow: 925</description>
    <styleUrl>#lineStyle</styleUrl>
    <LineString>
      <tessellate>1</tessellate>
      <coordinates>
        124.67,6.55,0
        124.73,6.7,0
      </coordinates>
    </LineString>
  </Placemark>
  <Placemark>
    <name>Route Montevista to Nabunturan</name>
    <description>Assigned Demand Flow: 929</description>
    <styleUrl>#lineStyle</styleUrl>
    <LineString>
      <tessellate>1</tessellate>
      <coordinates>
        125.99,7.7053,0
        125.966,7.6008,0
      </coordinates>
    </LineString>
  </Placemark>
  <Placemark>
    <name>Route Tuy to Batangas</name>
    <description>Assigned Demand Flow: 924</description>
    <styleUrl>#lineStyle</styleUrl>
    <LineString>
      <tessellate>1</tessellate>
      <coordinates>
        120.73,14.02,0
        121,13.83,0
      </coordinates>
    </LineString>
  </Placemark>
  <Placemark>
    <name>Route Lower Tungawan to Ipil</name>
    <description>Assigned Demand Flow: 919</description>
    <styleUrl>#lineStyle</styleUrl>
    <LineString>
      <tessellate>1</tessellate>
      <coordinates>
        122.423,7.6047,0
        122.587,7.7822,0
      </coordinates>
    </LineString>
  </Placemark>
  <Placemark>
    <name>Route Cordon to Santiago</name>
    <description>Assigned Demand Flow: 935</description>
    <styleUrl>#lineStyle</styleUrl>
    <LineString>
      <tessellate>1</tessellate>
      <coordinates>
        121.45,16.67,0
        121.55,16.68,0
      </coordinates>
    </LineString>
  </Placemark>
  <Placemark>
    <name>Route Pagalungan to Poblacion</name>
    <description>Assigned Demand Flow: 926</description>
    <styleUrl>#lineStyle</styleUrl>
    <LineString>
      <tessellate>1</tessellate>
      <coordinates>
        124.699,7.0592,0
        124.63,6.8,0
      </coordinates>
    </LineString>
  </Placemark>
  <Placemark>
    <name>Route Pilar to Malabon</name>
    <description>Assigned Demand Flow: 915</description>
    <styleUrl>#lineStyle</styleUrl>
    <LineString>
      <tessellate>1</tessellate>
      <coordinates>
        120.57,14.67,0
        120.96,14.66,0
      </coordinates>
    </LineString>
  </Placemark>
  <Placemark>
    <name>Route Talisay to Batangas</name>
    <description>Assigned Demand Flow: 934</description>
    <styleUrl>#lineStyle</styleUrl>
    <LineString>
      <tessellate>1</tessellate>
      <coordinates>
        121.02,14.1,0
        121,13.83,0
      </coordinates>
    </LineString>
  </Placemark>
  <Placemark>
    <name>Route Narvacan to Bontoc</name>
    <description>Assigned Demand Flow: 929</description>
    <styleUrl>#lineStyle</styleUrl>
    <LineString>
      <tessellate>1</tessellate>
      <coordinates>
        120.476,17.4192,0
        120.977,17.09,0
      </coordinates>
    </LineString>
  </Placemark>
  <Placemark>
    <name>Route Dingle to Roxas City</name>
    <description>Assigned Demand Flow: 927</description>
    <styleUrl>#lineStyle</styleUrl>
    <LineString>
      <tessellate>1</tessellate>
      <coordinates>
        122.67,11.05,0
        122.751,11.5894,0
      </coordinates>
    </LineString>
  </Placemark>
  <Placemark>
    <name>Route Lupao to Baguio City</name>
    <description>Assigned Demand Flow: 685.174</description>
    <styleUrl>#lineStyle</styleUrl>
    <LineString>
      <tessellate>1</tessellate>
      <coordinates>
        120.899,15.8794,0
        120.593,16.4119,0
      </coordinates>
    </LineString>
  </Placemark>
  <Placemark>
    <name>Route Lupao to Bayombong</name>
    <description>Assigned Demand Flow: 228.826</description>
    <styleUrl>#lineStyle</styleUrl>
    <LineString>
      <tessellate>1</tessellate>
      <coordinates>
        120.899,15.8794,0
        121.15,16.48,0
      </coordinates>
    </LineString>
  </Placemark>
  <Placemark>
    <name>Route Lumba-a-Bayabao to Marawi City</name>
    <description>Assigned Demand Flow: 908</description>
    <styleUrl>#lineStyle</styleUrl>
    <LineString>
      <tessellate>1</tessellate>
      <coordinates>
        124.38,7.88,0
        124.285,8.0031,0
      </coordinates>
    </LineString>
  </Placemark>
  <Placemark>
    <name>Route Tantangan to President Quirino</name>
    <description>Assigned Demand Flow: 909</description>
    <styleUrl>#lineStyle</styleUrl>
    <LineString>
      <tessellate>1</tessellate>
      <coordinates>
        124.75,6.62,0
        124.73,6.7,0
      </coordinates>
    </LineString>
  </Placemark>
  <Placemark>
    <name>Route Maluso to Jolo</name>
    <description>Assigned Demand Flow: 919</description>
    <styleUrl>#lineStyle</styleUrl>
    <LineString>
      <tessellate>1</tessellate>
      <coordinates>
        121.88,6.55,0
        121,6,0
      </coordinates>
    </LineString>
  </Placemark>
  <Placemark>
    <name>Route Jones to Santiago</name>
    <description>Assigned Demand Flow: 911</description>
    <styleUrl>#lineStyle</styleUrl>
    <LineString>
      <tessellate>1</tessellate>
      <coordinates>
        121.7,16.5583,0
        121.55,16.68,0
      </coordinates>
    </LineString>
  </Placemark>
  <Placemark>
    <name>Route Talagutong to Alabel</name>
    <description>Assigned Demand Flow: 906</description>
    <styleUrl>#lineStyle</styleUrl>
    <LineString>
      <tessellate>1</tessellate>
      <coordinates>
        125.67,6.27,0
        125.287,6.1023,0
      </coordinates>
    </LineString>
  </Placemark>
  <Placemark>
    <name>Route Tayug to La Trinidad</name>
    <description>Assigned Demand Flow: 913</description>
    <styleUrl>#lineStyle</styleUrl>
    <LineString>
      <tessellate>1</tessellate>
      <coordinates>
        120.748,16.0267,0
        120.59,16.46,0
      </coordinates>
    </LineString>
  </Placemark>
  <Placemark>
    <name>Route Basud to Perez</name>
    <description>Assigned Demand Flow: 911</description>
    <styleUrl>#lineStyle</styleUrl>
    <LineString>
      <tessellate>1</tessellate>
      <coordinates>
        122.97,14.07,0
        121.93,14.18,0
      </coordinates>
    </LineString>
  </Placemark>
  <Placemark>
    <name>Route Aguilar to La Trinidad</name>
    <description>Assigned Demand Flow: 905</description>
    <styleUrl>#lineStyle</styleUrl>
    <LineString>
      <tessellate>1</tessellate>
      <coordinates>
        120.238,15.8899,0
        120.59,16.46,0
      </coordinates>
    </LineString>
  </Placemark>
  <Placemark>
    <name>Route Angadanan to Santiago</name>
    <description>Assigned Demand Flow: 903</description>
    <styleUrl>#lineStyle</styleUrl>
    <LineString>
      <tessellate>1</tessellate>
      <coordinates>
        121.748,16.7571,0
        121.55,16.68,0
      </coordinates>
    </LineString>
  </Placemark>
  <Placemark>
    <name>Route Maria Aurora to Baler</name>
    <description>Assigned Demand Flow: 903</description>
    <styleUrl>#lineStyle</styleUrl>
    <LineString>
      <tessellate>1</tessellate>
      <coordinates>
        121.474,15.7967,0
        121.562,15.7583,0
      </coordinates>
    </LineString>
  </Placemark>
  <Placemark>
    <name>Route Buguias to Bontoc</name>
    <description>Assigned Demand Flow: 897</description>
    <styleUrl>#lineStyle</styleUrl>
    <LineString>
      <tessellate>1</tessellate>
      <coordinates>
        120.821,16.8033,0
        120.977,17.09,0
      </coordinates>
    </LineString>
  </Placemark>
  <Placemark>
    <name>Route Nasipit to Butuan</name>
    <description>Assigned Demand Flow: 890</description>
    <styleUrl>#lineStyle</styleUrl>
    <LineString>
      <tessellate>1</tessellate>
      <coordinates>
        125.34,8.99,0
        125.543,8.948,0
      </coordinates>
    </LineString>
  </Placemark>
  <Placemark>
    <name>Route Manjuyod to Dumaguete City</name>
    <description>Assigned Demand Flow: 901</description>
    <styleUrl>#lineStyle</styleUrl>
    <LineString>
      <tessellate>1</tessellate>
      <coordinates>
        123.15,9.68,0
        123.308,9.3103,0
      </coordinates>
    </LineString>
  </Placemark>
  <Placemark>
    <name>Route Katipunan to Oroquieta</name>
    <description>Assigned Demand Flow: 886</description>
    <styleUrl>#lineStyle</styleUrl>
    <LineString>
      <tessellate>1</tessellate>
      <coordinates>
        123.285,8.5134,0
        123.8,8.48,0
      </coordinates>
    </LineString>
  </Placemark>
  <Placemark>
    <name>Route Bhārella to La Trinidad</name>
    <description>Assigned Demand Flow: 903</description>
    <styleUrl>#lineStyle</styleUrl>
    <LineString>
      <tessellate>1</tessellate>
      <coordinates>
        91.0889,23.5653,0
        120.59,16.46,0
      </coordinates>
    </LineString>
  </Placemark>
  <Placemark>
    <name>Route Concepcion to Roxas City</name>
    <description>Assigned Demand Flow: 892</description>
    <styleUrl>#lineStyle</styleUrl>
    <LineString>
      <tessellate>1</tessellate>
      <coordinates>
        123.1,11.2,0
        122.751,11.5894,0
      </coordinates>
    </LineString>
  </Placemark>
  <Placemark>
    <name>Route Dolores to Tacloban</name>
    <description>Assigned Demand Flow: 902</description>
    <styleUrl>#lineStyle</styleUrl>
    <LineString>
      <tessellate>1</tessellate>
      <coordinates>
        125.483,12.0378,0
        125,11.24,0
      </coordinates>
    </LineString>
  </Placemark>
  <Placemark>
    <name>Route Upper Bicutan to Quezon City</name>
    <description>Assigned Demand Flow: 889</description>
    <styleUrl>#lineStyle</styleUrl>
    <LineString>
      <tessellate>1</tessellate>
      <coordinates>
        121.05,14.4873,0
        121.047,14.65,0
      </coordinates>
    </LineString>
  </Placemark>
  <Placemark>
    <name>Route Culasi to Kalibo</name>
    <description>Assigned Demand Flow: 890</description>
    <styleUrl>#lineStyle</styleUrl>
    <LineString>
      <tessellate>1</tessellate>
      <coordinates>
        122.056,11.4272,0
        122.37,11.7072,0
      </coordinates>
    </LineString>
  </Placemark>
  <Placemark>
    <name>Route San Pascual to Romblon</name>
    <description>Assigned Demand Flow: 885</description>
    <styleUrl>#lineStyle</styleUrl>
    <LineString>
      <tessellate>1</tessellate>
      <coordinates>
        122.978,13.1286,0
        122.28,12.55,0
      </coordinates>
    </LineString>
  </Placemark>
  <Placemark>
    <name>Route Bacnotan to Bontoc</name>
    <description>Assigned Demand Flow: 885</description>
    <styleUrl>#lineStyle</styleUrl>
    <LineString>
      <tessellate>1</tessellate>
      <coordinates>
        120.348,16.7197,0
        120.977,17.09,0
      </coordinates>
    </LineString>
  </Placemark>
  <Placemark>
    <name>Route Bulalacao to Romblon</name>
    <description>Assigned Demand Flow: 896</description>
    <styleUrl>#lineStyle</styleUrl>
    <LineString>
      <tessellate>1</tessellate>
      <coordinates>
        121.343,12.325,0
        122.28,12.55,0
      </coordinates>
    </LineString>
  </Placemark>
  <Placemark>
    <name>Route San Jacinto to La Trinidad</name>
    <description>Assigned Demand Flow: 212.258</description>
    <styleUrl>#lineStyle</styleUrl>
    <LineString>
      <tessellate>1</tessellate>
      <coordinates>
        120.441,16.0725,0
        120.59,16.46,0
      </coordinates>
    </LineString>
  </Placemark>
  <Placemark>
    <name>Route San Jacinto to Bayombong</name>
    <description>Assigned Demand Flow: 675.742</description>
    <styleUrl>#lineStyle</styleUrl>
    <LineString>
      <tessellate>1</tessellate>
      <coordinates>
        120.441,16.0725,0
        121.15,16.48,0
      </coordinates>
    </LineString>
  </Placemark>
  <Placemark>
    <name>Route Pagsanjan to Tiaong</name>
    <description>Assigned Demand Flow: 885</description>
    <styleUrl>#lineStyle</styleUrl>
    <LineString>
      <tessellate>1</tessellate>
      <coordinates>
        121.45,14.27,0
        121.32,13.95,0
      </coordinates>
    </LineString>
  </Placemark>
  <Placemark>
    <name>Route General Mamerto Natividad to Baler</name>
    <description>Assigned Demand Flow: 890</description>
    <styleUrl>#lineStyle</styleUrl>
    <LineString>
      <tessellate>1</tessellate>
      <coordinates>
        121.051,15.603,0
        121.562,15.7583,0
      </coordinates>
    </LineString>
  </Placemark>
  <Placemark>
    <name>Route Labangan to Pagadian</name>
    <description>Assigned Demand Flow: 875</description>
    <styleUrl>#lineStyle</styleUrl>
    <LineString>
      <tessellate>1</tessellate>
      <coordinates>
        123.517,7.8667,0
        123.436,7.8272,0
      </coordinates>
    </LineString>
  </Placemark>
  <Placemark>
    <name>Route Loon to Maribojoc</name>
    <description>Assigned Demand Flow: 882</description>
    <styleUrl>#lineStyle</styleUrl>
    <LineString>
      <tessellate>1</tessellate>
      <coordinates>
        123.8,9.8,0
        123.85,9.75,0
      </coordinates>
    </LineString>
  </Placemark>
  <Placemark>
    <name>Route Cateel to Nabunturan</name>
    <description>Assigned Demand Flow: 885</description>
    <styleUrl>#lineStyle</styleUrl>
    <LineString>
      <tessellate>1</tessellate>
      <coordinates>
        126.453,7.79,0
        125.966,7.6008,0
      </coordinates>
    </LineString>
  </Placemark>
  <Placemark>
    <name>Route Maitum to President Quirino</name>
    <description>Assigned Demand Flow: 886</description>
    <styleUrl>#lineStyle</styleUrl>
    <LineString>
      <tessellate>1</tessellate>
      <coordinates>
        124.48,6.03,0
        124.73,6.7,0
      </coordinates>
    </LineString>
  </Placemark>
  <Placemark>
    <name>Route Central Signal Village to Quezon City</name>
    <description>Assigned Demand Flow: 878</description>
    <styleUrl>#lineStyle</styleUrl>
    <LineString>
      <tessellate>1</tessellate>
      <coordinates>
        121.056,14.5115,0
        121.047,14.65,0
      </coordinates>
    </LineString>
  </Placemark>
  <Placemark>
    <name>Route Mandaon to Masbate</name>
    <description>Assigned Demand Flow: 887</description>
    <styleUrl>#lineStyle</styleUrl>
    <LineString>
      <tessellate>1</tessellate>
      <coordinates>
        123.284,12.2259,0
        123.58,12.27,0
      </coordinates>
    </LineString>
  </Placemark>
  <Placemark>
    <name>Route Guinayangan to Perez</name>
    <description>Assigned Demand Flow: 883</description>
    <styleUrl>#lineStyle</styleUrl>
    <LineString>
      <tessellate>1</tessellate>
      <coordinates>
        122.45,13.9,0
        121.93,14.18,0
      </coordinates>
    </LineString>
  </Placemark>
  <Placemark>
    <name>Route San Jose to Virac</name>
    <description>Assigned Demand Flow: 880</description>
    <styleUrl>#lineStyle</styleUrl>
    <LineString>
      <tessellate>1</tessellate>
      <coordinates>
        123.519,13.6981,0
        124.23,13.58,0
      </coordinates>
    </LineString>
  </Placemark>
  <Placemark>
    <name>Route Labason to Ipil</name>
    <description>Assigned Demand Flow: 877</description>
    <styleUrl>#lineStyle</styleUrl>
    <LineString>
      <tessellate>1</tessellate>
      <coordinates>
        122.52,8.0647,0
        122.587,7.7822,0
      </coordinates>
    </LineString>
  </Placemark>
  <Placemark>
    <name>Route Loreto to Nabunturan</name>
    <description>Assigned Demand Flow: 869</description>
    <styleUrl>#lineStyle</styleUrl>
    <LineString>
      <tessellate>1</tessellate>
      <coordinates>
        125.85,8.19,0
        125.966,7.6008,0
      </coordinates>
    </LineString>
  </Placemark>
  <Placemark>
    <name>Route Jaro to Tacloban</name>
    <description>Assigned Demand Flow: 880</description>
    <styleUrl>#lineStyle</styleUrl>
    <LineString>
      <tessellate>1</tessellate>
      <coordinates>
        124.785,11.1894,0
        125,11.24,0
      </coordinates>
    </LineString>
  </Placemark>
  <Placemark>
    <name>Route Kalilangan to Marawi City</name>
    <description>Assigned Demand Flow: 869</description>
    <styleUrl>#lineStyle</styleUrl>
    <LineString>
      <tessellate>1</tessellate>
      <coordinates>
        124.748,7.7464,0
        124.285,8.0031,0
      </coordinates>
    </LineString>
  </Placemark>
  <Placemark>
    <name>Route Santa Elena to Perez</name>
    <description>Assigned Demand Flow: 880</description>
    <styleUrl>#lineStyle</styleUrl>
    <LineString>
      <tessellate>1</tessellate>
      <coordinates>
        122.392,14.1797,0
        121.93,14.18,0
      </coordinates>
    </LineString>
  </Placemark>
  <Placemark>
    <name>Route Guambog to Davao</name>
    <description>Assigned Demand Flow: 322.315</description>
    <styleUrl>#lineStyle</styleUrl>
    <LineString>
      <tessellate>1</tessellate>
      <coordinates>
        125.856,7.3092,0
        125.6,7.07,0
      </coordinates>
    </LineString>
  </Placemark>
  <Placemark>
    <name>Route Guambog to Nabunturan</name>
    <description>Assigned Demand Flow: 544.685</description>
    <styleUrl>#lineStyle</styleUrl>
    <LineString>
      <tessellate>1</tessellate>
      <coordinates>
        125.856,7.3092,0
        125.966,7.6008,0
      </coordinates>
    </LineString>
  </Placemark>
  <Placemark>
    <name>Route Moises Padilla to Maribojoc</name>
    <description>Assigned Demand Flow: 879</description>
    <styleUrl>#lineStyle</styleUrl>
    <LineString>
      <tessellate>1</tessellate>
      <coordinates>
        123.08,10.27,0
        123.85,9.75,0
      </coordinates>
    </LineString>
  </Placemark>
  <Placemark>
    <name>Route Toboso to Maribojoc</name>
    <description>Assigned Demand Flow: 869</description>
    <styleUrl>#lineStyle</styleUrl>
    <LineString>
      <tessellate>1</tessellate>
      <coordinates>
        123.52,10.72,0
        123.85,9.75,0
      </coordinates>
    </LineString>
  </Placemark>
  <Placemark>
    <name>Route Victoria to Tiaong</name>
    <description>Assigned Demand Flow: 383.103</description>
    <styleUrl>#lineStyle</styleUrl>
    <LineString>
      <tessellate>1</tessellate>
      <coordinates>
        121.325,14.225,0
        121.32,13.95,0
      </coordinates>
    </LineString>
  </Placemark>
  <Placemark>
    <name>Route Victoria to San Antonio</name>
    <description>Assigned Demand Flow: 490.897</description>
    <styleUrl>#lineStyle</styleUrl>
    <LineString>
      <tessellate>1</tessellate>
      <coordinates>
        121.325,14.225,0
        121.3,13.9,0
      </coordinates>
    </LineString>
  </Placemark>
  <Placemark>
    <name>Route Laurel to Batangas</name>
    <description>Assigned Demand Flow: 855</description>
    <styleUrl>#lineStyle</styleUrl>
    <LineString>
      <tessellate>1</tessellate>
      <coordinates>
        120.932,14.0504,0
        121,13.83,0
      </coordinates>
    </LineString>
  </Placemark>
  <Placemark>
    <name>Route South Upi to Cotabato</name>
    <description>Assigned Demand Flow: 859</description>
    <styleUrl>#lineStyle</styleUrl>
    <LineString>
      <tessellate>1</tessellate>
      <coordinates>
        124.144,6.8548,0
        124.25,7.22,0
      </coordinates>
    </LineString>
  </Placemark>
  <Placemark>
    <name>Route Abucay to Malabon</name>
    <description>Assigned Demand Flow: 866</description>
    <styleUrl>#lineStyle</styleUrl>
    <LineString>
      <tessellate>1</tessellate>
      <coordinates>
        120.535,14.7222,0
        120.96,14.66,0
      </coordinates>
    </LineString>
  </Placemark>
  <Placemark>
    <name>Route Char Fasson to Kabugao</name>
    <description>Assigned Demand Flow: 848</description>
    <styleUrl>#lineStyle</styleUrl>
    <LineString>
      <tessellate>1</tessellate>
      <coordinates>
        90.761,22.1865,0
        121.183,18.0239,0
      </coordinates>
    </LineString>
  </Placemark>
  <Placemark>
    <name>Route Villaba to Ormoc</name>
    <description>Assigned Demand Flow: 864</description>
    <styleUrl>#lineStyle</styleUrl>
    <LineString>
      <tessellate>1</tessellate>
      <coordinates>
        124.4,11.22,0
        124.608,11.0106,0
      </coordinates>
    </LineString>
  </Placemark>
  <Placemark>
    <name>Route Santo Tomas to Malabon</name>
    <description>Assigned Demand Flow: 860</description>
    <styleUrl>#lineStyle</styleUrl>
    <LineString>
      <tessellate>1</tessellate>
      <coordinates>
        120.75,15,0
        120.96,14.66,0
      </coordinates>
    </LineString>
  </Placemark>
  <Placemark>
    <name>Route Nueva Valencia to San Jose</name>
    <description>Assigned Demand Flow: 851</description>
    <styleUrl>#lineStyle</styleUrl>
    <LineString>
      <tessellate>1</tessellate>
      <coordinates>
        122.54,10.5259,0
        121.941,10.7433,0
      </coordinates>
    </LineString>
  </Placemark>
  <Placemark>
    <name>Route Proper Bansud to Calapan</name>
    <description>Assigned Demand Flow: 850</description>
    <styleUrl>#lineStyle</styleUrl>
    <LineString>
      <tessellate>1</tessellate>
      <coordinates>
        121.457,12.8594,0
        121.18,13.414,0
      </coordinates>
    </LineString>
  </Placemark>
  <Placemark>
    <name>Route Panitan to Roxas City</name>
    <description>Assigned Demand Flow: 841</description>
    <styleUrl>#lineStyle</styleUrl>
    <LineString>
      <tessellate>1</tessellate>
      <coordinates>
        122.769,11.4639,0
        122.751,11.5894,0
      </coordinates>
    </LineString>
  </Placemark>
  <Placemark>
    <name>Route Balabac to Puerto Princesa</name>
    <description>Assigned Demand Flow: 855</description>
    <styleUrl>#lineStyle</styleUrl>
    <LineString>
      <tessellate>1</tessellate>
      <coordinates>
        117.05,7.98,0
        118.75,9.75,0
      </coordinates>
    </LineString>
  </Placemark>
  <Placemark>
    <name>Route Tucuran to Pagadian</name>
    <description>Assigned Demand Flow: 843</description>
    <styleUrl>#lineStyle</styleUrl>
    <LineString>
      <tessellate>1</tessellate>
      <coordinates>
        123.578,7.8547,0
        123.436,7.8272,0
      </coordinates>
    </LineString>
  </Placemark>
  <Placemark>
    <name>Route Carranglan to Baler</name>
    <description>Assigned Demand Flow: 848</description>
    <styleUrl>#lineStyle</styleUrl>
    <LineString>
      <tessellate>1</tessellate>
      <coordinates>
        121.063,15.9608,0
        121.562,15.7583,0
      </coordinates>
    </LineString>
  </Placemark>
  <Placemark>
    <name>Route Santa Cruz to Calapan</name>
    <description>Assigned Demand Flow: 839</description>
    <styleUrl>#lineStyle</styleUrl>
    <LineString>
      <tessellate>1</tessellate>
      <coordinates>
        120.719,13.0831,0
        121.18,13.414,0
      </coordinates>
    </LineString>
  </Placemark>
  <Placemark>
    <name>Route Santa Rita to Tacloban</name>
    <description>Assigned Demand Flow: 855</description>
    <styleUrl>#lineStyle</styleUrl>
    <LineString>
      <tessellate>1</tessellate>
      <coordinates>
        124.941,11.4522,0
        125,11.24,0
      </coordinates>
    </LineString>
  </Placemark>
  <Placemark>
    <name>Route Llanera to Baler</name>
    <description>Assigned Demand Flow: 845</description>
    <styleUrl>#lineStyle</styleUrl>
    <LineString>
      <tessellate>1</tessellate>
      <coordinates>
        121.02,15.6625,0
        121.562,15.7583,0
      </coordinates>
    </LineString>
  </Placemark>
  <Placemark>
    <name>Route Polanco to Oroquieta</name>
    <description>Assigned Demand Flow: 844</description>
    <styleUrl>#lineStyle</styleUrl>
    <LineString>
      <tessellate>1</tessellate>
      <coordinates>
        123.363,8.5319,0
        123.8,8.48,0
      </coordinates>
    </LineString>
  </Placemark>
  <Placemark>
    <name>Route Liloy to Ipil</name>
    <description>Assigned Demand Flow: 840</description>
    <styleUrl>#lineStyle</styleUrl>
    <LineString>
      <tessellate>1</tessellate>
      <coordinates>
        122.674,8.1228,0
        122.587,7.7822,0
      </coordinates>
    </LineString>
  </Placemark>
  <Placemark>
    <name>Route Aritao to Bayombong</name>
    <description>Assigned Demand Flow: 833</description>
    <styleUrl>#lineStyle</styleUrl>
    <LineString>
      <tessellate>1</tessellate>
      <coordinates>
        121.034,16.2973,0
        121.15,16.48,0
      </coordinates>
    </LineString>
  </Placemark>
  <Placemark>
    <name>Route Madridejos to Naval</name>
    <description>Assigned Demand Flow: 845</description>
    <styleUrl>#lineStyle</styleUrl>
    <LineString>
      <tessellate>1</tessellate>
      <coordinates>
        123.73,11.27,0
        124.45,11.58,0
      </coordinates>
    </LineString>
  </Placemark>
  <Placemark>
    <name>Route Matnog to Catarman</name>
    <description>Assigned Demand Flow: 849</description>
    <styleUrl>#lineStyle</styleUrl>
    <LineString>
      <tessellate>1</tessellate>
      <coordinates>
        124.086,12.5856,0
        124.633,12.4994,0
      </coordinates>
    </LineString>
  </Placemark>
  <Placemark>
    <name>Route Puerto Galera to Calapan</name>
    <description>Assigned Demand Flow: 842</description>
    <styleUrl>#lineStyle</styleUrl>
    <LineString>
      <tessellate>1</tessellate>
      <coordinates>
        120.954,13.5,0
        121.18,13.414,0
      </coordinates>
    </LineString>
  </Placemark>
  <Placemark>
    <name>Route Amadeo to Batangas</name>
    <description>Assigned Demand Flow: 832</description>
    <styleUrl>#lineStyle</styleUrl>
    <LineString>
      <tessellate>1</tessellate>
      <coordinates>
        120.928,14.1728,0
        121,13.83,0
      </coordinates>
    </LineString>
  </Placemark>
  <Placemark>
    <name>Route Kibawe to Malaybalay</name>
    <description>Assigned Demand Flow: 835</description>
    <styleUrl>#lineStyle</styleUrl>
    <LineString>
      <tessellate>1</tessellate>
      <coordinates>
        124.99,7.5678,0
        125.133,8.1564,0
      </coordinates>
    </LineString>
  </Placemark>
  <Placemark>
    <name>Route Quezon to Baler</name>
    <description>Assigned Demand Flow: 839</description>
    <styleUrl>#lineStyle</styleUrl>
    <LineString>
      <tessellate>1</tessellate>
      <coordinates>
        120.811,15.5542,0
        121.562,15.7583,0
      </coordinates>
    </LineString>
  </Placemark>
  <Placemark>
    <name>Route San Miguel to Tandag</name>
    <description>Assigned Demand Flow: 843</description>
    <styleUrl>#lineStyle</styleUrl>
    <LineString>
      <tessellate>1</tessellate>
      <coordinates>
        126.04,8.9322,0
        126.199,9.0789,0
      </coordinates>
    </LineString>
  </Placemark>
  <Placemark>
    <name>Route Kasibu to Bayombong</name>
    <description>Assigned Demand Flow: 839</description>
    <styleUrl>#lineStyle</styleUrl>
    <LineString>
      <tessellate>1</tessellate>
      <coordinates>
        121.296,16.3181,0
        121.15,16.48,0
      </coordinates>
    </LineString>
  </Placemark>
  <Placemark>
    <name>Route Naga to Ipil</name>
    <description>Assigned Demand Flow: 836</description>
    <styleUrl>#lineStyle</styleUrl>
    <LineString>
      <tessellate>1</tessellate>
      <coordinates>
        122.694,7.7978,0
        122.587,7.7822,0
      </coordinates>
    </LineString>
  </Placemark>
  <Placemark>
    <name>Route Gonzaga to Kabugao</name>
    <description>Assigned Demand Flow: 825</description>
    <styleUrl>#lineStyle</styleUrl>
    <LineString>
      <tessellate>1</tessellate>
      <coordinates>
        121.997,18.2614,0
        121.183,18.0239,0
      </coordinates>
    </LineString>
  </Placemark>
  <Placemark>
    <name>Route Daram to Naval</name>
    <description>Assigned Demand Flow: 833</description>
    <styleUrl>#lineStyle</styleUrl>
    <LineString>
      <tessellate>1</tessellate>
      <coordinates>
        124.795,11.6341,0
        124.45,11.58,0
      </coordinates>
    </LineString>
  </Placemark>
  <Placemark>
    <name>Route Socorro to Calapan</name>
    <description>Assigned Demand Flow: 133.347</description>
    <styleUrl>#lineStyle</styleUrl>
    <LineString>
      <tessellate>1</tessellate>
      <coordinates>
        121.412,13.0583,0
        121.18,13.414,0
      </coordinates>
    </LineString>
  </Placemark>
  <Placemark>
    <name>Route Socorro to Boac</name>
    <description>Assigned Demand Flow: 689.653</description>
    <styleUrl>#lineStyle</styleUrl>
    <LineString>
      <tessellate>1</tessellate>
      <coordinates>
        121.412,13.0583,0
        121.83,13.45,0
      </coordinates>
    </LineString>
  </Placemark>
  <Placemark>
    <name>Route Anda to Bayombong</name>
    <description>Assigned Demand Flow: 836</description>
    <styleUrl>#lineStyle</styleUrl>
    <LineString>
      <tessellate>1</tessellate>
      <coordinates>
        119.949,16.2896,0
        121.15,16.48,0
      </coordinates>
    </LineString>
  </Placemark>
  <Placemark>
    <name>Route Tagudin to Bontoc</name>
    <description>Assigned Demand Flow: 832</description>
    <styleUrl>#lineStyle</styleUrl>
    <LineString>
      <tessellate>1</tessellate>
      <coordinates>
        120.446,16.9361,0
        120.977,17.09,0
      </coordinates>
    </LineString>
  </Placemark>
  <Placemark>
    <name>Route Tabogon to Ormoc</name>
    <description>Assigned Demand Flow: 826</description>
    <styleUrl>#lineStyle</styleUrl>
    <LineString>
      <tessellate>1</tessellate>
      <coordinates>
        124.03,10.93,0
        124.608,11.0106,0
      </coordinates>
    </LineString>
  </Placemark>
  <Placemark>
    <name>Route Mondragon to Catarman</name>
    <description>Assigned Demand Flow: 830</description>
    <styleUrl>#lineStyle</styleUrl>
    <LineString>
      <tessellate>1</tessellate>
      <coordinates>
        124.75,12.52,0
        124.633,12.4994,0
      </coordinates>
    </LineString>
  </Placemark>
  <Placemark>
    <name>Route Santa Cruz to Bontoc</name>
    <description>Assigned Demand Flow: 827</description>
    <styleUrl>#lineStyle</styleUrl>
    <LineString>
      <tessellate>1</tessellate>
      <coordinates>
        120.455,17.0853,0
        120.977,17.09,0
      </coordinates>
    </LineString>
  </Placemark>
  <Placemark>
    <name>Route Maulavi Bāzār to Kabugao</name>
    <description>Assigned Demand Flow: 819</description>
    <styleUrl>#lineStyle</styleUrl>
    <LineString>
      <tessellate>1</tessellate>
      <coordinates>
        91.7708,24.4889,0
        121.183,18.0239,0
      </coordinates>
    </LineString>
  </Placemark>
  <Placemark>
    <name>Route Alcala to Kabugao</name>
    <description>Assigned Demand Flow: 820</description>
    <styleUrl>#lineStyle</styleUrl>
    <LineString>
      <tessellate>1</tessellate>
      <coordinates>
        121.656,17.9031,0
        121.183,18.0239,0
      </coordinates>
    </LineString>
  </Placemark>
  <Placemark>
    <name>Route Maayon to Roxas City</name>
    <description>Assigned Demand Flow: 830</description>
    <styleUrl>#lineStyle</styleUrl>
    <LineString>
      <tessellate>1</tessellate>
      <coordinates>
        122.783,11.3903,0
        122.751,11.5894,0
      </coordinates>
    </LineString>
  </Placemark>
  <Placemark>
    <name>Route Lasam to Kabugao</name>
    <description>Assigned Demand Flow: 823</description>
    <styleUrl>#lineStyle</styleUrl>
    <LineString>
      <tessellate>1</tessellate>
      <coordinates>
        121.6,18.07,0
        121.183,18.0239,0
      </coordinates>
    </LineString>
  </Placemark>
  <Placemark>
    <name>Route Bacong to Dumaguete City</name>
    <description>Assigned Demand Flow: 820</description>
    <styleUrl>#lineStyle</styleUrl>
    <LineString>
      <tessellate>1</tessellate>
      <coordinates>
        123.295,9.2464,0
        123.308,9.3103,0
      </coordinates>
    </LineString>
  </Placemark>
  <Placemark>
    <name>Route San Jose de Urquico to Malabon</name>
    <description>Assigned Demand Flow: 821</description>
    <styleUrl>#lineStyle</styleUrl>
    <LineString>
      <tessellate>1</tessellate>
      <coordinates>
        120.464,15.4781,0
        120.96,14.66,0
      </coordinates>
    </LineString>
  </Placemark>
  <Placemark>
    <name>Route La Libertad to Maribojoc</name>
    <description>Assigned Demand Flow: 824</description>
    <styleUrl>#lineStyle</styleUrl>
    <LineString>
      <tessellate>1</tessellate>
      <coordinates>
        123.22,10.03,0
        123.85,9.75,0
      </coordinates>
    </LineString>
  </Placemark>
  <Placemark>
    <name>Route Tagbina to Tandag</name>
    <description>Assigned Demand Flow: 825</description>
    <styleUrl>#lineStyle</styleUrl>
    <LineString>
      <tessellate>1</tessellate>
      <coordinates>
        126.158,8.4578,0
        126.199,9.0789,0
      </coordinates>
    </LineString>
  </Placemark>
  <Placemark>
    <name>Route Tampakan to Buluan</name>
    <description>Assigned Demand Flow: 817</description>
    <styleUrl>#lineStyle</styleUrl>
    <LineString>
      <tessellate>1</tessellate>
      <coordinates>
        124.93,6.45,0
        124.785,6.7154,0
      </coordinates>
    </LineString>
  </Placemark>
  <Placemark>
    <name>Route Maddela to Santiago</name>
    <description>Assigned Demand Flow: 816</description>
    <styleUrl>#lineStyle</styleUrl>
    <LineString>
      <tessellate>1</tessellate>
      <coordinates>
        121.683,16.3411,0
        121.55,16.68,0
      </coordinates>
    </LineString>
  </Placemark>
  <Placemark>
    <name>Route Malilipot to Virac</name>
    <description>Assigned Demand Flow: 810</description>
    <styleUrl>#lineStyle</styleUrl>
    <LineString>
      <tessellate>1</tessellate>
      <coordinates>
        123.73,13.32,0
        124.23,13.58,0
      </coordinates>
    </LineString>
  </Placemark>
  <Placemark>
    <name>Route Santo Tomas to Bayombong</name>
    <description>Assigned Demand Flow: 823</description>
    <styleUrl>#lineStyle</styleUrl>
    <LineString>
      <tessellate>1</tessellate>
      <coordinates>
        120.38,16.28,0
        121.15,16.48,0
      </coordinates>
    </LineString>
  </Placemark>
  <Placemark>
    <name>Route Mobo to Masbate</name>
    <description>Assigned Demand Flow: 818</description>
    <styleUrl>#lineStyle</styleUrl>
    <LineString>
      <tessellate>1</tessellate>
      <coordinates>
        123.658,12.3372,0
        123.58,12.27,0
      </coordinates>
    </LineString>
  </Placemark>
  <Placemark>
    <name>Route Vallehermoso to Maribojoc</name>
    <description>Assigned Demand Flow: 806</description>
    <styleUrl>#lineStyle</styleUrl>
    <LineString>
      <tessellate>1</tessellate>
      <coordinates>
        123.32,10.33,0
        123.85,9.75,0
      </coordinates>
    </LineString>
  </Placemark>
  <Placemark>
    <name>Route Lobo to San Juan</name>
    <description>Assigned Demand Flow: 813</description>
    <styleUrl>#lineStyle</styleUrl>
    <LineString>
      <tessellate>1</tessellate>
      <coordinates>
        121.21,13.6473,0
        121.396,13.826,0
      </coordinates>
    </LineString>
  </Placemark>
  <Placemark>
    <name>Route Mambusao to Roxas City</name>
    <description>Assigned Demand Flow: 814</description>
    <styleUrl>#lineStyle</styleUrl>
    <LineString>
      <tessellate>1</tessellate>
      <coordinates>
        122.595,11.43,0
        122.751,11.5894,0
      </coordinates>
    </LineString>
  </Placemark>
  <Placemark>
    <name>Route Maragondon to Caloocan City</name>
    <description>Assigned Demand Flow: 817</description>
    <styleUrl>#lineStyle</styleUrl>
    <LineString>
      <tessellate>1</tessellate>
      <coordinates>
        120.73,14.27,0
        120.97,14.65,0
      </coordinates>
    </LineString>
  </Placemark>
  <Placemark>
    <name>Route Nabas to Kalibo</name>
    <description>Assigned Demand Flow: 813</description>
    <styleUrl>#lineStyle</styleUrl>
    <LineString>
      <tessellate>1</tessellate>
      <coordinates>
        122.094,11.8278,0
        122.37,11.7072,0
      </coordinates>
    </LineString>
  </Placemark>
  <Placemark>
    <name>Route Siay to Ipil</name>
    <description>Assigned Demand Flow: 821</description>
    <styleUrl>#lineStyle</styleUrl>
    <LineString>
      <tessellate>1</tessellate>
      <coordinates>
        122.864,7.7056,0
        122.587,7.7822,0
      </coordinates>
    </LineString>
  </Placemark>
  <Placemark>
    <name>Route San Juan to Bontoc</name>
    <description>Assigned Demand Flow: 807</description>
    <styleUrl>#lineStyle</styleUrl>
    <LineString>
      <tessellate>1</tessellate>
      <coordinates>
        120.33,16.67,0
        120.977,17.09,0
      </coordinates>
    </LineString>
  </Placemark>
  <Placemark>
    <name>Route Rizal to Romblon</name>
    <description>Assigned Demand Flow: 806</description>
    <styleUrl>#lineStyle</styleUrl>
    <LineString>
      <tessellate>1</tessellate>
      <coordinates>
        120.97,12.47,0
        122.28,12.55,0
      </coordinates>
    </LineString>
  </Placemark>
  <Placemark>
    <name>Route Villanueva to Cagayan de Oro</name>
    <description>Assigned Demand Flow: 809</description>
    <styleUrl>#lineStyle</styleUrl>
    <LineString>
      <tessellate>1</tessellate>
      <coordinates>
        124.78,8.58,0
        124.65,8.48,0
      </coordinates>
    </LineString>
  </Placemark>
  <Placemark>
    <name>Route Leyte to Naval</name>
    <description>Assigned Demand Flow: 814</description>
    <styleUrl>#lineStyle</styleUrl>
    <LineString>
      <tessellate>1</tessellate>
      <coordinates>
        124.48,11.37,0
        124.45,11.58,0
      </coordinates>
    </LineString>
  </Placemark>
  <Placemark>
    <name>Route Balaoan to Bontoc</name>
    <description>Assigned Demand Flow: 804</description>
    <styleUrl>#lineStyle</styleUrl>
    <LineString>
      <tessellate>1</tessellate>
      <coordinates>
        120.4,16.82,0
        120.977,17.09,0
      </coordinates>
    </LineString>
  </Placemark>
  <Placemark>
    <name>Route Bañga to Kalibo</name>
    <description>Assigned Demand Flow: 816</description>
    <styleUrl>#lineStyle</styleUrl>
    <LineString>
      <tessellate>1</tessellate>
      <coordinates>
        122.333,11.6389,0
        122.37,11.7072,0
      </coordinates>
    </LineString>
  </Placemark>
  <Placemark>
    <name>Route Payabon to Dumaguete City</name>
    <description>Assigned Demand Flow: 813</description>
    <styleUrl>#lineStyle</styleUrl>
    <LineString>
      <tessellate>1</tessellate>
      <coordinates>
        123.13,9.77,0
        123.308,9.3103,0
      </coordinates>
    </LineString>
  </Placemark>
  <Placemark>
    <name>Route Malalag to Alabel</name>
    <description>Assigned Demand Flow: 797</description>
    <styleUrl>#lineStyle</styleUrl>
    <LineString>
      <tessellate>1</tessellate>
      <coordinates>
        125.4,6.6,0
        125.287,6.1023,0
      </coordinates>
    </LineString>
  </Placemark>
  <Placemark>
    <name>Route Balud to Masbate</name>
    <description>Assigned Demand Flow: 802</description>
    <styleUrl>#lineStyle</styleUrl>
    <LineString>
      <tessellate>1</tessellate>
      <coordinates>
        123.194,12.0369,0
        123.58,12.27,0
      </coordinates>
    </LineString>
  </Placemark>
  <Placemark>
    <name>Route Dohazāri to Bontoc</name>
    <description>Assigned Demand Flow: 80.7208</description>
    <styleUrl>#lineStyle</styleUrl>
    <LineString>
      <tessellate>1</tessellate>
      <coordinates>
        92.0733,22.1639,0
        120.977,17.09,0
      </coordinates>
    </LineString>
  </Placemark>
  <Placemark>
    <name>Route Dohazāri to Kabugao</name>
    <description>Assigned Demand Flow: 715.279</description>
    <styleUrl>#lineStyle</styleUrl>
    <LineString>
      <tessellate>1</tessellate>
      <coordinates>
        92.0733,22.1639,0
        121.183,18.0239,0
      </coordinates>
    </LineString>
  </Placemark>
  <Placemark>
    <name>Route Taysan to San Antonio</name>
    <description>Assigned Demand Flow: 806</description>
    <styleUrl>#lineStyle</styleUrl>
    <LineString>
      <tessellate>1</tessellate>
      <coordinates>
        121.2,13.78,0
        121.3,13.9,0
      </coordinates>
    </LineString>
  </Placemark>
  <Placemark>
    <name>Route Dingras to Kabugao</name>
    <description>Assigned Demand Flow: 811</description>
    <styleUrl>#lineStyle</styleUrl>
    <LineString>
      <tessellate>1</tessellate>
      <coordinates>
        120.698,18.1036,0
        121.183,18.0239,0
      </coordinates>
    </LineString>
  </Placemark>
  <Placemark>
    <name>Route Valladolid to San Jose</name>
    <description>Assigned Demand Flow: 794</description>
    <styleUrl>#lineStyle</styleUrl>
    <LineString>
      <tessellate>1</tessellate>
      <coordinates>
        122.83,10.47,0
        121.941,10.7433,0
      </coordinates>
    </LineString>
  </Placemark>
  <Placemark>
    <name>Route Cabatuan to Ilagan</name>
    <description>Assigned Demand Flow: 807</description>
    <styleUrl>#lineStyle</styleUrl>
    <LineString>
      <tessellate>1</tessellate>
      <coordinates>
        121.669,16.9589,0
        121.889,17.1489,0
      </coordinates>
    </LineString>
  </Placemark>
  <Placemark>
    <name>Route Plaridel to Oroquieta</name>
    <description>Assigned Demand Flow: 798</description>
    <styleUrl>#lineStyle</styleUrl>
    <LineString>
      <tessellate>1</tessellate>
      <coordinates>
        123.71,8.6214,0
        123.8,8.48,0
      </coordinates>
    </LineString>
  </Placemark>
  <Placemark>
    <name>Route Panglao to Maribojoc</name>
    <description>Assigned Demand Flow: 800</description>
    <styleUrl>#lineStyle</styleUrl>
    <LineString>
      <tessellate>1</tessellate>
      <coordinates>
        123.745,9.579,0
        123.85,9.75,0
      </coordinates>
    </LineString>
  </Placemark>
  <Placemark>
    <name>Route Tago to Tandag</name>
    <description>Assigned Demand Flow: 787</description>
    <styleUrl>#lineStyle</styleUrl>
    <LineString>
      <tessellate>1</tessellate>
      <coordinates>
        126.233,9.0192,0
        126.199,9.0789,0
      </coordinates>
    </LineString>
  </Placemark>
  <Placemark>
    <name>Route Baco to Batangas</name>
    <description>Assigned Demand Flow: 786</description>
    <styleUrl>#lineStyle</styleUrl>
    <LineString>
      <tessellate>1</tessellate>
      <coordinates>
        121.098,13.3584,0
        121,13.83,0
      </coordinates>
    </LineString>
  </Placemark>
  <Placemark>
    <name>Route Pamplona to Dumaguete City</name>
    <description>Assigned Demand Flow: 790</description>
    <styleUrl>#lineStyle</styleUrl>
    <LineString>
      <tessellate>1</tessellate>
      <coordinates>
        123.12,9.47,0
        123.308,9.3103,0
      </coordinates>
    </LineString>
  </Placemark>
  <Placemark>
    <name>Route Santo Niño to President Quirino</name>
    <description>Assigned Demand Flow: 800</description>
    <styleUrl>#lineStyle</styleUrl>
    <LineString>
      <tessellate>1</tessellate>
      <coordinates>
        124.68,6.43,0
        124.73,6.7,0
      </coordinates>
    </LineString>
  </Placemark>
  <Placemark>
    <name>Route Palauig to Malabon</name>
    <description>Assigned Demand Flow: 792</description>
    <styleUrl>#lineStyle</styleUrl>
    <LineString>
      <tessellate>1</tessellate>
      <coordinates>
        119.908,15.4336,0
        120.96,14.66,0
      </coordinates>
    </LineString>
  </Placemark>
  <Placemark>
    <name>Route San Nicolas to Bayombong</name>
    <description>Assigned Demand Flow: 795</description>
    <styleUrl>#lineStyle</styleUrl>
    <LineString>
      <tessellate>1</tessellate>
      <coordinates>
        120.765,16.07,0
        121.15,16.48,0
      </coordinates>
    </LineString>
  </Placemark>
  <Placemark>
    <name>Route Magsaysay to Romblon</name>
    <description>Assigned Demand Flow: 801</description>
    <styleUrl>#lineStyle</styleUrl>
    <LineString>
      <tessellate>1</tessellate>
      <coordinates>
        121.147,12.3117,0
        122.28,12.55,0
      </coordinates>
    </LineString>
  </Placemark>
  <Placemark>
    <name>Route Alimodian to San Jose</name>
    <description>Assigned Demand Flow: 785</description>
    <styleUrl>#lineStyle</styleUrl>
    <LineString>
      <tessellate>1</tessellate>
      <coordinates>
        122.432,10.8196,0
        121.941,10.7433,0
      </coordinates>
    </LineString>
  </Placemark>
  <Placemark>
    <name>Route Veruela to Malaybalay</name>
    <description>Assigned Demand Flow: 786</description>
    <styleUrl>#lineStyle</styleUrl>
    <LineString>
      <tessellate>1</tessellate>
      <coordinates>
        125.96,8.07,0
        125.133,8.1564,0
      </coordinates>
    </LineString>
  </Placemark>
  <Placemark>
    <name>Route Caraga to Malaybalay</name>
    <description>Assigned Demand Flow: 801</description>
    <styleUrl>#lineStyle</styleUrl>
    <LineString>
      <tessellate>1</tessellate>
      <coordinates>
        126.566,7.3283,0
        125.133,8.1564,0
      </coordinates>
    </LineString>
  </Placemark>
  <Placemark>
    <name>Route Buldon to Cotabato</name>
    <description>Assigned Demand Flow: 792</description>
    <styleUrl>#lineStyle</styleUrl>
    <LineString>
      <tessellate>1</tessellate>
      <coordinates>
        124.37,7.52,0
        124.25,7.22,0
      </coordinates>
    </LineString>
  </Placemark>
  <Placemark>
    <name>Route Talacogon to Butuan</name>
    <description>Assigned Demand Flow: 796</description>
    <styleUrl>#lineStyle</styleUrl>
    <LineString>
      <tessellate>1</tessellate>
      <coordinates>
        125.79,8.45,0
        125.543,8.948,0
      </coordinates>
    </LineString>
  </Placemark>
  <Placemark>
    <name>Route Poblacion to Malaybalay</name>
    <description>Assigned Demand Flow: 792</description>
    <styleUrl>#lineStyle</styleUrl>
    <LineString>
      <tessellate>1</tessellate>
      <coordinates>
        125.921,7.5086,0
        125.133,8.1564,0
      </coordinates>
    </LineString>
  </Placemark>
  <Placemark>
    <name>Route Manay to Davao</name>
    <description>Assigned Demand Flow: 198.36</description>
    <styleUrl>#lineStyle</styleUrl>
    <LineString>
      <tessellate>1</tessellate>
      <coordinates>
        126.533,7.2108,0
        125.6,7.07,0
      </coordinates>
    </LineString>
  </Placemark>
  <Placemark>
    <name>Route Manay to Alabel</name>
    <description>Assigned Demand Flow: 602.64</description>
    <styleUrl>#lineStyle</styleUrl>
    <LineString>
      <tessellate>1</tessellate>
      <coordinates>
        126.533,7.2108,0
        125.287,6.1023,0
      </coordinates>
    </LineString>
  </Placemark>
  <Placemark>
    <name>Route Kalingalan Caluang to Jolo</name>
    <description>Assigned Demand Flow: 14.8416</description>
    <styleUrl>#lineStyle</styleUrl>
    <LineString>
      <tessellate>1</tessellate>
      <coordinates>
        121.27,5.88,0
        121,6,0
      </coordinates>
    </LineString>
  </Placemark>
  <Placemark>
    <name>Route Kalingalan Caluang to Ipil</name>
    <description>Assigned Demand Flow: 775.158</description>
    <styleUrl>#lineStyle</styleUrl>
    <LineString>
      <tessellate>1</tessellate>
      <coordinates>
        121.27,5.88,0
        122.587,7.7822,0
      </coordinates>
    </LineString>
  </Placemark>
  <Placemark>
    <name>Route Lilio to San Antonio</name>
    <description>Assigned Demand Flow: 794</description>
    <styleUrl>#lineStyle</styleUrl>
    <LineString>
      <tessellate>1</tessellate>
      <coordinates>
        121.436,14.13,0
        121.3,13.9,0
      </coordinates>
    </LineString>
  </Placemark>
  <Placemark>
    <name>Route Siniloan to Marikina City</name>
    <description>Assigned Demand Flow: 784</description>
    <styleUrl>#lineStyle</styleUrl>
    <LineString>
      <tessellate>1</tessellate>
      <coordinates>
        121.45,14.42,0
        121.1,14.65,0
      </coordinates>
    </LineString>
  </Placemark>
  <Placemark>
    <name>Route Alicia to Ipil</name>
    <description>Assigned Demand Flow: 798</description>
    <styleUrl>#lineStyle</styleUrl>
    <LineString>
      <tessellate>1</tessellate>
      <coordinates>
        122.941,7.506,0
        122.587,7.7822,0
      </coordinates>
    </LineString>
  </Placemark>
  <Placemark>
    <name>Route Sogod to Ormoc</name>
    <description>Assigned Demand Flow: 787</description>
    <styleUrl>#lineStyle</styleUrl>
    <LineString>
      <tessellate>1</tessellate>
      <coordinates>
        124,10.75,0
        124.608,11.0106,0
      </coordinates>
    </LineString>
  </Placemark>
  <Placemark>
    <name>Route Clarin to Tubod</name>
    <description>Assigned Demand Flow: 791</description>
    <styleUrl>#lineStyle</styleUrl>
    <LineString>
      <tessellate>1</tessellate>
      <coordinates>
        123.85,8.2,0
        123.8,8.05,0
      </coordinates>
    </LineString>
  </Placemark>
  <Placemark>
    <name>Route Pamplona to Virac</name>
    <description>Assigned Demand Flow: 794</description>
    <styleUrl>#lineStyle</styleUrl>
    <LineString>
      <tessellate>1</tessellate>
      <coordinates>
        123.083,13.5925,0
        124.23,13.58,0
      </coordinates>
    </LineString>
  </Placemark>
  <Placemark>
    <name>Route Damulog to Cotabato</name>
    <description>Assigned Demand Flow: 753.07</description>
    <styleUrl>#lineStyle</styleUrl>
    <LineString>
      <tessellate>1</tessellate>
      <coordinates>
        124.941,7.4853,0
        124.25,7.22,0
      </coordinates>
    </LineString>
  </Placemark>
  <Placemark>
    <name>Route Damulog to Malaybalay</name>
    <description>Assigned Demand Flow: 27.9304</description>
    <styleUrl>#lineStyle</styleUrl>
    <LineString>
      <tessellate>1</tessellate>
      <coordinates>
        124.941,7.4853,0
        125.133,8.1564,0
      </coordinates>
    </LineString>
  </Placemark>
  <Placemark>
    <name>Route Bayanan to Quezon City</name>
    <description>Assigned Demand Flow: 789</description>
    <styleUrl>#lineStyle</styleUrl>
    <LineString>
      <tessellate>1</tessellate>
      <coordinates>
        121.05,14.4078,0
        121.047,14.65,0
      </coordinates>
    </LineString>
  </Placemark>
  <Placemark>
    <name>Route Agoncillo to Batangas</name>
    <description>Assigned Demand Flow: 202.686</description>
    <styleUrl>#lineStyle</styleUrl>
    <LineString>
      <tessellate>1</tessellate>
      <coordinates>
        120.928,13.9334,0
        121,13.83,0
      </coordinates>
    </LineString>
  </Placemark>
  <Placemark>
    <name>Route Agoncillo to San Antonio</name>
    <description>Assigned Demand Flow: 575.314</description>
    <styleUrl>#lineStyle</styleUrl>
    <LineString>
      <tessellate>1</tessellate>
      <coordinates>
        120.928,13.9334,0
        121.3,13.9,0
      </coordinates>
    </LineString>
  </Placemark>
  <Placemark>
    <name>Route Sual to Bayombong</name>
    <description>Assigned Demand Flow: 781</description>
    <styleUrl>#lineStyle</styleUrl>
    <LineString>
      <tessellate>1</tessellate>
      <coordinates>
        120.096,16.0661,0
        121.15,16.48,0
      </coordinates>
    </LineString>
  </Placemark>
  <Placemark>
    <name>Route San Dionisio to Roxas City</name>
    <description>Assigned Demand Flow: 779</description>
    <styleUrl>#lineStyle</styleUrl>
    <LineString>
      <tessellate>1</tessellate>
      <coordinates>
        123.095,11.2711,0
        122.751,11.5894,0
      </coordinates>
    </LineString>
  </Placemark>
  <Placemark>
    <name>Route Gabaldon to Marikina City</name>
    <description>Assigned Demand Flow: 77.3248</description>
    <styleUrl>#lineStyle</styleUrl>
    <LineString>
      <tessellate>1</tessellate>
      <coordinates>
        121.338,15.4506,0
        121.1,14.65,0
      </coordinates>
    </LineString>
  </Placemark>
  <Placemark>
    <name>Route Gabaldon to Baler</name>
    <description>Assigned Demand Flow: 695.675</description>
    <styleUrl>#lineStyle</styleUrl>
    <LineString>
      <tessellate>1</tessellate>
      <coordinates>
        121.338,15.4506,0
        121.562,15.7583,0
      </coordinates>
    </LineString>
  </Placemark>
  <Placemark>
    <name>Route Caluya to Kalibo</name>
    <description>Assigned Demand Flow: 781</description>
    <styleUrl>#lineStyle</styleUrl>
    <LineString>
      <tessellate>1</tessellate>
      <coordinates>
        121.548,11.932,0
        122.37,11.7072,0
      </coordinates>
    </LineString>
  </Placemark>
  <Placemark>
    <name>Route San Nicolas to Bontoc</name>
    <description>Assigned Demand Flow: 773</description>
    <styleUrl>#lineStyle</styleUrl>
    <LineString>
      <tessellate>1</tessellate>
      <coordinates>
        120.595,18.175,0
        120.977,17.09,0
      </coordinates>
    </LineString>
  </Placemark>
  <Placemark>
    <name>Route Cabugao to Bontoc</name>
    <description>Assigned Demand Flow: 782</description>
    <styleUrl>#lineStyle</styleUrl>
    <LineString>
      <tessellate>1</tessellate>
      <coordinates>
        120.456,17.7947,0
        120.977,17.09,0
      </coordinates>
    </LineString>
  </Placemark>
  <Placemark>
    <name>Route Marikina Heights to Quezon City</name>
    <description>Assigned Demand Flow: 769</description>
    <styleUrl>#lineStyle</styleUrl>
    <LineString>
      <tessellate>1</tessellate>
      <coordinates>
        121.119,14.6534,0
        121.047,14.65,0
      </coordinates>
    </LineString>
  </Placemark>
  <Placemark>
    <name>Route Aborlan to Puerto Princesa</name>
    <description>Assigned Demand Flow: 771</description>
    <styleUrl>#lineStyle</styleUrl>
    <LineString>
      <tessellate>1</tessellate>
      <coordinates>
        118.548,9.4386,0
        118.75,9.75,0
      </coordinates>
    </LineString>
  </Placemark>
  <Placemark>
    <name>Route Valencia to Dumaguete City</name>
    <description>Assigned Demand Flow: 779</description>
    <styleUrl>#lineStyle</styleUrl>
    <LineString>
      <tessellate>1</tessellate>
      <coordinates>
        123.25,9.28,0
        123.308,9.3103,0
      </coordinates>
    </LineString>
  </Placemark>
  <Placemark>
    <name>Route Real to Quezon City</name>
    <description>Assigned Demand Flow: 415.374</description>
    <styleUrl>#lineStyle</styleUrl>
    <LineString>
      <tessellate>1</tessellate>
      <coordinates>
        121.6,14.67,0
        121.047,14.65,0
      </coordinates>
    </LineString>
  </Placemark>
  <Placemark>
    <name>Route Real to Marikina City</name>
    <description>Assigned Demand Flow: 356.626</description>
    <styleUrl>#lineStyle</styleUrl>
    <LineString>
      <tessellate>1</tessellate>
      <coordinates>
        121.6,14.67,0
        121.1,14.65,0
      </coordinates>
    </LineString>
  </Placemark>
  <Placemark>
    <name>Route Jamindan to Roxas City</name>
    <description>Assigned Demand Flow: 783</description>
    <styleUrl>#lineStyle</styleUrl>
    <LineString>
      <tessellate>1</tessellate>
      <coordinates>
        122.51,11.4094,0
        122.751,11.5894,0
      </coordinates>
    </LineString>
  </Placemark>
  <Placemark>
    <name>Route Margosatubig to Pagadian</name>
    <description>Assigned Demand Flow: 783</description>
    <styleUrl>#lineStyle</styleUrl>
    <LineString>
      <tessellate>1</tessellate>
      <coordinates>
        123.166,7.5783,0
        123.436,7.8272,0
      </coordinates>
    </LineString>
  </Placemark>
  <Placemark>
    <name>Route San Fernando to Virac</name>
    <description>Assigned Demand Flow: 781</description>
    <styleUrl>#lineStyle</styleUrl>
    <LineString>
      <tessellate>1</tessellate>
      <coordinates>
        123.142,13.5661,0
        124.23,13.58,0
      </coordinates>
    </LineString>
  </Placemark>
  <Placemark>
    <name>Route San Andres to Virac</name>
    <description>Assigned Demand Flow: 774</description>
    <styleUrl>#lineStyle</styleUrl>
    <LineString>
      <tessellate>1</tessellate>
      <coordinates>
        124.099,13.5961,0
        124.23,13.58,0
      </coordinates>
    </LineString>
  </Placemark>
  <Placemark>
    <name>Route Maasin to San Jose</name>
    <description>Assigned Demand Flow: 779</description>
    <styleUrl>#lineStyle</styleUrl>
    <LineString>
      <tessellate>1</tessellate>
      <coordinates>
        122.43,10.88,0
        121.941,10.7433,0
      </coordinates>
    </LineString>
  </Placemark>
  <Placemark>
    <name>Route Olutanga to Ipil</name>
    <description>Assigned Demand Flow: 777</description>
    <styleUrl>#lineStyle</styleUrl>
    <LineString>
      <tessellate>1</tessellate>
      <coordinates>
        122.846,7.3106,0
        122.587,7.7822,0
      </coordinates>
    </LineString>
  </Placemark>
  <Placemark>
    <name>Route Buug to Pagadian</name>
    <description>Assigned Demand Flow: 769</description>
    <styleUrl>#lineStyle</styleUrl>
    <LineString>
      <tessellate>1</tessellate>
      <coordinates>
        123.061,7.7286,0
        123.436,7.8272,0
      </coordinates>
    </LineString>
  </Placemark>
  <Placemark>
    <name>Route Patnongon to San Jose</name>
    <description>Assigned Demand Flow: 764</description>
    <styleUrl>#lineStyle</styleUrl>
    <LineString>
      <tessellate>1</tessellate>
      <coordinates>
        121.995,10.9142,0
        121.941,10.7433,0
      </coordinates>
    </LineString>
  </Placemark>
  <Placemark>
    <name>Route Samal to Caloocan City</name>
    <description>Assigned Demand Flow: 393.565</description>
    <styleUrl>#lineStyle</styleUrl>
    <LineString>
      <tessellate>1</tessellate>
      <coordinates>
        120.543,14.7678,0
        120.97,14.65,0
      </coordinates>
    </LineString>
  </Placemark>
  <Placemark>
    <name>Route Samal to Malabon</name>
    <description>Assigned Demand Flow: 372.435</description>
    <styleUrl>#lineStyle</styleUrl>
    <LineString>
      <tessellate>1</tessellate>
      <coordinates>
        120.543,14.7678,0
        120.96,14.66,0
      </coordinates>
    </LineString>
  </Placemark>
  <Placemark>
    <name>Route Laur to Baler</name>
    <description>Assigned Demand Flow: 775</description>
    <styleUrl>#lineStyle</styleUrl>
    <LineString>
      <tessellate>1</tessellate>
      <coordinates>
        121.186,15.5797,0
        121.562,15.7583,0
      </coordinates>
    </LineString>
  </Placemark>
  <Placemark>
    <name>Route Borbon to Ormoc</name>
    <description>Assigned Demand Flow: 758</description>
    <styleUrl>#lineStyle</styleUrl>
    <LineString>
      <tessellate>1</tessellate>
      <coordinates>
        124,10.83,0
        124.608,11.0106,0
      </coordinates>
    </LineString>
  </Placemark>
  <Placemark>
    <name>Route Tayasan to Dumaguete City</name>
    <description>Assigned Demand Flow: 773</description>
    <styleUrl>#lineStyle</styleUrl>
    <LineString>
      <tessellate>1</tessellate>
      <coordinates>
        123.15,9.92,0
        123.308,9.3103,0
      </coordinates>
    </LineString>
  </Placemark>
  <Placemark>
    <name>Route Mapandan to Bayombong</name>
    <description>Assigned Demand Flow: 765</description>
    <styleUrl>#lineStyle</styleUrl>
    <LineString>
      <tessellate>1</tessellate>
      <coordinates>
        120.454,16.026,0
        121.15,16.48,0
      </coordinates>
    </LineString>
  </Placemark>
  <Placemark>
    <name>Route Bangar to Bontoc</name>
    <description>Assigned Demand Flow: 761</description>
    <styleUrl>#lineStyle</styleUrl>
    <LineString>
      <tessellate>1</tessellate>
      <coordinates>
        120.42,16.9,0
        120.977,17.09,0
      </coordinates>
    </LineString>
  </Placemark>
  <Placemark>
    <name>Route Bagabag to Bayombong</name>
    <description>Assigned Demand Flow: 766</description>
    <styleUrl>#lineStyle</styleUrl>
    <LineString>
      <tessellate>1</tessellate>
      <coordinates>
        121.252,16.6044,0
        121.15,16.48,0
      </coordinates>
    </LineString>
  </Placemark>
  <Placemark>
    <name>Route Luuk to Ipil</name>
    <description>Assigned Demand Flow: 750</description>
    <styleUrl>#lineStyle</styleUrl>
    <LineString>
      <tessellate>1</tessellate>
      <coordinates>
        121.313,5.9676,0
        122.587,7.7822,0
      </coordinates>
    </LineString>
  </Placemark>
  <Placemark>
    <name>Route Santo Domingo to Virac</name>
    <description>Assigned Demand Flow: 747</description>
    <styleUrl>#lineStyle</styleUrl>
    <LineString>
      <tessellate>1</tessellate>
      <coordinates>
        123.777,13.235,0
        124.23,13.58,0
      </coordinates>
    </LineString>
  </Placemark>
  <Placemark>
    <name>Route Marantao to Marawi City</name>
    <description>Assigned Demand Flow: 759</description>
    <styleUrl>#lineStyle</styleUrl>
    <LineString>
      <tessellate>1</tessellate>
      <coordinates>
        124.233,7.95,0
        124.285,8.0031,0
      </coordinates>
    </LineString>
  </Placemark>
  <Placemark>
    <name>Route Karuhatan to Caloocan City</name>
    <description>Assigned Demand Flow: 752</description>
    <styleUrl>#lineStyle</styleUrl>
    <LineString>
      <tessellate>1</tessellate>
      <coordinates>
        120.976,14.6883,0
        120.97,14.65,0
      </coordinates>
    </LineString>
  </Placemark>
  <Placemark>
    <name>Route San Marcelino to Caloocan City</name>
    <description>Assigned Demand Flow: 762</description>
    <styleUrl>#lineStyle</styleUrl>
    <LineString>
      <tessellate>1</tessellate>
      <coordinates>
        120.157,14.9742,0
        120.97,14.65,0
      </coordinates>
    </LineString>
  </Placemark>
  <Placemark>
    <name>Route Basista to Bayombong</name>
    <description>Assigned Demand Flow: 762</description>
    <styleUrl>#lineStyle</styleUrl>
    <LineString>
      <tessellate>1</tessellate>
      <coordinates>
        120.398,15.8524,0
        121.15,16.48,0
      </coordinates>
    </LineString>
  </Placemark>
  <Placemark>
    <name>Route Tambulig to Tubod</name>
    <description>Assigned Demand Flow: 755</description>
    <styleUrl>#lineStyle</styleUrl>
    <LineString>
      <tessellate>1</tessellate>
      <coordinates>
        123.537,8.07,0
        123.8,8.05,0
      </coordinates>
    </LineString>
  </Placemark>
  <Placemark>
    <name>Route San Andres to Boac</name>
    <description>Assigned Demand Flow: 743</description>
    <styleUrl>#lineStyle</styleUrl>
    <LineString>
      <tessellate>1</tessellate>
      <coordinates>
        122.676,13.3231,0
        121.83,13.45,0
      </coordinates>
    </LineString>
  </Placemark>
  <Placemark>
    <name>Route Oras to Catarman</name>
    <description>Assigned Demand Flow: 739</description>
    <styleUrl>#lineStyle</styleUrl>
    <LineString>
      <tessellate>1</tessellate>
      <coordinates>
        125.439,12.1414,0
        124.633,12.4994,0
      </coordinates>
    </LineString>
  </Placemark>
  <Placemark>
    <name>Route San Antonio to Caloocan City</name>
    <description>Assigned Demand Flow: 747</description>
    <styleUrl>#lineStyle</styleUrl>
    <LineString>
      <tessellate>1</tessellate>
      <coordinates>
        120.086,14.9486,0
        120.97,14.65,0
      </coordinates>
    </LineString>
  </Placemark>
  <Placemark>
    <name>Route Magallanes to Masbate</name>
    <description>Assigned Demand Flow: 747</description>
    <styleUrl>#lineStyle</styleUrl>
    <LineString>
      <tessellate>1</tessellate>
      <coordinates>
        123.834,12.8283,0
        123.58,12.27,0
      </coordinates>
    </LineString>
  </Placemark>
  <Placemark>
    <name>Route Mabuhay to Ipil</name>
    <description>Assigned Demand Flow: 752</description>
    <styleUrl>#lineStyle</styleUrl>
    <LineString>
      <tessellate>1</tessellate>
      <coordinates>
        122.837,7.4176,0
        122.587,7.7822,0
      </coordinates>
    </LineString>
  </Placemark>
  <Placemark>
    <name>Route Sitangkai to Ipil</name>
    <description>Assigned Demand Flow: 747</description>
    <styleUrl>#lineStyle</styleUrl>
    <LineString>
      <tessellate>1</tessellate>
      <coordinates>
        119.392,4.6615,0
        122.587,7.7822,0
      </coordinates>
    </LineString>
  </Placemark>
  <Placemark>
    <name>Route Luna to Bontoc</name>
    <description>Assigned Demand Flow: 752</description>
    <styleUrl>#lineStyle</styleUrl>
    <LineString>
      <tessellate>1</tessellate>
      <coordinates>
        120.38,16.85,0
        120.977,17.09,0
      </coordinates>
    </LineString>
  </Placemark>
  <Placemark>
    <name>Route Mankayan to Bontoc</name>
    <description>Assigned Demand Flow: 741</description>
    <styleUrl>#lineStyle</styleUrl>
    <LineString>
      <tessellate>1</tessellate>
      <coordinates>
        120.793,16.8567,0
        120.977,17.09,0
      </coordinates>
    </LineString>
  </Placemark>
  <Placemark>
    <name>Route Bantay to Bontoc</name>
    <description>Assigned Demand Flow: 752</description>
    <styleUrl>#lineStyle</styleUrl>
    <LineString>
      <tessellate>1</tessellate>
      <coordinates>
        120.391,17.5839,0
        120.977,17.09,0
      </coordinates>
    </LineString>
  </Placemark>
  <Placemark>
    <name>Route Imbatug to Cagayan de Oro</name>
    <description>Assigned Demand Flow: 746</description>
    <styleUrl>#lineStyle</styleUrl>
    <LineString>
      <tessellate>1</tessellate>
      <coordinates>
        124.687,8.3128,0
        124.65,8.48,0
      </coordinates>
    </LineString>
  </Placemark>
  <Placemark>
    <name>Route Languyan to Ipil</name>
    <description>Assigned Demand Flow: 738</description>
    <styleUrl>#lineStyle</styleUrl>
    <LineString>
      <tessellate>1</tessellate>
      <coordinates>
        120.083,5.2667,0
        122.587,7.7822,0
      </coordinates>
    </LineString>
  </Placemark>
  <Placemark>
    <name>Route Kālihāti to Basco</name>
    <description>Assigned Demand Flow: 746</description>
    <styleUrl>#lineStyle</styleUrl>
    <LineString>
      <tessellate>1</tessellate>
      <coordinates>
        89.9833,24.3833,0
        121.97,20.45,0
      </coordinates>
    </LineString>
  </Placemark>
  <Placemark>
    <name>Route Moalboal to Maribojoc</name>
    <description>Assigned Demand Flow: 736</description>
    <styleUrl>#lineStyle</styleUrl>
    <LineString>
      <tessellate>1</tessellate>
      <coordinates>
        123.4,9.95,0
        123.85,9.75,0
      </coordinates>
    </LineString>
  </Placemark>
  <Placemark>
    <name>Route Basilisa to Maasin</name>
    <description>Assigned Demand Flow: 732</description>
    <styleUrl>#lineStyle</styleUrl>
    <LineString>
      <tessellate>1</tessellate>
      <coordinates>
        125.597,10.0654,0
        124.85,10.13,0
      </coordinates>
    </LineString>
  </Placemark>
  <Placemark>
    <name>Route San Enrique to Roxas City</name>
    <description>Assigned Demand Flow: 743</description>
    <styleUrl>#lineStyle</styleUrl>
    <LineString>
      <tessellate>1</tessellate>
      <coordinates>
        122.657,11.0697,0
        122.751,11.5894,0
      </coordinates>
    </LineString>
  </Placemark>
  <Placemark>
    <name>Route Manucan to Oroquieta</name>
    <description>Assigned Demand Flow: 747</description>
    <styleUrl>#lineStyle</styleUrl>
    <LineString>
      <tessellate>1</tessellate>
      <coordinates>
        123.092,8.5161,0
        123.8,8.48,0
      </coordinates>
    </LineString>
  </Placemark>
  <Placemark>
    <name>Route Sagnay to Virac</name>
    <description>Assigned Demand Flow: 736</description>
    <styleUrl>#lineStyle</styleUrl>
    <LineString>
      <tessellate>1</tessellate>
      <coordinates>
        123.523,13.6039,0
        124.23,13.58,0
      </coordinates>
    </LineString>
  </Placemark>
  <Placemark>
    <name>Route Magsaysay to Butuan</name>
    <description>Assigned Demand Flow: 730</description>
    <styleUrl>#lineStyle</styleUrl>
    <LineString>
      <tessellate>1</tessellate>
      <coordinates>
        125.18,9.02,0
        125.543,8.948,0
      </coordinates>
    </LineString>
  </Placemark>
  <Placemark>
    <name>Route Enrile to Ilagan</name>
    <description>Assigned Demand Flow: 741</description>
    <styleUrl>#lineStyle</styleUrl>
    <LineString>
      <tessellate>1</tessellate>
      <coordinates>
        121.701,17.5622,0
        121.889,17.1489,0
      </coordinates>
    </LineString>
  </Placemark>
  <Placemark>
    <name>Route Sītākund to Bontoc</name>
    <description>Assigned Demand Flow: 738</description>
    <styleUrl>#lineStyle</styleUrl>
    <LineString>
      <tessellate>1</tessellate>
      <coordinates>
        91.6594,22.6216,0
        120.977,17.09,0
      </coordinates>
    </LineString>
  </Placemark>
  <Placemark>
    <name>Route Aurora to Ilagan</name>
    <description>Assigned Demand Flow: 723</description>
    <styleUrl>#lineStyle</styleUrl>
    <LineString>
      <tessellate>1</tessellate>
      <coordinates>
        121.636,16.9918,0
        121.889,17.1489,0
      </coordinates>
    </LineString>
  </Placemark>
  <Placemark>
    <name>Route Las Navas to Catarman</name>
    <description>Assigned Demand Flow: 730</description>
    <styleUrl>#lineStyle</styleUrl>
    <LineString>
      <tessellate>1</tessellate>
      <coordinates>
        125.032,12.34,0
        124.633,12.4994,0
      </coordinates>
    </LineString>
  </Placemark>
  <Placemark>
    <name>Route Benāpol to Bontoc</name>
    <description>Assigned Demand Flow: 723</description>
    <styleUrl>#lineStyle</styleUrl>
    <LineString>
      <tessellate>1</tessellate>
      <coordinates>
        88.8956,23.0419,0
        120.977,17.09,0
      </coordinates>
    </LineString>
  </Placemark>
  <Placemark>
    <name>Route Simbahan to Ipil</name>
    <description>Assigned Demand Flow: 735</description>
    <styleUrl>#lineStyle</styleUrl>
    <LineString>
      <tessellate>1</tessellate>
      <coordinates>
        120.58,6.3,0
        122.587,7.7822,0
      </coordinates>
    </LineString>
  </Placemark>
  <Placemark>
    <name>Route Dinas to Pagadian</name>
    <description>Assigned Demand Flow: 724</description>
    <styleUrl>#lineStyle</styleUrl>
    <LineString>
      <tessellate>1</tessellate>
      <coordinates>
        123.338,7.6161,0
        123.436,7.8272,0
      </coordinates>
    </LineString>
  </Placemark>
  <Placemark>
    <name>Route Cabanglasan to Cagayan de Oro</name>
    <description>Assigned Demand Flow: 720</description>
    <styleUrl>#lineStyle</styleUrl>
    <LineString>
      <tessellate>1</tessellate>
      <coordinates>
        125.299,8.0772,0
        124.65,8.48,0
      </coordinates>
    </LineString>
  </Placemark>
  <Placemark>
    <name>Route Siayan to Pagadian</name>
    <description>Assigned Demand Flow: 724</description>
    <styleUrl>#lineStyle</styleUrl>
    <LineString>
      <tessellate>1</tessellate>
      <coordinates>
        123.114,8.2517,0
        123.436,7.8272,0
      </coordinates>
    </LineString>
  </Placemark>
  <Placemark>
    <name>Route Cuenca to San Antonio</name>
    <description>Assigned Demand Flow: 730</description>
    <styleUrl>#lineStyle</styleUrl>
    <LineString>
      <tessellate>1</tessellate>
      <coordinates>
        121.05,13.8988,0
        121.3,13.9,0
      </coordinates>
    </LineString>
  </Placemark>
  <Placemark>
    <name>Route Capalonga to Perez</name>
    <description>Assigned Demand Flow: 716</description>
    <styleUrl>#lineStyle</styleUrl>
    <LineString>
      <tessellate>1</tessellate>
      <coordinates>
        122.493,14.3314,0
        121.93,14.18,0
      </coordinates>
    </LineString>
  </Placemark>
  <Placemark>
    <name>Route Canaman to Virac</name>
    <description>Assigned Demand Flow: 722</description>
    <styleUrl>#lineStyle</styleUrl>
    <LineString>
      <tessellate>1</tessellate>
      <coordinates>
        123.171,13.6481,0
        124.23,13.58,0
      </coordinates>
    </LineString>
  </Placemark>
  <Placemark>
    <name>Route Gasan to Boac</name>
    <description>Assigned Demand Flow: 724</description>
    <styleUrl>#lineStyle</styleUrl>
    <LineString>
      <tessellate>1</tessellate>
      <coordinates>
        121.85,13.32,0
        121.83,13.45,0
      </coordinates>
    </LineString>
  </Placemark>
  <Placemark>
    <name>Route Dagami to Tacloban</name>
    <description>Assigned Demand Flow: 720</description>
    <styleUrl>#lineStyle</styleUrl>
    <LineString>
      <tessellate>1</tessellate>
      <coordinates>
        124.903,11.0611,0
        125,11.24,0
      </coordinates>
    </LineString>
  </Placemark>
  <Placemark>
    <name>Route San Luis to San Antonio</name>
    <description>Assigned Demand Flow: 721</description>
    <styleUrl>#lineStyle</styleUrl>
    <LineString>
      <tessellate>1</tessellate>
      <coordinates>
        120.93,13.83,0
        121.3,13.9,0
      </coordinates>
    </LineString>
  </Placemark>
  <Placemark>
    <name>Route Rapu-Rapu to Virac</name>
    <description>Assigned Demand Flow: 731</description>
    <styleUrl>#lineStyle</styleUrl>
    <LineString>
      <tessellate>1</tessellate>
      <coordinates>
        124.13,13.18,0
        124.23,13.58,0
      </coordinates>
    </LineString>
  </Placemark>
  <Placemark>
    <name>Route Barira to Cotabato</name>
    <description>Assigned Demand Flow: 728</description>
    <styleUrl>#lineStyle</styleUrl>
    <LineString>
      <tessellate>1</tessellate>
      <coordinates>
        124.356,7.4706,0
        124.25,7.22,0
      </coordinates>
    </LineString>
  </Placemark>
  <Placemark>
    <name>Route Kishmat Dhanbāri to Basco</name>
    <description>Assigned Demand Flow: 715</description>
    <styleUrl>#lineStyle</styleUrl>
    <LineString>
      <tessellate>1</tessellate>
      <coordinates>
        90.025,24.6167,0
        121.97,20.45,0
      </coordinates>
    </LineString>
  </Placemark>
  <Placemark>
    <name>Route Gutalac to Ipil</name>
    <description>Assigned Demand Flow: 719</description>
    <styleUrl>#lineStyle</styleUrl>
    <LineString>
      <tessellate>1</tessellate>
      <coordinates>
        122.4,7.98,0
        122.587,7.7822,0
      </coordinates>
    </LineString>
  </Placemark>
  <Placemark>
    <name>Route Sibuco to Ipil</name>
    <description>Assigned Demand Flow: 719</description>
    <styleUrl>#lineStyle</styleUrl>
    <LineString>
      <tessellate>1</tessellate>
      <coordinates>
        122.067,7.2928,0
        122.587,7.7822,0
      </coordinates>
    </LineString>
  </Placemark>
  <Placemark>
    <name>Route Matanog to Cotabato</name>
    <description>Assigned Demand Flow: 720</description>
    <styleUrl>#lineStyle</styleUrl>
    <LineString>
      <tessellate>1</tessellate>
      <coordinates>
        124.25,7.47,0
        124.25,7.22,0
      </coordinates>
    </LineString>
  </Placemark>
  <Placemark>
    <name>Route Claveria to Butuan</name>
    <description>Assigned Demand Flow: 715</description>
    <styleUrl>#lineStyle</styleUrl>
    <LineString>
      <tessellate>1</tessellate>
      <coordinates>
        125.733,9.5742,0
        125.543,8.948,0
      </coordinates>
    </LineString>
  </Placemark>
  <Placemark>
    <name>Route Bel-Air to Quezon City</name>
    <description>Assigned Demand Flow: 712</description>
    <styleUrl>#lineStyle</styleUrl>
    <LineString>
      <tessellate>1</tessellate>
      <coordinates>
        121.026,14.5639,0
        121.047,14.65,0
      </coordinates>
    </LineString>
  </Placemark>
  <Placemark>
    <name>Route Pandan to Kalibo</name>
    <description>Assigned Demand Flow: 724</description>
    <styleUrl>#lineStyle</styleUrl>
    <LineString>
      <tessellate>1</tessellate>
      <coordinates>
        122.096,11.7206,0
        122.37,11.7072,0
      </coordinates>
    </LineString>
  </Placemark>
  <Placemark>
    <name>Route Jagna to Corella</name>
    <description>Assigned Demand Flow: 706</description>
    <styleUrl>#lineStyle</styleUrl>
    <LineString>
      <tessellate>1</tessellate>
      <coordinates>
        124.37,9.65,0
        123.92,9.68,0
      </coordinates>
    </LineString>
  </Placemark>
  <Placemark>
    <name>Route Numancia to Kalibo</name>
    <description>Assigned Demand Flow: 712</description>
    <styleUrl>#lineStyle</styleUrl>
    <LineString>
      <tessellate>1</tessellate>
      <coordinates>
        122.329,11.7042,0
        122.37,11.7072,0
      </coordinates>
    </LineString>
  </Placemark>
  <Placemark>
    <name>Route Santa Ana to Ilagan</name>
    <description>Assigned Demand Flow: 722</description>
    <styleUrl>#lineStyle</styleUrl>
    <LineString>
      <tessellate>1</tessellate>
      <coordinates>
        122.142,18.4589,0
        121.889,17.1489,0
      </coordinates>
    </LineString>
  </Placemark>
  <Placemark>
    <name>Route Medina to Butuan</name>
    <description>Assigned Demand Flow: 715</description>
    <styleUrl>#lineStyle</styleUrl>
    <LineString>
      <tessellate>1</tessellate>
      <coordinates>
        125.02,8.92,0
        125.543,8.948,0
      </coordinates>
    </LineString>
  </Placemark>
  <Placemark>
    <name>Route Casiguran to Catarman</name>
    <description>Assigned Demand Flow: 708</description>
    <styleUrl>#lineStyle</styleUrl>
    <LineString>
      <tessellate>1</tessellate>
      <coordinates>
        124.008,12.8731,0
        124.633,12.4994,0
      </coordinates>
    </LineString>
  </Placemark>
  <Placemark>
    <name>Route Pambujan to Catarman</name>
    <description>Assigned Demand Flow: 708</description>
    <styleUrl>#lineStyle</styleUrl>
    <LineString>
      <tessellate>1</tessellate>
      <coordinates>
        124.93,12.57,0
        124.633,12.4994,0
      </coordinates>
    </LineString>
  </Placemark>
  <Placemark>
    <name>Route Pola to Boac</name>
    <description>Assigned Demand Flow: 716</description>
    <styleUrl>#lineStyle</styleUrl>
    <LineString>
      <tessellate>1</tessellate>
      <coordinates>
        121.44,13.1439,0
        121.83,13.45,0
      </coordinates>
    </LineString>
  </Placemark>
  <Placemark>
    <name>Route Bautista to Bayombong</name>
    <description>Assigned Demand Flow: 699</description>
    <styleUrl>#lineStyle</styleUrl>
    <LineString>
      <tessellate>1</tessellate>
      <coordinates>
        120.476,15.8103,0
        121.15,16.48,0
      </coordinates>
    </LineString>
  </Placemark>
  <Placemark>
    <name>Route Morong to Caloocan City</name>
    <description>Assigned Demand Flow: 698</description>
    <styleUrl>#lineStyle</styleUrl>
    <LineString>
      <tessellate>1</tessellate>
      <coordinates>
        120.268,14.68,0
        120.97,14.65,0
      </coordinates>
    </LineString>
  </Placemark>
  <Placemark>
    <name>Route Juban to Masbate</name>
    <description>Assigned Demand Flow: 712</description>
    <styleUrl>#lineStyle</styleUrl>
    <LineString>
      <tessellate>1</tessellate>
      <coordinates>
        123.989,12.8478,0
        123.58,12.27,0
      </coordinates>
    </LineString>
  </Placemark>
  <Placemark>
    <name>Route Pansol to Quezon City</name>
    <description>Assigned Demand Flow: 705</description>
    <styleUrl>#lineStyle</styleUrl>
    <LineString>
      <tessellate>1</tessellate>
      <coordinates>
        121.08,14.6514,0
        121.047,14.65,0
      </coordinates>
    </LineString>
  </Placemark>
  <Placemark>
    <name>Route Chandanais to Bontoc</name>
    <description>Assigned Demand Flow: 698</description>
    <styleUrl>#lineStyle</styleUrl>
    <LineString>
      <tessellate>1</tessellate>
      <coordinates>
        92.0111,22.2113,0
        120.977,17.09,0
      </coordinates>
    </LineString>
  </Placemark>
  <Placemark>
    <name>Route Gandara to Catarman</name>
    <description>Assigned Demand Flow: 708</description>
    <styleUrl>#lineStyle</styleUrl>
    <LineString>
      <tessellate>1</tessellate>
      <coordinates>
        124.812,12.013,0
        124.633,12.4994,0
      </coordinates>
    </LineString>
  </Placemark>
  <Placemark>
    <name>Route Allacapan to Ilagan</name>
    <description>Assigned Demand Flow: 714</description>
    <styleUrl>#lineStyle</styleUrl>
    <LineString>
      <tessellate>1</tessellate>
      <coordinates>
        121.556,18.227,0
        121.889,17.1489,0
      </coordinates>
    </LineString>
  </Placemark>
  <Placemark>
    <name>Route San Luis to Butuan</name>
    <description>Assigned Demand Flow: 703</description>
    <styleUrl>#lineStyle</styleUrl>
    <LineString>
      <tessellate>1</tessellate>
      <coordinates>
        125.74,8.5,0
        125.543,8.948,0
      </coordinates>
    </LineString>
  </Placemark>
  <Placemark>
    <name>Route Abra de Ilog to San Antonio</name>
    <description>Assigned Demand Flow: 696</description>
    <styleUrl>#lineStyle</styleUrl>
    <LineString>
      <tessellate>1</tessellate>
      <coordinates>
        120.726,13.4448,0
        121.3,13.9,0
      </coordinates>
    </LineString>
  </Placemark>
  <Placemark>
    <name>Route Sulop to Alabel</name>
    <description>Assigned Demand Flow: 708</description>
    <styleUrl>#lineStyle</styleUrl>
    <LineString>
      <tessellate>1</tessellate>
      <coordinates>
        125.344,6.5986,0
        125.287,6.1023,0
      </coordinates>
    </LineString>
  </Placemark>
  <Placemark>
    <name>Route Lingig to Tandag</name>
    <description>Assigned Demand Flow: 702</description>
    <styleUrl>#lineStyle</styleUrl>
    <LineString>
      <tessellate>1</tessellate>
      <coordinates>
        126.413,8.0381,0
        126.199,9.0789,0
      </coordinates>
    </LineString>
  </Placemark>
  <Placemark>
    <name>Route Trinidad to Maasin</name>
    <description>Assigned Demand Flow: 701</description>
    <styleUrl>#lineStyle</styleUrl>
    <LineString>
      <tessellate>1</tessellate>
      <coordinates>
        124.343,10.0795,0
        124.85,10.13,0
      </coordinates>
    </LineString>
  </Placemark>
  <Placemark>
    <name>Route Balasan to Roxas City</name>
    <description>Assigned Demand Flow: 694</description>
    <styleUrl>#lineStyle</styleUrl>
    <LineString>
      <tessellate>1</tessellate>
      <coordinates>
        123.088,11.4728,0
        122.751,11.5894,0
      </coordinates>
    </LineString>
  </Placemark>
  <Placemark>
    <name>Route Guimbal to San Jose</name>
    <description>Assigned Demand Flow: 707</description>
    <styleUrl>#lineStyle</styleUrl>
    <LineString>
      <tessellate>1</tessellate>
      <coordinates>
        122.32,10.67,0
        121.941,10.7433,0
      </coordinates>
    </LineString>
  </Placemark>
  <Placemark>
    <name>Route Munai to Marawi City</name>
    <description>Assigned Demand Flow: 708</description>
    <styleUrl>#lineStyle</styleUrl>
    <LineString>
      <tessellate>1</tessellate>
      <coordinates>
        124.064,7.9758,0
        124.285,8.0031,0
      </coordinates>
    </LineString>
  </Placemark>
  <Placemark>
    <name>Route Payao to Ipil</name>
    <description>Assigned Demand Flow: 708</description>
    <styleUrl>#lineStyle</styleUrl>
    <LineString>
      <tessellate>1</tessellate>
      <coordinates>
        122.802,7.5857,0
        122.587,7.7822,0
      </coordinates>
    </LineString>
  </Placemark>
  <Placemark>
    <name>Route Mendez-Nuñez to San Antonio</name>
    <description>Assigned Demand Flow: 697</description>
    <styleUrl>#lineStyle</styleUrl>
    <LineString>
      <tessellate>1</tessellate>
      <coordinates>
        120.906,14.1286,0
        121.3,13.9,0
      </coordinates>
    </LineString>
  </Placemark>
  <Placemark>
    <name>Route Leganes to San Jose</name>
    <description>Assigned Demand Flow: 703</description>
    <styleUrl>#lineStyle</styleUrl>
    <LineString>
      <tessellate>1</tessellate>
      <coordinates>
        122.58,10.78,0
        121.941,10.7433,0
      </coordinates>
    </LineString>
  </Placemark>
  <Placemark>
    <name>Route Bugasong to San Jose</name>
    <description>Assigned Demand Flow: 687</description>
    <styleUrl>#lineStyle</styleUrl>
    <LineString>
      <tessellate>1</tessellate>
      <coordinates>
        122.065,11.0447,0
        121.941,10.7433,0
      </coordinates>
    </LineString>
  </Placemark>
  <Placemark>
    <name>Route Dueñas to Roxas City</name>
    <description>Assigned Demand Flow: 699</description>
    <styleUrl>#lineStyle</styleUrl>
    <LineString>
      <tessellate>1</tessellate>
      <coordinates>
        122.62,11.07,0
        122.751,11.5894,0
      </coordinates>
    </LineString>
  </Placemark>
  <Placemark>
    <name>Route Abulug to Ilagan</name>
    <description>Assigned Demand Flow: 687</description>
    <styleUrl>#lineStyle</styleUrl>
    <LineString>
      <tessellate>1</tessellate>
      <coordinates>
        121.458,18.4441,0
        121.889,17.1489,0
      </coordinates>
    </LineString>
  </Placemark>
  <Placemark>
    <name>Route Bonifacio to Tubod</name>
    <description>Assigned Demand Flow: 690</description>
    <styleUrl>#lineStyle</styleUrl>
    <LineString>
      <tessellate>1</tessellate>
      <coordinates>
        123.614,8.0527,0
        123.8,8.05,0
      </coordinates>
    </LineString>
  </Placemark>
  <Placemark>
    <name>Route Bayog to Pagadian</name>
    <description>Assigned Demand Flow: 698</description>
    <styleUrl>#lineStyle</styleUrl>
    <LineString>
      <tessellate>1</tessellate>
      <coordinates>
        123.042,7.8474,0
        123.436,7.8272,0
      </coordinates>
    </LineString>
  </Placemark>
  <Placemark>
    <name>Route Mogpog to Boac</name>
    <description>Assigned Demand Flow: 700</description>
    <styleUrl>#lineStyle</styleUrl>
    <LineString>
      <tessellate>1</tessellate>
      <coordinates>
        121.87,13.48,0
        121.83,13.45,0
      </coordinates>
    </LineString>
  </Placemark>
  <Placemark>
    <name>Route Santa Maria to Quezon City</name>
    <description>Assigned Demand Flow: 688</description>
    <styleUrl>#lineStyle</styleUrl>
    <LineString>
      <tessellate>1</tessellate>
      <coordinates>
        121.425,14.475,0
        121.047,14.65,0
      </coordinates>
    </LineString>
  </Placemark>
  <Placemark>
    <name>Route Barugo to Tacloban</name>
    <description>Assigned Demand Flow: 685</description>
    <styleUrl>#lineStyle</styleUrl>
    <LineString>
      <tessellate>1</tessellate>
      <coordinates>
        124.73,11.32,0
        125,11.24,0
      </coordinates>
    </LineString>
  </Placemark>
  <Placemark>
    <name>Route Ballesteros to Ilagan</name>
    <description>Assigned Demand Flow: 697</description>
    <styleUrl>#lineStyle</styleUrl>
    <LineString>
      <tessellate>1</tessellate>
      <coordinates>
        121.517,18.4108,0
        121.889,17.1489,0
      </coordinates>
    </LineString>
  </Placemark>
  <Placemark>
    <name>Route Santa Fe to Naval</name>
    <description>Assigned Demand Flow: 698</description>
    <styleUrl>#lineStyle</styleUrl>
    <LineString>
      <tessellate>1</tessellate>
      <coordinates>
        123.8,11.15,0
        124.45,11.58,0
      </coordinates>
    </LineString>
  </Placemark>
  <Placemark>
    <name>Route Aloguinsan to Maribojoc</name>
    <description>Assigned Demand Flow: 540.699</description>
    <styleUrl>#lineStyle</styleUrl>
    <LineString>
      <tessellate>1</tessellate>
      <coordinates>
        123.549,10.2229,0
        123.85,9.75,0
      </coordinates>
    </LineString>
  </Placemark>
  <Placemark>
    <name>Route Aloguinsan to Corella</name>
    <description>Assigned Demand Flow: 150.301</description>
    <styleUrl>#lineStyle</styleUrl>
    <LineString>
      <tessellate>1</tessellate>
      <coordinates>
        123.549,10.2229,0
        123.92,9.68,0
      </coordinates>
    </LineString>
  </Placemark>
  <Placemark>
    <name>Route Hatibanda to Basco</name>
    <description>Assigned Demand Flow: 682</description>
    <styleUrl>#lineStyle</styleUrl>
    <LineString>
      <tessellate>1</tessellate>
      <coordinates>
        90.16,24.2155,0
        121.97,20.45,0
      </coordinates>
    </LineString>
  </Placemark>
  <Placemark>
    <name>Route Tandubas to Ipil</name>
    <description>Assigned Demand Flow: 692</description>
    <styleUrl>#lineStyle</styleUrl>
    <LineString>
      <tessellate>1</tessellate>
      <coordinates>
        120.346,5.134,0
        122.587,7.7822,0
      </coordinates>
    </LineString>
  </Placemark>
  <Placemark>
    <name>Route Pinukpuk to Bontoc</name>
    <description>Assigned Demand Flow: 689</description>
    <styleUrl>#lineStyle</styleUrl>
    <LineString>
      <tessellate>1</tessellate>
      <coordinates>
        121.365,17.5731,0
        120.977,17.09,0
      </coordinates>
    </LineString>
  </Placemark>
  <Placemark>
    <name>Route New Panamao to Ipil</name>
    <description>Assigned Demand Flow: 677</description>
    <styleUrl>#lineStyle</styleUrl>
    <LineString>
      <tessellate>1</tessellate>
      <coordinates>
        121.2,5.97,0
        122.587,7.7822,0
      </coordinates>
    </LineString>
  </Placemark>
  <Placemark>
    <name>Route Simunul to Ipil</name>
    <description>Assigned Demand Flow: 684</description>
    <styleUrl>#lineStyle</styleUrl>
    <LineString>
      <tessellate>1</tessellate>
      <coordinates>
        119.821,4.898,0
        122.587,7.7822,0
      </coordinates>
    </LineString>
  </Placemark>
  <Placemark>
    <name>Route Sibutu to Ipil</name>
    <description>Assigned Demand Flow: 676</description>
    <styleUrl>#lineStyle</styleUrl>
    <LineString>
      <tessellate>1</tessellate>
      <coordinates>
        119.47,4.85,0
        122.587,7.7822,0
      </coordinates>
    </LineString>
  </Placemark>
  <Placemark>
    <name>Route General Nakar to Quezon City</name>
    <description>Assigned Demand Flow: 681</description>
    <styleUrl>#lineStyle</styleUrl>
    <LineString>
      <tessellate>1</tessellate>
      <coordinates>
        121.635,14.7631,0
        121.047,14.65,0
      </coordinates>
    </LineString>
  </Placemark>
  <Placemark>
    <name>Route Santa Maria to Bayombong</name>
    <description>Assigned Demand Flow: 677</description>
    <styleUrl>#lineStyle</styleUrl>
    <LineString>
      <tessellate>1</tessellate>
      <coordinates>
        120.7,15.9808,0
        121.15,16.48,0
      </coordinates>
    </LineString>
  </Placemark>
  <Placemark>
    <name>Route Talayan to Cotabato</name>
    <description>Assigned Demand Flow: 674</description>
    <styleUrl>#lineStyle</styleUrl>
    <LineString>
      <tessellate>1</tessellate>
      <coordinates>
        124.356,6.9844,0
        124.25,7.22,0
      </coordinates>
    </LineString>
  </Placemark>
  <Placemark>
    <name>Route Laoac East to Bayombong</name>
    <description>Assigned Demand Flow: 687</description>
    <styleUrl>#lineStyle</styleUrl>
    <LineString>
      <tessellate>1</tessellate>
      <coordinates>
        120.55,16.0333,0
        121.15,16.48,0
      </coordinates>
    </LineString>
  </Placemark>
  <Placemark>
    <name>Route Guindulman to Maasin</name>
    <description>Assigned Demand Flow: 677</description>
    <styleUrl>#lineStyle</styleUrl>
    <LineString>
      <tessellate>1</tessellate>
      <coordinates>
        124.488,9.762,0
        124.85,10.13,0
      </coordinates>
    </LineString>
  </Placemark>
  <Placemark>
    <name>Route San Manuel to Ilagan</name>
    <description>Assigned Demand Flow: 685</description>
    <styleUrl>#lineStyle</styleUrl>
    <LineString>
      <tessellate>1</tessellate>
      <coordinates>
        121.63,17.02,0
        121.889,17.1489,0
      </coordinates>
    </LineString>
  </Placemark>
  <Placemark>
    <name>Route Cantilan to Tandag</name>
    <description>Assigned Demand Flow: 676</description>
    <styleUrl>#lineStyle</styleUrl>
    <LineString>
      <tessellate>1</tessellate>
      <coordinates>
        125.977,9.3356,0
        126.199,9.0789,0
      </coordinates>
    </LineString>
  </Placemark>
  <Placemark>
    <name>Route San Remigio to San Jose</name>
    <description>Assigned Demand Flow: 684</description>
    <styleUrl>#lineStyle</styleUrl>
    <LineString>
      <tessellate>1</tessellate>
      <coordinates>
        122.088,10.8331,0
        121.941,10.7433,0
      </coordinates>
    </LineString>
  </Placemark>
  <Placemark>
    <name>Route Palapag to Catarman</name>
    <description>Assigned Demand Flow: 687</description>
    <styleUrl>#lineStyle</styleUrl>
    <LineString>
      <tessellate>1</tessellate>
      <coordinates>
        125.116,12.547,0
        124.633,12.4994,0
      </coordinates>
    </LineString>
  </Placemark>
  <Placemark>
    <name>Route Jalajala to Quezon City</name>
    <description>Assigned Demand Flow: 690</description>
    <styleUrl>#lineStyle</styleUrl>
    <LineString>
      <tessellate>1</tessellate>
      <coordinates>
        121.324,14.354,0
        121.047,14.65,0
      </coordinates>
    </LineString>
  </Placemark>
  <Placemark>
    <name>Route Shariff Aguak to Poblacion</name>
    <description>Assigned Demand Flow: 678</description>
    <styleUrl>#lineStyle</styleUrl>
    <LineString>
      <tessellate>1</tessellate>
      <coordinates>
        124.442,6.8647,0
        124.63,6.8,0
      </coordinates>
    </LineString>
  </Placemark>
  <Placemark>
    <name>Route San Quintin to Bayombong</name>
    <description>Assigned Demand Flow: 685</description>
    <styleUrl>#lineStyle</styleUrl>
    <LineString>
      <tessellate>1</tessellate>
      <coordinates>
        120.815,15.9844,0
        121.15,16.48,0
      </coordinates>
    </LineString>
  </Placemark>
  <Placemark>
    <name>Route Milaor to Virac</name>
    <description>Assigned Demand Flow: 679</description>
    <styleUrl>#lineStyle</styleUrl>
    <LineString>
      <tessellate>1</tessellate>
      <coordinates>
        123.178,13.5956,0
        124.23,13.58,0
      </coordinates>
    </LineString>
  </Placemark>
  <Placemark>
    <name>Route Sibagat to Butuan</name>
    <description>Assigned Demand Flow: 674</description>
    <styleUrl>#lineStyle</styleUrl>
    <LineString>
      <tessellate>1</tessellate>
      <coordinates>
        125.69,8.82,0
        125.543,8.948,0
      </coordinates>
    </LineString>
  </Placemark>
  <Placemark>
    <name>Route Initao to Cagayan de Oro</name>
    <description>Assigned Demand Flow: 686</description>
    <styleUrl>#lineStyle</styleUrl>
    <LineString>
      <tessellate>1</tessellate>
      <coordinates>
        124.317,8.5,0
        124.65,8.48,0
      </coordinates>
    </LineString>
  </Placemark>
  <Placemark>
    <name>Route Lupi Viejo to Perez</name>
    <description>Assigned Demand Flow: 672</description>
    <styleUrl>#lineStyle</styleUrl>
    <LineString>
      <tessellate>1</tessellate>
      <coordinates>
        122.909,13.7908,0
        121.93,14.18,0
      </coordinates>
    </LineString>
  </Placemark>
  <Placemark>
    <name>Route Tabango to Naval</name>
    <description>Assigned Demand Flow: 677</description>
    <styleUrl>#lineStyle</styleUrl>
    <LineString>
      <tessellate>1</tessellate>
      <coordinates>
        124.371,11.3067,0
        124.45,11.58,0
      </coordinates>
    </LineString>
  </Placemark>
  <Placemark>
    <name>Route Baclaran to Caloocan City</name>
    <description>Assigned Demand Flow: 674</description>
    <styleUrl>#lineStyle</styleUrl>
    <LineString>
      <tessellate>1</tessellate>
      <coordinates>
        120.994,14.5319,0
        120.97,14.65,0
      </coordinates>
    </LineString>
  </Placemark>
  <Placemark>
    <name>Route Dao to Roxas City</name>
    <description>Assigned Demand Flow: 668</description>
    <styleUrl>#lineStyle</styleUrl>
    <LineString>
      <tessellate>1</tessellate>
      <coordinates>
        122.63,11.38,0
        122.751,11.5894,0
      </coordinates>
    </LineString>
  </Placemark>
  <Placemark>
    <name>Route Tobias Fornier to San Jose</name>
    <description>Assigned Demand Flow: 675</description>
    <styleUrl>#lineStyle</styleUrl>
    <LineString>
      <tessellate>1</tessellate>
      <coordinates>
        121.945,10.5178,0
        121.941,10.7433,0
      </coordinates>
    </LineString>
  </Placemark>
  <Placemark>
    <name>Route Naguilian to Ilagan</name>
    <description>Assigned Demand Flow: 678</description>
    <styleUrl>#lineStyle</styleUrl>
    <LineString>
      <tessellate>1</tessellate>
      <coordinates>
        121.85,17.02,0
        121.889,17.1489,0
      </coordinates>
    </LineString>
  </Placemark>
  <Placemark>
    <name>Route Catmon to Ormoc</name>
    <description>Assigned Demand Flow: 673</description>
    <styleUrl>#lineStyle</styleUrl>
    <LineString>
      <tessellate>1</tessellate>
      <coordinates>
        123.95,10.67,0
        124.608,11.0106,0
      </coordinates>
    </LineString>
  </Placemark>
  <Placemark>
    <name>Route Kadingilan to Marawi City</name>
    <description>Assigned Demand Flow: 668</description>
    <styleUrl>#lineStyle</styleUrl>
    <LineString>
      <tessellate>1</tessellate>
      <coordinates>
        124.91,7.6003,0
        124.285,8.0031,0
      </coordinates>
    </LineString>
  </Placemark>
  <Placemark>
    <name>Route Capoocan to Ormoc</name>
    <description>Assigned Demand Flow: 675</description>
    <styleUrl>#lineStyle</styleUrl>
    <LineString>
      <tessellate>1</tessellate>
      <coordinates>
        124.642,11.2944,0
        124.608,11.0106,0
      </coordinates>
    </LineString>
  </Placemark>
  <Placemark>
    <name>Route Midsalip to Pagadian</name>
    <description>Assigned Demand Flow: 683</description>
    <styleUrl>#lineStyle</styleUrl>
    <LineString>
      <tessellate>1</tessellate>
      <coordinates>
        123.315,8.0328,0
        123.436,7.8272,0
      </coordinates>
    </LineString>
  </Placemark>
  <Placemark>
    <name>Route Datu Paglas to Buluan</name>
    <description>Assigned Demand Flow: 671</description>
    <styleUrl>#lineStyle</styleUrl>
    <LineString>
      <tessellate>1</tessellate>
      <coordinates>
        124.85,6.7669,0
        124.785,6.7154,0
      </coordinates>
    </LineString>
  </Placemark>
  <Placemark>
    <name>Route Batobato to Alabel</name>
    <description>Assigned Demand Flow: 667</description>
    <styleUrl>#lineStyle</styleUrl>
    <LineString>
      <tessellate>1</tessellate>
      <coordinates>
        126.089,6.8361,0
        125.287,6.1023,0
      </coordinates>
    </LineString>
  </Placemark>
  <Placemark>
    <name>Route Masiu to Marawi City</name>
    <description>Assigned Demand Flow: 672</description>
    <styleUrl>#lineStyle</styleUrl>
    <LineString>
      <tessellate>1</tessellate>
      <coordinates>
        124.32,7.82,0
        124.285,8.0031,0
      </coordinates>
    </LineString>
  </Placemark>
  <Placemark>
    <name>Route Sapa Sapa to Ipil</name>
    <description>Assigned Demand Flow: 670</description>
    <styleUrl>#lineStyle</styleUrl>
    <LineString>
      <tessellate>1</tessellate>
      <coordinates>
        120.273,5.0899,0
        122.587,7.7822,0
      </coordinates>
    </LineString>
  </Placemark>
  <Placemark>
    <name>Route Dāganbhuiya to Bontoc</name>
    <description>Assigned Demand Flow: 675</description>
    <styleUrl>#lineStyle</styleUrl>
    <LineString>
      <tessellate>1</tessellate>
      <coordinates>
        91.3036,22.9366,0
        120.977,17.09,0
      </coordinates>
    </LineString>
  </Placemark>
  <Placemark>
    <name>Route Columbio to Buluan</name>
    <description>Assigned Demand Flow: 673</description>
    <styleUrl>#lineStyle</styleUrl>
    <LineString>
      <tessellate>1</tessellate>
      <coordinates>
        124.93,6.7,0
        124.785,6.7154,0
      </coordinates>
    </LineString>
  </Placemark>
  <Placemark>
    <name>Route San Vicente to Puerto Princesa</name>
    <description>Assigned Demand Flow: 677</description>
    <styleUrl>#lineStyle</styleUrl>
    <LineString>
      <tessellate>1</tessellate>
      <coordinates>
        119.254,10.5281,0
        118.75,9.75,0
      </coordinates>
    </LineString>
  </Placemark>
  <Placemark>
    <name>Route Bacarra to Bontoc</name>
    <description>Assigned Demand Flow: 675</description>
    <styleUrl>#lineStyle</styleUrl>
    <LineString>
      <tessellate>1</tessellate>
      <coordinates>
        120.611,18.2519,0
        120.977,17.09,0
      </coordinates>
    </LineString>
  </Placemark>
  <Placemark>
    <name>Route Batan to Kalibo</name>
    <description>Assigned Demand Flow: 671</description>
    <styleUrl>#lineStyle</styleUrl>
    <LineString>
      <tessellate>1</tessellate>
      <coordinates>
        122.498,11.5853,0
        122.37,11.7072,0
      </coordinates>
    </LineString>
  </Placemark>
  <Placemark>
    <name>Route Getafe to Corella</name>
    <description>Assigned Demand Flow: 669</description>
    <styleUrl>#lineStyle</styleUrl>
    <LineString>
      <tessellate>1</tessellate>
      <coordinates>
        124.15,10.15,0
        123.92,9.68,0
      </coordinates>
    </LineString>
  </Placemark>
  <Placemark>
    <name>Route Banate to Roxas City</name>
    <description>Assigned Demand Flow: 676</description>
    <styleUrl>#lineStyle</styleUrl>
    <LineString>
      <tessellate>1</tessellate>
      <coordinates>
        122.78,11.05,0
        122.751,11.5894,0
      </coordinates>
    </LineString>
  </Placemark>
  <Placemark>
    <name>Route Vintar to Bontoc</name>
    <description>Assigned Demand Flow: 661</description>
    <styleUrl>#lineStyle</styleUrl>
    <LineString>
      <tessellate>1</tessellate>
      <coordinates>
        120.649,18.2306,0
        120.977,17.09,0
      </coordinates>
    </LineString>
  </Placemark>
  <Placemark>
    <name>Route Dupax Del Norte to Bayombong</name>
    <description>Assigned Demand Flow: 671</description>
    <styleUrl>#lineStyle</styleUrl>
    <LineString>
      <tessellate>1</tessellate>
      <coordinates>
        121.102,16.3075,0
        121.15,16.48,0
      </coordinates>
    </LineString>
  </Placemark>
  <Placemark>
    <name>Route Barguna to Bontoc</name>
    <description>Assigned Demand Flow: 664</description>
    <styleUrl>#lineStyle</styleUrl>
    <LineString>
      <tessellate>1</tessellate>
      <coordinates>
        90.1176,22.1567,0
        120.977,17.09,0
      </coordinates>
    </LineString>
  </Placemark>
  <Placemark>
    <name>Route Pandami to Ipil</name>
    <description>Assigned Demand Flow: 654</description>
    <styleUrl>#lineStyle</styleUrl>
    <LineString>
      <tessellate>1</tessellate>
      <coordinates>
        120.75,5.53,0
        122.587,7.7822,0
      </coordinates>
    </LineString>
  </Placemark>
  <Placemark>
    <name>Route Dipaculao to Bayombong</name>
    <description>Assigned Demand Flow: 668</description>
    <styleUrl>#lineStyle</styleUrl>
    <LineString>
      <tessellate>1</tessellate>
      <coordinates>
        121.63,15.98,0
        121.15,16.48,0
      </coordinates>
    </LineString>
  </Placemark>
  <Placemark>
    <name>Route Calape to Corella</name>
    <description>Assigned Demand Flow: 671</description>
    <styleUrl>#lineStyle</styleUrl>
    <LineString>
      <tessellate>1</tessellate>
      <coordinates>
        123.88,9.88,0
        123.92,9.68,0
      </coordinates>
    </LineString>
  </Placemark>
  <Placemark>
    <name>Route Dumalinao to Pagadian</name>
    <description>Assigned Demand Flow: 663</description>
    <styleUrl>#lineStyle</styleUrl>
    <LineString>
      <tessellate>1</tessellate>
      <coordinates>
        123.37,7.82,0
        123.436,7.8272,0
      </coordinates>
    </LineString>
  </Placemark>
  <Placemark>
    <name>Route Mayantoc to Caloocan City</name>
    <description>Assigned Demand Flow: 464.782</description>
    <styleUrl>#lineStyle</styleUrl>
    <LineString>
      <tessellate>1</tessellate>
      <coordinates>
        120.377,15.6203,0
        120.97,14.65,0
      </coordinates>
    </LineString>
  </Placemark>
  <Placemark>
    <name>Route Mayantoc to Bayombong</name>
    <description>Assigned Demand Flow: 179.218</description>
    <styleUrl>#lineStyle</styleUrl>
    <LineString>
      <tessellate>1</tessellate>
      <coordinates>
        120.377,15.6203,0
        121.15,16.48,0
      </coordinates>
    </LineString>
  </Placemark>
  <Placemark>
    <name>Route Matalom to Maasin</name>
    <description>Assigned Demand Flow: 643</description>
    <styleUrl>#lineStyle</styleUrl>
    <LineString>
      <tessellate>1</tessellate>
      <coordinates>
        124.8,10.28,0
        124.85,10.13,0
      </coordinates>
    </LineString>
  </Placemark>
  <Placemark>
    <name>Route Diplahan to Ipil</name>
    <description>Assigned Demand Flow: 654</description>
    <styleUrl>#lineStyle</styleUrl>
    <LineString>
      <tessellate>1</tessellate>
      <coordinates>
        122.985,7.6911,0
        122.587,7.7822,0
      </coordinates>
    </LineString>
  </Placemark>
  <Placemark>
    <name>Route Balindong to Marawi City</name>
    <description>Assigned Demand Flow: 649</description>
    <styleUrl>#lineStyle</styleUrl>
    <LineString>
      <tessellate>1</tessellate>
      <coordinates>
        124.2,7.92,0
        124.285,8.0031,0
      </coordinates>
    </LineString>
  </Placemark>
  <Placemark>
    <name>Route Badoc to Bontoc</name>
    <description>Assigned Demand Flow: 652</description>
    <styleUrl>#lineStyle</styleUrl>
    <LineString>
      <tessellate>1</tessellate>
      <coordinates>
        120.475,17.9267,0
        120.977,17.09,0
      </coordinates>
    </LineString>
  </Placemark>
  <Placemark>
    <name>Route Dolores to San Antonio</name>
    <description>Assigned Demand Flow: 658</description>
    <styleUrl>#lineStyle</styleUrl>
    <LineString>
      <tessellate>1</tessellate>
      <coordinates>
        121.401,14.0157,0
        121.3,13.9,0
      </coordinates>
    </LineString>
  </Placemark>
  <Placemark>
    <name>Route Lumbang to Lucena</name>
    <description>Assigned Demand Flow: 646</description>
    <styleUrl>#lineStyle</styleUrl>
    <LineString>
      <tessellate>1</tessellate>
      <coordinates>
        121.459,14.297,0
        121.62,13.93,0
      </coordinates>
    </LineString>
  </Placemark>
  <Placemark>
    <name>Route Peñaranda to Quezon City</name>
    <description>Assigned Demand Flow: 635</description>
    <styleUrl>#lineStyle</styleUrl>
    <LineString>
      <tessellate>1</tessellate>
      <coordinates>
        121.002,15.3531,0
        121.047,14.65,0
      </coordinates>
    </LineString>
  </Placemark>
  <Placemark>
    <name>Route Jimalalud to Dumaguete City</name>
    <description>Assigned Demand Flow: 643</description>
    <styleUrl>#lineStyle</styleUrl>
    <LineString>
      <tessellate>1</tessellate>
      <coordinates>
        123.2,9.9797,0
        123.308,9.3103,0
      </coordinates>
    </LineString>
  </Placemark>
  <Placemark>
    <name>Route Mallig to Ilagan</name>
    <description>Assigned Demand Flow: 651</description>
    <styleUrl>#lineStyle</styleUrl>
    <LineString>
      <tessellate>1</tessellate>
      <coordinates>
        121.611,17.2086,0
        121.889,17.1489,0
      </coordinates>
    </LineString>
  </Placemark>
  <Placemark>
    <name>Route Igbaras to San Jose</name>
    <description>Assigned Demand Flow: 638</description>
    <styleUrl>#lineStyle</styleUrl>
    <LineString>
      <tessellate>1</tessellate>
      <coordinates>
        122.27,10.72,0
        121.941,10.7433,0
      </coordinates>
    </LineString>
  </Placemark>
  <Placemark>
    <name>Route Catubig to Catarman</name>
    <description>Assigned Demand Flow: 652</description>
    <styleUrl>#lineStyle</styleUrl>
    <LineString>
      <tessellate>1</tessellate>
      <coordinates>
        125.054,12.408,0
        124.633,12.4994,0
      </coordinates>
    </LineString>
  </Placemark>
  <Placemark>
    <name>Route Alubijid to Cagayan de Oro</name>
    <description>Assigned Demand Flow: 649</description>
    <styleUrl>#lineStyle</styleUrl>
    <LineString>
      <tessellate>1</tessellate>
      <coordinates>
        124.475,8.5714,0
        124.65,8.48,0
      </coordinates>
    </LineString>
  </Placemark>
  <Placemark>
    <name>Route Salug to Ipil</name>
    <description>Assigned Demand Flow: 643</description>
    <styleUrl>#lineStyle</styleUrl>
    <LineString>
      <tessellate>1</tessellate>
      <coordinates>
        122.757,8.1075,0
        122.587,7.7822,0
      </coordinates>
    </LineString>
  </Placemark>
  <Placemark>
    <name>Route Balimbing to Tubod</name>
    <description>Assigned Demand Flow: 633</description>
    <styleUrl>#lineStyle</styleUrl>
    <LineString>
      <tessellate>1</tessellate>
      <coordinates>
        123.85,7.9,0
        123.8,8.05,0
      </coordinates>
    </LineString>
  </Placemark>
  <Placemark>
    <name>Route Caramoran to Virac</name>
    <description>Assigned Demand Flow: 636</description>
    <styleUrl>#lineStyle</styleUrl>
    <LineString>
      <tessellate>1</tessellate>
      <coordinates>
        124.13,13.98,0
        124.23,13.58,0
      </coordinates>
    </LineString>
  </Placemark>
  <Placemark>
    <name>Route Tamparan to Marawi City</name>
    <description>Assigned Demand Flow: 650</description>
    <styleUrl>#lineStyle</styleUrl>
    <LineString>
      <tessellate>1</tessellate>
      <coordinates>
        124.333,7.879,0
        124.285,8.0031,0
      </coordinates>
    </LineString>
  </Placemark>
  <Placemark>
    <name>Route Malangas to Pagadian</name>
    <description>Assigned Demand Flow: 645</description>
    <styleUrl>#lineStyle</styleUrl>
    <LineString>
      <tessellate>1</tessellate>
      <coordinates>
        123.032,7.6317,0
        123.436,7.8272,0
      </coordinates>
    </LineString>
  </Placemark>
  <Placemark>
    <name>Route Bauko to Bontoc</name>
    <description>Assigned Demand Flow: 647</description>
    <styleUrl>#lineStyle</styleUrl>
    <LineString>
      <tessellate>1</tessellate>
      <coordinates>
        120.864,16.9917,0
        120.977,17.09,0
      </coordinates>
    </LineString>
  </Placemark>
  <Placemark>
    <name>Route Sergio Osmeña Sr to Oroquieta</name>
    <description>Assigned Demand Flow: 643</description>
    <styleUrl>#lineStyle</styleUrl>
    <LineString>
      <tessellate>1</tessellate>
      <coordinates>
        123.508,8.3003,0
        123.8,8.48,0
      </coordinates>
    </LineString>
  </Placemark>
  <Placemark>
    <name>Route Polillo to Perez</name>
    <description>Assigned Demand Flow: 636</description>
    <styleUrl>#lineStyle</styleUrl>
    <LineString>
      <tessellate>1</tessellate>
      <coordinates>
        121.95,14.72,0
        121.93,14.18,0
      </coordinates>
    </LineString>
  </Placemark>
  <Placemark>
    <name>Route Claveria to Bontoc</name>
    <description>Assigned Demand Flow: 636</description>
    <styleUrl>#lineStyle</styleUrl>
    <LineString>
      <tessellate>1</tessellate>
      <coordinates>
        121.082,18.6061,0
        120.977,17.09,0
      </coordinates>
    </LineString>
  </Placemark>
  <Placemark>
    <name>Route Pantabangan to Bayombong</name>
    <description>Assigned Demand Flow: 628</description>
    <styleUrl>#lineStyle</styleUrl>
    <LineString>
      <tessellate>1</tessellate>
      <coordinates>
        121.143,15.8086,0
        121.15,16.48,0
      </coordinates>
    </LineString>
  </Placemark>
  <Placemark>
    <name>Route Tubao to Bayombong</name>
    <description>Assigned Demand Flow: 631</description>
    <styleUrl>#lineStyle</styleUrl>
    <LineString>
      <tessellate>1</tessellate>
      <coordinates>
        120.42,16.35,0
        121.15,16.48,0
      </coordinates>
    </LineString>
  </Placemark>
  <Placemark>
    <name>Route Sigma to Roxas City</name>
    <description>Assigned Demand Flow: 634</description>
    <styleUrl>#lineStyle</styleUrl>
    <LineString>
      <tessellate>1</tessellate>
      <coordinates>
        122.666,11.4214,0
        122.751,11.5894,0
      </coordinates>
    </LineString>
  </Placemark>
  <Placemark>
    <name>Route Calubian to Naval</name>
    <description>Assigned Demand Flow: 640</description>
    <styleUrl>#lineStyle</styleUrl>
    <LineString>
      <tessellate>1</tessellate>
      <coordinates>
        124.428,11.4467,0
        124.45,11.58,0
      </coordinates>
    </LineString>
  </Placemark>
  <Placemark>
    <name>Route Merida to Ormoc</name>
    <description>Assigned Demand Flow: 638</description>
    <styleUrl>#lineStyle</styleUrl>
    <LineString>
      <tessellate>1</tessellate>
      <coordinates>
        124.538,10.9098,0
        124.608,11.0106,0
      </coordinates>
    </LineString>
  </Placemark>
  <Placemark>
    <name>Route Nagdha Simla to Basco</name>
    <description>Assigned Demand Flow: 628</description>
    <styleUrl>#lineStyle</styleUrl>
    <LineString>
      <tessellate>1</tessellate>
      <coordinates>
        89.9151,24.6071,0
        121.97,20.45,0
      </coordinates>
    </LineString>
  </Placemark>
  <Placemark>
    <name>Route Lemery to Roxas City</name>
    <description>Assigned Demand Flow: 629</description>
    <styleUrl>#lineStyle</styleUrl>
    <LineString>
      <tessellate>1</tessellate>
      <coordinates>
        122.93,11.23,0
        122.751,11.5894,0
      </coordinates>
    </LineString>
  </Placemark>
  <Placemark>
    <name>Route Bagac to Quezon City</name>
    <description>Assigned Demand Flow: 631</description>
    <styleUrl>#lineStyle</styleUrl>
    <LineString>
      <tessellate>1</tessellate>
      <coordinates>
        120.392,14.5951,0
        121.047,14.65,0
      </coordinates>
    </LineString>
  </Placemark>
  <Placemark>
    <name>Route Dasol to Bayombong</name>
    <description>Assigned Demand Flow: 620</description>
    <styleUrl>#lineStyle</styleUrl>
    <LineString>
      <tessellate>1</tessellate>
      <coordinates>
        119.88,15.9896,0
        121.15,16.48,0
      </coordinates>
    </LineString>
  </Placemark>
  <Placemark>
    <name>Route Dimataling to Pagadian</name>
    <description>Assigned Demand Flow: 630</description>
    <styleUrl>#lineStyle</styleUrl>
    <LineString>
      <tessellate>1</tessellate>
      <coordinates>
        123.366,7.5297,0
        123.436,7.8272,0
      </coordinates>
    </LineString>
  </Placemark>
  <Placemark>
    <name>Route Magsingal to Bontoc</name>
    <description>Assigned Demand Flow: 632</description>
    <styleUrl>#lineStyle</styleUrl>
    <LineString>
      <tessellate>1</tessellate>
      <coordinates>
        120.424,17.685,0
        120.977,17.09,0
      </coordinates>
    </LineString>
  </Placemark>
  <Placemark>
    <name>Route Ivisan to Roxas City</name>
    <description>Assigned Demand Flow: 631</description>
    <styleUrl>#lineStyle</styleUrl>
    <LineString>
      <tessellate>1</tessellate>
      <coordinates>
        122.691,11.5217,0
        122.751,11.5894,0
      </coordinates>
    </LineString>
  </Placemark>
  <Placemark>
    <name>Route President Roxas to Roxas City</name>
    <description>Assigned Demand Flow: 635</description>
    <styleUrl>#lineStyle</styleUrl>
    <LineString>
      <tessellate>1</tessellate>
      <coordinates>
        122.925,11.4297,0
        122.751,11.5894,0
      </coordinates>
    </LineString>
  </Placemark>
  <Placemark>
    <name>Route Paracelis to Bontoc</name>
    <description>Assigned Demand Flow: 619</description>
    <styleUrl>#lineStyle</styleUrl>
    <LineString>
      <tessellate>1</tessellate>
      <coordinates>
        121.404,17.1811,0
        120.977,17.09,0
      </coordinates>
    </LineString>
  </Placemark>
  <Placemark>
    <name>Route Siraway to Ipil</name>
    <description>Assigned Demand Flow: 624</description>
    <styleUrl>#lineStyle</styleUrl>
    <LineString>
      <tessellate>1</tessellate>
      <coordinates>
        122.141,7.5853,0
        122.587,7.7822,0
      </coordinates>
    </LineString>
  </Placemark>
  <Placemark>
    <name>Route Buenavista to Perez</name>
    <description>Assigned Demand Flow: 620</description>
    <styleUrl>#lineStyle</styleUrl>
    <LineString>
      <tessellate>1</tessellate>
      <coordinates>
        122.468,13.7394,0
        121.93,14.18,0
      </coordinates>
    </LineString>
  </Placemark>
  <Placemark>
    <name>Route Gata to Marawi City</name>
    <description>Assigned Demand Flow: 616</description>
    <styleUrl>#lineStyle</styleUrl>
    <LineString>
      <tessellate>1</tessellate>
      <coordinates>
        124.35,7.85,0
        124.285,8.0031,0
      </coordinates>
    </LineString>
  </Placemark>
  <Placemark>
    <name>Route Tairan Camp to Ipil</name>
    <description>Assigned Demand Flow: 629</description>
    <styleUrl>#lineStyle</styleUrl>
    <LineString>
      <tessellate>1</tessellate>
      <coordinates>
        121.87,6.65,0
        122.587,7.7822,0
      </coordinates>
    </LineString>
  </Placemark>
  <Placemark>
    <name>Route La Paz to Butuan</name>
    <description>Assigned Demand Flow: 611</description>
    <styleUrl>#lineStyle</styleUrl>
    <LineString>
      <tessellate>1</tessellate>
      <coordinates>
        125.81,8.28,0
        125.543,8.948,0
      </coordinates>
    </LineString>
  </Placemark>
  <Placemark>
    <name>Route Lohāgāra to Bontoc</name>
    <description>Assigned Demand Flow: 613</description>
    <styleUrl>#lineStyle</styleUrl>
    <LineString>
      <tessellate>1</tessellate>
      <coordinates>
        92.1009,22.0112,0
        120.977,17.09,0
      </coordinates>
    </LineString>
  </Placemark>
  <Placemark>
    <name>Route Nālchiti to Bontoc</name>
    <description>Assigned Demand Flow: 621</description>
    <styleUrl>#lineStyle</styleUrl>
    <LineString>
      <tessellate>1</tessellate>
      <coordinates>
        90.2719,22.637,0
        120.977,17.09,0
      </coordinates>
    </LineString>
  </Placemark>
  <Placemark>
    <name>Route Ganassi to Marawi City</name>
    <description>Assigned Demand Flow: 622</description>
    <styleUrl>#lineStyle</styleUrl>
    <LineString>
      <tessellate>1</tessellate>
      <coordinates>
        124.103,7.8269,0
        124.285,8.0031,0
      </coordinates>
    </LineString>
  </Placemark>
  <Placemark>
    <name>Route San Narciso to Quezon City</name>
    <description>Assigned Demand Flow: 624</description>
    <styleUrl>#lineStyle</styleUrl>
    <LineString>
      <tessellate>1</tessellate>
      <coordinates>
        120.08,15.02,0
        121.047,14.65,0
      </coordinates>
    </LineString>
  </Placemark>
  <Placemark>
    <name>Route San Isidro to Naval</name>
    <description>Assigned Demand Flow: 620</description>
    <styleUrl>#lineStyle</styleUrl>
    <LineString>
      <tessellate>1</tessellate>
      <coordinates>
        124.35,11.42,0
        124.45,11.58,0
      </coordinates>
    </LineString>
  </Placemark>
  <Placemark>
    <name>Route Aglipay to Santiago</name>
    <description>Assigned Demand Flow: 624</description>
    <styleUrl>#lineStyle</styleUrl>
    <LineString>
      <tessellate>1</tessellate>
      <coordinates>
        121.587,16.4889,0
        121.55,16.68,0
      </coordinates>
    </LineString>
  </Placemark>
  <Placemark>
    <name>Route Balatan to Virac</name>
    <description>Assigned Demand Flow: 620</description>
    <styleUrl>#lineStyle</styleUrl>
    <LineString>
      <tessellate>1</tessellate>
      <coordinates>
        123.233,13.3167,0
        124.23,13.58,0
      </coordinates>
    </LineString>
  </Placemark>
  <Placemark>
    <name>Route Gamu to Ilagan</name>
    <description>Assigned Demand Flow: 612</description>
    <styleUrl>#lineStyle</styleUrl>
    <LineString>
      <tessellate>1</tessellate>
      <coordinates>
        121.83,17.05,0
        121.889,17.1489,0
      </coordinates>
    </LineString>
  </Placemark>
  <Placemark>
    <name>Route Mataas Na Kahoy to San Antonio</name>
    <description>Assigned Demand Flow: 618</description>
    <styleUrl>#lineStyle</styleUrl>
    <LineString>
      <tessellate>1</tessellate>
      <coordinates>
        121.113,13.9592,0
        121.3,13.9,0
      </coordinates>
    </LineString>
  </Placemark>
  <Placemark>
    <name>Route Anilao to Roxas City</name>
    <description>Assigned Demand Flow: 609</description>
    <styleUrl>#lineStyle</styleUrl>
    <LineString>
      <tessellate>1</tessellate>
      <coordinates>
        122.753,10.9785,0
        122.751,11.5894,0
      </coordinates>
    </LineString>
  </Placemark>
  <Placemark>
    <name>Route Torrijos to Boac</name>
    <description>Assigned Demand Flow: 616</description>
    <styleUrl>#lineStyle</styleUrl>
    <LineString>
      <tessellate>1</tessellate>
      <coordinates>
        122.08,13.32,0
        121.83,13.45,0
      </coordinates>
    </LineString>
  </Placemark>
  <Placemark>
    <name>Route Maguing to Marawi City</name>
    <description>Assigned Demand Flow: 599</description>
    <styleUrl>#lineStyle</styleUrl>
    <LineString>
      <tessellate>1</tessellate>
      <coordinates>
        124.4,7.9,0
        124.285,8.0031,0
      </coordinates>
    </LineString>
  </Placemark>
  <Placemark>
    <name>Route Candelaria to Bayombong</name>
    <description>Assigned Demand Flow: 605</description>
    <styleUrl>#lineStyle</styleUrl>
    <LineString>
      <tessellate>1</tessellate>
      <coordinates>
        119.93,15.63,0
        121.15,16.48,0
      </coordinates>
    </LineString>
  </Placemark>
  <Placemark>
    <name>Route Majidpur to Bontoc</name>
    <description>Assigned Demand Flow: 598</description>
    <styleUrl>#lineStyle</styleUrl>
    <LineString>
      <tessellate>1</tessellate>
      <coordinates>
        90.7684,23.5797,0
        120.977,17.09,0
      </coordinates>
    </LineString>
  </Placemark>
  <Placemark>
    <name>Route Pantao-Ragat to Marawi City</name>
    <description>Assigned Demand Flow: 604</description>
    <styleUrl>#lineStyle</styleUrl>
    <LineString>
      <tessellate>1</tessellate>
      <coordinates>
        124.15,8.05,0
        124.285,8.0031,0
      </coordinates>
    </LineString>
  </Placemark>
  <Placemark>
    <name>Route Las Nieves to Butuan</name>
    <description>Assigned Demand Flow: 601</description>
    <styleUrl>#lineStyle</styleUrl>
    <LineString>
      <tessellate>1</tessellate>
      <coordinates>
        125.6,8.74,0
        125.543,8.948,0
      </coordinates>
    </LineString>
  </Placemark>
  <Placemark>
    <name>Route Calintaan to Boac</name>
    <description>Assigned Demand Flow: 613</description>
    <styleUrl>#lineStyle</styleUrl>
    <LineString>
      <tessellate>1</tessellate>
      <coordinates>
        120.943,12.5756,0
        121.83,13.45,0
      </coordinates>
    </LineString>
  </Placemark>
  <Placemark>
    <name>Route Piagapo to Marawi City</name>
    <description>Assigned Demand Flow: 612</description>
    <styleUrl>#lineStyle</styleUrl>
    <LineString>
      <tessellate>1</tessellate>
      <coordinates>
        124.2,8,0
        124.285,8.0031,0
      </coordinates>
    </LineString>
  </Placemark>
  <Placemark>
    <name>Route Candijay to Maasin</name>
    <description>Assigned Demand Flow: 610</description>
    <styleUrl>#lineStyle</styleUrl>
    <LineString>
      <tessellate>1</tessellate>
      <coordinates>
        124.496,9.818,0
        124.85,10.13,0
      </coordinates>
    </LineString>
  </Placemark>
  <Placemark>
    <name>Route Marogong to Marawi City</name>
    <description>Assigned Demand Flow: 603</description>
    <styleUrl>#lineStyle</styleUrl>
    <LineString>
      <tessellate>1</tessellate>
      <coordinates>
        124.15,7.67,0
        124.285,8.0031,0
      </coordinates>
    </LineString>
  </Placemark>
  <Placemark>
    <name>Route Pulupandan to San Jose</name>
    <description>Assigned Demand Flow: 594</description>
    <styleUrl>#lineStyle</styleUrl>
    <LineString>
      <tessellate>1</tessellate>
      <coordinates>
        122.8,10.52,0
        121.941,10.7433,0
      </coordinates>
    </LineString>
  </Placemark>
  <Placemark>
    <name>Route San Miguel to San Jose</name>
    <description>Assigned Demand Flow: 601</description>
    <styleUrl>#lineStyle</styleUrl>
    <LineString>
      <tessellate>1</tessellate>
      <coordinates>
        122.47,10.78,0
        121.941,10.7433,0
      </coordinates>
    </LineString>
  </Placemark>
  <Placemark>
    <name>Route Dumalag to Roxas City</name>
    <description>Assigned Demand Flow: 595</description>
    <styleUrl>#lineStyle</styleUrl>
    <LineString>
      <tessellate>1</tessellate>
      <coordinates>
        122.621,11.3039,0
        122.751,11.5894,0
      </coordinates>
    </LineString>
  </Placemark>
  <Placemark>
    <name>Route Balete to Kalibo</name>
    <description>Assigned Demand Flow: 607</description>
    <styleUrl>#lineStyle</styleUrl>
    <LineString>
      <tessellate>1</tessellate>
      <coordinates>
        122.379,11.5553,0
        122.37,11.7072,0
      </coordinates>
    </LineString>
  </Placemark>
  <Placemark>
    <name>Route Iguig to Ilagan</name>
    <description>Assigned Demand Flow: 597</description>
    <styleUrl>#lineStyle</styleUrl>
    <LineString>
      <tessellate>1</tessellate>
      <coordinates>
        121.736,17.7517,0
        121.889,17.1489,0
      </coordinates>
    </LineString>
  </Placemark>
  <Placemark>
    <name>Route Dauin to Dumaguete City</name>
    <description>Assigned Demand Flow: 600</description>
    <styleUrl>#lineStyle</styleUrl>
    <LineString>
      <tessellate>1</tessellate>
      <coordinates>
        123.27,9.2,0
        123.308,9.3103,0
      </coordinates>
    </LineString>
  </Placemark>
  <Placemark>
    <name>Route Santa Maria to Bontoc</name>
    <description>Assigned Demand Flow: 594</description>
    <styleUrl>#lineStyle</styleUrl>
    <LineString>
      <tessellate>1</tessellate>
      <coordinates>
        120.481,17.3719,0
        120.977,17.09,0
      </coordinates>
    </LineString>
  </Placemark>
  <Placemark>
    <name>Route Balungao to Bayombong</name>
    <description>Assigned Demand Flow: 604</description>
    <styleUrl>#lineStyle</styleUrl>
    <LineString>
      <tessellate>1</tessellate>
      <coordinates>
        120.7,15.9,0
        121.15,16.48,0
      </coordinates>
    </LineString>
  </Placemark>
  <Placemark>
    <name>Route Salay to Cagayan de Oro</name>
    <description>Assigned Demand Flow: 602</description>
    <styleUrl>#lineStyle</styleUrl>
    <LineString>
      <tessellate>1</tessellate>
      <coordinates>
        124.8,8.87,0
        124.65,8.48,0
      </coordinates>
    </LineString>
  </Placemark>
  <Placemark>
    <name>Route Agno to Bayombong</name>
    <description>Assigned Demand Flow: 590</description>
    <styleUrl>#lineStyle</styleUrl>
    <LineString>
      <tessellate>1</tessellate>
      <coordinates>
        119.803,16.1161,0
        121.15,16.48,0
      </coordinates>
    </LineString>
  </Placemark>
  <Placemark>
    <name>Route Ragan Sur to Ilagan</name>
    <description>Assigned Demand Flow: 604</description>
    <styleUrl>#lineStyle</styleUrl>
    <LineString>
      <tessellate>1</tessellate>
      <coordinates>
        121.78,17.32,0
        121.889,17.1489,0
      </coordinates>
    </LineString>
  </Placemark>
  <Placemark>
    <name>Route San Roque to Catarman</name>
    <description>Assigned Demand Flow: 607</description>
    <styleUrl>#lineStyle</styleUrl>
    <LineString>
      <tessellate>1</tessellate>
      <coordinates>
        124.867,12.533,0
        124.633,12.4994,0
      </coordinates>
    </LineString>
  </Placemark>
  <Placemark>
    <name>Route Padada to Alabel</name>
    <description>Assigned Demand Flow: 603</description>
    <styleUrl>#lineStyle</styleUrl>
    <LineString>
      <tessellate>1</tessellate>
      <coordinates>
        125.35,6.63,0
        125.287,6.1023,0
      </coordinates>
    </LineString>
  </Placemark>
  <Placemark>
    <name>Route Balabagan to Cotabato</name>
    <description>Assigned Demand Flow: 598</description>
    <styleUrl>#lineStyle</styleUrl>
    <LineString>
      <tessellate>1</tessellate>
      <coordinates>
        124.12,7.53,0
        124.25,7.22,0
      </coordinates>
    </LineString>
  </Placemark>
  <Placemark>
    <name>Route Quiapo to Quezon City</name>
    <description>Assigned Demand Flow: 431.347</description>
    <styleUrl>#lineStyle</styleUrl>
    <LineString>
      <tessellate>1</tessellate>
      <coordinates>
        120.983,14.6,0
        121.047,14.65,0
      </coordinates>
    </LineString>
  </Placemark>
  <Placemark>
    <name>Route Quiapo to San Antonio</name>
    <description>Assigned Demand Flow: 170.653</description>
    <styleUrl>#lineStyle</styleUrl>
    <LineString>
      <tessellate>1</tessellate>
      <coordinates>
        120.983,14.6,0
        121.3,13.9,0
      </coordinates>
    </LineString>
  </Placemark>
  <Placemark>
    <name>Route San Luis to Bayombong</name>
    <description>Assigned Demand Flow: 597</description>
    <styleUrl>#lineStyle</styleUrl>
    <LineString>
      <tessellate>1</tessellate>
      <coordinates>
        121.52,15.72,0
        121.15,16.48,0
      </coordinates>
    </LineString>
  </Placemark>
  <Placemark>
    <name>Route Bontoc to Maasin</name>
    <description>Assigned Demand Flow: 595</description>
    <styleUrl>#lineStyle</styleUrl>
    <LineString>
      <tessellate>1</tessellate>
      <coordinates>
        124.97,10.35,0
        124.85,10.13,0
      </coordinates>
    </LineString>
  </Placemark>
  <Placemark>
    <name>Route Benito Soliven to Ilagan</name>
    <description>Assigned Demand Flow: 595</description>
    <styleUrl>#lineStyle</styleUrl>
    <LineString>
      <tessellate>1</tessellate>
      <coordinates>
        121.95,16.98,0
        121.889,17.1489,0
      </coordinates>
    </LineString>
  </Placemark>
  <Placemark>
    <name>Route Makato to Kalibo</name>
    <description>Assigned Demand Flow: 602</description>
    <styleUrl>#lineStyle</styleUrl>
    <LineString>
      <tessellate>1</tessellate>
      <coordinates>
        122.292,11.712,0
        122.37,11.7072,0
      </coordinates>
    </LineString>
  </Placemark>
  <Placemark>
    <name>Route Buenavista to Corella</name>
    <description>Assigned Demand Flow: 587</description>
    <styleUrl>#lineStyle</styleUrl>
    <LineString>
      <tessellate>1</tessellate>
      <coordinates>
        124.12,10.08,0
        123.92,9.68,0
      </coordinates>
    </LineString>
  </Placemark>
  <Placemark>
    <name>Route Parsuram to Bontoc</name>
    <description>Assigned Demand Flow: 602</description>
    <styleUrl>#lineStyle</styleUrl>
    <LineString>
      <tessellate>1</tessellate>
      <coordinates>
        91.4686,23.2114,0
        120.977,17.09,0
      </coordinates>
    </LineString>
  </Placemark>
  <Placemark>
    <name>Route San Jacinto to Masbate</name>
    <description>Assigned Demand Flow: 598</description>
    <styleUrl>#lineStyle</styleUrl>
    <LineString>
      <tessellate>1</tessellate>
      <coordinates>
        123.734,12.5683,0
        123.58,12.27,0
      </coordinates>
    </LineString>
  </Placemark>
  <Placemark>
    <name>Route Pasuquin to Bontoc</name>
    <description>Assigned Demand Flow: 585</description>
    <styleUrl>#lineStyle</styleUrl>
    <LineString>
      <tessellate>1</tessellate>
      <coordinates>
        120.618,18.3342,0
        120.977,17.09,0
      </coordinates>
    </LineString>
  </Placemark>
  <Placemark>
    <name>Route West Rembo to San Antonio</name>
    <description>Assigned Demand Flow: 591</description>
    <styleUrl>#lineStyle</styleUrl>
    <LineString>
      <tessellate>1</tessellate>
      <coordinates>
        121.061,14.5602,0
        121.3,13.9,0
      </coordinates>
    </LineString>
  </Placemark>
  <Placemark>
    <name>Route Placer to Butuan</name>
    <description>Assigned Demand Flow: 600</description>
    <styleUrl>#lineStyle</styleUrl>
    <LineString>
      <tessellate>1</tessellate>
      <coordinates>
        125.602,9.657,0
        125.543,8.948,0
      </coordinates>
    </LineString>
  </Placemark>
  <Placemark>
    <name>Route South Ubian to Ipil</name>
    <description>Assigned Demand Flow: 593</description>
    <styleUrl>#lineStyle</styleUrl>
    <LineString>
      <tessellate>1</tessellate>
      <coordinates>
        120.48,5.18,0
        122.587,7.7822,0
      </coordinates>
    </LineString>
  </Placemark>
  <Placemark>
    <name>Route Zamboanguita to Dumaguete City</name>
    <description>Assigned Demand Flow: 595</description>
    <styleUrl>#lineStyle</styleUrl>
    <LineString>
      <tessellate>1</tessellate>
      <coordinates>
        123.199,9.1,0
        123.308,9.3103,0
      </coordinates>
    </LineString>
  </Placemark>
  <Placemark>
    <name>Route Sumilao to Cagayan de Oro</name>
    <description>Assigned Demand Flow: 595</description>
    <styleUrl>#lineStyle</styleUrl>
    <LineString>
      <tessellate>1</tessellate>
      <coordinates>
        124.978,8.3281,0
        124.65,8.48,0
      </coordinates>
    </LineString>
  </Placemark>
  <Placemark>
    <name>Route Kumalarang to Pagadian</name>
    <description>Assigned Demand Flow: 588</description>
    <styleUrl>#lineStyle</styleUrl>
    <LineString>
      <tessellate>1</tessellate>
      <coordinates>
        123.144,7.7478,0
        123.436,7.8272,0
      </coordinates>
    </LineString>
  </Placemark>
  <Placemark>
    <name>Route Manticao to Cagayan de Oro</name>
    <description>Assigned Demand Flow: 591</description>
    <styleUrl>#lineStyle</styleUrl>
    <LineString>
      <tessellate>1</tessellate>
      <coordinates>
        124.287,8.4042,0
        124.65,8.48,0
      </coordinates>
    </LineString>
  </Placemark>
  <Placemark>
    <name>Route Garchitorena to Virac</name>
    <description>Assigned Demand Flow: 581</description>
    <styleUrl>#lineStyle</styleUrl>
    <LineString>
      <tessellate>1</tessellate>
      <coordinates>
        123.7,13.88,0
        124.23,13.58,0
      </coordinates>
    </LineString>
  </Placemark>
  <Placemark>
    <name>Route Lavezares to Catarman</name>
    <description>Assigned Demand Flow: 587</description>
    <styleUrl>#lineStyle</styleUrl>
    <LineString>
      <tessellate>1</tessellate>
      <coordinates>
        124.33,12.53,0
        124.633,12.4994,0
      </coordinates>
    </LineString>
  </Placemark>
  <Placemark>
    <name>Route Bagong Pag-Asa to San Antonio</name>
    <description>Assigned Demand Flow: 596</description>
    <styleUrl>#lineStyle</styleUrl>
    <LineString>
      <tessellate>1</tessellate>
      <coordinates>
        121.033,14.6622,0
        121.3,13.9,0
      </coordinates>
    </LineString>
  </Placemark>
  <Placemark>
    <name>Route Licab to Bayombong</name>
    <description>Assigned Demand Flow: 582</description>
    <styleUrl>#lineStyle</styleUrl>
    <LineString>
      <tessellate>1</tessellate>
      <coordinates>
        120.762,15.54,0
        121.15,16.48,0
      </coordinates>
    </LineString>
  </Placemark>
  <Placemark>
    <name>Route Oslob to Dumaguete City</name>
    <description>Assigned Demand Flow: 580</description>
    <styleUrl>#lineStyle</styleUrl>
    <LineString>
      <tessellate>1</tessellate>
      <coordinates>
        123.4,9.55,0
        123.308,9.3103,0
      </coordinates>
    </LineString>
  </Placemark>
  <Placemark>
    <name>Route Poona-Piagapo to Marawi City</name>
    <description>Assigned Demand Flow: 578</description>
    <styleUrl>#lineStyle</styleUrl>
    <LineString>
      <tessellate>1</tessellate>
      <coordinates>
        124.08,8.08,0
        124.285,8.0031,0
      </coordinates>
    </LineString>
  </Placemark>
  <Placemark>
    <name>Route Hinunangan to Maasin</name>
    <description>Assigned Demand Flow: 588</description>
    <styleUrl>#lineStyle</styleUrl>
    <LineString>
      <tessellate>1</tessellate>
      <coordinates>
        125.2,10.4,0
        124.85,10.13,0
      </coordinates>
    </LineString>
  </Placemark>
  <Placemark>
    <name>Route Sexmoan to San Antonio</name>
    <description>Assigned Demand Flow: 581</description>
    <styleUrl>#lineStyle</styleUrl>
    <LineString>
      <tessellate>1</tessellate>
      <coordinates>
        120.623,14.936,0
        121.3,13.9,0
      </coordinates>
    </LineString>
  </Placemark>
  <Placemark>
    <name>Route Lugus to Ipil</name>
    <description>Assigned Demand Flow: 589</description>
    <styleUrl>#lineStyle</styleUrl>
    <LineString>
      <tessellate>1</tessellate>
      <coordinates>
        120.82,5.7,0
        122.587,7.7822,0
      </coordinates>
    </LineString>
  </Placemark>
  <Placemark>
    <name>Route Santo Domingo to Bayombong</name>
    <description>Assigned Demand Flow: 507.537</description>
    <styleUrl>#lineStyle</styleUrl>
    <LineString>
      <tessellate>1</tessellate>
      <coordinates>
        120.411,17.6414,0
        121.15,16.48,0
      </coordinates>
    </LineString>
  </Placemark>
  <Placemark>
    <name>Route Santo Domingo to Bontoc</name>
    <description>Assigned Demand Flow: 70.4632</description>
    <styleUrl>#lineStyle</styleUrl>
    <LineString>
      <tessellate>1</tessellate>
      <coordinates>
        120.411,17.6414,0
        120.977,17.09,0
      </coordinates>
    </LineString>
  </Placemark>
  <Placemark>
    <name>Route Dapa to Tandag</name>
    <description>Assigned Demand Flow: 580</description>
    <styleUrl>#lineStyle</styleUrl>
    <LineString>
      <tessellate>1</tessellate>
      <coordinates>
        126.053,9.7578,0
        126.199,9.0789,0
      </coordinates>
    </LineString>
  </Placemark>
  <Placemark>
    <name>Route Ampatuan to Poblacion</name>
    <description>Assigned Demand Flow: 580</description>
    <styleUrl>#lineStyle</styleUrl>
    <LineString>
      <tessellate>1</tessellate>
      <coordinates>
        124.458,6.8348,0
        124.63,6.8,0
      </coordinates>
    </LineString>
  </Placemark>
  <Placemark>
    <name>Route Santo Niño to San Antonio</name>
    <description>Assigned Demand Flow: 575</description>
    <styleUrl>#lineStyle</styleUrl>
    <LineString>
      <tessellate>1</tessellate>
      <coordinates>
        121.003,14.5033,0
        121.3,13.9,0
      </coordinates>
    </LineString>
  </Placemark>
  <Placemark>
    <name>Route Jimenez to Oroquieta</name>
    <description>Assigned Demand Flow: 571</description>
    <styleUrl>#lineStyle</styleUrl>
    <LineString>
      <tessellate>1</tessellate>
      <coordinates>
        123.833,8.3333,0
        123.8,8.48,0
      </coordinates>
    </LineString>
  </Placemark>
  <Placemark>
    <name>Route Tabuelan to Ormoc</name>
    <description>Assigned Demand Flow: 284.181</description>
    <styleUrl>#lineStyle</styleUrl>
    <LineString>
      <tessellate>1</tessellate>
      <coordinates>
        123.9,10.85,0
        124.608,11.0106,0
      </coordinates>
    </LineString>
  </Placemark>
  <Placemark>
    <name>Route Tabuelan to Naval</name>
    <description>Assigned Demand Flow: 283.819</description>
    <styleUrl>#lineStyle</styleUrl>
    <LineString>
      <tessellate>1</tessellate>
      <coordinates>
        123.9,10.85,0
        124.45,11.58,0
      </coordinates>
    </LineString>
  </Placemark>
  <Placemark>
    <name>Route Ponot to Pagadian</name>
    <description>Assigned Demand Flow: 570</description>
    <styleUrl>#lineStyle</styleUrl>
    <LineString>
      <tessellate>1</tessellate>
      <coordinates>
        123.022,8.4428,0
        123.436,7.8272,0
      </coordinates>
    </LineString>
  </Placemark>
  <Placemark>
    <name>Route Baleno to Masbate</name>
    <description>Assigned Demand Flow: 580</description>
    <styleUrl>#lineStyle</styleUrl>
    <LineString>
      <tessellate>1</tessellate>
      <coordinates>
        123.498,12.4739,0
        123.58,12.27,0
      </coordinates>
    </LineString>
  </Placemark>
  <Placemark>
    <name>Route Mathba to Basco</name>
    <description>Assigned Demand Flow: 575</description>
    <styleUrl>#lineStyle</styleUrl>
    <LineString>
      <tessellate>1</tessellate>
      <coordinates>
        89.9588,22.2862,0
        121.97,20.45,0
      </coordinates>
    </LineString>
  </Placemark>
  <Placemark>
    <name>Route Babatngon to Tacloban</name>
    <description>Assigned Demand Flow: 579</description>
    <styleUrl>#lineStyle</styleUrl>
    <LineString>
      <tessellate>1</tessellate>
      <coordinates>
        124.843,11.4207,0
        125,11.24,0
      </coordinates>
    </LineString>
  </Placemark>
  <Placemark>
    <name>Route Tibiao to Kalibo</name>
    <description>Assigned Demand Flow: 574</description>
    <styleUrl>#lineStyle</styleUrl>
    <LineString>
      <tessellate>1</tessellate>
      <coordinates>
        122.034,11.2892,0
        122.37,11.7072,0
      </coordinates>
    </LineString>
  </Placemark>
  <Placemark>
    <name>Route Mabini to Maasin</name>
    <description>Assigned Demand Flow: 575</description>
    <styleUrl>#lineStyle</styleUrl>
    <LineString>
      <tessellate>1</tessellate>
      <coordinates>
        124.523,9.865,0
        124.85,10.13,0
      </coordinates>
    </LineString>
  </Placemark>
  <Placemark>
    <name>Route Pilar to Corella</name>
    <description>Assigned Demand Flow: 573</description>
    <styleUrl>#lineStyle</styleUrl>
    <LineString>
      <tessellate>1</tessellate>
      <coordinates>
        124.33,9.83,0
        123.92,9.68,0
      </coordinates>
    </LineString>
  </Placemark>
  <Placemark>
    <name>Route Santiago to Butuan</name>
    <description>Assigned Demand Flow: 567</description>
    <styleUrl>#lineStyle</styleUrl>
    <LineString>
      <tessellate>1</tessellate>
      <coordinates>
        125.56,9.27,0
        125.543,8.948,0
      </coordinates>
    </LineString>
  </Placemark>
  <Placemark>
    <name>Route Doña Remedios Trinidad to San Antonio</name>
    <description>Assigned Demand Flow: 574</description>
    <styleUrl>#lineStyle</styleUrl>
    <LineString>
      <tessellate>1</tessellate>
      <coordinates>
        121.08,15,0
        121.3,13.9,0
      </coordinates>
    </LineString>
  </Placemark>
  <Placemark>
    <name>Route Mirzāpur to Basco</name>
    <description>Assigned Demand Flow: 579</description>
    <styleUrl>#lineStyle</styleUrl>
    <LineString>
      <tessellate>1</tessellate>
      <coordinates>
        90.0984,24.1029,0
        121.97,20.45,0
      </coordinates>
    </LineString>
  </Placemark>
  <Placemark>
    <name>Route Tudela to Tubod</name>
    <description>Assigned Demand Flow: 581</description>
    <styleUrl>#lineStyle</styleUrl>
    <LineString>
      <tessellate>1</tessellate>
      <coordinates>
        123.842,8.2472,0
        123.8,8.05,0
      </coordinates>
    </LineString>
  </Placemark>
  <Placemark>
    <name>Route Santo Niño to Ilagan</name>
    <description>Assigned Demand Flow: 560</description>
    <styleUrl>#lineStyle</styleUrl>
    <LineString>
      <tessellate>1</tessellate>
      <coordinates>
        121.569,17.8861,0
        121.889,17.1489,0
      </coordinates>
    </LineString>
  </Placemark>
  <Placemark>
    <name>Route Basay to Dumaguete City</name>
    <description>Assigned Demand Flow: 570</description>
    <styleUrl>#lineStyle</styleUrl>
    <LineString>
      <tessellate>1</tessellate>
      <coordinates>
        122.63,9.42,0
        123.308,9.3103,0
      </coordinates>
    </LineString>
  </Placemark>
  <Placemark>
    <name>Route Saint Bernard to Maasin</name>
    <description>Assigned Demand Flow: 570</description>
    <styleUrl>#lineStyle</styleUrl>
    <LineString>
      <tessellate>1</tessellate>
      <coordinates>
        125.13,10.28,0
        124.85,10.13,0
      </coordinates>
    </LineString>
  </Placemark>
  <Placemark>
    <name>Route Valencia to Corella</name>
    <description>Assigned Demand Flow: 564</description>
    <styleUrl>#lineStyle</styleUrl>
    <LineString>
      <tessellate>1</tessellate>
      <coordinates>
        124.208,9.6097,0
        123.92,9.68,0
      </coordinates>
    </LineString>
  </Placemark>
  <Placemark>
    <name>Route San Manuel to Bayombong</name>
    <description>Assigned Demand Flow: 577</description>
    <styleUrl>#lineStyle</styleUrl>
    <LineString>
      <tessellate>1</tessellate>
      <coordinates>
        120.607,15.7975,0
        121.15,16.48,0
      </coordinates>
    </LineString>
  </Placemark>
  <Placemark>
    <name>Route Datu Piang to Poblacion</name>
    <description>Assigned Demand Flow: 572</description>
    <styleUrl>#lineStyle</styleUrl>
    <LineString>
      <tessellate>1</tessellate>
      <coordinates>
        124.497,7.0178,0
        124.63,6.8,0
      </coordinates>
    </LineString>
  </Placemark>
  <Placemark>
    <name>Route Libacao to Kalibo</name>
    <description>Assigned Demand Flow: 572</description>
    <styleUrl>#lineStyle</styleUrl>
    <LineString>
      <tessellate>1</tessellate>
      <coordinates>
        122.3,11.48,0
        122.37,11.7072,0
      </coordinates>
    </LineString>
  </Placemark>
  <Placemark>
    <name>Route Kolambugan to Oroquieta</name>
    <description>Assigned Demand Flow: 309.242</description>
    <styleUrl>#lineStyle</styleUrl>
    <LineString>
      <tessellate>1</tessellate>
      <coordinates>
        123.897,8.1144,0
        123.8,8.48,0
      </coordinates>
    </LineString>
  </Placemark>
  <Placemark>
    <name>Route Kolambugan to Tubod</name>
    <description>Assigned Demand Flow: 264.758</description>
    <styleUrl>#lineStyle</styleUrl>
    <LineString>
      <tessellate>1</tessellate>
      <coordinates>
        123.897,8.1144,0
        123.8,8.05,0
      </coordinates>
    </LineString>
  </Placemark>
  <Placemark>
    <name>Route Pinyahan to San Antonio</name>
    <description>Assigned Demand Flow: 554</description>
    <styleUrl>#lineStyle</styleUrl>
    <LineString>
      <tessellate>1</tessellate>
      <coordinates>
        121.046,14.64,0
        121.3,13.9,0
      </coordinates>
    </LineString>
  </Placemark>
  <Placemark>
    <name>Route Cabangan to Bayombong</name>
    <description>Assigned Demand Flow: 554</description>
    <styleUrl>#lineStyle</styleUrl>
    <LineString>
      <tessellate>1</tessellate>
      <coordinates>
        120.15,15.13,0
        121.15,16.48,0
      </coordinates>
    </LineString>
  </Placemark>
  <Placemark>
    <name>Route Bayang to Marawi City</name>
    <description>Assigned Demand Flow: 553</description>
    <styleUrl>#lineStyle</styleUrl>
    <LineString>
      <tessellate>1</tessellate>
      <coordinates>
        124.192,7.793,0
        124.285,8.0031,0
      </coordinates>
    </LineString>
  </Placemark>
  <Placemark>
    <name>Route Mainit to Butuan</name>
    <description>Assigned Demand Flow: 566</description>
    <styleUrl>#lineStyle</styleUrl>
    <LineString>
      <tessellate>1</tessellate>
      <coordinates>
        125.523,9.5369,0
        125.543,8.948,0
      </coordinates>
    </LineString>
  </Placemark>
  <Placemark>
    <name>Route Cuartero to Roxas City</name>
    <description>Assigned Demand Flow: 559</description>
    <styleUrl>#lineStyle</styleUrl>
    <LineString>
      <tessellate>1</tessellate>
      <coordinates>
        122.671,11.3428,0
        122.751,11.5894,0
      </coordinates>
    </LineString>
  </Placemark>
  <Placemark>
    <name>Route Aloran to Oroquieta</name>
    <description>Assigned Demand Flow: 568</description>
    <styleUrl>#lineStyle</styleUrl>
    <LineString>
      <tessellate>1</tessellate>
      <coordinates>
        123.823,8.4146,0
        123.8,8.48,0
      </coordinates>
    </LineString>
  </Placemark>
  <Placemark>
    <name>Route Reina Mercedes Viejo to Ilagan</name>
    <description>Assigned Demand Flow: 551</description>
    <styleUrl>#lineStyle</styleUrl>
    <LineString>
      <tessellate>1</tessellate>
      <coordinates>
        121.786,17.0018,0
        121.889,17.1489,0
      </coordinates>
    </LineString>
  </Placemark>
  <Placemark>
    <name>Route Reina Mercedes to Ilagan</name>
    <description>Assigned Demand Flow: 566</description>
    <styleUrl>#lineStyle</styleUrl>
    <LineString>
      <tessellate>1</tessellate>
      <coordinates>
        121.827,16.9872,0
        121.889,17.1489,0
      </coordinates>
    </LineString>
  </Placemark>
  <Placemark>
    <name>Route Majayjay to Lucena</name>
    <description>Assigned Demand Flow: 556</description>
    <styleUrl>#lineStyle</styleUrl>
    <LineString>
      <tessellate>1</tessellate>
      <coordinates>
        121.473,14.1463,0
        121.62,13.93,0
      </coordinates>
    </LineString>
  </Placemark>
  <Placemark>
    <name>Route Caridad to San Antonio</name>
    <description>Assigned Demand Flow: 555</description>
    <styleUrl>#lineStyle</styleUrl>
    <LineString>
      <tessellate>1</tessellate>
      <coordinates>
        120.896,14.4828,0
        121.3,13.9,0
      </coordinates>
    </LineString>
  </Placemark>
  <Placemark>
    <name>Route Dingalan to Bayombong</name>
    <description>Assigned Demand Flow: 548</description>
    <styleUrl>#lineStyle</styleUrl>
    <LineString>
      <tessellate>1</tessellate>
      <coordinates>
        121.4,15.38,0
        121.15,16.48,0
      </coordinates>
    </LineString>
  </Placemark>
  <Placemark>
    <name>Route Talusan to Ipil</name>
    <description>Assigned Demand Flow: 556</description>
    <styleUrl>#lineStyle</styleUrl>
    <LineString>
      <tessellate>1</tessellate>
      <coordinates>
        122.808,7.4263,0
        122.587,7.7822,0
      </coordinates>
    </LineString>
  </Placemark>
  <Placemark>
    <name>Route San Isidro to Catarman</name>
    <description>Assigned Demand Flow: 558</description>
    <styleUrl>#lineStyle</styleUrl>
    <LineString>
      <tessellate>1</tessellate>
      <coordinates>
        124.331,12.388,0
        124.633,12.4994,0
      </coordinates>
    </LineString>
  </Placemark>
  <Placemark>
    <name>Route Mahaplag to Maasin</name>
    <description>Assigned Demand Flow: 561</description>
    <styleUrl>#lineStyle</styleUrl>
    <LineString>
      <tessellate>1</tessellate>
      <coordinates>
        124.964,10.6072,0
        124.85,10.13,0
      </coordinates>
    </LineString>
  </Placemark>
  <Placemark>
    <name>Route Magdalena to San Antonio</name>
    <description>Assigned Demand Flow: 563</description>
    <styleUrl>#lineStyle</styleUrl>
    <LineString>
      <tessellate>1</tessellate>
      <coordinates>
        121.43,14.2,0
        121.3,13.9,0
      </coordinates>
    </LineString>
  </Placemark>
  <Placemark>
    <name>Route Lapuyan to Pagadian</name>
    <description>Assigned Demand Flow: 546</description>
    <styleUrl>#lineStyle</styleUrl>
    <LineString>
      <tessellate>1</tessellate>
      <coordinates>
        123.191,7.6325,0
        123.436,7.8272,0
      </coordinates>
    </LineString>
  </Placemark>
  <Placemark>
    <name>Route Leon Postigo to Ipil</name>
    <description>Assigned Demand Flow: 545</description>
    <styleUrl>#lineStyle</styleUrl>
    <LineString>
      <tessellate>1</tessellate>
      <coordinates>
        122.924,8.1514,0
        122.587,7.7822,0
      </coordinates>
    </LineString>
  </Placemark>
  <Placemark>
    <name>Route Conner to Ilagan</name>
    <description>Assigned Demand Flow: 546</description>
    <styleUrl>#lineStyle</styleUrl>
    <LineString>
      <tessellate>1</tessellate>
      <coordinates>
        121.289,17.8086,0
        121.889,17.1489,0
      </coordinates>
    </LineString>
  </Placemark>
  <Placemark>
    <name>Route Pitogo to Pagadian</name>
    <description>Assigned Demand Flow: 552</description>
    <styleUrl>#lineStyle</styleUrl>
    <LineString>
      <tessellate>1</tessellate>
      <coordinates>
        123.313,7.4536,0
        123.436,7.8272,0
      </coordinates>
    </LineString>
  </Placemark>
  <Placemark>
    <name>Route Daulatkhān to Basco</name>
    <description>Assigned Demand Flow: 548</description>
    <styleUrl>#lineStyle</styleUrl>
    <LineString>
      <tessellate>1</tessellate>
      <coordinates>
        90.7414,22.5998,0
        121.97,20.45,0
      </coordinates>
    </LineString>
  </Placemark>
  <Placemark>
    <name>Route Villareal to Tacloban</name>
    <description>Assigned Demand Flow: 551</description>
    <styleUrl>#lineStyle</styleUrl>
    <LineString>
      <tessellate>1</tessellate>
      <coordinates>
        124.93,11.57,0
        125,11.24,0
      </coordinates>
    </LineString>
  </Placemark>
  <Placemark>
    <name>Route Palanas to Masbate</name>
    <description>Assigned Demand Flow: 544</description>
    <styleUrl>#lineStyle</styleUrl>
    <LineString>
      <tessellate>1</tessellate>
      <coordinates>
        123.922,12.1464,0
        123.58,12.27,0
      </coordinates>
    </LineString>
  </Placemark>
  <Placemark>
    <name>Route Macalelon to Boac</name>
    <description>Assigned Demand Flow: 543</description>
    <styleUrl>#lineStyle</styleUrl>
    <LineString>
      <tessellate>1</tessellate>
      <coordinates>
        122.13,13.75,0
        121.83,13.45,0
      </coordinates>
    </LineString>
  </Placemark>
  <Placemark>
    <name>Route Zarraga to San Jose</name>
    <description>Assigned Demand Flow: 550</description>
    <styleUrl>#lineStyle</styleUrl>
    <LineString>
      <tessellate>1</tessellate>
      <coordinates>
        122.6,10.82,0
        121.941,10.7433,0
      </coordinates>
    </LineString>
  </Placemark>
  <Placemark>
    <name>Route Ramon Magsaysay to Pagadian</name>
    <description>Assigned Demand Flow: 551</description>
    <styleUrl>#lineStyle</styleUrl>
    <LineString>
      <tessellate>1</tessellate>
      <coordinates>
        123.487,8.0053,0
        123.436,7.8272,0
      </coordinates>
    </LineString>
  </Placemark>
  <Placemark>
    <name>Route Talisay to Perez</name>
    <description>Assigned Demand Flow: 554</description>
    <styleUrl>#lineStyle</styleUrl>
    <LineString>
      <tessellate>1</tessellate>
      <coordinates>
        122.924,14.1356,0
        121.93,14.18,0
      </coordinates>
    </LineString>
  </Placemark>
  <Placemark>
    <name>Route Taraka to Marawi City</name>
    <description>Assigned Demand Flow: 533</description>
    <styleUrl>#lineStyle</styleUrl>
    <LineString>
      <tessellate>1</tessellate>
      <coordinates>
        124.348,7.8994,0
        124.285,8.0031,0
      </coordinates>
    </LineString>
  </Placemark>
  <Placemark>
    <name>Route Badiangan to San Jose</name>
    <description>Assigned Demand Flow: 547</description>
    <styleUrl>#lineStyle</styleUrl>
    <LineString>
      <tessellate>1</tessellate>
      <coordinates>
        122.537,10.986,0
        121.941,10.7433,0
      </coordinates>
    </LineString>
  </Placemark>
  <Placemark>
    <name>Route San Isidro to Santiago</name>
    <description>Assigned Demand Flow: 542</description>
    <styleUrl>#lineStyle</styleUrl>
    <LineString>
      <tessellate>1</tessellate>
      <coordinates>
        121.77,16.87,0
        121.55,16.68,0
      </coordinates>
    </LineString>
  </Placemark>
  <Placemark>
    <name>Route Quezon to Ilagan</name>
    <description>Assigned Demand Flow: 548</description>
    <styleUrl>#lineStyle</styleUrl>
    <LineString>
      <tessellate>1</tessellate>
      <coordinates>
        121.605,17.3119,0
        121.889,17.1489,0
      </coordinates>
    </LineString>
  </Placemark>
  <Placemark>
    <name>Route Tarragona to Alabel</name>
    <description>Assigned Demand Flow: 543</description>
    <styleUrl>#lineStyle</styleUrl>
    <LineString>
      <tessellate>1</tessellate>
      <coordinates>
        126.447,7.0491,0
        125.287,6.1023,0
      </coordinates>
    </LineString>
  </Placemark>
  <Placemark>
    <name>Route Tambo to San Antonio</name>
    <description>Assigned Demand Flow: 540</description>
    <styleUrl>#lineStyle</styleUrl>
    <LineString>
      <tessellate>1</tessellate>
      <coordinates>
        120.989,14.5164,0
        121.3,13.9,0
      </coordinates>
    </LineString>
  </Placemark>
  <Placemark>
    <name>Route Alitagtag to San Antonio</name>
    <description>Assigned Demand Flow: 544</description>
    <styleUrl>#lineStyle</styleUrl>
    <LineString>
      <tessellate>1</tessellate>
      <coordinates>
        121.006,13.865,0
        121.3,13.9,0
      </coordinates>
    </LineString>
  </Placemark>
  <Placemark>
    <name>Route Santa Margarita to Catarman</name>
    <description>Assigned Demand Flow: 541</description>
    <styleUrl>#lineStyle</styleUrl>
    <LineString>
      <tessellate>1</tessellate>
      <coordinates>
        124.658,12.0378,0
        124.633,12.4994,0
      </coordinates>
    </LineString>
  </Placemark>
  <Placemark>
    <name>Route Labrador to Bayombong</name>
    <description>Assigned Demand Flow: 533</description>
    <styleUrl>#lineStyle</styleUrl>
    <LineString>
      <tessellate>1</tessellate>
      <coordinates>
        120.139,16.0339,0
        121.15,16.48,0
      </coordinates>
    </LineString>
  </Placemark>
  <Placemark>
    <name>Route Magarao to Virac</name>
    <description>Assigned Demand Flow: 531</description>
    <styleUrl>#lineStyle</styleUrl>
    <LineString>
      <tessellate>1</tessellate>
      <coordinates>
        123.19,13.6619,0
        124.23,13.58,0
      </coordinates>
    </LineString>
  </Placemark>
  <Placemark>
    <name>Route Malitbog to Butuan</name>
    <description>Assigned Demand Flow: 536</description>
    <styleUrl>#lineStyle</styleUrl>
    <LineString>
      <tessellate>1</tessellate>
      <coordinates>
        124.881,8.5361,0
        125.543,8.948,0
      </coordinates>
    </LineString>
  </Placemark>
  <Placemark>
    <name>Route Saguiaran to Marawi City</name>
    <description>Assigned Demand Flow: 207.357</description>
    <styleUrl>#lineStyle</styleUrl>
    <LineString>
      <tessellate>1</tessellate>
      <coordinates>
        124.27,8.03,0
        124.285,8.0031,0
      </coordinates>
    </LineString>
  </Placemark>
  <Placemark>
    <name>Route Saguiaran to Oroquieta</name>
    <description>Assigned Demand Flow: 324.643</description>
    <styleUrl>#lineStyle</styleUrl>
    <LineString>
      <tessellate>1</tessellate>
      <coordinates>
        124.27,8.03,0
        123.8,8.48,0
      </coordinates>
    </LineString>
  </Placemark>
  <Placemark>
    <name>Route Sapian to Roxas City</name>
    <description>Assigned Demand Flow: 525</description>
    <styleUrl>#lineStyle</styleUrl>
    <LineString>
      <tessellate>1</tessellate>
      <coordinates>
        122.605,11.4939,0
        122.751,11.5894,0
      </coordinates>
    </LineString>
  </Placemark>
  <Placemark>
    <name>Route San Juan to Bayombong</name>
    <description>Assigned Demand Flow: 542</description>
    <styleUrl>#lineStyle</styleUrl>
    <LineString>
      <tessellate>1</tessellate>
      <coordinates>
        120.458,17.7431,0
        121.15,16.48,0
      </coordinates>
    </LineString>
  </Placemark>
  <Placemark>
    <name>Route Bien Unido to Maasin</name>
    <description>Assigned Demand Flow: 540</description>
    <styleUrl>#lineStyle</styleUrl>
    <LineString>
      <tessellate>1</tessellate>
      <coordinates>
        124.38,10.13,0
        124.85,10.13,0
      </coordinates>
    </LineString>
  </Placemark>
  <Placemark>
    <name>Route Bugho to Tacloban</name>
    <description>Assigned Demand Flow: 526</description>
    <styleUrl>#lineStyle</styleUrl>
    <LineString>
      <tessellate>1</tessellate>
      <coordinates>
        124.93,10.8,0
        125,11.24,0
      </coordinates>
    </LineString>
  </Placemark>
  <Placemark>
    <name>Route San Pablo to Pagadian</name>
    <description>Assigned Demand Flow: 529</description>
    <styleUrl>#lineStyle</styleUrl>
    <LineString>
      <tessellate>1</tessellate>
      <coordinates>
        123.46,7.6578,0
        123.436,7.8272,0
      </coordinates>
    </LineString>
  </Placemark>
  <Placemark>
    <name>Route Pantar to Oroquieta</name>
    <description>Assigned Demand Flow: 526</description>
    <styleUrl>#lineStyle</styleUrl>
    <LineString>
      <tessellate>1</tessellate>
      <coordinates>
        124.267,8.0667,0
        123.8,8.48,0
      </coordinates>
    </LineString>
  </Placemark>
  <Placemark>
    <name>Route Macrohon to Maasin</name>
    <description>Assigned Demand Flow: 538</description>
    <styleUrl>#lineStyle</styleUrl>
    <LineString>
      <tessellate>1</tessellate>
      <coordinates>
        124.943,10.0797,0
        124.85,10.13,0
      </coordinates>
    </LineString>
  </Placemark>
  <Placemark>
    <name>Route Lauaan to Kalibo</name>
    <description>Assigned Demand Flow: 445.149</description>
    <styleUrl>#lineStyle</styleUrl>
    <LineString>
      <tessellate>1</tessellate>
      <coordinates>
        122.042,11.1429,0
        122.37,11.7072,0
      </coordinates>
    </LineString>
  </Placemark>
  <Placemark>
    <name>Route Lauaan to San Jose</name>
    <description>Assigned Demand Flow: 76.8512</description>
    <styleUrl>#lineStyle</styleUrl>
    <LineString>
      <tessellate>1</tessellate>
      <coordinates>
        122.042,11.1429,0
        121.941,10.7433,0
      </coordinates>
    </LineString>
  </Placemark>
  <Placemark>
    <name>Route Casiguran to Santiago</name>
    <description>Assigned Demand Flow: 528</description>
    <styleUrl>#lineStyle</styleUrl>
    <LineString>
      <tessellate>1</tessellate>
      <coordinates>
        122.12,16.28,0
        121.55,16.68,0
      </coordinates>
    </LineString>
  </Placemark>
  <Placemark>
    <name>Route Plainview to San Antonio</name>
    <description>Assigned Demand Flow: 540</description>
    <styleUrl>#lineStyle</styleUrl>
    <LineString>
      <tessellate>1</tessellate>
      <coordinates>
        121.034,14.5777,0
        121.3,13.9,0
      </coordinates>
    </LineString>
  </Placemark>
  <Placemark>
    <name>Route Bubong to Oroquieta</name>
    <description>Assigned Demand Flow: 526</description>
    <styleUrl>#lineStyle</styleUrl>
    <LineString>
      <tessellate>1</tessellate>
      <coordinates>
        124.48,8.02,0
        123.8,8.48,0
      </coordinates>
    </LineString>
  </Placemark>
  <Placemark>
    <name>Route Madalum to Marawi City</name>
    <description>Assigned Demand Flow: 536</description>
    <styleUrl>#lineStyle</styleUrl>
    <LineString>
      <tessellate>1</tessellate>
      <coordinates>
        124.119,7.853,0
        124.285,8.0031,0
      </coordinates>
    </LineString>
  </Placemark>
  <Placemark>
    <name>Route Kayapa to Bayombong</name>
    <description>Assigned Demand Flow: 523</description>
    <styleUrl>#lineStyle</styleUrl>
    <LineString>
      <tessellate>1</tessellate>
      <coordinates>
        120.886,16.3583,0
        121.15,16.48,0
      </coordinates>
    </LineString>
  </Placemark>
  <Placemark>
    <name>Route Mabini to Bayombong</name>
    <description>Assigned Demand Flow: 539</description>
    <styleUrl>#lineStyle</styleUrl>
    <LineString>
      <tessellate>1</tessellate>
      <coordinates>
        119.94,16.0697,0
        121.15,16.48,0
      </coordinates>
    </LineString>
  </Placemark>
  <Placemark>
    <name>Route Santa Josefa to Butuan</name>
    <description>Assigned Demand Flow: 520</description>
    <styleUrl>#lineStyle</styleUrl>
    <LineString>
      <tessellate>1</tessellate>
      <coordinates>
        126.03,7.98,0
        125.543,8.948,0
      </coordinates>
    </LineString>
  </Placemark>
  <Placemark>
    <name>Route Del Gallego to Perez</name>
    <description>Assigned Demand Flow: 529</description>
    <styleUrl>#lineStyle</styleUrl>
    <LineString>
      <tessellate>1</tessellate>
      <coordinates>
        122.596,13.9233,0
        121.93,14.18,0
      </coordinates>
    </LineString>
  </Placemark>
  <Placemark>
    <name>Route San Jose to Maasin</name>
    <description>Assigned Demand Flow: 528</description>
    <styleUrl>#lineStyle</styleUrl>
    <LineString>
      <tessellate>1</tessellate>
      <coordinates>
        125.589,10.0083,0
        124.85,10.13,0
      </coordinates>
    </LineString>
  </Placemark>
  <Placemark>
    <name>Route Lagindingan to Cagayan de Oro</name>
    <description>Assigned Demand Flow: 125.43</description>
    <styleUrl>#lineStyle</styleUrl>
    <LineString>
      <tessellate>1</tessellate>
      <coordinates>
        124.45,8.58,0
        124.65,8.48,0
      </coordinates>
    </LineString>
  </Placemark>
  <Placemark>
    <name>Route Lagindingan to Marawi City</name>
    <description>Assigned Demand Flow: 410.57</description>
    <styleUrl>#lineStyle</styleUrl>
    <LineString>
      <tessellate>1</tessellate>
      <coordinates>
        124.45,8.58,0
        124.285,8.0031,0
      </coordinates>
    </LineString>
  </Placemark>
  <Placemark>
    <name>Route Pandag to Buluan</name>
    <description>Assigned Demand Flow: 525</description>
    <styleUrl>#lineStyle</styleUrl>
    <LineString>
      <tessellate>1</tessellate>
      <coordinates>
        124.783,6.7411,0
        124.785,6.7154,0
      </coordinates>
    </LineString>
  </Placemark>
  <Placemark>
    <name>Route Duptiair to Basco</name>
    <description>Assigned Demand Flow: 525</description>
    <styleUrl>#lineStyle</styleUrl>
    <LineString>
      <tessellate>1</tessellate>
      <coordinates>
        89.7973,23.9925,0
        121.97,20.45,0
      </coordinates>
    </LineString>
  </Placemark>
  <Placemark>
    <name>Route San Pablo to Ilagan</name>
    <description>Assigned Demand Flow: 530</description>
    <styleUrl>#lineStyle</styleUrl>
    <LineString>
      <tessellate>1</tessellate>
      <coordinates>
        121.795,17.4478,0
        121.889,17.1489,0
      </coordinates>
    </LineString>
  </Placemark>
  <Placemark>
    <name>Route Infanta to Bayombong</name>
    <description>Assigned Demand Flow: 533</description>
    <styleUrl>#lineStyle</styleUrl>
    <LineString>
      <tessellate>1</tessellate>
      <coordinates>
        119.908,15.8208,0
        121.15,16.48,0
      </coordinates>
    </LineString>
  </Placemark>
  <Placemark>
    <name>Route Lamut to Santiago</name>
    <description>Assigned Demand Flow: 233.888</description>
    <styleUrl>#lineStyle</styleUrl>
    <LineString>
      <tessellate>1</tessellate>
      <coordinates>
        121.218,16.6517,0
        121.55,16.68,0
      </coordinates>
    </LineString>
  </Placemark>
  <Placemark>
    <name>Route Lamut to Bayombong</name>
    <description>Assigned Demand Flow: 286.112</description>
    <styleUrl>#lineStyle</styleUrl>
    <LineString>
      <tessellate>1</tessellate>
      <coordinates>
        121.218,16.6517,0
        121.15,16.48,0
      </coordinates>
    </LineString>
  </Placemark>
  <Placemark>
    <name>Route Poro to Maasin</name>
    <description>Assigned Demand Flow: 521</description>
    <styleUrl>#lineStyle</styleUrl>
    <LineString>
      <tessellate>1</tessellate>
      <coordinates>
        124.407,10.629,0
        124.85,10.13,0
      </coordinates>
    </LineString>
  </Placemark>
  <Placemark>
    <name>Route Sanchez-Mira to Ilagan</name>
    <description>Assigned Demand Flow: 523</description>
    <styleUrl>#lineStyle</styleUrl>
    <LineString>
      <tessellate>1</tessellate>
      <coordinates>
        121.234,18.5611,0
        121.889,17.1489,0
      </coordinates>
    </LineString>
  </Placemark>
  <Placemark>
    <name>Route Manito to Virac</name>
    <description>Assigned Demand Flow: 514</description>
    <styleUrl>#lineStyle</styleUrl>
    <LineString>
      <tessellate>1</tessellate>
      <coordinates>
        123.869,13.1235,0
        124.23,13.58,0
      </coordinates>
    </LineString>
  </Placemark>
  <Placemark>
    <name>Route Sierra Bullones to Corella</name>
    <description>Assigned Demand Flow: 531</description>
    <styleUrl>#lineStyle</styleUrl>
    <LineString>
      <tessellate>1</tessellate>
      <coordinates>
        124.28,9.82,0
        123.92,9.68,0
      </coordinates>
    </LineString>
  </Placemark>
  <Placemark>
    <name>Route Dancagan to Cotabato</name>
    <description>Assigned Demand Flow: 529</description>
    <styleUrl>#lineStyle</styleUrl>
    <LineString>
      <tessellate>1</tessellate>
      <coordinates>
        125.003,7.6119,0
        124.25,7.22,0
      </coordinates>
    </LineString>
  </Placemark>
  <Placemark>
    <name>Route Buenavista to Boac</name>
    <description>Assigned Demand Flow: 516</description>
    <styleUrl>#lineStyle</styleUrl>
    <LineString>
      <tessellate>1</tessellate>
      <coordinates>
        121.95,13.25,0
        121.83,13.45,0
      </coordinates>
    </LineString>
  </Placemark>
  <Placemark>
    <name>Route Burgos to Ilagan</name>
    <description>Assigned Demand Flow: 519</description>
    <styleUrl>#lineStyle</styleUrl>
    <LineString>
      <tessellate>1</tessellate>
      <coordinates>
        121.7,17.07,0
        121.889,17.1489,0
      </coordinates>
    </LineString>
  </Placemark>
  <Placemark>
    <name>Route Sinait to Ilagan</name>
    <description>Assigned Demand Flow: 512</description>
    <styleUrl>#lineStyle</styleUrl>
    <LineString>
      <tessellate>1</tessellate>
      <coordinates>
        120.458,17.8667,0
        121.889,17.1489,0
      </coordinates>
    </LineString>
  </Placemark>
  <Placemark>
    <name>Route Lakshmīcharīpāra to Basco</name>
    <description>Assigned Demand Flow: 518</description>
    <styleUrl>#lineStyle</styleUrl>
    <LineString>
      <tessellate>1</tessellate>
      <coordinates>
        91.916,22.7937,0
        121.97,20.45,0
      </coordinates>
    </LineString>
  </Placemark>
  <Placemark>
    <name>Route Santa Lucia to Santiago</name>
    <description>Assigned Demand Flow: 516</description>
    <styleUrl>#lineStyle</styleUrl>
    <LineString>
      <tessellate>1</tessellate>
      <coordinates>
        120.449,17.1222,0
        121.55,16.68,0
      </coordinates>
    </LineString>
  </Placemark>
  <Placemark>
    <name>Route Binidayan to Cotabato</name>
    <description>Assigned Demand Flow: 529</description>
    <styleUrl>#lineStyle</styleUrl>
    <LineString>
      <tessellate>1</tessellate>
      <coordinates>
        124.17,7.8,0
        124.25,7.22,0
      </coordinates>
    </LineString>
  </Placemark>
  <Placemark>
    <name>Route Bobon to Catarman</name>
    <description>Assigned Demand Flow: 521</description>
    <styleUrl>#lineStyle</styleUrl>
    <LineString>
      <tessellate>1</tessellate>
      <coordinates>
        124.57,12.52,0
        124.633,12.4994,0
      </coordinates>
    </LineString>
  </Placemark>
  <Placemark>
    <name>Route Socorro to Tandag</name>
    <description>Assigned Demand Flow: 522</description>
    <styleUrl>#lineStyle</styleUrl>
    <LineString>
      <tessellate>1</tessellate>
      <coordinates>
        125.966,9.618,0
        126.199,9.0789,0
      </coordinates>
    </LineString>
  </Placemark>
  <Placemark>
    <name>Route Tubay to Butuan</name>
    <description>Assigned Demand Flow: 510</description>
    <styleUrl>#lineStyle</styleUrl>
    <LineString>
      <tessellate>1</tessellate>
      <coordinates>
        125.52,9.16,0
        125.543,8.948,0
      </coordinates>
    </LineString>
  </Placemark>
  <Placemark>
    <name>Route Santo Cristo to San Antonio</name>
    <description>Assigned Demand Flow: 512</description>
    <styleUrl>#lineStyle</styleUrl>
    <LineString>
      <tessellate>1</tessellate>
      <coordinates>
        121.03,14.6603,0
        121.3,13.9,0
      </coordinates>
    </LineString>
  </Placemark>
  <Placemark>
    <name>Route Pura to Santiago</name>
    <description>Assigned Demand Flow: 518</description>
    <styleUrl>#lineStyle</styleUrl>
    <LineString>
      <tessellate>1</tessellate>
      <coordinates>
        120.648,15.6248,0
        121.55,16.68,0
      </coordinates>
    </LineString>
  </Placemark>
  <Placemark>
    <name>Route Natividad to Santiago</name>
    <description>Assigned Demand Flow: 515</description>
    <styleUrl>#lineStyle</styleUrl>
    <LineString>
      <tessellate>1</tessellate>
      <coordinates>
        120.795,16.0422,0
        121.55,16.68,0
      </coordinates>
    </LineString>
  </Placemark>
  <Placemark>
    <name>Route Talisayan to Butuan</name>
    <description>Assigned Demand Flow: 508</description>
    <styleUrl>#lineStyle</styleUrl>
    <LineString>
      <tessellate>1</tessellate>
      <coordinates>
        124.883,8.9917,0
        125.543,8.948,0
      </coordinates>
    </LineString>
  </Placemark>
  <Placemark>
    <name>Route Santa Maria to Ilagan</name>
    <description>Assigned Demand Flow: 524</description>
    <styleUrl>#lineStyle</styleUrl>
    <LineString>
      <tessellate>1</tessellate>
      <coordinates>
        121.75,17.47,0
        121.889,17.1489,0
      </coordinates>
    </LineString>
  </Placemark>
  <Placemark>
    <name>Route Tabina to Pagadian</name>
    <description>Assigned Demand Flow: 511</description>
    <styleUrl>#lineStyle</styleUrl>
    <LineString>
      <tessellate>1</tessellate>
      <coordinates>
        123.409,7.4655,0
        123.436,7.8272,0
      </coordinates>
    </LineString>
  </Placemark>
  <Placemark>
    <name>Route Tarangnan to Naval</name>
    <description>Assigned Demand Flow: 511</description>
    <styleUrl>#lineStyle</styleUrl>
    <LineString>
      <tessellate>1</tessellate>
      <coordinates>
        124.75,11.9,0
        124.45,11.58,0
      </coordinates>
    </LineString>
  </Placemark>
  <Placemark>
    <name>Route Altavas to Kalibo</name>
    <description>Assigned Demand Flow: 518</description>
    <styleUrl>#lineStyle</styleUrl>
    <LineString>
      <tessellate>1</tessellate>
      <coordinates>
        122.487,11.5383,0
        122.37,11.7072,0
      </coordinates>
    </LineString>
  </Placemark>
  <Placemark>
    <name>Route Phulpur to Basco</name>
    <description>Assigned Demand Flow: 511</description>
    <styleUrl>#lineStyle</styleUrl>
    <LineString>
      <tessellate>1</tessellate>
      <coordinates>
        90.2495,24.9487,0
        121.97,20.45,0
      </coordinates>
    </LineString>
  </Placemark>
  <Placemark>
    <name>Route Alegria to Dumaguete City</name>
    <description>Assigned Demand Flow: 518</description>
    <styleUrl>#lineStyle</styleUrl>
    <LineString>
      <tessellate>1</tessellate>
      <coordinates>
        123.34,9.7243,0
        123.308,9.3103,0
      </coordinates>
    </LineString>
  </Placemark>
  <Placemark>
    <name>Route Busuanga to San Antonio</name>
    <description>Assigned Demand Flow: 508</description>
    <styleUrl>#lineStyle</styleUrl>
    <LineString>
      <tessellate>1</tessellate>
      <coordinates>
        119.936,12.1335,0
        121.3,13.9,0
      </coordinates>
    </LineString>
  </Placemark>
  <Placemark>
    <name>Route Tipo-Tipo to Pagadian</name>
    <description>Assigned Demand Flow: 415.057</description>
    <styleUrl>#lineStyle</styleUrl>
    <LineString>
      <tessellate>1</tessellate>
      <coordinates>
        122.17,6.53,0
        123.436,7.8272,0
      </coordinates>
    </LineString>
  </Placemark>
  <Placemark>
    <name>Route Tipo-Tipo to Ipil</name>
    <description>Assigned Demand Flow: 91.9432</description>
    <styleUrl>#lineStyle</styleUrl>
    <LineString>
      <tessellate>1</tessellate>
      <coordinates>
        122.17,6.53,0
        122.587,7.7822,0
      </coordinates>
    </LineString>
  </Placemark>
  <Placemark>
    <name>Route Ayuquitan to Dumaguete City</name>
    <description>Assigned Demand Flow: 502</description>
    <styleUrl>#lineStyle</styleUrl>
    <LineString>
      <tessellate>1</tessellate>
      <coordinates>
        123.224,9.4644,0
        123.308,9.3103,0
      </coordinates>
    </LineString>
  </Placemark>
  <Placemark>
    <name>Route Lopez Jaena to Oroquieta</name>
    <description>Assigned Demand Flow: 515</description>
    <styleUrl>#lineStyle</styleUrl>
    <LineString>
      <tessellate>1</tessellate>
      <coordinates>
        123.767,8.55,0
        123.8,8.48,0
      </coordinates>
    </LineString>
  </Placemark>
  <Placemark>
    <name>Route Unisan to Perez</name>
    <description>Assigned Demand Flow: 517</description>
    <styleUrl>#lineStyle</styleUrl>
    <LineString>
      <tessellate>1</tessellate>
      <coordinates>
        121.975,13.8413,0
        121.93,14.18,0
      </coordinates>
    </LineString>
  </Placemark>
  <Placemark>
    <name>Route Tumbao to Cotabato</name>
    <description>Assigned Demand Flow: 498</description>
    <styleUrl>#lineStyle</styleUrl>
    <LineString>
      <tessellate>1</tessellate>
      <coordinates>
        124.38,7.12,0
        124.25,7.22,0
      </coordinates>
    </LineString>
  </Placemark>
  <Placemark>
    <name>Route Nagtipunan to Santiago</name>
    <description>Assigned Demand Flow: 517</description>
    <styleUrl>#lineStyle</styleUrl>
    <LineString>
      <tessellate>1</tessellate>
      <coordinates>
        121.6,16.22,0
        121.55,16.68,0
      </coordinates>
    </LineString>
  </Placemark>
  <Placemark>
    <name>Route San Miguel to Corella</name>
    <description>Assigned Demand Flow: 502</description>
    <styleUrl>#lineStyle</styleUrl>
    <LineString>
      <tessellate>1</tessellate>
      <coordinates>
        124.32,10,0
        123.92,9.68,0
      </coordinates>
    </LineString>
  </Placemark>
  <Placemark>
    <name>Route Talugtug to Santiago</name>
    <description>Assigned Demand Flow: 504</description>
    <styleUrl>#lineStyle</styleUrl>
    <LineString>
      <tessellate>1</tessellate>
      <coordinates>
        120.811,15.7789,0
        121.55,16.68,0
      </coordinates>
    </LineString>
  </Placemark>
  <Placemark>
    <name>Route Camalaniugan to Santiago</name>
    <description>Assigned Demand Flow: 494</description>
    <styleUrl>#lineStyle</styleUrl>
    <LineString>
      <tessellate>1</tessellate>
      <coordinates>
        121.676,18.2756,0
        121.55,16.68,0
      </coordinates>
    </LineString>
  </Placemark>
  <Placemark>
    <name>Route Allen to Catarman</name>
    <description>Assigned Demand Flow: 496</description>
    <styleUrl>#lineStyle</styleUrl>
    <LineString>
      <tessellate>1</tessellate>
      <coordinates>
        124.282,12.5013,0
        124.633,12.4994,0
      </coordinates>
    </LineString>
  </Placemark>
  <Placemark>
    <name>Route Sarrat to Santiago</name>
    <description>Assigned Demand Flow: 498</description>
    <styleUrl>#lineStyle</styleUrl>
    <LineString>
      <tessellate>1</tessellate>
      <coordinates>
        120.645,18.1578,0
        121.55,16.68,0
      </coordinates>
    </LineString>
  </Placemark>
  <Placemark>
    <name>Route Monreal to Masbate</name>
    <description>Assigned Demand Flow: 498</description>
    <styleUrl>#lineStyle</styleUrl>
    <LineString>
      <tessellate>1</tessellate>
      <coordinates>
        123.665,12.644,0
        123.58,12.27,0
      </coordinates>
    </LineString>
  </Placemark>
  <Placemark>
    <name>Route Pagudpud to Santiago</name>
    <description>Assigned Demand Flow: 502</description>
    <styleUrl>#lineStyle</styleUrl>
    <LineString>
      <tessellate>1</tessellate>
      <coordinates>
        120.788,18.5614,0
        121.55,16.68,0
      </coordinates>
    </LineString>
  </Placemark>
  <Placemark>
    <name>Route Soccorro to San Antonio</name>
    <description>Assigned Demand Flow: 500</description>
    <styleUrl>#lineStyle</styleUrl>
    <LineString>
      <tessellate>1</tessellate>
      <coordinates>
        121.056,14.6179,0
        121.3,13.9,0
      </coordinates>
    </LineString>
  </Placemark>
  <Placemark>
    <name>Route Camaligan to Virac</name>
    <description>Assigned Demand Flow: 428.132</description>
    <styleUrl>#lineStyle</styleUrl>
    <LineString>
      <tessellate>1</tessellate>
      <coordinates>
        123.166,13.6208,0
        124.23,13.58,0
      </coordinates>
    </LineString>
  </Placemark>
  <Placemark>
    <name>Route Camaligan to Boac</name>
    <description>Assigned Demand Flow: 75.868</description>
    <styleUrl>#lineStyle</styleUrl>
    <LineString>
      <tessellate>1</tessellate>
      <coordinates>
        123.166,13.6208,0
        121.83,13.45,0
      </coordinates>
    </LineString>
  </Placemark>
  <Placemark>
    <name>Route San Felipe to San Antonio</name>
    <description>Assigned Demand Flow: 508</description>
    <styleUrl>#lineStyle</styleUrl>
    <LineString>
      <tessellate>1</tessellate>
      <coordinates>
        120.07,15.0619,0
        121.3,13.9,0
      </coordinates>
    </LineString>
  </Placemark>
  <Placemark>
    <name>Route Pangil to Lucena</name>
    <description>Assigned Demand Flow: 496</description>
    <styleUrl>#lineStyle</styleUrl>
    <LineString>
      <tessellate>1</tessellate>
      <coordinates>
        121.47,14.4,0
        121.62,13.93,0
      </coordinates>
    </LineString>
  </Placemark>
  <Placemark>
    <name>Route Quirino to Santiago</name>
    <description>Assigned Demand Flow: 493</description>
    <styleUrl>#lineStyle</styleUrl>
    <LineString>
      <tessellate>1</tessellate>
      <coordinates>
        121.735,17.1356,0
        121.55,16.68,0
      </coordinates>
    </LineString>
  </Placemark>
  <Placemark>
    <name>Route Paoay to Santiago</name>
    <description>Assigned Demand Flow: 499</description>
    <styleUrl>#lineStyle</styleUrl>
    <LineString>
      <tessellate>1</tessellate>
      <coordinates>
        120.52,18.0625,0
        121.55,16.68,0
      </coordinates>
    </LineString>
  </Placemark>
  <Placemark>
    <name>Route Paete to Lucena</name>
    <description>Assigned Demand Flow: 497</description>
    <styleUrl>#lineStyle</styleUrl>
    <LineString>
      <tessellate>1</tessellate>
      <coordinates>
        121.48,14.37,0
        121.62,13.93,0
      </coordinates>
    </LineString>
  </Placemark>
  <Placemark>
    <name>Route Dimasalang to Masbate</name>
    <description>Assigned Demand Flow: 496</description>
    <styleUrl>#lineStyle</styleUrl>
    <LineString>
      <tessellate>1</tessellate>
      <coordinates>
        123.858,12.1933,0
        123.58,12.27,0
      </coordinates>
    </LineString>
  </Placemark>
  <Placemark>
    <name>Route Jabonga to Butuan</name>
    <description>Assigned Demand Flow: 488</description>
    <styleUrl>#lineStyle</styleUrl>
    <LineString>
      <tessellate>1</tessellate>
      <coordinates>
        125.516,9.3431,0
        125.543,8.948,0
      </coordinates>
    </LineString>
  </Placemark>
  <Placemark>
    <name>Route Solsona to Ilagan</name>
    <description>Assigned Demand Flow: 457.102</description>
    <styleUrl>#lineStyle</styleUrl>
    <LineString>
      <tessellate>1</tessellate>
      <coordinates>
        120.772,18.0961,0
        121.889,17.1489,0
      </coordinates>
    </LineString>
  </Placemark>
  <Placemark>
    <name>Route Solsona to Santiago</name>
    <description>Assigned Demand Flow: 47.8984</description>
    <styleUrl>#lineStyle</styleUrl>
    <LineString>
      <tessellate>1</tessellate>
      <coordinates>
        120.772,18.0961,0
        121.55,16.68,0
      </coordinates>
    </LineString>
  </Placemark>
  <Placemark>
    <name>Route Piat to Santiago</name>
    <description>Assigned Demand Flow: 497</description>
    <styleUrl>#lineStyle</styleUrl>
    <LineString>
      <tessellate>1</tessellate>
      <coordinates>
        121.477,17.7919,0
        121.55,16.68,0
      </coordinates>
    </LineString>
  </Placemark>
  <Placemark>
    <name>Route General Luna to Boac</name>
    <description>Assigned Demand Flow: 504</description>
    <styleUrl>#lineStyle</styleUrl>
    <LineString>
      <tessellate>1</tessellate>
      <coordinates>
        122.171,13.6881,0
        121.83,13.45,0
      </coordinates>
    </LineString>
  </Placemark>
  <Placemark>
    <name>Route Poblacion to Tacloban</name>
    <description>Assigned Demand Flow: 443.491</description>
    <styleUrl>#lineStyle</styleUrl>
    <LineString>
      <tessellate>1</tessellate>
      <coordinates>
        125.13,10.1614,0
        125,11.24,0
      </coordinates>
    </LineString>
  </Placemark>
  <Placemark>
    <name>Route Poblacion to Maasin</name>
    <description>Assigned Demand Flow: 46.5088</description>
    <styleUrl>#lineStyle</styleUrl>
    <LineString>
      <tessellate>1</tessellate>
      <coordinates>
        125.13,10.1614,0
        124.85,10.13,0
      </coordinates>
    </LineString>
  </Placemark>
  <Placemark>
    <name>Route Pamplona to Santiago</name>
    <description>Assigned Demand Flow: 503</description>
    <styleUrl>#lineStyle</styleUrl>
    <LineString>
      <tessellate>1</tessellate>
      <coordinates>
        121.343,18.4661,0
        121.55,16.68,0
      </coordinates>
    </LineString>
  </Placemark>
  <Placemark>
    <name>Route Tugaya to Cotabato</name>
    <description>Assigned Demand Flow: 498</description>
    <styleUrl>#lineStyle</styleUrl>
    <LineString>
      <tessellate>1</tessellate>
      <coordinates>
        124.172,7.884,0
        124.25,7.22,0
      </coordinates>
    </LineString>
  </Placemark>
  <Placemark>
    <name>Route Kalayaan to Lucena</name>
    <description>Assigned Demand Flow: 496</description>
    <styleUrl>#lineStyle</styleUrl>
    <LineString>
      <tessellate>1</tessellate>
      <coordinates>
        121.48,14.328,0
        121.62,13.93,0
      </coordinates>
    </LineString>
  </Placemark>
  <Placemark>
    <name>Route Tuburan to Pagadian</name>
    <description>Assigned Demand Flow: 498</description>
    <styleUrl>#lineStyle</styleUrl>
    <LineString>
      <tessellate>1</tessellate>
      <coordinates>
        122.2,6.6,0
        123.436,7.8272,0
      </coordinates>
    </LineString>
  </Placemark>
  <Placemark>
    <name>Route Patian to Pagadian</name>
    <description>Assigned Demand Flow: 501</description>
    <styleUrl>#lineStyle</styleUrl>
    <LineString>
      <tessellate>1</tessellate>
      <coordinates>
        121.144,5.8444,0
        123.436,7.8272,0
      </coordinates>
    </LineString>
  </Placemark>
  <Placemark>
    <name>Route Baroy to Pagadian</name>
    <description>Assigned Demand Flow: 500</description>
    <styleUrl>#lineStyle</styleUrl>
    <LineString>
      <tessellate>1</tessellate>
      <coordinates>
        123.78,8.03,0
        123.436,7.8272,0
      </coordinates>
    </LineString>
  </Placemark>
  <Placemark>
    <name>Route Tamilisan to Pagadian</name>
    <description>Assigned Demand Flow: 499</description>
    <styleUrl>#lineStyle</styleUrl>
    <LineString>
      <tessellate>1</tessellate>
      <coordinates>
        122.664,7.9761,0
        123.436,7.8272,0
      </coordinates>
    </LineString>
  </Placemark>
  <Placemark>
    <name>Route Ternate to San Juan</name>
    <description>Assigned Demand Flow: 465.094</description>
    <styleUrl>#lineStyle</styleUrl>
    <LineString>
      <tessellate>1</tessellate>
      <coordinates>
        120.72,14.28,0
        121.396,13.826,0
      </coordinates>
    </LineString>
  </Placemark>
  <Placemark>
    <name>Route Ternate to San Antonio</name>
    <description>Assigned Demand Flow: 27.9056</description>
    <styleUrl>#lineStyle</styleUrl>
    <LineString>
      <tessellate>1</tessellate>
      <coordinates>
        120.72,14.28,0
        121.3,13.9,0
      </coordinates>
    </LineString>
  </Placemark>
  <Placemark>
    <name>Route Burdeos to Perez</name>
    <description>Assigned Demand Flow: 497</description>
    <styleUrl>#lineStyle</styleUrl>
    <LineString>
      <tessellate>1</tessellate>
      <coordinates>
        121.97,14.8436,0
        121.93,14.18,0
      </coordinates>
    </LineString>
  </Placemark>
  <Placemark>
    <name>Route Carrascal to Tandag</name>
    <description>Assigned Demand Flow: 497</description>
    <styleUrl>#lineStyle</styleUrl>
    <LineString>
      <tessellate>1</tessellate>
      <coordinates>
        125.949,9.3683,0
        126.199,9.0789,0
      </coordinates>
    </LineString>
  </Placemark>
  <Placemark>
    <name>Route Santo Tomas to Santiago</name>
    <description>Assigned Demand Flow: 140.146</description>
    <styleUrl>#lineStyle</styleUrl>
    <LineString>
      <tessellate>1</tessellate>
      <coordinates>
        121.77,17.4,0
        121.55,16.68,0
      </coordinates>
    </LineString>
  </Placemark>
  <Placemark>
    <name>Route Santo Tomas to Basco</name>
    <description>Assigned Demand Flow: 346.854</description>
    <styleUrl>#lineStyle</styleUrl>
    <LineString>
      <tessellate>1</tessellate>
      <coordinates>
        121.77,17.4,0
        121.97,20.45,0
      </coordinates>
    </LineString>
  </Placemark>
  <Placemark>
    <name>Route Malinao to Kalibo</name>
    <description>Assigned Demand Flow: 499</description>
    <styleUrl>#lineStyle</styleUrl>
    <LineString>
      <tessellate>1</tessellate>
      <coordinates>
        122.307,11.6431,0
        122.37,11.7072,0
      </coordinates>
    </LineString>
  </Placemark>
  <Placemark>
    <name>Route Napindan to San Juan</name>
    <description>Assigned Demand Flow: 481</description>
    <styleUrl>#lineStyle</styleUrl>
    <LineString>
      <tessellate>1</tessellate>
      <coordinates>
        121.096,14.5403,0
        121.396,13.826,0
      </coordinates>
    </LineString>
  </Placemark>
  <Placemark>
    <name>Route Garcia Hernandez to Corella</name>
    <description>Assigned Demand Flow: 483</description>
    <styleUrl>#lineStyle</styleUrl>
    <LineString>
      <tessellate>1</tessellate>
      <coordinates>
        124.295,9.6144,0
        123.92,9.68,0
      </coordinates>
    </LineString>
  </Placemark>
  <Placemark>
    <name>Route Ramain to Oroquieta</name>
    <description>Assigned Demand Flow: 497</description>
    <styleUrl>#lineStyle</styleUrl>
    <LineString>
      <tessellate>1</tessellate>
      <coordinates>
        124.35,7.97,0
        123.8,8.48,0
      </coordinates>
    </LineString>
  </Placemark>
  <Placemark>
    <name>Route Alicia to Corella</name>
    <description>Assigned Demand Flow: 484</description>
    <styleUrl>#lineStyle</styleUrl>
    <LineString>
      <tessellate>1</tessellate>
      <coordinates>
        124.442,9.8957,0
        123.92,9.68,0
      </coordinates>
    </LineString>
  </Placemark>
  <Placemark>
    <name>Route Bacolod to Oroquieta</name>
    <description>Assigned Demand Flow: 487</description>
    <styleUrl>#lineStyle</styleUrl>
    <LineString>
      <tessellate>1</tessellate>
      <coordinates>
        124.024,8.1892,0
        123.8,8.48,0
      </coordinates>
    </LineString>
  </Placemark>
  <Placemark>
    <name>Route Sagbayan to Corella</name>
    <description>Assigned Demand Flow: 486</description>
    <styleUrl>#lineStyle</styleUrl>
    <LineString>
      <tessellate>1</tessellate>
      <coordinates>
        124.1,9.92,0
        123.92,9.68,0
      </coordinates>
    </LineString>
  </Placemark>
  <Placemark>
    <name>Route Lucena to Roxas City</name>
    <description>Assigned Demand Flow: 490</description>
    <styleUrl>#lineStyle</styleUrl>
    <LineString>
      <tessellate>1</tessellate>
      <coordinates>
        122.6,10.88,0
        122.751,11.5894,0
      </coordinates>
    </LineString>
  </Placemark>
  <Placemark>
    <name>Route Kauswagan to Oroquieta</name>
    <description>Assigned Demand Flow: 474</description>
    <styleUrl>#lineStyle</styleUrl>
    <LineString>
      <tessellate>1</tessellate>
      <coordinates>
        124.085,8.1917,0
        123.8,8.48,0
      </coordinates>
    </LineString>
  </Placemark>
  <Placemark>
    <name>Route Lagonglong to Butuan</name>
    <description>Assigned Demand Flow: 478</description>
    <styleUrl>#lineStyle</styleUrl>
    <LineString>
      <tessellate>1</tessellate>
      <coordinates>
        124.78,8.8,0
        125.543,8.948,0
      </coordinates>
    </LineString>
  </Placemark>
  <Placemark>
    <name>Route San Enrique to Roxas City</name>
    <description>Assigned Demand Flow: 493</description>
    <styleUrl>#lineStyle</styleUrl>
    <LineString>
      <tessellate>1</tessellate>
      <coordinates>
        122.85,10.42,0
        122.751,11.5894,0
      </coordinates>
    </LineString>
  </Placemark>
  <Placemark>
    <name>Route San Fernando to Romblon</name>
    <description>Assigned Demand Flow: 478</description>
    <styleUrl>#lineStyle</styleUrl>
    <LineString>
      <tessellate>1</tessellate>
      <coordinates>
        122.6,12.32,0
        122.28,12.55,0
      </coordinates>
    </LineString>
  </Placemark>
  <Placemark>
    <name>Route Caibiran to Naval</name>
    <description>Assigned Demand Flow: 488</description>
    <styleUrl>#lineStyle</styleUrl>
    <LineString>
      <tessellate>1</tessellate>
      <coordinates>
        124.58,11.57,0
        124.45,11.58,0
      </coordinates>
    </LineString>
  </Placemark>
  <Placemark>
    <name>Route San Agustin to Romblon</name>
    <description>Assigned Demand Flow: 479</description>
    <styleUrl>#lineStyle</styleUrl>
    <LineString>
      <tessellate>1</tessellate>
      <coordinates>
        122.131,12.5689,0
        122.28,12.55,0
      </coordinates>
    </LineString>
  </Placemark>
  <Placemark>
    <name>Route Balete to San Juan</name>
    <description>Assigned Demand Flow: 482</description>
    <styleUrl>#lineStyle</styleUrl>
    <LineString>
      <tessellate>1</tessellate>
      <coordinates>
        121.1,14.02,0
        121.396,13.826,0
      </coordinates>
    </LineString>
  </Placemark>
  <Placemark>
    <name>Route Quezon to Perez</name>
    <description>Assigned Demand Flow: 485</description>
    <styleUrl>#lineStyle</styleUrl>
    <LineString>
      <tessellate>1</tessellate>
      <coordinates>
        121.264,16.4894,0
        121.93,14.18,0
      </coordinates>
    </LineString>
  </Placemark>
  <Placemark>
    <name>Route Mina to Roxas City</name>
    <description>Assigned Demand Flow: 474</description>
    <styleUrl>#lineStyle</styleUrl>
    <LineString>
      <tessellate>1</tessellate>
      <coordinates>
        122.58,10.93,0
        122.751,11.5894,0
      </coordinates>
    </LineString>
  </Placemark>
  <Placemark>
    <name>Route Cavinti to Lucena</name>
    <description>Assigned Demand Flow: 471</description>
    <styleUrl>#lineStyle</styleUrl>
    <LineString>
      <tessellate>1</tessellate>
      <coordinates>
        121.507,14.245,0
        121.62,13.93,0
      </coordinates>
    </LineString>
  </Placemark>
  <Placemark>
    <name>Route General Emilio Aguinaldo to San Juan</name>
    <description>Assigned Demand Flow: 481</description>
    <styleUrl>#lineStyle</styleUrl>
    <LineString>
      <tessellate>1</tessellate>
      <coordinates>
        120.8,14.18,0
        121.396,13.826,0
      </coordinates>
    </LineString>
  </Placemark>
  <Placemark>
    <name>Route Bulusan to Catarman</name>
    <description>Assigned Demand Flow: 474</description>
    <styleUrl>#lineStyle</styleUrl>
    <LineString>
      <tessellate>1</tessellate>
      <coordinates>
        124.136,12.7522,0
        124.633,12.4994,0
      </coordinates>
    </LineString>
  </Placemark>
  <Placemark>
    <name>Route San Nicolas to San Juan</name>
    <description>Assigned Demand Flow: 488</description>
    <styleUrl>#lineStyle</styleUrl>
    <LineString>
      <tessellate>1</tessellate>
      <coordinates>
        120.951,13.9283,0
        121.396,13.826,0
      </coordinates>
    </LineString>
  </Placemark>
  <Placemark>
    <name>Route Magallanes to San Juan</name>
    <description>Assigned Demand Flow: 469</description>
    <styleUrl>#lineStyle</styleUrl>
    <LineString>
      <tessellate>1</tessellate>
      <coordinates>
        120.75,14.18,0
        121.396,13.826,0
      </coordinates>
    </LineString>
  </Placemark>
  <Placemark>
    <name>Route Kalawit to Pagadian</name>
    <description>Assigned Demand Flow: 481</description>
    <styleUrl>#lineStyle</styleUrl>
    <LineString>
      <tessellate>1</tessellate>
      <coordinates>
        122.528,7.9051,0
        123.436,7.8272,0
      </coordinates>
    </LineString>
  </Placemark>
  <Placemark>
    <name>Route Catigbian to Corella</name>
    <description>Assigned Demand Flow: 477</description>
    <styleUrl>#lineStyle</styleUrl>
    <LineString>
      <tessellate>1</tessellate>
      <coordinates>
        124.03,9.83,0
        123.92,9.68,0
      </coordinates>
    </LineString>
  </Placemark>
  <Placemark>
    <name>Route Lawang Bato to San Juan</name>
    <description>Assigned Demand Flow: 483</description>
    <styleUrl>#lineStyle</styleUrl>
    <LineString>
      <tessellate>1</tessellate>
      <coordinates>
        120.996,14.73,0
        121.396,13.826,0
      </coordinates>
    </LineString>
  </Placemark>
  <Placemark>
    <name>Route Baliguian to Pagadian</name>
    <description>Assigned Demand Flow: 476</description>
    <styleUrl>#lineStyle</styleUrl>
    <LineString>
      <tessellate>1</tessellate>
      <coordinates>
        122.145,7.8088,0
        123.436,7.8272,0
      </coordinates>
    </LineString>
  </Placemark>
  <Placemark>
    <name>Route Candoni to Dumaguete City</name>
    <description>Assigned Demand Flow: 469</description>
    <styleUrl>#lineStyle</styleUrl>
    <LineString>
      <tessellate>1</tessellate>
      <coordinates>
        122.6,9.82,0
        123.308,9.3103,0
      </coordinates>
    </LineString>
  </Placemark>
  <Placemark>
    <name>Route Burgos to San Juan</name>
    <description>Assigned Demand Flow: 469</description>
    <styleUrl>#lineStyle</styleUrl>
    <LineString>
      <tessellate>1</tessellate>
      <coordinates>
        119.857,16.0465,0
        121.396,13.826,0
      </coordinates>
    </LineString>
  </Placemark>
  <Placemark>
    <name>Route Limbuhan to Naval</name>
    <description>Assigned Demand Flow: 468</description>
    <styleUrl>#lineStyle</styleUrl>
    <LineString>
      <tessellate>1</tessellate>
      <coordinates>
        124.05,11.8836,0
        124.45,11.58,0
      </coordinates>
    </LineString>
  </Placemark>
  <Placemark>
    <name>Route Tangalan to Kalibo</name>
    <description>Assigned Demand Flow: 484</description>
    <styleUrl>#lineStyle</styleUrl>
    <LineString>
      <tessellate>1</tessellate>
      <coordinates>
        122.26,11.7775,0
        122.37,11.7072,0
      </coordinates>
    </LineString>
  </Placemark>
  <Placemark>
    <name>Route Pitogo to Corella</name>
    <description>Assigned Demand Flow: 474</description>
    <styleUrl>#lineStyle</styleUrl>
    <LineString>
      <tessellate>1</tessellate>
      <coordinates>
        124.553,10.121,0
        123.92,9.68,0
      </coordinates>
    </LineString>
  </Placemark>
  <Placemark>
    <name>Route Dumaran to Puerto Princesa</name>
    <description>Assigned Demand Flow: 460</description>
    <styleUrl>#lineStyle</styleUrl>
    <LineString>
      <tessellate>1</tessellate>
      <coordinates>
        119.77,10.53,0
        118.75,9.75,0
      </coordinates>
    </LineString>
  </Placemark>
  <Placemark>
    <name>Route Pakil to Lucena</name>
    <description>Assigned Demand Flow: 460</description>
    <styleUrl>#lineStyle</styleUrl>
    <LineString>
      <tessellate>1</tessellate>
      <coordinates>
        121.48,14.38,0
        121.62,13.93,0
      </coordinates>
    </LineString>
  </Placemark>
  <Placemark>
    <name>Route Cuyo to Kalibo</name>
    <description>Assigned Demand Flow: 476</description>
    <styleUrl>#lineStyle</styleUrl>
    <LineString>
      <tessellate>1</tessellate>
      <coordinates>
        121.02,10.85,0
        122.37,11.7072,0
      </coordinates>
    </LineString>
  </Placemark>
  <Placemark>
    <name>Route Maharlika Village to San Juan</name>
    <description>Assigned Demand Flow: 478</description>
    <styleUrl>#lineStyle</styleUrl>
    <LineString>
      <tessellate>1</tessellate>
      <coordinates>
        121.055,14.4974,0
        121.396,13.826,0
      </coordinates>
    </LineString>
  </Placemark>
  <Placemark>
    <name>Route Sakhipur to Basco</name>
    <description>Assigned Demand Flow: 466</description>
    <styleUrl>#lineStyle</styleUrl>
    <LineString>
      <tessellate>1</tessellate>
      <coordinates>
        90.1694,24.3199,0
        121.97,20.45,0
      </coordinates>
    </LineString>
  </Placemark>
  <Placemark>
    <name>Route Gamay to Catarman</name>
    <description>Assigned Demand Flow: 464</description>
    <styleUrl>#lineStyle</styleUrl>
    <LineString>
      <tessellate>1</tessellate>
      <coordinates>
        125.3,12.38,0
        124.633,12.4994,0
      </coordinates>
    </LineString>
  </Placemark>
  <Placemark>
    <name>Route Barbasa to Kalibo</name>
    <description>Assigned Demand Flow: 463</description>
    <styleUrl>#lineStyle</styleUrl>
    <LineString>
      <tessellate>1</tessellate>
      <coordinates>
        122.039,11.1961,0
        122.37,11.7072,0
      </coordinates>
    </LineString>
  </Placemark>
  <Placemark>
    <name>Route Maigo to Oroquieta</name>
    <description>Assigned Demand Flow: 476</description>
    <styleUrl>#lineStyle</styleUrl>
    <LineString>
      <tessellate>1</tessellate>
      <coordinates>
        123.97,8.15,0
        123.8,8.48,0
      </coordinates>
    </LineString>
  </Placemark>
  <Placemark>
    <name>Route Calbiga to Tacloban</name>
    <description>Assigned Demand Flow: 462</description>
    <styleUrl>#lineStyle</styleUrl>
    <LineString>
      <tessellate>1</tessellate>
      <coordinates>
        125.02,11.63,0
        125,11.24,0
      </coordinates>
    </LineString>
  </Placemark>
  <Placemark>
    <name>Route Tugatog to San Juan</name>
    <description>Assigned Demand Flow: 467</description>
    <styleUrl>#lineStyle</styleUrl>
    <LineString>
      <tessellate>1</tessellate>
      <coordinates>
        120.969,14.6629,0
        121.396,13.826,0
      </coordinates>
    </LineString>
  </Placemark>
  <Placemark>
    <name>Route Cajidiocan to Romblon</name>
    <description>Assigned Demand Flow: 472</description>
    <styleUrl>#lineStyle</styleUrl>
    <LineString>
      <tessellate>1</tessellate>
      <coordinates>
        122.68,12.37,0
        122.28,12.55,0
      </coordinates>
    </LineString>
  </Placemark>
  <Placemark>
    <name>Route Maibog to Tacloban</name>
    <description>Assigned Demand Flow: 466</description>
    <styleUrl>#lineStyle</styleUrl>
    <LineString>
      <tessellate>1</tessellate>
      <coordinates>
        125,10.15,0
        125,11.24,0
      </coordinates>
    </LineString>
  </Placemark>
  <Placemark>
    <name>Route Calamba to Oroquieta</name>
    <description>Assigned Demand Flow: 458</description>
    <styleUrl>#lineStyle</styleUrl>
    <LineString>
      <tessellate>1</tessellate>
      <coordinates>
        123.642,8.5583,0
        123.8,8.48,0
      </coordinates>
    </LineString>
  </Placemark>
  <Placemark>
    <name>Route Culion to Romblon</name>
    <description>Assigned Demand Flow: 457</description>
    <styleUrl>#lineStyle</styleUrl>
    <LineString>
      <tessellate>1</tessellate>
      <coordinates>
        120.019,11.8944,0
        122.28,12.55,0
      </coordinates>
    </LineString>
  </Placemark>
  <Placemark>
    <name>Route Carmen to Butuan</name>
    <description>Assigned Demand Flow: 455</description>
    <styleUrl>#lineStyle</styleUrl>
    <LineString>
      <tessellate>1</tessellate>
      <coordinates>
        125.26,9,0
        125.543,8.948,0
      </coordinates>
    </LineString>
  </Placemark>
  <Placemark>
    <name>Route Caba to Perez</name>
    <description>Assigned Demand Flow: 470</description>
    <styleUrl>#lineStyle</styleUrl>
    <LineString>
      <tessellate>1</tessellate>
      <coordinates>
        120.345,16.4316,0
        121.93,14.18,0
      </coordinates>
    </LineString>
  </Placemark>
  <Placemark>
    <name>Route Tubungan to Roxas City</name>
    <description>Assigned Demand Flow: 457</description>
    <styleUrl>#lineStyle</styleUrl>
    <LineString>
      <tessellate>1</tessellate>
      <coordinates>
        122.3,10.78,0
        122.751,11.5894,0
      </coordinates>
    </LineString>
  </Placemark>
  <Placemark>
    <name>Route Ramos to Perez</name>
    <description>Assigned Demand Flow: 449</description>
    <styleUrl>#lineStyle</styleUrl>
    <LineString>
      <tessellate>1</tessellate>
      <coordinates>
        120.642,15.6667,0
        121.93,14.18,0
      </coordinates>
    </LineString>
  </Placemark>
  <Placemark>
    <name>Route Viga to Masbate</name>
    <description>Assigned Demand Flow: 125.238</description>
    <styleUrl>#lineStyle</styleUrl>
    <LineString>
      <tessellate>1</tessellate>
      <coordinates>
        124.3,13.87,0
        123.58,12.27,0
      </coordinates>
    </LineString>
  </Placemark>
  <Placemark>
    <name>Route Viga to Catarman</name>
    <description>Assigned Demand Flow: 328.762</description>
    <styleUrl>#lineStyle</styleUrl>
    <LineString>
      <tessellate>1</tessellate>
      <coordinates>
        124.3,13.87,0
        124.633,12.4994,0
      </coordinates>
    </LineString>
  </Placemark>
  <Placemark>
    <name>Route Oteiza to Tandag</name>
    <description>Assigned Demand Flow: 458</description>
    <styleUrl>#lineStyle</styleUrl>
    <LineString>
      <tessellate>1</tessellate>
      <coordinates>
        126.221,8.7437,0
        126.199,9.0789,0
      </coordinates>
    </LineString>
  </Placemark>
  <Placemark>
    <name>Route General Luna to Tandag</name>
    <description>Assigned Demand Flow: 467</description>
    <styleUrl>#lineStyle</styleUrl>
    <LineString>
      <tessellate>1</tessellate>
      <coordinates>
        126.156,9.783,0
        126.199,9.0789,0
      </coordinates>
    </LineString>
  </Placemark>
  <Placemark>
    <name>Route Pitogo to Boac</name>
    <description>Assigned Demand Flow: 137.405</description>
    <styleUrl>#lineStyle</styleUrl>
    <LineString>
      <tessellate>1</tessellate>
      <coordinates>
        122.088,13.785,0
        121.83,13.45,0
      </coordinates>
    </LineString>
  </Placemark>
  <Placemark>
    <name>Route Pitogo to Perez</name>
    <description>Assigned Demand Flow: 315.595</description>
    <styleUrl>#lineStyle</styleUrl>
    <LineString>
      <tessellate>1</tessellate>
      <coordinates>
        122.088,13.785,0
        121.93,14.18,0
      </coordinates>
    </LineString>
  </Placemark>
  <Placemark>
    <name>Route Lumbatan to Cotabato</name>
    <description>Assigned Demand Flow: 451</description>
    <styleUrl>#lineStyle</styleUrl>
    <LineString>
      <tessellate>1</tessellate>
      <coordinates>
        124.256,7.785,0
        124.25,7.22,0
      </coordinates>
    </LineString>
  </Placemark>
  <Placemark>
    <name>Route Butig to Cotabato</name>
    <description>Assigned Demand Flow: 456</description>
    <styleUrl>#lineStyle</styleUrl>
    <LineString>
      <tessellate>1</tessellate>
      <coordinates>
        124.301,7.7239,0
        124.25,7.22,0
      </coordinates>
    </LineString>
  </Placemark>
  <Placemark>
    <name>Route Prieto Diaz to Masbate</name>
    <description>Assigned Demand Flow: 447</description>
    <styleUrl>#lineStyle</styleUrl>
    <LineString>
      <tessellate>1</tessellate>
      <coordinates>
        124.193,13.0408,0
        123.58,12.27,0
      </coordinates>
    </LineString>
  </Placemark>
  <Placemark>
    <name>Route Parabcan to Masbate</name>
    <description>Assigned Demand Flow: 456</description>
    <styleUrl>#lineStyle</styleUrl>
    <LineString>
      <tessellate>1</tessellate>
      <coordinates>
        123.745,13.71,0
        123.58,12.27,0
      </coordinates>
    </LineString>
  </Placemark>
  <Placemark>
    <name>Route Santa Ana to San Juan</name>
    <description>Assigned Demand Flow: 456</description>
    <styleUrl>#lineStyle</styleUrl>
    <LineString>
      <tessellate>1</tessellate>
      <coordinates>
        121.077,14.5277,0
        121.396,13.826,0
      </coordinates>
    </LineString>
  </Placemark>
  <Placemark>
    <name>Route Sarangani to Alabel</name>
    <description>Assigned Demand Flow: 450</description>
    <styleUrl>#lineStyle</styleUrl>
    <LineString>
      <tessellate>1</tessellate>
      <coordinates>
        125.422,5.412,0
        125.287,6.1023,0
      </coordinates>
    </LineString>
  </Placemark>
  <Placemark>
    <name>Route Lazi to Dumaguete City</name>
    <description>Assigned Demand Flow: 456</description>
    <styleUrl>#lineStyle</styleUrl>
    <LineString>
      <tessellate>1</tessellate>
      <coordinates>
        123.634,9.128,0
        123.308,9.3103,0
      </coordinates>
    </LineString>
  </Placemark>
  <Placemark>
    <name>Route Piddig to Basco</name>
    <description>Assigned Demand Flow: 452</description>
    <styleUrl>#lineStyle</styleUrl>
    <LineString>
      <tessellate>1</tessellate>
      <coordinates>
        120.717,18.1647,0
        121.97,20.45,0
      </coordinates>
    </LineString>
  </Placemark>
  <Placemark>
    <name>Route Naawan to Oroquieta</name>
    <description>Assigned Demand Flow: 458</description>
    <styleUrl>#lineStyle</styleUrl>
    <LineString>
      <tessellate>1</tessellate>
      <coordinates>
        124.3,8.4333,0
        123.8,8.48,0
      </coordinates>
    </LineString>
  </Placemark>
  <Placemark>
    <name>Route Magallanes to Butuan</name>
    <description>Assigned Demand Flow: 452</description>
    <styleUrl>#lineStyle</styleUrl>
    <LineString>
      <tessellate>1</tessellate>
      <coordinates>
        125.52,9.02,0
        125.543,8.948,0
      </coordinates>
    </LineString>
  </Placemark>
  <Placemark>
    <name>Route Ugong to San Juan</name>
    <description>Assigned Demand Flow: 447</description>
    <styleUrl>#lineStyle</styleUrl>
    <LineString>
      <tessellate>1</tessellate>
      <coordinates>
        121.073,14.5842,0
        121.396,13.826,0
      </coordinates>
    </LineString>
  </Placemark>
  <Placemark>
    <name>Route Batad to Roxas City</name>
    <description>Assigned Demand Flow: 449</description>
    <styleUrl>#lineStyle</styleUrl>
    <LineString>
      <tessellate>1</tessellate>
      <coordinates>
        123.12,11.42,0
        122.751,11.5894,0
      </coordinates>
    </LineString>
  </Placemark>
  <Placemark>
    <name>Route Salcedo to Tacloban</name>
    <description>Assigned Demand Flow: 446</description>
    <styleUrl>#lineStyle</styleUrl>
    <LineString>
      <tessellate>1</tessellate>
      <coordinates>
        125.67,11.15,0
        125,11.24,0
      </coordinates>
    </LineString>
  </Placemark>
  <Placemark>
    <name>Route Santa Fe to Tacloban</name>
    <description>Assigned Demand Flow: 450</description>
    <styleUrl>#lineStyle</styleUrl>
    <LineString>
      <tessellate>1</tessellate>
      <coordinates>
        124.916,11.1856,0
        125,11.24,0
      </coordinates>
    </LineString>
  </Placemark>
  <Placemark>
    <name>Route San Agustin to Perez</name>
    <description>Assigned Demand Flow: 431</description>
    <styleUrl>#lineStyle</styleUrl>
    <LineString>
      <tessellate>1</tessellate>
      <coordinates>
        121.75,16.52,0
        121.93,14.18,0
      </coordinates>
    </LineString>
  </Placemark>
  <Placemark>
    <name>Route Madamba to Pagadian</name>
    <description>Assigned Demand Flow: 451</description>
    <styleUrl>#lineStyle</styleUrl>
    <LineString>
      <tessellate>1</tessellate>
      <coordinates>
        124.07,7.88,0
        123.436,7.8272,0
      </coordinates>
    </LineString>
  </Placemark>
  <Placemark>
    <name>Route Anini-y to Kalibo</name>
    <description>Assigned Demand Flow: 447</description>
    <styleUrl>#lineStyle</styleUrl>
    <LineString>
      <tessellate>1</tessellate>
      <coordinates>
        121.925,10.4325,0
        122.37,11.7072,0
      </coordinates>
    </LineString>
  </Placemark>
  <Placemark>
    <name>Route San Jose to Dumaguete City</name>
    <description>Assigned Demand Flow: 436</description>
    <styleUrl>#lineStyle</styleUrl>
    <LineString>
      <tessellate>1</tessellate>
      <coordinates>
        123.23,9.42,0
        123.308,9.3103,0
      </coordinates>
    </LineString>
  </Placemark>
  <Placemark>
    <name>Route Mundamāla to Basco</name>
    <description>Assigned Demand Flow: 439</description>
    <styleUrl>#lineStyle</styleUrl>
    <LineString>
      <tessellate>1</tessellate>
      <coordinates>
        88.4728,24.6081,0
        121.97,20.45,0
      </coordinates>
    </LineString>
  </Placemark>
  <Placemark>
    <name>Route Gigaquit to Butuan</name>
    <description>Assigned Demand Flow: 439</description>
    <styleUrl>#lineStyle</styleUrl>
    <LineString>
      <tessellate>1</tessellate>
      <coordinates>
        125.698,9.5947,0
        125.543,8.948,0
      </coordinates>
    </LineString>
  </Placemark>
  <Placemark>
    <name>Route Amtali to Basco</name>
    <description>Assigned Demand Flow: 442</description>
    <styleUrl>#lineStyle</styleUrl>
    <LineString>
      <tessellate>1</tessellate>
      <coordinates>
        90.221,22.1189,0
        121.97,20.45,0
      </coordinates>
    </LineString>
  </Placemark>
  <Placemark>
    <name>Route Looc to Romblon</name>
    <description>Assigned Demand Flow: 438</description>
    <styleUrl>#lineStyle</styleUrl>
    <LineString>
      <tessellate>1</tessellate>
      <coordinates>
        121.993,12.2605,0
        122.28,12.55,0
      </coordinates>
    </LineString>
  </Placemark>
  <Placemark>
    <name>Route Bato to Masbate</name>
    <description>Assigned Demand Flow: 441</description>
    <styleUrl>#lineStyle</styleUrl>
    <LineString>
      <tessellate>1</tessellate>
      <coordinates>
        124.3,13.6,0
        123.58,12.27,0
      </coordinates>
    </LineString>
  </Placemark>
  <Placemark>
    <name>Route Cagwait to Tandag</name>
    <description>Assigned Demand Flow: 440</description>
    <styleUrl>#lineStyle</styleUrl>
    <LineString>
      <tessellate>1</tessellate>
      <coordinates>
        126.302,8.9181,0
        126.199,9.0789,0
      </coordinates>
    </LineString>
  </Placemark>
  <Placemark>
    <name>Route Guipos to Oroquieta</name>
    <description>Assigned Demand Flow: 433</description>
    <styleUrl>#lineStyle</styleUrl>
    <LineString>
      <tessellate>1</tessellate>
      <coordinates>
        123.323,7.735,0
        123.8,8.48,0
      </coordinates>
    </LineString>
  </Placemark>
  <Placemark>
    <name>Route Can-Avid to Tacloban</name>
    <description>Assigned Demand Flow: 424</description>
    <styleUrl>#lineStyle</styleUrl>
    <LineString>
      <tessellate>1</tessellate>
      <coordinates>
        125.45,12,0
        125,11.24,0
      </coordinates>
    </LineString>
  </Placemark>
  <Placemark>
    <name>Route Tigbao to Pagadian</name>
    <description>Assigned Demand Flow: 441</description>
    <styleUrl>#lineStyle</styleUrl>
    <LineString>
      <tessellate>1</tessellate>
      <coordinates>
        123.228,7.8205,0
        123.436,7.8272,0
      </coordinates>
    </LineString>
  </Placemark>
  <Placemark>
    <name>Route San Fernando to Masbate</name>
    <description>Assigned Demand Flow: 438</description>
    <styleUrl>#lineStyle</styleUrl>
    <LineString>
      <tessellate>1</tessellate>
      <coordinates>
        123.763,12.4858,0
        123.58,12.27,0
      </coordinates>
    </LineString>
  </Placemark>
  <Placemark>
    <name>Route MacArthur to Tacloban</name>
    <description>Assigned Demand Flow: 434</description>
    <styleUrl>#lineStyle</styleUrl>
    <LineString>
      <tessellate>1</tessellate>
      <coordinates>
        124.996,10.8356,0
        125,11.24,0
      </coordinates>
    </LineString>
  </Placemark>
  <Placemark>
    <name>Route Rancheria Payau to Pagadian</name>
    <description>Assigned Demand Flow: 263.376</description>
    <styleUrl>#lineStyle</styleUrl>
    <LineString>
      <tessellate>1</tessellate>
      <coordinates>
        123.154,7.8509,0
        123.436,7.8272,0
      </coordinates>
    </LineString>
  </Placemark>
  <Placemark>
    <name>Route Rancheria Payau to Oroquieta</name>
    <description>Assigned Demand Flow: 175.624</description>
    <styleUrl>#lineStyle</styleUrl>
    <LineString>
      <tessellate>1</tessellate>
      <coordinates>
        123.154,7.8509,0
        123.8,8.48,0
      </coordinates>
    </LineString>
  </Placemark>
  <Placemark>
    <name>Route Santa Teresita to San Juan</name>
    <description>Assigned Demand Flow: 422</description>
    <styleUrl>#lineStyle</styleUrl>
    <LineString>
      <tessellate>1</tessellate>
      <coordinates>
        120.981,13.8664,0
        121.396,13.826,0
      </coordinates>
    </LineString>
  </Placemark>
  <Placemark>
    <name>Route Cabucgayan to Naval</name>
    <description>Assigned Demand Flow: 437</description>
    <styleUrl>#lineStyle</styleUrl>
    <LineString>
      <tessellate>1</tessellate>
      <coordinates>
        124.575,11.4719,0
        124.45,11.58,0
      </coordinates>
    </LineString>
  </Placemark>
  <Placemark>
    <name>Route Pandan to Masbate</name>
    <description>Assigned Demand Flow: 425</description>
    <styleUrl>#lineStyle</styleUrl>
    <LineString>
      <tessellate>1</tessellate>
      <coordinates>
        124.17,14.05,0
        123.58,12.27,0
      </coordinates>
    </LineString>
  </Placemark>
  <Placemark>
    <name>Route Llorente to Tacloban</name>
    <description>Assigned Demand Flow: 423</description>
    <styleUrl>#lineStyle</styleUrl>
    <LineString>
      <tessellate>1</tessellate>
      <coordinates>
        125.546,11.4125,0
        125,11.24,0
      </coordinates>
    </LineString>
  </Placemark>
  <Placemark>
    <name>Route Shāhbāzpur to Basco</name>
    <description>Assigned Demand Flow: 429</description>
    <styleUrl>#lineStyle</styleUrl>
    <LineString>
      <tessellate>1</tessellate>
      <coordinates>
        91.1733,24.0517,0
        121.97,20.45,0
      </coordinates>
    </LineString>
  </Placemark>
  <Placemark>
    <name>Route Inopacan to Tacloban</name>
    <description>Assigned Demand Flow: 436</description>
    <styleUrl>#lineStyle</styleUrl>
    <LineString>
      <tessellate>1</tessellate>
      <coordinates>
        124.75,10.5,0
        125,11.24,0
      </coordinates>
    </LineString>
  </Placemark>
  <Placemark>
    <name>Route Luna to Basco</name>
    <description>Assigned Demand Flow: 429</description>
    <styleUrl>#lineStyle</styleUrl>
    <LineString>
      <tessellate>1</tessellate>
      <coordinates>
        121.373,18.3311,0
        121.97,20.45,0
      </coordinates>
    </LineString>
  </Placemark>
  <Placemark>
    <name>Route Krus na Ligas to San Juan</name>
    <description>Assigned Demand Flow: 421</description>
    <styleUrl>#lineStyle</styleUrl>
    <LineString>
      <tessellate>1</tessellate>
      <coordinates>
        121.064,14.6442,0
        121.396,13.826,0
      </coordinates>
    </LineString>
  </Placemark>
  <Placemark>
    <name>Route Kitcharao to Butuan</name>
    <description>Assigned Demand Flow: 424</description>
    <styleUrl>#lineStyle</styleUrl>
    <LineString>
      <tessellate>1</tessellate>
      <coordinates>
        125.58,9.46,0
        125.543,8.948,0
      </coordinates>
    </LineString>
  </Placemark>
  <Placemark>
    <name>Route Mabitac to Lucena</name>
    <description>Assigned Demand Flow: 426</description>
    <styleUrl>#lineStyle</styleUrl>
    <LineString>
      <tessellate>1</tessellate>
      <coordinates>
        121.42,14.43,0
        121.62,13.93,0
      </coordinates>
    </LineString>
  </Placemark>
  <Placemark>
    <name>Route Linamon to Cotabato</name>
    <description>Assigned Demand Flow: 256.5</description>
    <styleUrl>#lineStyle</styleUrl>
    <LineString>
      <tessellate>1</tessellate>
      <coordinates>
        124.17,8.18,0
        124.25,7.22,0
      </coordinates>
    </LineString>
  </Placemark>
  <Placemark>
    <name>Route Linamon to Oroquieta</name>
    <description>Assigned Demand Flow: 160.5</description>
    <styleUrl>#lineStyle</styleUrl>
    <LineString>
      <tessellate>1</tessellate>
      <coordinates>
        124.17,8.18,0
        123.8,8.48,0
      </coordinates>
    </LineString>
  </Placemark>
  <Placemark>
    <name>Route Dupax del Sur to Perez</name>
    <description>Assigned Demand Flow: 414</description>
    <styleUrl>#lineStyle</styleUrl>
    <LineString>
      <tessellate>1</tessellate>
      <coordinates>
        121.092,16.2842,0
        121.93,14.18,0
      </coordinates>
    </LineString>
  </Placemark>
  <Placemark>
    <name>Route Clarin to Corella</name>
    <description>Assigned Demand Flow: 420</description>
    <styleUrl>#lineStyle</styleUrl>
    <LineString>
      <tessellate>1</tessellate>
      <coordinates>
        124.02,9.97,0
        123.92,9.68,0
      </coordinates>
    </LineString>
  </Placemark>
  <Placemark>
    <name>Route Loyola Heights to San Juan</name>
    <description>Assigned Demand Flow: 426</description>
    <styleUrl>#lineStyle</styleUrl>
    <LineString>
      <tessellate>1</tessellate>
      <coordinates>
        121.074,14.6403,0
        121.396,13.826,0
      </coordinates>
    </LineString>
  </Placemark>
  <Placemark>
    <name>Route Aguinaldo to Perez</name>
    <description>Assigned Demand Flow: 430</description>
    <styleUrl>#lineStyle</styleUrl>
    <LineString>
      <tessellate>1</tessellate>
      <coordinates>
        121.327,16.9789,0
        121.93,14.18,0
      </coordinates>
    </LineString>
  </Placemark>
  <Placemark>
    <name>Route Ronda to Corella</name>
    <description>Assigned Demand Flow: 415</description>
    <styleUrl>#lineStyle</styleUrl>
    <LineString>
      <tessellate>1</tessellate>
      <coordinates>
        123.409,10.0003,0
        123.92,9.68,0
      </coordinates>
    </LineString>
  </Placemark>
  <Placemark>
    <name>Route Barcelona to Masbate</name>
    <description>Assigned Demand Flow: 423</description>
    <styleUrl>#lineStyle</styleUrl>
    <LineString>
      <tessellate>1</tessellate>
      <coordinates>
        124.142,12.8694,0
        123.58,12.27,0
      </coordinates>
    </LineString>
  </Placemark>
  <Placemark>
    <name>Route Punturin to San Juan</name>
    <description>Assigned Demand Flow: 422</description>
    <styleUrl>#lineStyle</styleUrl>
    <LineString>
      <tessellate>1</tessellate>
      <coordinates>
        120.998,14.7381,0
        121.396,13.826,0
      </coordinates>
    </LineString>
  </Placemark>
  <Placemark>
    <name>Route San Guillermo to Perez</name>
    <description>Assigned Demand Flow: 418</description>
    <styleUrl>#lineStyle</styleUrl>
    <LineString>
      <tessellate>1</tessellate>
      <coordinates>
        121.81,16.7244,0
        121.93,14.18,0
      </coordinates>
    </LineString>
  </Placemark>
  <Placemark>
    <name>Route Luisiana to Lucena</name>
    <description>Assigned Demand Flow: 409</description>
    <styleUrl>#lineStyle</styleUrl>
    <LineString>
      <tessellate>1</tessellate>
      <coordinates>
        121.511,14.185,0
        121.62,13.93,0
      </coordinates>
    </LineString>
  </Placemark>
  <Placemark>
    <name>Route Hindang to Tacloban</name>
    <description>Assigned Demand Flow: 167.522</description>
    <styleUrl>#lineStyle</styleUrl>
    <LineString>
      <tessellate>1</tessellate>
      <coordinates>
        124.728,10.4339,0
        125,11.24,0
      </coordinates>
    </LineString>
  </Placemark>
  <Placemark>
    <name>Route Hindang to Corella</name>
    <description>Assigned Demand Flow: 245.478</description>
    <styleUrl>#lineStyle</styleUrl>
    <LineString>
      <tessellate>1</tessellate>
      <coordinates>
        124.728,10.4339,0
        123.92,9.68,0
      </coordinates>
    </LineString>
  </Placemark>
  <Placemark>
    <name>Route Sonāgāzi to Puerto Princesa</name>
    <description>Assigned Demand Flow: 91.0128</description>
    <styleUrl>#lineStyle</styleUrl>
    <LineString>
      <tessellate>1</tessellate>
      <coordinates>
        91.3916,22.8518,0
        118.75,9.75,0
      </coordinates>
    </LineString>
  </Placemark>
  <Placemark>
    <name>Route Sonāgāzi to Basco</name>
    <description>Assigned Demand Flow: 320.987</description>
    <styleUrl>#lineStyle</styleUrl>
    <LineString>
      <tessellate>1</tessellate>
      <coordinates>
        91.3916,22.8518,0
        121.97,20.45,0
      </coordinates>
    </LineString>
  </Placemark>
  <Placemark>
    <name>Route Banting to Cotabato</name>
    <description>Assigned Demand Flow: 421</description>
    <styleUrl>#lineStyle</styleUrl>
    <LineString>
      <tessellate>1</tessellate>
      <coordinates>
        120.9,5.7167,0
        124.25,7.22,0
      </coordinates>
    </LineString>
  </Placemark>
  <Placemark>
    <name>Route Tolosa to Naval</name>
    <description>Assigned Demand Flow: 405</description>
    <styleUrl>#lineStyle</styleUrl>
    <LineString>
      <tessellate>1</tessellate>
      <coordinates>
        125.035,11.0633,0
        124.45,11.58,0
      </coordinates>
    </LineString>
  </Placemark>
  <Placemark>
    <name>Route Luna to Perez</name>
    <description>Assigned Demand Flow: 404</description>
    <styleUrl>#lineStyle</styleUrl>
    <LineString>
      <tessellate>1</tessellate>
      <coordinates>
        121.73,16.97,0
        121.93,14.18,0
      </coordinates>
    </LineString>
  </Placemark>
  <Placemark>
    <name>Route Banaue to Perez</name>
    <description>Assigned Demand Flow: 407</description>
    <styleUrl>#lineStyle</styleUrl>
    <LineString>
      <tessellate>1</tessellate>
      <coordinates>
        121.061,16.9119,0
        121.93,14.18,0
      </coordinates>
    </LineString>
  </Placemark>
  <Placemark>
    <name>Route Kapay to Cotabato</name>
    <description>Assigned Demand Flow: 401</description>
    <styleUrl>#lineStyle</styleUrl>
    <LineString>
      <tessellate>1</tessellate>
      <coordinates>
        124.4,8.08,0
        124.25,7.22,0
      </coordinates>
    </LineString>
  </Placemark>
  <Placemark>
    <name>Route Lugait to Oroquieta</name>
    <description>Assigned Demand Flow: 419</description>
    <styleUrl>#lineStyle</styleUrl>
    <LineString>
      <tessellate>1</tessellate>
      <coordinates>
        124.259,8.3411,0
        123.8,8.48,0
      </coordinates>
    </LineString>
  </Placemark>
  <Placemark>
    <name>Route Guadalupe Nuevo to San Juan</name>
    <description>Assigned Demand Flow: 418</description>
    <styleUrl>#lineStyle</styleUrl>
    <LineString>
      <tessellate>1</tessellate>
      <coordinates>
        121.045,14.5587,0
        121.396,13.826,0
      </coordinates>
    </LineString>
  </Placemark>
  <Placemark>
    <name>Route Binondo to San Juan</name>
    <description>Assigned Demand Flow: 410</description>
    <styleUrl>#lineStyle</styleUrl>
    <LineString>
      <tessellate>1</tessellate>
      <coordinates>
        120.967,14.6,0
        121.396,13.826,0
      </coordinates>
    </LineString>
  </Placemark>
  <Placemark>
    <name>Route Sapang Dalaga to Dumaguete City</name>
    <description>Assigned Demand Flow: 412</description>
    <styleUrl>#lineStyle</styleUrl>
    <LineString>
      <tessellate>1</tessellate>
      <coordinates>
        123.57,8.55,0
        123.308,9.3103,0
      </coordinates>
    </LineString>
  </Placemark>
  <Placemark>
    <name>Route Magsaysay to Oroquieta</name>
    <description>Assigned Demand Flow: 419</description>
    <styleUrl>#lineStyle</styleUrl>
    <LineString>
      <tessellate>1</tessellate>
      <coordinates>
        123.92,8.03,0
        123.8,8.48,0
      </coordinates>
    </LineString>
  </Placemark>
  <Placemark>
    <name>Route Kawayan to Naval</name>
    <description>Assigned Demand Flow: 406</description>
    <styleUrl>#lineStyle</styleUrl>
    <LineString>
      <tessellate>1</tessellate>
      <coordinates>
        124.37,11.7,0
        124.45,11.58,0
      </coordinates>
    </LineString>
  </Placemark>
  <Placemark>
    <name>Route Samboan to Dumaguete City</name>
    <description>Assigned Demand Flow: 414</description>
    <styleUrl>#lineStyle</styleUrl>
    <LineString>
      <tessellate>1</tessellate>
      <coordinates>
        123.306,9.5288,0
        123.308,9.3103,0
      </coordinates>
    </LineString>
  </Placemark>
  <Placemark>
    <name>Route San Martin De Porres to San Juan</name>
    <description>Assigned Demand Flow: 396</description>
    <styleUrl>#lineStyle</styleUrl>
    <LineString>
      <tessellate>1</tessellate>
      <coordinates>
        121.043,14.4817,0
        121.396,13.826,0
      </coordinates>
    </LineString>
  </Placemark>
  <Placemark>
    <name>Route Danao to Corella</name>
    <description>Assigned Demand Flow: 411</description>
    <styleUrl>#lineStyle</styleUrl>
    <LineString>
      <tessellate>1</tessellate>
      <coordinates>
        124.27,10.02,0
        123.92,9.68,0
      </coordinates>
    </LineString>
  </Placemark>
  <Placemark>
    <name>Route Piñan to Dumaguete City</name>
    <description>Assigned Demand Flow: 409</description>
    <styleUrl>#lineStyle</styleUrl>
    <LineString>
      <tessellate>1</tessellate>
      <coordinates>
        123.45,8.4822,0
        123.308,9.3103,0
      </coordinates>
    </LineString>
  </Placemark>
  <Placemark>
    <name>Route Del Carmen to Tandag</name>
    <description>Assigned Demand Flow: 406</description>
    <styleUrl>#lineStyle</styleUrl>
    <LineString>
      <tessellate>1</tessellate>
      <coordinates>
        125.97,9.869,0
        126.199,9.0789,0
      </coordinates>
    </LineString>
  </Placemark>
  <Placemark>
    <name>Route Villa Verde to Perez</name>
    <description>Assigned Demand Flow: 394</description>
    <styleUrl>#lineStyle</styleUrl>
    <LineString>
      <tessellate>1</tessellate>
      <coordinates>
        121.183,16.6067,0
        121.93,14.18,0
      </coordinates>
    </LineString>
  </Placemark>
  <Placemark>
    <name>Route Valderrama to Kalibo</name>
    <description>Assigned Demand Flow: 393</description>
    <styleUrl>#lineStyle</styleUrl>
    <LineString>
      <tessellate>1</tessellate>
      <coordinates>
        122.129,11.0036,0
        122.37,11.7072,0
      </coordinates>
    </LineString>
  </Placemark>
  <Placemark>
    <name>Route Mulundo to Cotabato</name>
    <description>Assigned Demand Flow: 392</description>
    <styleUrl>#lineStyle</styleUrl>
    <LineString>
      <tessellate>1</tessellate>
      <coordinates>
        124.38,7.93,0
        124.25,7.22,0
      </coordinates>
    </LineString>
  </Placemark>
  <Placemark>
    <name>Route Dagohoy to Dumaguete City</name>
    <description>Assigned Demand Flow: 338.689</description>
    <styleUrl>#lineStyle</styleUrl>
    <LineString>
      <tessellate>1</tessellate>
      <coordinates>
        124.28,9.92,0
        123.308,9.3103,0
      </coordinates>
    </LineString>
  </Placemark>
  <Placemark>
    <name>Route Dagohoy to Corella</name>
    <description>Assigned Demand Flow: 50.3112</description>
    <styleUrl>#lineStyle</styleUrl>
    <LineString>
      <tessellate>1</tessellate>
      <coordinates>
        124.28,9.92,0
        123.92,9.68,0
      </coordinates>
    </LineString>
  </Placemark>
  <Placemark>
    <name>Route San Miguel to Cotabato</name>
    <description>Assigned Demand Flow: 390</description>
    <styleUrl>#lineStyle</styleUrl>
    <LineString>
      <tessellate>1</tessellate>
      <coordinates>
        123.268,7.65,0
        124.25,7.22,0
      </coordinates>
    </LineString>
  </Placemark>
  <Placemark>
    <name>Route Jagatpur to Puerto Princesa</name>
    <description>Assigned Demand Flow: 397</description>
    <styleUrl>#lineStyle</styleUrl>
    <LineString>
      <tessellate>1</tessellate>
      <coordinates>
        90.766,23.6075,0
        118.75,9.75,0
      </coordinates>
    </LineString>
  </Placemark>
  <Placemark>
    <name>Route Malabuyoc to Dumaguete City</name>
    <description>Assigned Demand Flow: 402</description>
    <styleUrl>#lineStyle</styleUrl>
    <LineString>
      <tessellate>1</tessellate>
      <coordinates>
        123.33,9.65,0
        123.308,9.3103,0
      </coordinates>
    </LineString>
  </Placemark>
  <Placemark>
    <name>Route San Miguel to Naval</name>
    <description>Assigned Demand Flow: 385</description>
    <styleUrl>#lineStyle</styleUrl>
    <LineString>
      <tessellate>1</tessellate>
      <coordinates>
        124.83,11.2942,0
        124.45,11.58,0
      </coordinates>
    </LineString>
  </Placemark>
  <Placemark>
    <name>Route Sinacaban to Cotabato</name>
    <description>Assigned Demand Flow: 398</description>
    <styleUrl>#lineStyle</styleUrl>
    <LineString>
      <tessellate>1</tessellate>
      <coordinates>
        123.844,8.2854,0
        124.25,7.22,0
      </coordinates>
    </LineString>
  </Placemark>
  <Placemark>
    <name>Route Caoayan to Lucena</name>
    <description>Assigned Demand Flow: 389</description>
    <styleUrl>#lineStyle</styleUrl>
    <LineString>
      <tessellate>1</tessellate>
      <coordinates>
        120.383,17.5469,0
        121.62,13.93,0
      </coordinates>
    </LineString>
  </Placemark>
  <Placemark>
    <name>Route Santa Teresita to Perez</name>
    <description>Assigned Demand Flow: 395</description>
    <styleUrl>#lineStyle</styleUrl>
    <LineString>
      <tessellate>1</tessellate>
      <coordinates>
        121.91,18.2519,0
        121.93,14.18,0
      </coordinates>
    </LineString>
  </Placemark>
  <Placemark>
    <name>Route Rizal to Lucena</name>
    <description>Assigned Demand Flow: 385</description>
    <styleUrl>#lineStyle</styleUrl>
    <LineString>
      <tessellate>1</tessellate>
      <coordinates>
        121.6,17.5,0
        121.62,13.93,0
      </coordinates>
    </LineString>
  </Placemark>
  <Placemark>
    <name>Route Santiago to Lucena</name>
    <description>Assigned Demand Flow: 389</description>
    <styleUrl>#lineStyle</styleUrl>
    <LineString>
      <tessellate>1</tessellate>
      <coordinates>
        120.445,17.2947,0
        121.62,13.93,0
      </coordinates>
    </LineString>
  </Placemark>
  <Placemark>
    <name>Route Cervantes to Perez</name>
    <description>Assigned Demand Flow: 397</description>
    <styleUrl>#lineStyle</styleUrl>
    <LineString>
      <tessellate>1</tessellate>
      <coordinates>
        120.733,16.9917,0
        121.93,14.18,0
      </coordinates>
    </LineString>
  </Placemark>
  <Placemark>
    <name>Route Marihatag to Tandag</name>
    <description>Assigned Demand Flow: 388</description>
    <styleUrl>#lineStyle</styleUrl>
    <LineString>
      <tessellate>1</tessellate>
      <coordinates>
        126.298,8.8008,0
        126.199,9.0789,0
      </coordinates>
    </LineString>
  </Placemark>
  <Placemark>
    <name>Route Tublay to Lucena</name>
    <description>Assigned Demand Flow: 185.594</description>
    <styleUrl>#lineStyle</styleUrl>
    <LineString>
      <tessellate>1</tessellate>
      <coordinates>
        120.633,16.4764,0
        121.62,13.93,0
      </coordinates>
    </LineString>
  </Placemark>
  <Placemark>
    <name>Route Tublay to San Juan</name>
    <description>Assigned Demand Flow: 195.406</description>
    <styleUrl>#lineStyle</styleUrl>
    <LineString>
      <tessellate>1</tessellate>
      <coordinates>
        120.633,16.4764,0
        121.396,13.826,0
      </coordinates>
    </LineString>
  </Placemark>
  <Placemark>
    <name>Route Siruma to Perez</name>
    <description>Assigned Demand Flow: 396</description>
    <styleUrl>#lineStyle</styleUrl>
    <LineString>
      <tessellate>1</tessellate>
      <coordinates>
        123.259,14.0219,0
        121.93,14.18,0
      </coordinates>
    </LineString>
  </Placemark>
  <Placemark>
    <name>Route Pastrana to Naval</name>
    <description>Assigned Demand Flow: 387</description>
    <styleUrl>#lineStyle</styleUrl>
    <LineString>
      <tessellate>1</tessellate>
      <coordinates>
        124.88,11.13,0
        124.45,11.58,0
      </coordinates>
    </LineString>
  </Placemark>
  <Placemark>
    <name>Route Buruanga to Kalibo</name>
    <description>Assigned Demand Flow: 382</description>
    <styleUrl>#lineStyle</styleUrl>
    <LineString>
      <tessellate>1</tessellate>
      <coordinates>
        121.889,11.8438,0
        122.37,11.7072,0
      </coordinates>
    </LineString>
  </Placemark>
  <Placemark>
    <name>Route Tadian to Perez</name>
    <description>Assigned Demand Flow: 395</description>
    <styleUrl>#lineStyle</styleUrl>
    <LineString>
      <tessellate>1</tessellate>
      <coordinates>
        120.821,16.9961,0
        121.93,14.18,0
      </coordinates>
    </LineString>
  </Placemark>
  <Placemark>
    <name>Route Pugo to Lucena</name>
    <description>Assigned Demand Flow: 381</description>
    <styleUrl>#lineStyle</styleUrl>
    <LineString>
      <tessellate>1</tessellate>
      <coordinates>
        120.48,16.28,0
        121.62,13.93,0
      </coordinates>
    </LineString>
  </Placemark>
  <Placemark>
    <name>Route San Roque to San Juan</name>
    <description>Assigned Demand Flow: 377</description>
    <styleUrl>#lineStyle</styleUrl>
    <LineString>
      <tessellate>1</tessellate>
      <coordinates>
        120.901,14.48,0
        121.396,13.826,0
      </coordinates>
    </LineString>
  </Placemark>
  <Placemark>
    <name>Route Espiritu to Lucena</name>
    <description>Assigned Demand Flow: 384</description>
    <styleUrl>#lineStyle</styleUrl>
    <LineString>
      <tessellate>1</tessellate>
      <coordinates>
        120.654,17.9806,0
        121.62,13.93,0
      </coordinates>
    </LineString>
  </Placemark>
  <Placemark>
    <name>Route Kapangan to Perez</name>
    <description>Assigned Demand Flow: 391</description>
    <styleUrl>#lineStyle</styleUrl>
    <LineString>
      <tessellate>1</tessellate>
      <coordinates>
        120.605,16.5764,0
        121.93,14.18,0
      </coordinates>
    </LineString>
  </Placemark>
  <Placemark>
    <name>Route Balintawak to San Juan</name>
    <description>Assigned Demand Flow: 394</description>
    <styleUrl>#lineStyle</styleUrl>
    <LineString>
      <tessellate>1</tessellate>
      <coordinates>
        121.001,14.6506,0
        121.396,13.826,0
      </coordinates>
    </LineString>
  </Placemark>
  <Placemark>
    <name>Route Cabusao to Romblon</name>
    <description>Assigned Demand Flow: 91.4112</description>
    <styleUrl>#lineStyle</styleUrl>
    <LineString>
      <tessellate>1</tessellate>
      <coordinates>
        123.114,13.7275,0
        122.28,12.55,0
      </coordinates>
    </LineString>
  </Placemark>
  <Placemark>
    <name>Route Cabusao to Perez</name>
    <description>Assigned Demand Flow: 298.589</description>
    <styleUrl>#lineStyle</styleUrl>
    <LineString>
      <tessellate>1</tessellate>
      <coordinates>
        123.114,13.7275,0
        121.93,14.18,0
      </coordinates>
    </LineString>
  </Placemark>
  <Placemark>
    <name>Route Diadi to Lucena</name>
    <description>Assigned Demand Flow: 386</description>
    <styleUrl>#lineStyle</styleUrl>
    <LineString>
      <tessellate>1</tessellate>
      <coordinates>
        121.369,16.66,0
        121.62,13.93,0
      </coordinates>
    </LineString>
  </Placemark>
  <Placemark>
    <name>Route Atok to Perez</name>
    <description>Assigned Demand Flow: 394</description>
    <styleUrl>#lineStyle</styleUrl>
    <LineString>
      <tessellate>1</tessellate>
      <coordinates>
        120.767,16.6272,0
        121.93,14.18,0
      </coordinates>
    </LineString>
  </Placemark>
  <Placemark>
    <name>Route Jiabong to Naval</name>
    <description>Assigned Demand Flow: 385</description>
    <styleUrl>#lineStyle</styleUrl>
    <LineString>
      <tessellate>1</tessellate>
      <coordinates>
        124.952,11.7625,0
        124.45,11.58,0
      </coordinates>
    </LineString>
  </Placemark>
  <Placemark>
    <name>Route Ermita to San Juan</name>
    <description>Assigned Demand Flow: 379</description>
    <styleUrl>#lineStyle</styleUrl>
    <LineString>
      <tessellate>1</tessellate>
      <coordinates>
        120.983,14.583,0
        121.396,13.826,0
      </coordinates>
    </LineString>
  </Placemark>
  <Placemark>
    <name>Route Alcoy to Dumaguete City</name>
    <description>Assigned Demand Flow: 386</description>
    <styleUrl>#lineStyle</styleUrl>
    <LineString>
      <tessellate>1</tessellate>
      <coordinates>
        123.506,9.7082,0
        123.308,9.3103,0
      </coordinates>
    </LineString>
  </Placemark>
  <Placemark>
    <name>Route La Paz to Naval</name>
    <description>Assigned Demand Flow: 384</description>
    <styleUrl>#lineStyle</styleUrl>
    <LineString>
      <tessellate>1</tessellate>
      <coordinates>
        124.957,10.8911,0
        124.45,11.58,0
      </coordinates>
    </LineString>
  </Placemark>
  <Placemark>
    <name>Route San Teodoro to San Juan</name>
    <description>Assigned Demand Flow: 380</description>
    <styleUrl>#lineStyle</styleUrl>
    <LineString>
      <tessellate>1</tessellate>
      <coordinates>
        121.019,13.4358,0
        121.396,13.826,0
      </coordinates>
    </LineString>
  </Placemark>
  <Placemark>
    <name>Route Lumbayanague to Cotabato</name>
    <description>Assigned Demand Flow: 389</description>
    <styleUrl>#lineStyle</styleUrl>
    <LineString>
      <tessellate>1</tessellate>
      <coordinates>
        124.28,7.78,0
        124.25,7.22,0
      </coordinates>
    </LineString>
  </Placemark>
  <Placemark>
    <name>Route Rizal to Lucena</name>
    <description>Assigned Demand Flow: 382</description>
    <styleUrl>#lineStyle</styleUrl>
    <LineString>
      <tessellate>1</tessellate>
      <coordinates>
        121.345,17.8478,0
        121.62,13.93,0
      </coordinates>
    </LineString>
  </Placemark>
  <Placemark>
    <name>Route Malanday to San Juan</name>
    <description>Assigned Demand Flow: 384</description>
    <styleUrl>#lineStyle</styleUrl>
    <LineString>
      <tessellate>1</tessellate>
      <coordinates>
        120.955,14.7194,0
        121.396,13.826,0
      </coordinates>
    </LineString>
  </Placemark>
  <Placemark>
    <name>Route San Gabriel to San Juan</name>
    <description>Assigned Demand Flow: 374</description>
    <styleUrl>#lineStyle</styleUrl>
    <LineString>
      <tessellate>1</tessellate>
      <coordinates>
        120.4,16.67,0
        121.396,13.826,0
      </coordinates>
    </LineString>
  </Placemark>
  <Placemark>
    <name>Route Madalag to Kalibo</name>
    <description>Assigned Demand Flow: 374</description>
    <styleUrl>#lineStyle</styleUrl>
    <LineString>
      <tessellate>1</tessellate>
      <coordinates>
        122.306,11.5269,0
        122.37,11.7072,0
      </coordinates>
    </LineString>
  </Placemark>
  <Placemark>
    <name>Route Duero to Dumaguete City</name>
    <description>Assigned Demand Flow: 378</description>
    <styleUrl>#lineStyle</styleUrl>
    <LineString>
      <tessellate>1</tessellate>
      <coordinates>
        124.4,9.72,0
        123.308,9.3103,0
      </coordinates>
    </LineString>
  </Placemark>
  <Placemark>
    <name>Route Malimono to Butuan</name>
    <description>Assigned Demand Flow: 367</description>
    <styleUrl>#lineStyle</styleUrl>
    <LineString>
      <tessellate>1</tessellate>
      <coordinates>
        125.402,9.6183,0
        125.543,8.948,0
      </coordinates>
    </LineString>
  </Placemark>
  <Placemark>
    <name>Route Nunuñgan to Cotabato</name>
    <description>Assigned Demand Flow: 381</description>
    <styleUrl>#lineStyle</styleUrl>
    <LineString>
      <tessellate>1</tessellate>
      <coordinates>
        123.97,7.82,0
        124.25,7.22,0
      </coordinates>
    </LineString>
  </Placemark>
  <Placemark>
    <name>Route Sebaste to Kalibo</name>
    <description>Assigned Demand Flow: 370</description>
    <styleUrl>#lineStyle</styleUrl>
    <LineString>
      <tessellate>1</tessellate>
      <coordinates>
        122.094,11.5901,0
        122.37,11.7072,0
      </coordinates>
    </LineString>
  </Placemark>
  <Placemark>
    <name>Route Taft to Naval</name>
    <description>Assigned Demand Flow: 368</description>
    <styleUrl>#lineStyle</styleUrl>
    <LineString>
      <tessellate>1</tessellate>
      <coordinates>
        125.418,11.9058,0
        124.45,11.58,0
      </coordinates>
    </LineString>
  </Placemark>
  <Placemark>
    <name>Route Paglat to Buluan</name>
    <description>Assigned Demand Flow: 367</description>
    <styleUrl>#lineStyle</styleUrl>
    <LineString>
      <tessellate>1</tessellate>
      <coordinates>
        124.785,6.7811,0
        124.785,6.7154,0
      </coordinates>
    </LineString>
  </Placemark>
  <Placemark>
    <name>Route Balilihan to Butuan</name>
    <description>Assigned Demand Flow: 364</description>
    <styleUrl>#lineStyle</styleUrl>
    <LineString>
      <tessellate>1</tessellate>
      <coordinates>
        123.97,9.75,0
        125.543,8.948,0
      </coordinates>
    </LineString>
  </Placemark>
  <Placemark>
    <name>Route San Miguel to San Juan</name>
    <description>Assigned Demand Flow: 372</description>
    <styleUrl>#lineStyle</styleUrl>
    <LineString>
      <tessellate>1</tessellate>
      <coordinates>
        121,14.6,0
        121.396,13.826,0
      </coordinates>
    </LineString>
  </Placemark>
  <Placemark>
    <name>Route Paluan to San Juan</name>
    <description>Assigned Demand Flow: 367</description>
    <styleUrl>#lineStyle</styleUrl>
    <LineString>
      <tessellate>1</tessellate>
      <coordinates>
        120.47,13.42,0
        121.396,13.826,0
      </coordinates>
    </LineString>
  </Placemark>
  <Placemark>
    <name>Route Santander to Dumaguete City</name>
    <description>Assigned Demand Flow: 379</description>
    <styleUrl>#lineStyle</styleUrl>
    <LineString>
      <tessellate>1</tessellate>
      <coordinates>
        123.33,9.45,0
        123.308,9.3103,0
      </coordinates>
    </LineString>
  </Placemark>
  <Placemark>
    <name>Route Bilar to Dumaguete City</name>
    <description>Assigned Demand Flow: 379</description>
    <styleUrl>#lineStyle</styleUrl>
    <LineString>
      <tessellate>1</tessellate>
      <coordinates>
        124.1,9.7,0
        123.308,9.3103,0
      </coordinates>
    </LineString>
  </Placemark>
  <Placemark>
    <name>Route Tinoc to San Juan</name>
    <description>Assigned Demand Flow: 369</description>
    <styleUrl>#lineStyle</styleUrl>
    <LineString>
      <tessellate>1</tessellate>
      <coordinates>
        120.937,16.675,0
        121.396,13.826,0
      </coordinates>
    </LineString>
  </Placemark>
  <Placemark>
    <name>Route Baliangao to Cotabato</name>
    <description>Assigned Demand Flow: 291.316</description>
    <styleUrl>#lineStyle</styleUrl>
    <LineString>
      <tessellate>1</tessellate>
      <coordinates>
        123.6,8.67,0
        124.25,7.22,0
      </coordinates>
    </LineString>
  </Placemark>
  <Placemark>
    <name>Route Baliangao to Dumaguete City</name>
    <description>Assigned Demand Flow: 81.684</description>
    <styleUrl>#lineStyle</styleUrl>
    <LineString>
      <tessellate>1</tessellate>
      <coordinates>
        123.6,8.67,0
        123.308,9.3103,0
      </coordinates>
    </LineString>
  </Placemark>
  <Placemark>
    <name>Route Tinajeros to San Juan</name>
    <description>Assigned Demand Flow: 360</description>
    <styleUrl>#lineStyle</styleUrl>
    <LineString>
      <tessellate>1</tessellate>
      <coordinates>
        120.969,14.6733,0
        121.396,13.826,0
      </coordinates>
    </LineString>
  </Placemark>
  <Placemark>
    <name>Route Cagdianao to Butuan</name>
    <description>Assigned Demand Flow: 368</description>
    <styleUrl>#lineStyle</styleUrl>
    <LineString>
      <tessellate>1</tessellate>
      <coordinates>
        125.67,9.92,0
        125.543,8.948,0
      </coordinates>
    </LineString>
  </Placemark>
  <Placemark>
    <name>Route Cortes to Butuan</name>
    <description>Assigned Demand Flow: 358</description>
    <styleUrl>#lineStyle</styleUrl>
    <LineString>
      <tessellate>1</tessellate>
      <coordinates>
        123.88,9.72,0
        125.543,8.948,0
      </coordinates>
    </LineString>
  </Placemark>
  <Placemark>
    <name>Route Rizal to San Juan</name>
    <description>Assigned Demand Flow: 375</description>
    <styleUrl>#lineStyle</styleUrl>
    <LineString>
      <tessellate>1</tessellate>
      <coordinates>
        121.392,14.1083,0
        121.396,13.826,0
      </coordinates>
    </LineString>
  </Placemark>
  <Placemark>
    <name>Route Santa Fe to San Juan</name>
    <description>Assigned Demand Flow: 364</description>
    <styleUrl>#lineStyle</styleUrl>
    <LineString>
      <tessellate>1</tessellate>
      <coordinates>
        120.938,16.1592,0
        121.396,13.826,0
      </coordinates>
    </LineString>
  </Placemark>
  <Placemark>
    <name>Route Pinabacdao to Naval</name>
    <description>Assigned Demand Flow: 369</description>
    <styleUrl>#lineStyle</styleUrl>
    <LineString>
      <tessellate>1</tessellate>
      <coordinates>
        124.98,11.62,0
        124.45,11.58,0
      </coordinates>
    </LineString>
  </Placemark>
  <Placemark>
    <name>Route Mayorga to Naval</name>
    <description>Assigned Demand Flow: 361</description>
    <styleUrl>#lineStyle</styleUrl>
    <LineString>
      <tessellate>1</tessellate>
      <coordinates>
        125,10.9,0
        124.45,11.58,0
      </coordinates>
    </LineString>
  </Placemark>
  <Placemark>
    <name>Route Libjo to Butuan</name>
    <description>Assigned Demand Flow: 359</description>
    <styleUrl>#lineStyle</styleUrl>
    <LineString>
      <tessellate>1</tessellate>
      <coordinates>
        125.533,10.196,0
        125.543,8.948,0
      </coordinates>
    </LineString>
  </Placemark>
  <Placemark>
    <name>Route Buadiposo-Buntong to Cotabato</name>
    <description>Assigned Demand Flow: 355</description>
    <styleUrl>#lineStyle</styleUrl>
    <LineString>
      <tessellate>1</tessellate>
      <coordinates>
        124.38,7.97,0
        124.25,7.22,0
      </coordinates>
    </LineString>
  </Placemark>
  <Placemark>
    <name>Route Marcos to San Juan</name>
    <description>Assigned Demand Flow: 365</description>
    <styleUrl>#lineStyle</styleUrl>
    <LineString>
      <tessellate>1</tessellate>
      <coordinates>
        120.679,18.0444,0
        121.396,13.826,0
      </coordinates>
    </LineString>
  </Placemark>
  <Placemark>
    <name>Route Bombon to Romblon</name>
    <description>Assigned Demand Flow: 350</description>
    <styleUrl>#lineStyle</styleUrl>
    <LineString>
      <tessellate>1</tessellate>
      <coordinates>
        123.199,13.6867,0
        122.28,12.55,0
      </coordinates>
    </LineString>
  </Placemark>
  <Placemark>
    <name>Route Almeria to Naval</name>
    <description>Assigned Demand Flow: 363</description>
    <styleUrl>#lineStyle</styleUrl>
    <LineString>
      <tessellate>1</tessellate>
      <coordinates>
        124.379,11.6206,0
        124.45,11.58,0
      </coordinates>
    </LineString>
  </Placemark>
  <Placemark>
    <name>Route Bucay to San Juan</name>
    <description>Assigned Demand Flow: 147.345</description>
    <styleUrl>#lineStyle</styleUrl>
    <LineString>
      <tessellate>1</tessellate>
      <coordinates>
        120.72,17.54,0
        121.396,13.826,0
      </coordinates>
    </LineString>
  </Placemark>
  <Placemark>
    <name>Route Bucay to Romblon</name>
    <description>Assigned Demand Flow: 203.655</description>
    <styleUrl>#lineStyle</styleUrl>
    <LineString>
      <tessellate>1</tessellate>
      <coordinates>
        120.72,17.54,0
        122.28,12.55,0
      </coordinates>
    </LineString>
  </Placemark>
  <Placemark>
    <name>Route Flora to San Juan</name>
    <description>Assigned Demand Flow: 365</description>
    <styleUrl>#lineStyle</styleUrl>
    <LineString>
      <tessellate>1</tessellate>
      <coordinates>
        121.419,18.2147,0
        121.396,13.826,0
      </coordinates>
    </LineString>
  </Placemark>
  <Placemark>
    <name>Route Cortes to Tandag</name>
    <description>Assigned Demand Flow: 352</description>
    <styleUrl>#lineStyle</styleUrl>
    <LineString>
      <tessellate>1</tessellate>
      <coordinates>
        126.191,9.2753,0
        126.199,9.0789,0
      </coordinates>
    </LineString>
  </Placemark>
  <Placemark>
    <name>Route Gitagum to Butuan</name>
    <description>Assigned Demand Flow: 361</description>
    <styleUrl>#lineStyle</styleUrl>
    <LineString>
      <tessellate>1</tessellate>
      <coordinates>
        124.405,8.5956,0
        125.543,8.948,0
      </coordinates>
    </LineString>
  </Placemark>
  <Placemark>
    <name>Route Loay to Butuan</name>
    <description>Assigned Demand Flow: 349</description>
    <styleUrl>#lineStyle</styleUrl>
    <LineString>
      <tessellate>1</tessellate>
      <coordinates>
        124.02,9.6,0
        125.543,8.948,0
      </coordinates>
    </LineString>
  </Placemark>
  <Placemark>
    <name>Route Marabut to Naval</name>
    <description>Assigned Demand Flow: 356</description>
    <styleUrl>#lineStyle</styleUrl>
    <LineString>
      <tessellate>1</tessellate>
      <coordinates>
        125.22,11.12,0
        124.45,11.58,0
      </coordinates>
    </LineString>
  </Placemark>
  <Placemark>
    <name>Route Santa Fe to Romblon</name>
    <description>Assigned Demand Flow: 349</description>
    <styleUrl>#lineStyle</styleUrl>
    <LineString>
      <tessellate>1</tessellate>
      <coordinates>
        122,12.15,0
        122.28,12.55,0
      </coordinates>
    </LineString>
  </Placemark>
  <Placemark>
    <name>Route San Rafael to Kalibo</name>
    <description>Assigned Demand Flow: 346</description>
    <styleUrl>#lineStyle</styleUrl>
    <LineString>
      <tessellate>1</tessellate>
      <coordinates>
        122.827,11.1728,0
        122.37,11.7072,0
      </coordinates>
    </LineString>
  </Placemark>
  <Placemark>
    <name>Route Jovellar to Masbate</name>
    <description>Assigned Demand Flow: 349</description>
    <styleUrl>#lineStyle</styleUrl>
    <LineString>
      <tessellate>1</tessellate>
      <coordinates>
        123.6,13.07,0
        123.58,12.27,0
      </coordinates>
    </LineString>
  </Placemark>
  <Placemark>
    <name>Route Kiangan to Romblon</name>
    <description>Assigned Demand Flow: 349</description>
    <styleUrl>#lineStyle</styleUrl>
    <LineString>
      <tessellate>1</tessellate>
      <coordinates>
        121.088,16.7775,0
        122.28,12.55,0
      </coordinates>
    </LineString>
  </Placemark>
  <Placemark>
    <name>Route Palanan to Romblon</name>
    <description>Assigned Demand Flow: 347</description>
    <styleUrl>#lineStyle</styleUrl>
    <LineString>
      <tessellate>1</tessellate>
      <coordinates>
        122.43,17.0589,0
        122.28,12.55,0
      </coordinates>
    </LineString>
  </Placemark>
  <Placemark>
    <name>Route Biliran to Naval</name>
    <description>Assigned Demand Flow: 348</description>
    <styleUrl>#lineStyle</styleUrl>
    <LineString>
      <tessellate>1</tessellate>
      <coordinates>
        124.48,11.58,0
        124.45,11.58,0
      </coordinates>
    </LineString>
  </Placemark>
  <Placemark>
    <name>Route San Jose to Masbate</name>
    <description>Assigned Demand Flow: 349</description>
    <styleUrl>#lineStyle</styleUrl>
    <LineString>
      <tessellate>1</tessellate>
      <coordinates>
        124.487,12.531,0
        123.58,12.27,0
      </coordinates>
    </LineString>
  </Placemark>
  <Placemark>
    <name>Route Pinili to San Juan</name>
    <description>Assigned Demand Flow: 357</description>
    <styleUrl>#lineStyle</styleUrl>
    <LineString>
      <tessellate>1</tessellate>
      <coordinates>
        120.527,17.954,0
        121.396,13.826,0
      </coordinates>
    </LineString>
  </Placemark>
  <Placemark>
    <name>Route San Jorge to Naval</name>
    <description>Assigned Demand Flow: 351</description>
    <styleUrl>#lineStyle</styleUrl>
    <LineString>
      <tessellate>1</tessellate>
      <coordinates>
        124.82,11.98,0
        124.45,11.58,0
      </coordinates>
    </LineString>
  </Placemark>
  <Placemark>
    <name>Route Catarman to Butuan</name>
    <description>Assigned Demand Flow: 344</description>
    <styleUrl>#lineStyle</styleUrl>
    <LineString>
      <tessellate>1</tessellate>
      <coordinates>
        124.68,9.13,0
        125.543,8.948,0
      </coordinates>
    </LineString>
  </Placemark>
  <Placemark>
    <name>Route Esperanza to Naval</name>
    <description>Assigned Demand Flow: 352</description>
    <styleUrl>#lineStyle</styleUrl>
    <LineString>
      <tessellate>1</tessellate>
      <coordinates>
        124.042,11.7369,0
        124.45,11.58,0
      </coordinates>
    </LineString>
  </Placemark>
  <Placemark>
    <name>Route Harinākunda to Puerto Princesa</name>
    <description>Assigned Demand Flow: 360</description>
    <styleUrl>#lineStyle</styleUrl>
    <LineString>
      <tessellate>1</tessellate>
      <coordinates>
        89.0333,23.65,0
        118.75,9.75,0
      </coordinates>
    </LineString>
  </Placemark>
  <Placemark>
    <name>Route Boljoon to Roxas City</name>
    <description>Assigned Demand Flow: 272.046</description>
    <styleUrl>#lineStyle</styleUrl>
    <LineString>
      <tessellate>1</tessellate>
      <coordinates>
        123.43,9.63,0
        122.751,11.5894,0
      </coordinates>
    </LineString>
  </Placemark>
  <Placemark>
    <name>Route Boljoon to Naval</name>
    <description>Assigned Demand Flow: 86.9536</description>
    <styleUrl>#lineStyle</styleUrl>
    <LineString>
      <tessellate>1</tessellate>
      <coordinates>
        123.43,9.63,0
        124.45,11.58,0
      </coordinates>
    </LineString>
  </Placemark>
  <Placemark>
    <name>Route Matagob to Naval</name>
    <description>Assigned Demand Flow: 355</description>
    <styleUrl>#lineStyle</styleUrl>
    <LineString>
      <tessellate>1</tessellate>
      <coordinates>
        124.473,11.1469,0
        124.45,11.58,0
      </coordinates>
    </LineString>
  </Placemark>
  <Placemark>
    <name>Route Libertad to Kalibo</name>
    <description>Assigned Demand Flow: 350</description>
    <styleUrl>#lineStyle</styleUrl>
    <LineString>
      <tessellate>1</tessellate>
      <coordinates>
        121.919,11.769,0
        122.37,11.7072,0
      </coordinates>
    </LineString>
  </Placemark>
  <Placemark>
    <name>Route Talitay to Cotabato</name>
    <description>Assigned Demand Flow: 358</description>
    <styleUrl>#lineStyle</styleUrl>
    <LineString>
      <tessellate>1</tessellate>
      <coordinates>
        124.376,7.0353,0
        124.25,7.22,0
      </coordinates>
    </LineString>
  </Placemark>
  <Placemark>
    <name>Route Sibutao to Cotabato</name>
    <description>Assigned Demand Flow: 351</description>
    <styleUrl>#lineStyle</styleUrl>
    <LineString>
      <tessellate>1</tessellate>
      <coordinates>
        123.48,8.6131,0
        124.25,7.22,0
      </coordinates>
    </LineString>
  </Placemark>
  <Placemark>
    <name>Route Lubang to San Juan</name>
    <description>Assigned Demand Flow: 355</description>
    <styleUrl>#lineStyle</styleUrl>
    <LineString>
      <tessellate>1</tessellate>
      <coordinates>
        120.123,13.8586,0
        121.396,13.826,0
      </coordinates>
    </LineString>
  </Placemark>
  <Placemark>
    <name>Route Loboc to Butuan</name>
    <description>Assigned Demand Flow: 351</description>
    <styleUrl>#lineStyle</styleUrl>
    <LineString>
      <tessellate>1</tessellate>
      <coordinates>
        124.03,9.63,0
        125.543,8.948,0
      </coordinates>
    </LineString>
  </Placemark>
  <Placemark>
    <name>Route Calayan to San Juan</name>
    <description>Assigned Demand Flow: 358</description>
    <styleUrl>#lineStyle</styleUrl>
    <LineString>
      <tessellate>1</tessellate>
      <coordinates>
        121.475,19.2619,0
        121.396,13.826,0
      </coordinates>
    </LineString>
  </Placemark>
  <Placemark>
    <name>Route Tagana-an to Butuan</name>
    <description>Assigned Demand Flow: 340</description>
    <styleUrl>#lineStyle</styleUrl>
    <LineString>
      <tessellate>1</tessellate>
      <coordinates>
        125.582,9.6964,0
        125.543,8.948,0
      </coordinates>
    </LineString>
  </Placemark>
  <Placemark>
    <name>Route Sudipen to Romblon</name>
    <description>Assigned Demand Flow: 349</description>
    <styleUrl>#lineStyle</styleUrl>
    <LineString>
      <tessellate>1</tessellate>
      <coordinates>
        120.47,16.9,0
        122.28,12.55,0
      </coordinates>
    </LineString>
  </Placemark>
  <Placemark>
    <name>Route Alcantara to Romblon</name>
    <description>Assigned Demand Flow: 347</description>
    <styleUrl>#lineStyle</styleUrl>
    <LineString>
      <tessellate>1</tessellate>
      <coordinates>
        122.054,12.2584,0
        122.28,12.55,0
      </coordinates>
    </LineString>
  </Placemark>
  <Placemark>
    <name>Route Saguday to Masbate</name>
    <description>Assigned Demand Flow: 335</description>
    <styleUrl>#lineStyle</styleUrl>
    <LineString>
      <tessellate>1</tessellate>
      <coordinates>
        121.564,16.5394,0
        123.58,12.27,0
      </coordinates>
    </LineString>
  </Placemark>
  <Placemark>
    <name>Route Dilasag to Masbate</name>
    <description>Assigned Demand Flow: 206.391</description>
    <styleUrl>#lineStyle</styleUrl>
    <LineString>
      <tessellate>1</tessellate>
      <coordinates>
        122.22,16.4,0
        123.58,12.27,0
      </coordinates>
    </LineString>
  </Placemark>
  <Placemark>
    <name>Route Dilasag to Romblon</name>
    <description>Assigned Demand Flow: 134.609</description>
    <styleUrl>#lineStyle</styleUrl>
    <LineString>
      <tessellate>1</tessellate>
      <coordinates>
        122.22,16.4,0
        122.28,12.55,0
      </coordinates>
    </LineString>
  </Placemark>
  <Placemark>
    <name>Route Santa Magdalena to Masbate</name>
    <description>Assigned Demand Flow: 346</description>
    <styleUrl>#lineStyle</styleUrl>
    <LineString>
      <tessellate>1</tessellate>
      <coordinates>
        124.108,12.6489,0
        123.58,12.27,0
      </coordinates>
    </LineString>
  </Placemark>
  <Placemark>
    <name>Route Kibungan to Romblon</name>
    <description>Assigned Demand Flow: 349</description>
    <styleUrl>#lineStyle</styleUrl>
    <LineString>
      <tessellate>1</tessellate>
      <coordinates>
        120.654,16.6939,0
        122.28,12.55,0
      </coordinates>
    </LineString>
  </Placemark>
  <Placemark>
    <name>Route Tomas Oppus to Butuan</name>
    <description>Assigned Demand Flow: 342</description>
    <styleUrl>#lineStyle</styleUrl>
    <LineString>
      <tessellate>1</tessellate>
      <coordinates>
        124.98,10.25,0
        125.543,8.948,0
      </coordinates>
    </LineString>
  </Placemark>
  <Placemark>
    <name>Route Ginatilan to Naval</name>
    <description>Assigned Demand Flow: 335</description>
    <styleUrl>#lineStyle</styleUrl>
    <LineString>
      <tessellate>1</tessellate>
      <coordinates>
        123.35,9.6,0
        124.45,11.58,0
      </coordinates>
    </LineString>
  </Placemark>
  <Placemark>
    <name>Route Tubaran to Cotabato</name>
    <description>Assigned Demand Flow: 346</description>
    <styleUrl>#lineStyle</styleUrl>
    <LineString>
      <tessellate>1</tessellate>
      <coordinates>
        124.17,7.72,0
        124.25,7.22,0
      </coordinates>
    </LineString>
  </Placemark>
  <Placemark>
    <name>Route Latifpur to Puerto Princesa</name>
    <description>Assigned Demand Flow: 327</description>
    <styleUrl>#lineStyle</styleUrl>
    <LineString>
      <tessellate>1</tessellate>
      <coordinates>
        90.1398,24.1283,0
        118.75,9.75,0
      </coordinates>
    </LineString>
  </Placemark>
  <Placemark>
    <name>Route Famy to Kalibo</name>
    <description>Assigned Demand Flow: 334</description>
    <styleUrl>#lineStyle</styleUrl>
    <LineString>
      <tessellate>1</tessellate>
      <coordinates>
        121.45,14.43,0
        122.37,11.7072,0
      </coordinates>
    </LineString>
  </Placemark>
  <Placemark>
    <name>Route Madrid to Tandag</name>
    <description>Assigned Demand Flow: 343</description>
    <styleUrl>#lineStyle</styleUrl>
    <LineString>
      <tessellate>1</tessellate>
      <coordinates>
        125.965,9.2619,0
        126.199,9.0789,0
      </coordinates>
    </LineString>
  </Placemark>
  <Placemark>
    <name>Route Barangka to Kalibo</name>
    <description>Assigned Demand Flow: 327</description>
    <styleUrl>#lineStyle</styleUrl>
    <LineString>
      <tessellate>1</tessellate>
      <coordinates>
        121.08,14.6297,0
        122.37,11.7072,0
      </coordinates>
    </LineString>
  </Placemark>
  <Placemark>
    <name>Route La Paz to Masbate</name>
    <description>Assigned Demand Flow: 334</description>
    <styleUrl>#lineStyle</styleUrl>
    <LineString>
      <tessellate>1</tessellate>
      <coordinates>
        120.685,17.6739,0
        123.58,12.27,0
      </coordinates>
    </LineString>
  </Placemark>
  <Placemark>
    <name>Route San Miguel to Puerto Princesa</name>
    <description>Assigned Demand Flow: 319</description>
    <styleUrl>#lineStyle</styleUrl>
    <LineString>
      <tessellate>1</tessellate>
      <coordinates>
        119.871,11.492,0
        118.75,9.75,0
      </coordinates>
    </LineString>
  </Placemark>
  <Placemark>
    <name>Route Panukulan to Masbate</name>
    <description>Assigned Demand Flow: 317.221</description>
    <styleUrl>#lineStyle</styleUrl>
    <LineString>
      <tessellate>1</tessellate>
      <coordinates>
        121.82,14.93,0
        123.58,12.27,0
      </coordinates>
    </LineString>
  </Placemark>
  <Placemark>
    <name>Route Panukulan to Kalibo</name>
    <description>Assigned Demand Flow: 7.7792</description>
    <styleUrl>#lineStyle</styleUrl>
    <LineString>
      <tessellate>1</tessellate>
      <coordinates>
        121.82,14.93,0
        122.37,11.7072,0
      </coordinates>
    </LineString>
  </Placemark>
  <Placemark>
    <name>Route San Juan to Butuan</name>
    <description>Assigned Demand Flow: 194.102</description>
    <styleUrl>#lineStyle</styleUrl>
    <LineString>
      <tessellate>1</tessellate>
      <coordinates>
        123.494,9.159,0
        125.543,8.948,0
      </coordinates>
    </LineString>
  </Placemark>
  <Placemark>
    <name>Route San Juan to Cotabato</name>
    <description>Assigned Demand Flow: 142.898</description>
    <styleUrl>#lineStyle</styleUrl>
    <LineString>
      <tessellate>1</tessellate>
      <coordinates>
        123.494,9.159,0
        124.25,7.22,0
      </coordinates>
    </LineString>
  </Placemark>
  <Placemark>
    <name>Route Arteche to Naval</name>
    <description>Assigned Demand Flow: 331</description>
    <styleUrl>#lineStyle</styleUrl>
    <LineString>
      <tessellate>1</tessellate>
      <coordinates>
        125.371,12.2694,0
        124.45,11.58,0
      </coordinates>
    </LineString>
  </Placemark>
  <Placemark>
    <name>Route Zumarraga to Naval</name>
    <description>Assigned Demand Flow: 333</description>
    <styleUrl>#lineStyle</styleUrl>
    <LineString>
      <tessellate>1</tessellate>
      <coordinates>
        124.841,11.639,0
        124.45,11.58,0
      </coordinates>
    </LineString>
  </Placemark>
  <Placemark>
    <name>Route Alegria to Tandag</name>
    <description>Assigned Demand Flow: 315</description>
    <styleUrl>#lineStyle</styleUrl>
    <LineString>
      <tessellate>1</tessellate>
      <coordinates>
        125.577,9.4667,0
        126.199,9.0789,0
      </coordinates>
    </LineString>
  </Placemark>
  <Placemark>
    <name>Route Bingawan to Kalibo</name>
    <description>Assigned Demand Flow: 318</description>
    <styleUrl>#lineStyle</styleUrl>
    <LineString>
      <tessellate>1</tessellate>
      <coordinates>
        122.57,11.23,0
        122.37,11.7072,0
      </coordinates>
    </LineString>
  </Placemark>
  <Placemark>
    <name>Route Tankal to Cotabato</name>
    <description>Assigned Demand Flow: 326</description>
    <styleUrl>#lineStyle</styleUrl>
    <LineString>
      <tessellate>1</tessellate>
      <coordinates>
        124,8,0
        124.25,7.22,0
      </coordinates>
    </LineString>
  </Placemark>
  <Placemark>
    <name>Route Despujols to Kalibo</name>
    <description>Assigned Demand Flow: 327</description>
    <styleUrl>#lineStyle</styleUrl>
    <LineString>
      <tessellate>1</tessellate>
      <coordinates>
        122.011,12.5183,0
        122.37,11.7072,0
      </coordinates>
    </LineString>
  </Placemark>
  <Placemark>
    <name>Route Alabat to Masbate</name>
    <description>Assigned Demand Flow: 327</description>
    <styleUrl>#lineStyle</styleUrl>
    <LineString>
      <tessellate>1</tessellate>
      <coordinates>
        122.014,14.1023,0
        123.58,12.27,0
      </coordinates>
    </LineString>
  </Placemark>
  <Placemark>
    <name>Route Quezon to Kalibo</name>
    <description>Assigned Demand Flow: 309</description>
    <styleUrl>#lineStyle</styleUrl>
    <LineString>
      <tessellate>1</tessellate>
      <coordinates>
        122.182,14.0068,0
        122.37,11.7072,0
      </coordinates>
    </LineString>
  </Placemark>
  <Placemark>
    <name>Route Kabayan to Kalibo</name>
    <description>Assigned Demand Flow: 321</description>
    <styleUrl>#lineStyle</styleUrl>
    <LineString>
      <tessellate>1</tessellate>
      <coordinates>
        120.838,16.6233,0
        122.37,11.7072,0
      </coordinates>
    </LineString>
  </Placemark>
  <Placemark>
    <name>Route Sulat to Naval</name>
    <description>Assigned Demand Flow: 315</description>
    <styleUrl>#lineStyle</styleUrl>
    <LineString>
      <tessellate>1</tessellate>
      <coordinates>
        125.45,11.82,0
        124.45,11.58,0
      </coordinates>
    </LineString>
  </Placemark>
  <Placemark>
    <name>Route San Miguel to Naval</name>
    <description>Assigned Demand Flow: 322</description>
    <styleUrl>#lineStyle</styleUrl>
    <LineString>
      <tessellate>1</tessellate>
      <coordinates>
        124.301,13.6411,0
        124.45,11.58,0
      </coordinates>
    </LineString>
  </Placemark>
  <Placemark>
    <name>Route Leso to Kalibo</name>
    <description>Assigned Demand Flow: 309</description>
    <styleUrl>#lineStyle</styleUrl>
    <LineString>
      <tessellate>1</tessellate>
      <coordinates>
        122.327,11.6697,0
        122.37,11.7072,0
      </coordinates>
    </LineString>
  </Placemark>
  <Placemark>
    <name>Route Mayoyao to Kalibo</name>
    <description>Assigned Demand Flow: 311</description>
    <styleUrl>#lineStyle</styleUrl>
    <LineString>
      <tessellate>1</tessellate>
      <coordinates>
        121.221,16.9736,0
        122.37,11.7072,0
      </coordinates>
    </LineString>
  </Placemark>
  <Placemark>
    <name>Route Calumpang to Kalibo</name>
    <description>Assigned Demand Flow: 303</description>
    <styleUrl>#lineStyle</styleUrl>
    <LineString>
      <tessellate>1</tessellate>
      <coordinates>
        121.087,14.6249,0
        122.37,11.7072,0
      </coordinates>
    </LineString>
  </Placemark>
  <Placemark>
    <name>Route Julita to Tandag</name>
    <description>Assigned Demand Flow: 303</description>
    <styleUrl>#lineStyle</styleUrl>
    <LineString>
      <tessellate>1</tessellate>
      <coordinates>
        124.962,10.9731,0
        126.199,9.0789,0
      </coordinates>
    </LineString>
  </Placemark>
  <Placemark>
    <name>Route Pudtol to Kalibo</name>
    <description>Assigned Demand Flow: 302</description>
    <styleUrl>#lineStyle</styleUrl>
    <LineString>
      <tessellate>1</tessellate>
      <coordinates>
        121.373,18.2356,0
        122.37,11.7072,0
      </coordinates>
    </LineString>
  </Placemark>
  <Placemark>
    <name>Route Ambaguio to Kalibo</name>
    <description>Assigned Demand Flow: 301</description>
    <styleUrl>#lineStyle</styleUrl>
    <LineString>
      <tessellate>1</tessellate>
      <coordinates>
        121.028,16.5316,0
        122.37,11.7072,0
      </coordinates>
    </LineString>
  </Placemark>
  <Placemark>
    <name>Route Magdiwang to Kalibo</name>
    <description>Assigned Demand Flow: 308</description>
    <styleUrl>#lineStyle</styleUrl>
    <LineString>
      <tessellate>1</tessellate>
      <coordinates>
        122.52,12.48,0
        122.37,11.7072,0
      </coordinates>
    </LineString>
  </Placemark>
  <Placemark>
    <name>Route San Policarpo to Naval</name>
    <description>Assigned Demand Flow: 313</description>
    <styleUrl>#lineStyle</styleUrl>
    <LineString>
      <tessellate>1</tessellate>
      <coordinates>
        125.507,12.1791,0
        124.45,11.58,0
      </coordinates>
    </LineString>
  </Placemark>
  <Placemark>
    <name>Route Victoria to Kalibo</name>
    <description>Assigned Demand Flow: 297</description>
    <styleUrl>#lineStyle</styleUrl>
    <LineString>
      <tessellate>1</tessellate>
      <coordinates>
        124.32,12.45,0
        122.37,11.7072,0
      </coordinates>
    </LineString>
  </Placemark>
  <Placemark>
    <name>Route Anao-aon to Tandag</name>
    <description>Assigned Demand Flow: 298</description>
    <styleUrl>#lineStyle</styleUrl>
    <LineString>
      <tessellate>1</tessellate>
      <coordinates>
        125.423,9.7778,0
        126.199,9.0789,0
      </coordinates>
    </LineString>
  </Placemark>
  <Placemark>
    <name>Route Maydolong to Tandag</name>
    <description>Assigned Demand Flow: 298</description>
    <styleUrl>#lineStyle</styleUrl>
    <LineString>
      <tessellate>1</tessellate>
      <coordinates>
        125.5,11.5,0
        126.199,9.0789,0
      </coordinates>
    </LineString>
  </Placemark>
  <Placemark>
    <name>Route Motiong to Naval</name>
    <description>Assigned Demand Flow: 314</description>
    <styleUrl>#lineStyle</styleUrl>
    <LineString>
      <tessellate>1</tessellate>
      <coordinates>
        125,11.78,0
        124.45,11.58,0
      </coordinates>
    </LineString>
  </Placemark>
  <Placemark>
    <name>Route Project Six to Kalibo</name>
    <description>Assigned Demand Flow: 297</description>
    <styleUrl>#lineStyle</styleUrl>
    <LineString>
      <tessellate>1</tessellate>
      <coordinates>
        121.041,14.6561,0
        122.37,11.7072,0
      </coordinates>
    </LineString>
  </Placemark>
  <Placemark>
    <name>Route Libagon to Tandag</name>
    <description>Assigned Demand Flow: 109.175</description>
    <styleUrl>#lineStyle</styleUrl>
    <LineString>
      <tessellate>1</tessellate>
      <coordinates>
        125.05,10.3,0
        126.199,9.0789,0
      </coordinates>
    </LineString>
  </Placemark>
  <Placemark>
    <name>Route Libagon to Naval</name>
    <description>Assigned Demand Flow: 193.825</description>
    <styleUrl>#lineStyle</styleUrl>
    <LineString>
      <tessellate>1</tessellate>
      <coordinates>
        125.05,10.3,0
        124.45,11.58,0
      </coordinates>
    </LineString>
  </Placemark>
  <Placemark>
    <name>Route Silvino Lobos to Naval</name>
    <description>Assigned Demand Flow: 310</description>
    <styleUrl>#lineStyle</styleUrl>
    <LineString>
      <tessellate>1</tessellate>
      <coordinates>
        124.846,12.3281,0
        124.45,11.58,0
      </coordinates>
    </LineString>
  </Placemark>
  <Placemark>
    <name>Route Tagoloan to Cotabato</name>
    <description>Assigned Demand Flow: 98.2352</description>
    <styleUrl>#lineStyle</styleUrl>
    <LineString>
      <tessellate>1</tessellate>
      <coordinates>
        124.267,8.1333,0
        124.25,7.22,0
      </coordinates>
    </LineString>
  </Placemark>
  <Placemark>
    <name>Route Tagoloan to Poblacion</name>
    <description>Assigned Demand Flow: 197.765</description>
    <styleUrl>#lineStyle</styleUrl>
    <LineString>
      <tessellate>1</tessellate>
      <coordinates>
        124.267,8.1333,0
        124.63,6.8,0
      </coordinates>
    </LineString>
  </Placemark>
  <Placemark>
    <name>Route Tatarikan to Poblacion</name>
    <description>Assigned Demand Flow: 294</description>
    <styleUrl>#lineStyle</styleUrl>
    <LineString>
      <tessellate>1</tessellate>
      <coordinates>
        124.12,7.73,0
        124.63,6.8,0
      </coordinates>
    </LineString>
  </Placemark>
  <Placemark>
    <name>Route Patnanungan to Kalibo</name>
    <description>Assigned Demand Flow: 308</description>
    <styleUrl>#lineStyle</styleUrl>
    <LineString>
      <tessellate>1</tessellate>
      <coordinates>
        122.18,14.78,0
        122.37,11.7072,0
      </coordinates>
    </LineString>
  </Placemark>
  <Placemark>
    <name>Route Rizal to Cotabato</name>
    <description>Assigned Demand Flow: 305</description>
    <styleUrl>#lineStyle</styleUrl>
    <LineString>
      <tessellate>1</tessellate>
      <coordinates>
        123.552,8.5272,0
        124.25,7.22,0
      </coordinates>
    </LineString>
  </Placemark>
  <Placemark>
    <name>Route Tubod to Tandag</name>
    <description>Assigned Demand Flow: 290</description>
    <styleUrl>#lineStyle</styleUrl>
    <LineString>
      <tessellate>1</tessellate>
      <coordinates>
        125.57,9.5547,0
        126.199,9.0789,0
      </coordinates>
    </LineString>
  </Placemark>
  <Placemark>
    <name>Route Bangui to Kalibo</name>
    <description>Assigned Demand Flow: 300</description>
    <styleUrl>#lineStyle</styleUrl>
    <LineString>
      <tessellate>1</tessellate>
      <coordinates>
        120.765,18.5378,0
        122.37,11.7072,0
      </coordinates>
    </LineString>
  </Placemark>
  <Placemark>
    <name>Route Bāisāri to Puerto Princesa</name>
    <description>Assigned Demand Flow: 299</description>
    <styleUrl>#lineStyle</styleUrl>
    <LineString>
      <tessellate>1</tessellate>
      <coordinates>
        90.1259,22.7959,0
        118.75,9.75,0
      </coordinates>
    </LineString>
  </Placemark>
  <Placemark>
    <name>Route Santa to Kalibo</name>
    <description>Assigned Demand Flow: 290</description>
    <styleUrl>#lineStyle</styleUrl>
    <LineString>
      <tessellate>1</tessellate>
      <coordinates>
        120.434,17.486,0
        122.37,11.7072,0
      </coordinates>
    </LineString>
  </Placemark>
  <Placemark>
    <name>Route Antequera to Naval</name>
    <description>Assigned Demand Flow: 303</description>
    <styleUrl>#lineStyle</styleUrl>
    <LineString>
      <tessellate>1</tessellate>
      <coordinates>
        123.897,9.7812,0
        124.45,11.58,0
      </coordinates>
    </LineString>
  </Placemark>
  <Placemark>
    <name>Route Calanogas to Poblacion</name>
    <description>Assigned Demand Flow: 293</description>
    <styleUrl>#lineStyle</styleUrl>
    <LineString>
      <tessellate>1</tessellate>
      <coordinates>
        124.1,7.75,0
        124.63,6.8,0
      </coordinates>
    </LineString>
  </Placemark>
  <Placemark>
    <name>Route Lagangilang to Kalibo</name>
    <description>Assigned Demand Flow: 308</description>
    <styleUrl>#lineStyle</styleUrl>
    <LineString>
      <tessellate>1</tessellate>
      <coordinates>
        120.73,17.61,0
        122.37,11.7072,0
      </coordinates>
    </LineString>
  </Placemark>
  <Placemark>
    <name>Route San Juan to Tandag</name>
    <description>Assigned Demand Flow: 300</description>
    <styleUrl>#lineStyle</styleUrl>
    <LineString>
      <tessellate>1</tessellate>
      <coordinates>
        125.18,10.27,0
        126.199,9.0789,0
      </coordinates>
    </LineString>
  </Placemark>
  <Placemark>
    <name>Route Dimiao to Tandag</name>
    <description>Assigned Demand Flow: 293</description>
    <styleUrl>#lineStyle</styleUrl>
    <LineString>
      <tessellate>1</tessellate>
      <coordinates>
        124.17,9.62,0
        126.199,9.0789,0
      </coordinates>
    </LineString>
  </Placemark>
  <Placemark>
    <name>Route Bacuag to Tandag</name>
    <description>Assigned Demand Flow: 302</description>
    <styleUrl>#lineStyle</styleUrl>
    <LineString>
      <tessellate>1</tessellate>
      <coordinates>
        125.641,9.6081,0
        126.199,9.0789,0
      </coordinates>
    </LineString>
  </Placemark>
  <Placemark>
    <name>Route San Tomas to Kalibo</name>
    <description>Assigned Demand Flow: 288</description>
    <styleUrl>#lineStyle</styleUrl>
    <LineString>
      <tessellate>1</tessellate>
      <coordinates>
        120.588,15.8792,0
        122.37,11.7072,0
      </coordinates>
    </LineString>
  </Placemark>
  <Placemark>
    <name>Route Tayum to Kalibo</name>
    <description>Assigned Demand Flow: 292</description>
    <styleUrl>#lineStyle</styleUrl>
    <LineString>
      <tessellate>1</tessellate>
      <coordinates>
        120.66,17.62,0
        122.37,11.7072,0
      </coordinates>
    </LineString>
  </Placemark>
  <Placemark>
    <name>Route San Julian to Naval</name>
    <description>Assigned Demand Flow: 306</description>
    <styleUrl>#lineStyle</styleUrl>
    <LineString>
      <tessellate>1</tessellate>
      <coordinates>
        125.456,11.7536,0
        124.45,11.58,0
      </coordinates>
    </LineString>
  </Placemark>
  <Placemark>
    <name>Route Matungao to Poblacion</name>
    <description>Assigned Demand Flow: 293</description>
    <styleUrl>#lineStyle</styleUrl>
    <LineString>
      <tessellate>1</tessellate>
      <coordinates>
        124.17,8.13,0
        124.63,6.8,0
      </coordinates>
    </LineString>
  </Placemark>
  <Placemark>
    <name>Route Lope de Vega to Kalibo</name>
    <description>Assigned Demand Flow: 287</description>
    <styleUrl>#lineStyle</styleUrl>
    <LineString>
      <tessellate>1</tessellate>
      <coordinates>
        124.624,12.2983,0
        122.37,11.7072,0
      </coordinates>
    </LineString>
  </Placemark>
  <Placemark>
    <name>Route Mahinog to Tandag</name>
    <description>Assigned Demand Flow: 284</description>
    <styleUrl>#lineStyle</styleUrl>
    <LineString>
      <tessellate>1</tessellate>
      <coordinates>
        124.78,9.15,0
        126.199,9.0789,0
      </coordinates>
    </LineString>
  </Placemark>
  <Placemark>
    <name>Route Boston to Tandag</name>
    <description>Assigned Demand Flow: 291</description>
    <styleUrl>#lineStyle</styleUrl>
    <LineString>
      <tessellate>1</tessellate>
      <coordinates>
        126.376,7.8697,0
        126.199,9.0789,0
      </coordinates>
    </LineString>
  </Placemark>
  <Placemark>
    <name>Route Batuan to Kalibo</name>
    <description>Assigned Demand Flow: 288</description>
    <styleUrl>#lineStyle</styleUrl>
    <LineString>
      <tessellate>1</tessellate>
      <coordinates>
        123.782,12.4222,0
        122.37,11.7072,0
      </coordinates>
    </LineString>
  </Placemark>
  <Placemark>
    <name>Route Bakun to Kalibo</name>
    <description>Assigned Demand Flow: 291</description>
    <styleUrl>#lineStyle</styleUrl>
    <LineString>
      <tessellate>1</tessellate>
      <coordinates>
        120.661,16.7925,0
        122.37,11.7072,0
      </coordinates>
    </LineString>
  </Placemark>
  <Placemark>
    <name>Route Pualas to Poblacion</name>
    <description>Assigned Demand Flow: 284</description>
    <styleUrl>#lineStyle</styleUrl>
    <LineString>
      <tessellate>1</tessellate>
      <coordinates>
        124.07,7.82,0
        124.63,6.8,0
      </coordinates>
    </LineString>
  </Placemark>
  <Placemark>
    <name>Route Quinapundan to Tandag</name>
    <description>Assigned Demand Flow: 286</description>
    <styleUrl>#lineStyle</styleUrl>
    <LineString>
      <tessellate>1</tessellate>
      <coordinates>
        125.521,11.1578,0
        126.199,9.0789,0
      </coordinates>
    </LineString>
  </Placemark>
  <Placemark>
    <name>Route Santa Catalina to Kalibo</name>
    <description>Assigned Demand Flow: 290</description>
    <styleUrl>#lineStyle</styleUrl>
    <LineString>
      <tessellate>1</tessellate>
      <coordinates>
        120.364,17.5917,0
        122.37,11.7072,0
      </coordinates>
    </LineString>
  </Placemark>
  <Placemark>
    <name>Route Nampicuan to Puerto Princesa</name>
    <description>Assigned Demand Flow: 141.41</description>
    <styleUrl>#lineStyle</styleUrl>
    <LineString>
      <tessellate>1</tessellate>
      <coordinates>
        120.636,15.7342,0
        118.75,9.75,0
      </coordinates>
    </LineString>
  </Placemark>
  <Placemark>
    <name>Route Nampicuan to Kalibo</name>
    <description>Assigned Demand Flow: 142.59</description>
    <styleUrl>#lineStyle</styleUrl>
    <LineString>
      <tessellate>1</tessellate>
      <coordinates>
        120.636,15.7342,0
        122.37,11.7072,0
      </coordinates>
    </LineString>
  </Placemark>
  <Placemark>
    <name>Route Larena to Tandag</name>
    <description>Assigned Demand Flow: 281</description>
    <styleUrl>#lineStyle</styleUrl>
    <LineString>
      <tessellate>1</tessellate>
      <coordinates>
        123.591,9.249,0
        126.199,9.0789,0
      </coordinates>
    </LineString>
  </Placemark>
  <Placemark>
    <name>Route Bokod to Kalibo</name>
    <description>Assigned Demand Flow: 292</description>
    <styleUrl>#lineStyle</styleUrl>
    <LineString>
      <tessellate>1</tessellate>
      <coordinates>
        120.83,16.4914,0
        122.37,11.7072,0
      </coordinates>
    </LineString>
  </Placemark>
  <Placemark>
    <name>Route Araceli to Puerto Princesa</name>
    <description>Assigned Demand Flow: 292</description>
    <styleUrl>#lineStyle</styleUrl>
    <LineString>
      <tessellate>1</tessellate>
      <coordinates>
        119.99,10.5529,0
        118.75,9.75,0
      </coordinates>
    </LineString>
  </Placemark>
  <Placemark>
    <name>Route Bagulin to Kalibo</name>
    <description>Assigned Demand Flow: 296</description>
    <styleUrl>#lineStyle</styleUrl>
    <LineString>
      <tessellate>1</tessellate>
      <coordinates>
        120.438,16.6079,0
        122.37,11.7072,0
      </coordinates>
    </LineString>
  </Placemark>
  <Placemark>
    <name>Route General MacArthur to Tandag</name>
    <description>Assigned Demand Flow: 295</description>
    <styleUrl>#lineStyle</styleUrl>
    <LineString>
      <tessellate>1</tessellate>
      <coordinates>
        125.54,11.2486,0
        126.199,9.0789,0
      </coordinates>
    </LineString>
  </Placemark>
  <Placemark>
    <name>Route Maria to Tandag</name>
    <description>Assigned Demand Flow: 293</description>
    <styleUrl>#lineStyle</styleUrl>
    <LineString>
      <tessellate>1</tessellate>
      <coordinates>
        123.655,9.196,0
        126.199,9.0789,0
      </coordinates>
    </LineString>
  </Placemark>
  <Placemark>
    <name>Route Balangiga to Tandag</name>
    <description>Assigned Demand Flow: 290</description>
    <styleUrl>#lineStyle</styleUrl>
    <LineString>
      <tessellate>1</tessellate>
      <coordinates>
        125.386,11.1092,0
        126.199,9.0789,0
      </coordinates>
    </LineString>
  </Placemark>
  <Placemark>
    <name>Route Balangkas to Kalibo</name>
    <description>Assigned Demand Flow: 284</description>
    <styleUrl>#lineStyle</styleUrl>
    <LineString>
      <tessellate>1</tessellate>
      <coordinates>
        120.998,14.7381,0
        122.37,11.7072,0
      </coordinates>
    </LineString>
  </Placemark>
  <Placemark>
    <name>Route Sison to Tandag</name>
    <description>Assigned Demand Flow: 291</description>
    <styleUrl>#lineStyle</styleUrl>
    <LineString>
      <tessellate>1</tessellate>
      <coordinates>
        125.527,9.6592,0
        126.199,9.0789,0
      </coordinates>
    </LineString>
  </Placemark>
  <Placemark>
    <name>Route Mapanas to Tandag</name>
    <description>Assigned Demand Flow: 276</description>
    <styleUrl>#lineStyle</styleUrl>
    <LineString>
      <tessellate>1</tessellate>
      <coordinates>
        125.254,12.475,0
        126.199,9.0789,0
      </coordinates>
    </LineString>
  </Placemark>
  <Placemark>
    <name>Route Santol to Kalibo</name>
    <description>Assigned Demand Flow: 291</description>
    <styleUrl>#lineStyle</styleUrl>
    <LineString>
      <tessellate>1</tessellate>
      <coordinates>
        120.45,16.77,0
        122.37,11.7072,0
      </coordinates>
    </LineString>
  </Placemark>
  <Placemark>
    <name>Route Belison to Kalibo</name>
    <description>Assigned Demand Flow: 289</description>
    <styleUrl>#lineStyle</styleUrl>
    <LineString>
      <tessellate>1</tessellate>
      <coordinates>
        121.961,10.8381,0
        122.37,11.7072,0
      </coordinates>
    </LineString>
  </Placemark>
  <Placemark>
    <name>Route Kinogitan to Tandag</name>
    <description>Assigned Demand Flow: 287</description>
    <styleUrl>#lineStyle</styleUrl>
    <LineString>
      <tessellate>1</tessellate>
      <coordinates>
        124.794,8.9855,0
        126.199,9.0789,0
      </coordinates>
    </LineString>
  </Placemark>
  <Placemark>
    <name>Route Bambang to Kalibo</name>
    <description>Assigned Demand Flow: 288</description>
    <styleUrl>#lineStyle</styleUrl>
    <LineString>
      <tessellate>1</tessellate>
      <coordinates>
        121.073,14.5257,0
        122.37,11.7072,0
      </coordinates>
    </LineString>
  </Placemark>
  <Placemark>
    <name>Route Batuan to Tandag</name>
    <description>Assigned Demand Flow: 281</description>
    <styleUrl>#lineStyle</styleUrl>
    <LineString>
      <tessellate>1</tessellate>
      <coordinates>
        124.13,9.8,0
        126.199,9.0789,0
      </coordinates>
    </LineString>
  </Placemark>
  <Placemark>
    <name>Route Hinabangan to Tandag</name>
    <description>Assigned Demand Flow: 268</description>
    <styleUrl>#lineStyle</styleUrl>
    <LineString>
      <tessellate>1</tessellate>
      <coordinates>
        125.07,11.7,0
        126.199,9.0789,0
      </coordinates>
    </LineString>
  </Placemark>
  <Placemark>
    <name>Route Lanuza to Tandag</name>
    <description>Assigned Demand Flow: 267</description>
    <styleUrl>#lineStyle</styleUrl>
    <LineString>
      <tessellate>1</tessellate>
      <coordinates>
        126.059,9.2322,0
        126.199,9.0789,0
      </coordinates>
    </LineString>
  </Placemark>
  <Placemark>
    <name>Route Sampaloc to Puerto Princesa</name>
    <description>Assigned Demand Flow: 269</description>
    <styleUrl>#lineStyle</styleUrl>
    <LineString>
      <tessellate>1</tessellate>
      <coordinates>
        121.638,14.1625,0
        118.75,9.75,0
      </coordinates>
    </LineString>
  </Placemark>
  <Placemark>
    <name>Route Baras to Puerto Princesa</name>
    <description>Assigned Demand Flow: 263</description>
    <styleUrl>#lineStyle</styleUrl>
    <LineString>
      <tessellate>1</tessellate>
      <coordinates>
        124.37,13.67,0
        118.75,9.75,0
      </coordinates>
    </LineString>
  </Placemark>
  <Placemark>
    <name>Route Dakit to Poblacion</name>
    <description>Assigned Demand Flow: 128.663</description>
    <styleUrl>#lineStyle</styleUrl>
    <LineString>
      <tessellate>1</tessellate>
      <coordinates>
        125.161,10.06,0
        124.63,6.8,0
      </coordinates>
    </LineString>
  </Placemark>
  <Placemark>
    <name>Route Dakit to Tandag</name>
    <description>Assigned Demand Flow: 137.337</description>
    <styleUrl>#lineStyle</styleUrl>
    <LineString>
      <tessellate>1</tessellate>
      <coordinates>
        125.161,10.06,0
        126.199,9.0789,0
      </coordinates>
    </LineString>
  </Placemark>
  <Placemark>
    <name>Route Buli to Puerto Princesa</name>
    <description>Assigned Demand Flow: 262</description>
    <styleUrl>#lineStyle</styleUrl>
    <LineString>
      <tessellate>1</tessellate>
      <coordinates>
        121.051,14.443,0
        118.75,9.75,0
      </coordinates>
    </LineString>
  </Placemark>
  <Placemark>
    <name>Route Santa Marcela to Puerto Princesa</name>
    <description>Assigned Demand Flow: 268</description>
    <styleUrl>#lineStyle</styleUrl>
    <LineString>
      <tessellate>1</tessellate>
      <coordinates>
        121.438,18.2872,0
        118.75,9.75,0
      </coordinates>
    </LineString>
  </Placemark>
  <Placemark>
    <name>Route San Clemente to Puerto Princesa</name>
    <description>Assigned Demand Flow: 265</description>
    <styleUrl>#lineStyle</styleUrl>
    <LineString>
      <tessellate>1</tessellate>
      <coordinates>
        120.36,15.7119,0
        118.75,9.75,0
      </coordinates>
    </LineString>
  </Placemark>
  <Placemark>
    <name>Route Tinglayan to Puerto Princesa</name>
    <description>Assigned Demand Flow: 260</description>
    <styleUrl>#lineStyle</styleUrl>
    <LineString>
      <tessellate>1</tessellate>
      <coordinates>
        121.149,17.265,0
        118.75,9.75,0
      </coordinates>
    </LineString>
  </Placemark>
  <Placemark>
    <name>Route San Vicente to Puerto Princesa</name>
    <description>Assigned Demand Flow: 272</description>
    <styleUrl>#lineStyle</styleUrl>
    <LineString>
      <tessellate>1</tessellate>
      <coordinates>
        120.375,17.5947,0
        118.75,9.75,0
      </coordinates>
    </LineString>
  </Placemark>
  <Placemark>
    <name>Route Giporlos to Tandag</name>
    <description>Assigned Demand Flow: 271</description>
    <styleUrl>#lineStyle</styleUrl>
    <LineString>
      <tessellate>1</tessellate>
      <coordinates>
        125.449,11.1208,0
        126.199,9.0789,0
      </coordinates>
    </LineString>
  </Placemark>
  <Placemark>
    <name>Route Silago to Tandag</name>
    <description>Assigned Demand Flow: 270</description>
    <styleUrl>#lineStyle</styleUrl>
    <LineString>
      <tessellate>1</tessellate>
      <coordinates>
        125.162,10.5291,0
        126.199,9.0789,0
      </coordinates>
    </LineString>
  </Placemark>
  <Placemark>
    <name>Route Lawaan to Buluan</name>
    <description>Assigned Demand Flow: 253</description>
    <styleUrl>#lineStyle</styleUrl>
    <LineString>
      <tessellate>1</tessellate>
      <coordinates>
        125.301,11.1408,0
        124.785,6.7154,0
      </coordinates>
    </LineString>
  </Placemark>
  <Placemark>
    <name>Route Culaba to Buluan</name>
    <description>Assigned Demand Flow: 251</description>
    <styleUrl>#lineStyle</styleUrl>
    <LineString>
      <tessellate>1</tessellate>
      <coordinates>
        124.543,11.6578,0
        124.785,6.7154,0
      </coordinates>
    </LineString>
  </Placemark>
  <Placemark>
    <name>Route Libertad to Poblacion</name>
    <description>Assigned Demand Flow: 256</description>
    <styleUrl>#lineStyle</styleUrl>
    <LineString>
      <tessellate>1</tessellate>
      <coordinates>
        124.35,8.5583,0
        124.63,6.8,0
      </coordinates>
    </LineString>
  </Placemark>
  <Placemark>
    <name>Route Balbalan to Puerto Princesa</name>
    <description>Assigned Demand Flow: 256</description>
    <styleUrl>#lineStyle</styleUrl>
    <LineString>
      <tessellate>1</tessellate>
      <coordinates>
        121.201,17.4436,0
        118.75,9.75,0
      </coordinates>
    </LineString>
  </Placemark>
  <Placemark>
    <name>Route Agutaya to Puerto Princesa</name>
    <description>Assigned Demand Flow: 252</description>
    <styleUrl>#lineStyle</styleUrl>
    <LineString>
      <tessellate>1</tessellate>
      <coordinates>
        120.94,11.152,0
        118.75,9.75,0
      </coordinates>
    </LineString>
  </Placemark>
  <Placemark>
    <name>Route Sagay to Buluan</name>
    <description>Assigned Demand Flow: 247</description>
    <styleUrl>#lineStyle</styleUrl>
    <LineString>
      <tessellate>1</tessellate>
      <coordinates>
        124.72,9.12,0
        124.785,6.7154,0
      </coordinates>
    </LineString>
  </Placemark>
  <Placemark>
    <name>Route Burgos to Puerto Princesa</name>
    <description>Assigned Demand Flow: 247</description>
    <styleUrl>#lineStyle</styleUrl>
    <LineString>
      <tessellate>1</tessellate>
      <coordinates>
        120.494,17.3331,0
        118.75,9.75,0
      </coordinates>
    </LineString>
  </Placemark>
  <Placemark>
    <name>Route Dhubaria to Puerto Princesa</name>
    <description>Assigned Demand Flow: 247</description>
    <styleUrl>#lineStyle</styleUrl>
    <LineString>
      <tessellate>1</tessellate>
      <coordinates>
        89.8404,24.0104,0
        118.75,9.75,0
      </coordinates>
    </LineString>
  </Placemark>
  <Placemark>
    <name>Route Magsaysay to Puerto Princesa</name>
    <description>Assigned Demand Flow: 259</description>
    <styleUrl>#lineStyle</styleUrl>
    <LineString>
      <tessellate>1</tessellate>
      <coordinates>
        121.05,10.87,0
        118.75,9.75,0
      </coordinates>
    </LineString>
  </Placemark>
  <Placemark>
    <name>Route Tagoloan to Poblacion</name>
    <description>Assigned Demand Flow: 260</description>
    <styleUrl>#lineStyle</styleUrl>
    <LineString>
      <tessellate>1</tessellate>
      <coordinates>
        124.439,8.1092,0
        124.63,6.8,0
      </coordinates>
    </LineString>
  </Placemark>
  <Placemark>
    <name>Route San Vicente to Puerto Princesa</name>
    <description>Assigned Demand Flow: 258</description>
    <styleUrl>#lineStyle</styleUrl>
    <LineString>
      <tessellate>1</tessellate>
      <coordinates>
        122.873,14.1061,0
        118.75,9.75,0
      </coordinates>
    </LineString>
  </Placemark>
  <Placemark>
    <name>Route Calanasan to Puerto Princesa</name>
    <description>Assigned Demand Flow: 245</description>
    <styleUrl>#lineStyle</styleUrl>
    <LineString>
      <tessellate>1</tessellate>
      <coordinates>
        121.044,18.255,0
        118.75,9.75,0
      </coordinates>
    </LineString>
  </Placemark>
  <Placemark>
    <name>Route Santo Niño to Buluan</name>
    <description>Assigned Demand Flow: 253</description>
    <styleUrl>#lineStyle</styleUrl>
    <LineString>
      <tessellate>1</tessellate>
      <coordinates>
        124.449,11.9263,0
        124.785,6.7154,0
      </coordinates>
    </LineString>
  </Placemark>
  <Placemark>
    <name>Route Pilar to Poblacion</name>
    <description>Assigned Demand Flow: 257</description>
    <styleUrl>#lineStyle</styleUrl>
    <LineString>
      <tessellate>1</tessellate>
      <coordinates>
        124.565,10.807,0
        124.63,6.8,0
      </coordinates>
    </LineString>
  </Placemark>
  <Placemark>
    <name>Route Pidigan to Puerto Princesa</name>
    <description>Assigned Demand Flow: 259</description>
    <styleUrl>#lineStyle</styleUrl>
    <LineString>
      <tessellate>1</tessellate>
      <coordinates>
        120.59,17.57,0
        118.75,9.75,0
      </coordinates>
    </LineString>
  </Placemark>
  <Placemark>
    <name>Route Hinundayan to Buluan</name>
    <description>Assigned Demand Flow: 245</description>
    <styleUrl>#lineStyle</styleUrl>
    <LineString>
      <tessellate>1</tessellate>
      <coordinates>
        125.25,10.35,0
        124.785,6.7154,0
      </coordinates>
    </LineString>
  </Placemark>
  <Placemark>
    <name>Route Capul to Buluan</name>
    <description>Assigned Demand Flow: 246</description>
    <styleUrl>#lineStyle</styleUrl>
    <LineString>
      <tessellate>1</tessellate>
      <coordinates>
        124.182,12.423,0
        124.785,6.7154,0
      </coordinates>
    </LineString>
  </Placemark>
  <Placemark>
    <name>Route Lila to Poblacion</name>
    <description>Assigned Demand Flow: 99.7464</description>
    <styleUrl>#lineStyle</styleUrl>
    <LineString>
      <tessellate>1</tessellate>
      <coordinates>
        124.1,9.6,0
        124.63,6.8,0
      </coordinates>
    </LineString>
  </Placemark>
  <Placemark>
    <name>Route Lila to Buluan</name>
    <description>Assigned Demand Flow: 153.254</description>
    <styleUrl>#lineStyle</styleUrl>
    <LineString>
      <tessellate>1</tessellate>
      <coordinates>
        124.1,9.6,0
        124.785,6.7154,0
      </coordinates>
    </LineString>
  </Placemark>
  <Placemark>
    <name>Route Currimao to Puerto Princesa</name>
    <description>Assigned Demand Flow: 236</description>
    <styleUrl>#lineStyle</styleUrl>
    <LineString>
      <tessellate>1</tessellate>
      <coordinates>
        120.486,18.0203,0
        118.75,9.75,0
      </coordinates>
    </LineString>
  </Placemark>
  <Placemark>
    <name>Route Anao to Puerto Princesa</name>
    <description>Assigned Demand Flow: 249</description>
    <styleUrl>#lineStyle</styleUrl>
    <LineString>
      <tessellate>1</tessellate>
      <coordinates>
        120.626,15.7304,0
        118.75,9.75,0
      </coordinates>
    </LineString>
  </Placemark>
  <Placemark>
    <name>Route Josefina to President Quirino</name>
    <description>Assigned Demand Flow: 238</description>
    <styleUrl>#lineStyle</styleUrl>
    <LineString>
      <tessellate>1</tessellate>
      <coordinates>
        123.544,8.2144,0
        124.73,6.7,0
      </coordinates>
    </LineString>
  </Placemark>
  <Placemark>
    <name>Route Nueva Era to Puerto Princesa</name>
    <description>Assigned Demand Flow: 238</description>
    <styleUrl>#lineStyle</styleUrl>
    <LineString>
      <tessellate>1</tessellate>
      <coordinates>
        120.67,17.92,0
        118.75,9.75,0
      </coordinates>
    </LineString>
  </Placemark>
  <Placemark>
    <name>Route Mariana to Puerto Princesa</name>
    <description>Assigned Demand Flow: 248</description>
    <styleUrl>#lineStyle</styleUrl>
    <LineString>
      <tessellate>1</tessellate>
      <coordinates>
        121.035,14.6194,0
        118.75,9.75,0
      </coordinates>
    </LineString>
  </Placemark>
  <Placemark>
    <name>Route Fort Bonifacio to Puerto Princesa</name>
    <description>Assigned Demand Flow: 240</description>
    <styleUrl>#lineStyle</styleUrl>
    <LineString>
      <tessellate>1</tessellate>
      <coordinates>
        121.048,14.5311,0
        118.75,9.75,0
      </coordinates>
    </LineString>
  </Placemark>
  <Placemark>
    <name>Route Tabontabon to Buluan</name>
    <description>Assigned Demand Flow: 243</description>
    <styleUrl>#lineStyle</styleUrl>
    <LineString>
      <tessellate>1</tessellate>
      <coordinates>
        124.97,11.03,0
        124.785,6.7154,0
      </coordinates>
    </LineString>
  </Placemark>
  <Placemark>
    <name>Route Lapinig to Buluan</name>
    <description>Assigned Demand Flow: 234</description>
    <styleUrl>#lineStyle</styleUrl>
    <LineString>
      <tessellate>1</tessellate>
      <coordinates>
        125.302,12.315,0
        124.785,6.7154,0
      </coordinates>
    </LineString>
  </Placemark>
  <Placemark>
    <name>Route Agcogon to Puerto Princesa</name>
    <description>Assigned Demand Flow: 227</description>
    <styleUrl>#lineStyle</styleUrl>
    <LineString>
      <tessellate>1</tessellate>
      <coordinates>
        121.93,12.07,0
        118.75,9.75,0
      </coordinates>
    </LineString>
  </Placemark>
  <Placemark>
    <name>Route Mutia to President Quirino</name>
    <description>Assigned Demand Flow: 225</description>
    <styleUrl>#lineStyle</styleUrl>
    <LineString>
      <tessellate>1</tessellate>
      <coordinates>
        123.477,8.4176,0
        124.73,6.7,0
      </coordinates>
    </LineString>
  </Placemark>
  <Placemark>
    <name>Route Carmen to Buluan</name>
    <description>Assigned Demand Flow: 231</description>
    <styleUrl>#lineStyle</styleUrl>
    <LineString>
      <tessellate>1</tessellate>
      <coordinates>
        126.017,9.2289,0
        124.785,6.7154,0
      </coordinates>
    </LineString>
  </Placemark>
  <Placemark>
    <name>Route Tuktukan to Puerto Princesa</name>
    <description>Assigned Demand Flow: 222</description>
    <styleUrl>#lineStyle</styleUrl>
    <LineString>
      <tessellate>1</tessellate>
      <coordinates>
        121.072,14.528,0
        118.75,9.75,0
      </coordinates>
    </LineString>
  </Placemark>
  <Placemark>
    <name>Route Manabo to Puerto Princesa</name>
    <description>Assigned Demand Flow: 241</description>
    <styleUrl>#lineStyle</styleUrl>
    <LineString>
      <tessellate>1</tessellate>
      <coordinates>
        120.7,17.43,0
        118.75,9.75,0
      </coordinates>
    </LineString>
  </Placemark>
  <Placemark>
    <name>Route Sablan to Puerto Princesa</name>
    <description>Assigned Demand Flow: 232</description>
    <styleUrl>#lineStyle</styleUrl>
    <LineString>
      <tessellate>1</tessellate>
      <coordinates>
        120.487,16.4967,0
        118.75,9.75,0
      </coordinates>
    </LineString>
  </Placemark>
  <Placemark>
    <name>Route Gainza to Puerto Princesa</name>
    <description>Assigned Demand Flow: 221</description>
    <styleUrl>#lineStyle</styleUrl>
    <LineString>
      <tessellate>1</tessellate>
      <coordinates>
        123.141,13.6167,0
        118.75,9.75,0
      </coordinates>
    </LineString>
  </Placemark>
  <Placemark>
    <name>Route Dolores to Puerto Princesa</name>
    <description>Assigned Demand Flow: 226</description>
    <styleUrl>#lineStyle</styleUrl>
    <LineString>
      <tessellate>1</tessellate>
      <coordinates>
        120.71,17.65,0
        118.75,9.75,0
      </coordinates>
    </LineString>
  </Placemark>
  <Placemark>
    <name>Route Sagada to Puerto Princesa</name>
    <description>Assigned Demand Flow: 237</description>
    <styleUrl>#lineStyle</styleUrl>
    <LineString>
      <tessellate>1</tessellate>
      <coordinates>
        120.901,17.0842,0
        118.75,9.75,0
      </coordinates>
    </LineString>
  </Placemark>
  <Placemark>
    <name>Route Sevilla to Buluan</name>
    <description>Assigned Demand Flow: 222</description>
    <styleUrl>#lineStyle</styleUrl>
    <LineString>
      <tessellate>1</tessellate>
      <coordinates>
        124.05,9.7,0
        124.785,6.7154,0
      </coordinates>
    </LineString>
  </Placemark>
  <Placemark>
    <name>Route Calatrava to Puerto Princesa</name>
    <description>Assigned Demand Flow: 222</description>
    <styleUrl>#lineStyle</styleUrl>
    <LineString>
      <tessellate>1</tessellate>
      <coordinates>
        122.071,12.6167,0
        118.75,9.75,0
      </coordinates>
    </LineString>
  </Placemark>
  <Placemark>
    <name>Route Tudela to Buluan</name>
    <description>Assigned Demand Flow: 233</description>
    <styleUrl>#lineStyle</styleUrl>
    <LineString>
      <tessellate>1</tessellate>
      <coordinates>
        124.47,10.636,0
        124.785,6.7154,0
      </coordinates>
    </LineString>
  </Placemark>
  <Placemark>
    <name>Route Biri to Buluan</name>
    <description>Assigned Demand Flow: 221</description>
    <styleUrl>#lineStyle</styleUrl>
    <LineString>
      <tessellate>1</tessellate>
      <coordinates>
        124.38,12.67,0
        124.785,6.7154,0
      </coordinates>
    </LineString>
  </Placemark>
  <Placemark>
    <name>Route Alburquerque to Buluan</name>
    <description>Assigned Demand Flow: 214</description>
    <styleUrl>#lineStyle</styleUrl>
    <LineString>
      <tessellate>1</tessellate>
      <coordinates>
        123.955,9.6104,0
        124.785,6.7154,0
      </coordinates>
    </LineString>
  </Placemark>
  <Placemark>
    <name>Route Salcedo to Puerto Princesa</name>
    <description>Assigned Demand Flow: 226</description>
    <styleUrl>#lineStyle</styleUrl>
    <LineString>
      <tessellate>1</tessellate>
      <coordinates>
        120.536,17.1517,0
        118.75,9.75,0
      </coordinates>
    </LineString>
  </Placemark>
  <Placemark>
    <name>Route Bagamanoc to Puerto Princesa</name>
    <description>Assigned Demand Flow: 211</description>
    <styleUrl>#lineStyle</styleUrl>
    <LineString>
      <tessellate>1</tessellate>
      <coordinates>
        124.289,13.9408,0
        118.75,9.75,0
      </coordinates>
    </LineString>
  </Placemark>
  <Placemark>
    <name>Route Balingoan to Buluan</name>
    <description>Assigned Demand Flow: 214</description>
    <styleUrl>#lineStyle</styleUrl>
    <LineString>
      <tessellate>1</tessellate>
      <coordinates>
        124.85,9,0
        124.785,6.7154,0
      </coordinates>
    </LineString>
  </Placemark>
  <Placemark>
    <name>Route Rosario to Buluan</name>
    <description>Assigned Demand Flow: 213</description>
    <styleUrl>#lineStyle</styleUrl>
    <LineString>
      <tessellate>1</tessellate>
      <coordinates>
        124.42,12.52,0
        124.785,6.7154,0
      </coordinates>
    </LineString>
  </Placemark>
  <Placemark>
    <name>Route Panaon to President Quirino</name>
    <description>Assigned Demand Flow: 222</description>
    <styleUrl>#lineStyle</styleUrl>
    <LineString>
      <tessellate>1</tessellate>
      <coordinates>
        123.833,8.3667,0
        124.73,6.7,0
      </coordinates>
    </LineString>
  </Placemark>
  <Placemark>
    <name>Route Suyo to Puerto Princesa</name>
    <description>Assigned Demand Flow: 209</description>
    <styleUrl>#lineStyle</styleUrl>
    <LineString>
      <tessellate>1</tessellate>
      <coordinates>
        120.514,16.9839,0
        118.75,9.75,0
      </coordinates>
    </LineString>
  </Placemark>
  <Placemark>
    <name>Route Burgos to Puerto Princesa</name>
    <description>Assigned Demand Flow: 216</description>
    <styleUrl>#lineStyle</styleUrl>
    <LineString>
      <tessellate>1</tessellate>
      <coordinates>
        120.644,18.5114,0
        118.75,9.75,0
      </coordinates>
    </LineString>
  </Placemark>
  <Placemark>
    <name>Route San Juan to Puerto Princesa</name>
    <description>Assigned Demand Flow: 209</description>
    <styleUrl>#lineStyle</styleUrl>
    <LineString>
      <tessellate>1</tessellate>
      <coordinates>
        120.73,17.68,0
        118.75,9.75,0
      </coordinates>
    </LineString>
  </Placemark>
  <Placemark>
    <name>Route Dinagat to Buluan</name>
    <description>Assigned Demand Flow: 204</description>
    <styleUrl>#lineStyle</styleUrl>
    <LineString>
      <tessellate>1</tessellate>
      <coordinates>
        125.593,9.9561,0
        124.785,6.7154,0
      </coordinates>
    </LineString>
  </Placemark>
  <Placemark>
    <name>Route Pasil to Puerto Princesa</name>
    <description>Assigned Demand Flow: 214</description>
    <styleUrl>#lineStyle</styleUrl>
    <LineString>
      <tessellate>1</tessellate>
      <coordinates>
        121.16,17.3894,0
        118.75,9.75,0
      </coordinates>
    </LineString>
  </Placemark>
  <Placemark>
    <name>Route Don Galo to Puerto Princesa</name>
    <description>Assigned Demand Flow: 220</description>
    <styleUrl>#lineStyle</styleUrl>
    <LineString>
      <tessellate>1</tessellate>
      <coordinates>
        120.984,14.5072,0
        118.75,9.75,0
      </coordinates>
    </LineString>
  </Placemark>
  <Placemark>
    <name>Route San Ricardo to Buluan</name>
    <description>Assigned Demand Flow: 204</description>
    <styleUrl>#lineStyle</styleUrl>
    <LineString>
      <tessellate>1</tessellate>
      <coordinates>
        125.28,9.92,0
        124.785,6.7154,0
      </coordinates>
    </LineString>
  </Placemark>
  <Placemark>
    <name>Route Faradābād to Puerto Princesa</name>
    <description>Assigned Demand Flow: 198</description>
    <styleUrl>#lineStyle</styleUrl>
    <LineString>
      <tessellate>1</tessellate>
      <coordinates>
        90.8772,23.7445,0
        118.75,9.75,0
      </coordinates>
    </LineString>
  </Placemark>
  <Placemark>
    <name>Route Pilar to Buluan</name>
    <description>Assigned Demand Flow: 214</description>
    <styleUrl>#lineStyle</styleUrl>
    <LineString>
      <tessellate>1</tessellate>
      <coordinates>
        126.101,9.8639,0
        124.785,6.7154,0
      </coordinates>
    </LineString>
  </Placemark>
  <Placemark>
    <name>Route Natonin to Puerto Princesa</name>
    <description>Assigned Demand Flow: 211</description>
    <styleUrl>#lineStyle</styleUrl>
    <LineString>
      <tessellate>1</tessellate>
      <coordinates>
        121.28,17.1089,0
        118.75,9.75,0
      </coordinates>
    </LineString>
  </Placemark>
  <Placemark>
    <name>Route Galimuyod to Puerto Princesa</name>
    <description>Assigned Demand Flow: 208</description>
    <styleUrl>#lineStyle</styleUrl>
    <LineString>
      <tessellate>1</tessellate>
      <coordinates>
        120.47,17.18,0
        118.75,9.75,0
      </coordinates>
    </LineString>
  </Placemark>
  <Placemark>
    <name>Route Pintuyan to Buluan</name>
    <description>Assigned Demand Flow: 196</description>
    <styleUrl>#lineStyle</styleUrl>
    <LineString>
      <tessellate>1</tessellate>
      <coordinates>
        125.25,9.95,0
        124.785,6.7154,0
      </coordinates>
    </LineString>
  </Placemark>
  <Placemark>
    <name>Route Balangkayan to Buluan</name>
    <description>Assigned Demand Flow: 210</description>
    <styleUrl>#lineStyle</styleUrl>
    <LineString>
      <tessellate>1</tessellate>
      <coordinates>
        125.511,11.4728,0
        124.785,6.7154,0
      </coordinates>
    </LineString>
  </Placemark>
  <Placemark>
    <name>Route Pilar to Puerto Princesa</name>
    <description>Assigned Demand Flow: 207</description>
    <styleUrl>#lineStyle</styleUrl>
    <LineString>
      <tessellate>1</tessellate>
      <coordinates>
        120.6,17.42,0
        118.75,9.75,0
      </coordinates>
    </LineString>
  </Placemark>
  <Placemark>
    <name>Route Plaridel to Puerto Princesa</name>
    <description>Assigned Demand Flow: 202</description>
    <styleUrl>#lineStyle</styleUrl>
    <LineString>
      <tessellate>1</tessellate>
      <coordinates>
        122.02,13.9511,0
        118.75,9.75,0
      </coordinates>
    </LineString>
  </Placemark>
  <Placemark>
    <name>Route Corcuera to Puerto Princesa</name>
    <description>Assigned Demand Flow: 207</description>
    <styleUrl>#lineStyle</styleUrl>
    <LineString>
      <tessellate>1</tessellate>
      <coordinates>
        122.05,12.8,0
        118.75,9.75,0
      </coordinates>
    </LineString>
  </Placemark>
  <Placemark>
    <name>Route Fatikchari to Puerto Princesa</name>
    <description>Assigned Demand Flow: 201</description>
    <styleUrl>#lineStyle</styleUrl>
    <LineString>
      <tessellate>1</tessellate>
      <coordinates>
        91.7812,22.6877,0
        118.75,9.75,0
      </coordinates>
    </LineString>
  </Placemark>
  <Placemark>
    <name>Route Hingyon to Puerto Princesa</name>
    <description>Assigned Demand Flow: 207</description>
    <styleUrl>#lineStyle</styleUrl>
    <LineString>
      <tessellate>1</tessellate>
      <coordinates>
        121.099,16.8522,0
        118.75,9.75,0
      </coordinates>
    </LineString>
  </Placemark>
  <Placemark>
    <name>Route San Isidro to Buluan</name>
    <description>Assigned Demand Flow: 203</description>
    <styleUrl>#lineStyle</styleUrl>
    <LineString>
      <tessellate>1</tessellate>
      <coordinates>
        124.3,9.8,0
        124.785,6.7154,0
      </coordinates>
    </LineString>
  </Placemark>
  <Placemark>
    <name>Route Latifpur to Puerto Princesa</name>
    <description>Assigned Demand Flow: 204</description>
    <styleUrl>#lineStyle</styleUrl>
    <LineString>
      <tessellate>1</tessellate>
      <coordinates>
        91.7464,22.4067,0
        118.75,9.75,0
      </coordinates>
    </LineString>
  </Placemark>
  <Placemark>
    <name>Route Sugbongkogon to Buluan</name>
    <description>Assigned Demand Flow: 198</description>
    <styleUrl>#lineStyle</styleUrl>
    <LineString>
      <tessellate>1</tessellate>
      <coordinates>
        124.78,8.95,0
        124.785,6.7154,0
      </coordinates>
    </LineString>
  </Placemark>
  <Placemark>
    <name>Route Panganiban to Puerto Princesa</name>
    <description>Assigned Demand Flow: 203</description>
    <styleUrl>#lineStyle</styleUrl>
    <LineString>
      <tessellate>1</tessellate>
      <coordinates>
        124.3,13.9,0
        118.75,9.75,0
      </coordinates>
    </LineString>
  </Placemark>
  <Placemark>
    <name>Route Loreto to Buluan</name>
    <description>Assigned Demand Flow: 203</description>
    <styleUrl>#lineStyle</styleUrl>
    <LineString>
      <tessellate>1</tessellate>
      <coordinates>
        125.582,10.3586,0
        124.785,6.7154,0
      </coordinates>
    </LineString>
  </Placemark>
  <Placemark>
    <name>Route Sabangan to Puerto Princesa</name>
    <description>Assigned Demand Flow: 192</description>
    <styleUrl>#lineStyle</styleUrl>
    <LineString>
      <tessellate>1</tessellate>
      <coordinates>
        120.923,17.0044,0
        118.75,9.75,0
      </coordinates>
    </LineString>
  </Placemark>
  <Placemark>
    <name>Route Santa Monica to Buluan</name>
    <description>Assigned Demand Flow: 182</description>
    <styleUrl>#lineStyle</styleUrl>
    <LineString>
      <tessellate>1</tessellate>
      <coordinates>
        126.038,10.02,0
        124.785,6.7154,0
      </coordinates>
    </LineString>
  </Placemark>
  <Placemark>
    <name>Route Concepcion to President Quirino</name>
    <description>Assigned Demand Flow: 196</description>
    <styleUrl>#lineStyle</styleUrl>
    <LineString>
      <tessellate>1</tessellate>
      <coordinates>
        123.6,8.4167,0
        124.73,6.7,0
      </coordinates>
    </LineString>
  </Placemark>
  <Placemark>
    <name>Route Lubuagan to Puerto Princesa</name>
    <description>Assigned Demand Flow: 177</description>
    <styleUrl>#lineStyle</styleUrl>
    <LineString>
      <tessellate>1</tessellate>
      <coordinates>
        121.18,17.35,0
        118.75,9.75,0
      </coordinates>
    </LineString>
  </Placemark>
  <Placemark>
    <name>Route Quirino to Puerto Princesa</name>
    <description>Assigned Demand Flow: 178</description>
    <styleUrl>#lineStyle</styleUrl>
    <LineString>
      <tessellate>1</tessellate>
      <coordinates>
        120.676,17.1383,0
        118.75,9.75,0
      </coordinates>
    </LineString>
  </Placemark>
  <Placemark>
    <name>Route Almagro to Buluan</name>
    <description>Assigned Demand Flow: 178</description>
    <styleUrl>#lineStyle</styleUrl>
    <LineString>
      <tessellate>1</tessellate>
      <coordinates>
        124.285,11.9108,0
        124.785,6.7154,0
      </coordinates>
    </LineString>
  </Placemark>
  <Placemark>
    <name>Route Burgos to Puerto Princesa</name>
    <description>Assigned Demand Flow: 6.3464</description>
    <styleUrl>#lineStyle</styleUrl>
    <LineString>
      <tessellate>1</tessellate>
      <coordinates>
        120.458,16.525,0
        118.75,9.75,0
      </coordinates>
    </LineString>
  </Placemark>
  <Placemark>
    <name>Route Burgos to President Quirino</name>
    <description>Assigned Demand Flow: 169.654</description>
    <styleUrl>#lineStyle</styleUrl>
    <LineString>
      <tessellate>1</tessellate>
      <coordinates>
        120.458,16.525,0
        124.73,6.7,0
      </coordinates>
    </LineString>
  </Placemark>
  <Placemark>
    <name>Route Bayabas to Buluan</name>
    <description>Assigned Demand Flow: 188</description>
    <styleUrl>#lineStyle</styleUrl>
    <LineString>
      <tessellate>1</tessellate>
      <coordinates>
        126.282,8.9678,0
        124.785,6.7154,0
      </coordinates>
    </LineString>
  </Placemark>
  <Placemark>
    <name>Route San Antonio to Buluan</name>
    <description>Assigned Demand Flow: 172</description>
    <styleUrl>#lineStyle</styleUrl>
    <LineString>
      <tessellate>1</tessellate>
      <coordinates>
        124.279,12.414,0
        124.785,6.7154,0
      </coordinates>
    </LineString>
  </Placemark>
  <Placemark>
    <name>Route Hunduan to Puerto Princesa</name>
    <description>Assigned Demand Flow: 182</description>
    <styleUrl>#lineStyle</styleUrl>
    <LineString>
      <tessellate>1</tessellate>
      <coordinates>
        121,16.83,0
        118.75,9.75,0
      </coordinates>
    </LineString>
  </Placemark>
  <Placemark>
    <name>Route Tagapul-an to Buluan</name>
    <description>Assigned Demand Flow: 168</description>
    <styleUrl>#lineStyle</styleUrl>
    <LineString>
      <tessellate>1</tessellate>
      <coordinates>
        124.15,12.05,0
        124.785,6.7154,0
      </coordinates>
    </LineString>
  </Placemark>
  <Placemark>
    <name>Route Tanudan to President Quirino</name>
    <description>Assigned Demand Flow: 170</description>
    <styleUrl>#lineStyle</styleUrl>
    <LineString>
      <tessellate>1</tessellate>
      <coordinates>
        121.23,17.2814,0
        124.73,6.7,0
      </coordinates>
    </LineString>
  </Placemark>
  <Placemark>
    <name>Route Gigmoto to Buluan</name>
    <description>Assigned Demand Flow: 171</description>
    <styleUrl>#lineStyle</styleUrl>
    <LineString>
      <tessellate>1</tessellate>
      <coordinates>
        124.38,13.78,0
        124.785,6.7154,0
      </coordinates>
    </LineString>
  </Placemark>
  <Placemark>
    <name>Route San Sebastian to Buluan</name>
    <description>Assigned Demand Flow: 164</description>
    <styleUrl>#lineStyle</styleUrl>
    <LineString>
      <tessellate>1</tessellate>
      <coordinates>
        125.02,11.7,0
        124.785,6.7154,0
      </coordinates>
    </LineString>
  </Placemark>
  <Placemark>
    <name>Route La Huerta to President Quirino</name>
    <description>Assigned Demand Flow: 171</description>
    <styleUrl>#lineStyle</styleUrl>
    <LineString>
      <tessellate>1</tessellate>
      <coordinates>
        120.995,14.4972,0
        124.73,6.7,0
      </coordinates>
    </LineString>
  </Placemark>
  <Placemark>
    <name>Route Alfonso Castañeda to President Quirino</name>
    <description>Assigned Demand Flow: 166</description>
    <styleUrl>#lineStyle</styleUrl>
    <LineString>
      <tessellate>1</tessellate>
      <coordinates>
        121.302,15.7933,0
        124.73,6.7,0
      </coordinates>
    </LineString>
  </Placemark>
  <Placemark>
    <name>Route Hernani to Buluan</name>
    <description>Assigned Demand Flow: 175</description>
    <styleUrl>#lineStyle</styleUrl>
    <LineString>
      <tessellate>1</tessellate>
      <coordinates>
        125.618,11.3239,0
        124.785,6.7154,0
      </coordinates>
    </LineString>
  </Placemark>
  <Placemark>
    <name>Route San Isidro to Buluan</name>
    <description>Assigned Demand Flow: 162</description>
    <styleUrl>#lineStyle</styleUrl>
    <LineString>
      <tessellate>1</tessellate>
      <coordinates>
        126.089,9.9369,0
        124.785,6.7154,0
      </coordinates>
    </LineString>
  </Placemark>
  <Placemark>
    <name>Route Magugpo Poblacion to Buluan</name>
    <description>Assigned Demand Flow: 124</description>
    <styleUrl>#lineStyle</styleUrl>
    <LineString>
      <tessellate>1</tessellate>
      <coordinates>
        125.802,7.3821,0
        124.785,6.7154,0
      </coordinates>
    </LineString>
  </Placemark>
</Document>
</kml>
