city,city_ascii,lat,lng,country,iso2,iso3,admin_name,capital,population,id
Jakarta,Jakarta,-6.175,106.8275,Indonesia,ID,IDN,Jakarta,primary,33756000,1360771077
Manila,Manila,14.5958,120.9772,Philippines,PH,PHL,Manila,primary,24922000,1608618140
Karachi,Karachi,24.86,67.01,Pakistan,PK,PAK,Sindh,admin,20249000,1586129469
Dhaka,Dhaka,23.7289,90.3944,Bangladesh,BD,BGD,Dhaka,primary,19134000,1050529279
Bangkok,Bangkok,13.7525,100.4942,Thailand,TH,THA,Krung Thep Maha Nakhon,primary,18007000,1764068610
Lahore,Lahore,31.5497,74.3436,Pakistan,PK,PAK,Punjab,admin,12306000,1586801463
Kuala Lumpur,Kuala Lumpur,3.1686,101.698,Malaysia,MY,MYS,Kuala Lumpur,primary,8911000,1458988644
Surabaya,Surabaya,-7.2458,112.7378,Indonesia,ID,IDN,Jawa Timur,admin,6556000,1360484663
Singapore,Singapore,1.3,103.8,Singapore,SG,SGP,,primary,5983000,1702341327
Kabul,Kabul,34.5253,69.1783,Afghanistan,AF,AFG,Kābul,primary,4273156,1004993580
Medan,Medan,3.5894,98.6739,Indonesia,ID,IDN,Sumatera Utara,admin,3632000,1360543171
Kotla Qasim Khan,Kotla Qasim Khan,32.5833,73.75,Pakistan,PK,PAK,Punjab,,3219375,1586216308
Faisalabad,Faisalabad,31.4167,73.0911,Pakistan,PK,PAK,Punjab,minor,3203846,1586323916
Quezon City,Quezon City,14.65,121.0475,Philippines,PH,PHL,Quezon,admin,2960048,1608974097
Malang,Malang,-7.98,112.62,Indonesia,ID,IDN,Jawa Timur,,2795209,1360141408
Gāzipura,Gazipura,23.9234,90.3959,Bangladesh,BD,BGD,Dhaka,,2674697,1050449249
Chattogram,Chattogram,22.335,91.8325,Bangladesh,BD,BGD,Chattogram,admin,2581643,1050830722
Bekasi,Bekasi,-6.2333,107,Indonesia,ID,IDN,Jawa Barat,,2381053,1360673840
Depok,Depok,-6.394,106.8225,Indonesia,ID,IDN,Jawa Barat,,2330333,1360962899
Tangerang,Tangerang,-6.1703,106.6403,Indonesia,ID,IDN,Jawa Barat,,2237006,1360002844
Phnom Penh,Phnom Penh,11.5696,104.921,Cambodia,KH,KHM,Phnom Penh,primary,2129371,1116260534
Zamboanga City,Zamboanga City,6.9042,122.0761,Philippines,PH,PHL,Zamboanga,admin,2100000,1608189351
Rawalpindi,Rawalpindi,33.6,73.0333,Pakistan,PK,PAK,Punjab,minor,2098231,1586344001
Gujranwala,Gujranwala,32.1567,74.19,Pakistan,PK,PAK,Punjab,minor,2027001,1586400472
Peshawar,Peshawar,34.0144,71.5675,Pakistan,PK,PAK,Khyber Pakhtunkhwa,admin,1970042,1586851102
Davao,Davao,7.07,125.6,Philippines,PH,PHL,Davao,admin,1910167,1608906877
Multan,Multan,30.1978,71.4697,Pakistan,PK,PAK,Punjab,minor,1871843,1586256291
Hyderabad City,Hyderabad City,25.3792,68.3683,Pakistan,PK,PAK,Sindh,minor,1732693,1586185019
Caloocan City,Caloocan City,14.65,120.97,Philippines,PH,PHL,Caloocan,admin,1661584,1608897690
Semarang,Semarang,-6.99,110.4225,Indonesia,ID,IDN,Jawa Tengah,admin,1621384,1360745537
Palembang,Palembang,-2.9861,104.7556,Indonesia,ID,IDN,Sumatera Selatan,admin,1535952,1360902897
Sangereng,Sangereng,-6.2889,106.7181,Indonesia,ID,IDN,Jawa Barat,,1404785,1360029147
Makassar,Makassar,-5.1331,119.4136,Indonesia,ID,IDN,Sulawesi Selatan,admin,1338663,1360051337
Canagatan,Canagatan,18,121.8,Philippines,PH,PHL,Cagayan,,1273219,1608697675
Bagam,Bagam,1.13,104.0531,Indonesia,ID,IDN,Kepulauan Riau,,1256610,1360405604
Sumedang,Sumedang,-6.84,107.9208,Indonesia,ID,IDN,Jawa Barat,,1240000,1360564479
Chiang Mai,Chiang Mai,18.7953,98.9986,Thailand,TH,THA,Chiang Mai,admin,1198000,1764662886
Batam Centre,Batam Centre,1.1272,104.0556,Indonesia,ID,IDN,Kepulauan Riau,,1196396,1360024213
Cilacap,Cilacap,-7.7167,109.017,Indonesia,ID,IDN,Jawa Tengah,minor,1174964,1360503809
Bandar Lampung,Bandar Lampung,-5.45,105.2667,Indonesia,ID,IDN,Lampung,admin,1166761,1360243491
Rangapukur,Rangapukur,25.5206,89.2147,Bangladesh,BD,BGD,Rangpur,,1031388,1050032005
Islamabad,Islamabad,33.6931,73.0639,Pakistan,PK,PAK,Islamabad,primary,1014825,1586306717
Āqchah,Aqchah,36.9114,66.1858,Afghanistan,AF,AFG,Jowzjān,minor,1012000,1004364776
Quetta,Quetta,30.1833,67,Pakistan,PK,PAK,Balochistan,admin,1001205,1586556108
Pekanbaru,Pekanbaru,0.5092,101.4453,Indonesia,ID,IDN,Riau,admin,983356,1360422679
Bogor,Bogor,-6.5966,106.7972,Indonesia,ID,IDN,Jawa Barat,,982469,1360771925
Nārāyanganj,Narayanganj,23.6167,90.5,Bangladesh,BD,BGD,Dhaka,,967951,1050424421
Cebu City,Cebu City,10.32,123.75,Philippines,PH,PHL,Cebu,admin,964169,1608136151
Seberang Jaya,Seberang Jaya,5.3909,100.4104,Malaysia,MY,MYS,Pulau Pinang,,946092,1458417183
Khulna,Khulna,22.8167,89.55,Bangladesh,BD,BGD,Khulna,admin,928891,1050667339
Masbate,Masbate,12.27,123.58,Philippines,PH,PHL,Masbate,admin,908920,1608802236
Antipolo,Antipolo,14.5842,121.1763,Philippines,PH,PHL,Rizal,admin,887399,1608824345
Taguig City,Taguig City,14.52,121.05,Philippines,PH,PHL,Taguig,admin,886722,1608766695
Klang,Klang,3.0223,101.5481,Malaysia,MY,MYS,Selangor,,878000,1458509635
Ipoh,Ipoh,4.6,101.065,Malaysia,MY,MYS,Perak,admin,866772,1458423505
Kathmandu,Kathmandu,27.71,85.32,Nepal,NP,NPL,,primary,845767,1524589448
Samarinda,Samarinda,-0.5,117.1378,Indonesia,ID,IDN,Kalimantan Timur,admin,831460,1360684979
Pasig City,Pasig City,14.5605,121.0765,Philippines,PH,PHL,Pasig,admin,803159,1608278212
Kumila,Kumila,35.25,73.5,Pakistan,PK,PAK,Khyber Pakhtunkhwa,,784711,1586024256
Bahawalpur,Bahawalpur,29.3956,71.6836,Pakistan,PK,PAK,Punjab,minor,762111,1586038700
Colombo,Colombo,6.9167,79.8333,Sri Lanka,LK,LKA,Western,primary,752993,1144251314
Cagayan de Oro,Cagayan de Oro,8.48,124.65,Philippines,PH,PHL,Cagayan de Oro,admin,728402,1608831546
Valenzuela,Valenzuela,14.7,120.98,Philippines,PH,PHL,Valenzuela,admin,714978,1608492120
George Town,George Town,5.4136,100.3294,Malaysia,MY,MYS,Pulau Pinang,admin,708127,1458236750
Dasmariñas,Dasmarinas,14.33,120.94,Philippines,PH,PHL,Cavite,,703141,1608418544
Parachinar,Parachinar,33.9,70.1,Pakistan,PK,PAK,Khyber Pakhtunkhwa,,700000,1586337795
General Santos,General Santos,6.12,125.17,Philippines,PH,PHL,General Santos,admin,697315,1608171585
City of Parañaque,City of Paranaque,14.5008,120.9915,Philippines,PH,PHL,Parañaque,admin,689992,1608379532
Pontianak,Pontianak,-0.0206,109.3414,Indonesia,ID,IDN,Kalimantan Barat,admin,680880,1360992394
Tasikmalaya,Tasikmalaya,-7.3161,108.1975,Indonesia,ID,IDN,Jawa Barat,,678027,1360027771
Denpasar,Denpasar,-8.6717,115.2339,Indonesia,ID,IDN,Bali,admin,670210,1360848527
Bacoor,Bacoor,14.4624,120.9645,Philippines,PH,PHL,Cavite,,664625,1608869358
Banjarmasin,Banjarmasin,-3.32,114.5925,Indonesia,ID,IDN,Kalimantan Selatan,admin,662230,1360685223
Sargodha,Sargodha,32.0836,72.6711,Pakistan,PK,PAK,Punjab,minor,659862,1586696588
Tondo,Tondo,14.617,120.967,Philippines,PH,PHL,Manila,,654220,1608204201
San Jose del Monte,San Jose del Monte,14.8139,121.0453,Philippines,PH,PHL,Bulacan,,651813,1608850554
Petaling Jaya,Petaling Jaya,3.0833,101.65,Malaysia,MY,MYS,Selangor,,638516,1458989343
Makati City,Makati City,14.5567,121.0214,Philippines,PH,PHL,Makati,admin,629616,1608725647
Kandahār,Kandahar,31.62,65.7158,Afghanistan,AF,AFG,Kandahār,admin,614254,1004003059
Serang,Serang,-6.12,106.1503,Indonesia,ID,IDN,Banten,admin,613356,1360329102
Jambi,Jambi,-1.59,103.61,Indonesia,ID,IDN,Jambi,admin,612162,1360645580
Kuantan,Kuantan,3.83,103.32,Malaysia,MY,MYS,Pahang,admin,607778,1458763489
Las Piñas City,Las Pinas City,14.45,120.98,Philippines,PH,PHL,Las Piñas,,606293,1608544537
Bacolod,Bacolod,10.6765,122.9509,Philippines,PH,PHL,Bacolod,admin,600783,1608244137
Balikpapan,Balikpapan,-1.2768,116.8277,Indonesia,ID,IDN,Kalimantan Timur,,598043,1360500922
Sialkot City,Sialkot City,32.4925,74.5311,Pakistan,PK,PAK,Punjab,minor,591668,1586141444
Cimahi,Cimahi,-6.8712,107.5548,Indonesia,ID,IDN,Jawa Barat,,586580,1360181436
Shah Alam,Shah Alam,3.0667,101.55,Malaysia,MY,MYS,Selangor,admin,584340,1458194263
Mymensingh,Mymensingh,24.7504,90.38,Bangladesh,BD,BGD,Mymensingh,admin,576927,1050399881
Iloilo,Iloilo,10.72,122.57,Philippines,PH,PHL,Iloilo,admin,574000,1608875987
Herāt,Herat,34.3419,62.2031,Afghanistan,AF,AFG,Herāt,admin,556205,1004237782
Surakarta,Surakarta,-7.5667,110.8167,Indonesia,ID,IDN,Jawa Tengah,,552118,1360853933
Sungai Petani,Sungai Petani,5.6497,100.4793,Malaysia,MY,MYS,Kedah,,544851,1458639918
Muntinlupa City,Muntinlupa City,14.38,121.05,Philippines,PH,PHL,Muntinlupa,admin,543445,1608473406
City of Calamba,City of Calamba,14.22,121.17,Philippines,PH,PHL,Laguna,,539671,1608985581
Farāh,Farah,32.3436,62.1194,Afghanistan,AF,AFG,Farāh,admin,500000,1004523791
Sukkur,Sukkur,27.7061,68.8483,Pakistan,PK,PAK,Sindh,minor,499900,1586383591
Lapu-Lapu City,Lapu-Lapu City,10.3127,123.9488,Philippines,PH,PHL,Lapu-Lapu,admin,497604,1608430676
Johor Bahru,Johor Bahru,1.482,103.7281,Malaysia,MY,MYS,Johor,admin,497097,1458747615
Imus,Imus,14.4297,120.9367,Philippines,PH,PHL,Cavite,,496794,1608802508
Pindi Bhattian,Pindi Bhattian,31.8958,73.2761,Pakistan,PK,PAK,Punjab,,493222,1586986678
Kota Bharu,Kota Bharu,6.12,102.23,Malaysia,MY,MYS,Kelantan,admin,491237,1458150101
Larkana,Larkana,27.5583,68.2111,Pakistan,PK,PAK,Sindh,minor,490508,1586678302
Sylhet,Sylhet,24.9,91.8667,Bangladesh,BD,BGD,Sylhet,admin,479837,1050646703
Chiniot,Chiniot,31.7194,72.9842,Pakistan,PK,PAK,Punjab,minor,477781,1586413435
Shekhupura,Shekhupura,31.7111,73.9878,Pakistan,PK,PAK,Punjab,minor,473129,1586291726
Mazār-e Sharīf,Mazar-e Sharif,36.7,67.1167,Afghanistan,AF,AFG,Balkh,admin,469247,1004436363
Kupang,Kupang,-10.1702,123.6077,Indonesia,ID,IDN,Nusa Tenggara Timur,admin,466632,1360696757
Nakhon Ratchasima,Nakhon Ratchasima,14.9806,102.1,Thailand,TH,THA,Nakhon Ratchasima,admin,466098,1764752197
Angeles City,Angeles City,15.1472,120.5847,Philippines,PH,PHL,Angeles,admin,462928,1608036027
Manado Light,Manado Light,1.4858,124.8347,Indonesia,ID,IDN,Sulawesi Utara,,461636,1360843220
Manado,Manado,1.4931,124.8413,Indonesia,ID,IDN,Sulawesi Utara,admin,461636,1360771278
Marikina City,Marikina City,14.65,121.1,Philippines,PH,PHL,Marikina,admin,456059,1608000077
Melaka,Melaka,2.2064,102.2465,Malaysia,MY,MYS,Melaka,admin,455300,1458467506
Kota Kinabalu,Kota Kinabalu,5.98,116.11,Malaysia,MY,MYS,Sabah,admin,452058,1458441859
General Trias,General Trias,14.38,120.88,Philippines,PH,PHL,Cavite,,450583,1608826995
Sirājganj,Sirajganj,24.45,89.7167,Bangladesh,BD,BGD,Rājshāhi,,450000,1050687094
Rājshāhi,Rajshahi,24.3667,88.6,Bangladesh,BD,BGD,Rājshāhi,admin,448087,1050547831
Shah Latif Town,Shah Latif Town,24.8806,67.1625,Pakistan,PK,PAK,Sindh,,447993,1586521586
Rodriguez,Rodriguez,14.72,121.12,Philippines,PH,PHL,Rizal,,443954,1608543530
Chauddagram,Chauddagram,23.2244,91.3731,Bangladesh,BD,BGD,Chattogram,,443648,1050749168
Lembok,Lembok,-8.565,116.351,Indonesia,ID,IDN,Nusa Tenggara Barat,,441147,1360013261
Pasay City,Pasay City,14.5439,120.995,Philippines,PH,PHL,Pasay,admin,440656,1608448280
Sanghar,Sanghar,26.0442,68.9536,Pakistan,PK,PAK,Sindh,minor,434087,1586840922
Bandung,Bandung,-6.912,107.6097,Indonesia,ID,IDN,Jawa Barat,admin,432557,1360313023
Mandaluyong City,Mandaluyong City,14.58,121.03,Philippines,PH,PHL,Mandaluyong,admin,425758,1608166320
Yogyakarta,Yogyakarta,-7.8014,110.3644,Indonesia,ID,IDN,Yogyakarta,admin,422732,1360384833
Rahimyar Khan,Rahimyar Khan,28.42,70.3,Pakistan,PK,PAK,Punjab,,420419,1586136399
Seremban,Seremban,2.7105,101.94,Malaysia,MY,MYS,Negeri Sembilan,admin,419536,1458051507
Kushtia,Kushtia,23.9,89.12,Bangladesh,BD,BGD,Khulna,,418312,1050000610
Santa Rosa,Santa Rosa,14.32,121.12,Philippines,PH,PHL,Laguna,,414812,1608571683
Jhang City,Jhang City,31.2694,72.3161,Pakistan,PK,PAK,Punjab,minor,414131,1586288677
Jayapura,Jayapura,-2.533,140.717,Indonesia,ID,IDN,Papua,admin,413283,1360517692
Khon Kaen,Khon Kaen,16.4333,102.8333,Thailand,TH,THA,Khon Kaen,admin,412758,1764003406
Mataram,Mataram,-8.5833,116.1167,Indonesia,ID,IDN,Nusa Tenggara Barat,admin,408900,1360021952
Biñan,Binan,14.33,121.08,Philippines,PH,PHL,Laguna,,407437,1608039268
Hat Yai,Hat Yai,7.0167,100.4667,Thailand,TH,THA,Songkhla,minor,406513,1764161022
Barura,Barura,23.3683,91.0484,Bangladesh,BD,BGD,Chattogram,,405118,1050831924
Bogra,Bogra,24.851,89.3711,Bangladesh,BD,BGD,Rājshāhi,,400983,1050833664
Dera Ghazi Khan,Dera Ghazi Khan,30.0331,70.64,Pakistan,PK,PAK,Punjab,minor,399064,1586002238
Sandakan,Sandakan,5.843,118.108,Malaysia,MY,MYS,Sabah,,396290,1458405180
Tāngāil,Tangail,24.25,89.92,Bangladesh,BD,BGD,Dhaka,,392300,1050628940
Gujrat,Gujrat,32.5739,74.0789,Pakistan,PK,PAK,Punjab,minor,390533,1586006990
Sampaloc,Sampaloc,14.6031,121.0022,Philippines,PH,PHL,Manila,,388305,1608298987
Cilegon,Cilegon,-6.0027,106.0112,Indonesia,ID,IDN,Banten,,387543,1360643410
Taytay,Taytay,14.5692,121.1325,Philippines,PH,PHL,Rizal,,386451,1608530771
Tarlac City,Tarlac City,15.4869,120.59,Philippines,PH,PHL,Tarlac,admin,385398,1608237027
Savar,Savar,23.8482,90.2577,Bangladesh,BD,BGD,Dhaka,,384093,1050038410
Malabon,Malabon,14.66,120.96,Philippines,PH,PHL,Malabon,admin,380522,1608045841
Cainta,Cainta,14.57,121.12,Philippines,PH,PHL,Rizal,,376933,1608314665
Cantonment,Cantonment,31.5167,74.3833,Pakistan,PK,PAK,Punjab,,374872,1586338974
Bhawana,Bhawana,31.5661,72.6461,Pakistan,PK,PAK,Punjab,,373841,1586746564
Lipa City,Lipa City,13.9411,121.1622,Philippines,PH,PHL,Batangas,,372931,1608615113
Butuan,Butuan,8.948,125.543,Philippines,PH,PHL,Butuan,admin,372910,1608000722
Ambon,Ambon,-3.6967,128.1783,Indonesia,ID,IDN,Maluku,admin,372249,1360756802
Malakwal,Malakwal,32.5531,73.2067,Pakistan,PK,PAK,Punjab,,371869,1586718612
Bharatpur,Bharatpur,27.6833,84.4333,Nepal,NP,NPL,,,369377,1524780273
Mardan,Mardan,34.2012,72.0258,Pakistan,PK,PAK,Khyber Pakhtunkhwa,minor,368302,1586001546
Baguio City,Baguio City,16.4119,120.5933,Philippines,PH,PHL,Baguio,admin,366358,1608164766
Cibinong,Cibinong,-6.485,106.842,Indonesia,ID,IDN,Jawa Barat,minor,365387,1360730847
Mandaue City,Mandaue City,10.33,123.93,Philippines,PH,PHL,Mandaue,admin,364116,1608794590
Iligan,Iligan,8.23,124.25,Philippines,PH,PHL,Iligan,admin,363115,1608000268
Bengkulu,Bengkulu,-3.7956,102.2592,Indonesia,ID,IDN,Bengkulu,admin,360495,1360191448
Palu,Palu,-0.895,119.8594,Indonesia,ID,IDN,Sulawesi Tengah,admin,359350,1360518272
Cabuyao,Cabuyao,14.275,121.125,Philippines,PH,PHL,Laguna,,355330,1608604441
San Fernando,San Fernando,15.03,120.68,Philippines,PH,PHL,Pampanga,admin,354666,1608862124
Pokhara,Pokhara,28.2097,83.9853,Nepal,NP,NPL,Gaṇḍakī,admin,353841,1524416084
Thari Mir Wah,Thari Mir Wah,27.0683,68.6023,Pakistan,PK,PAK,Sindh,,352491,1586971248
Batangas,Batangas,13.83,121,Philippines,PH,PHL,Batangas,admin,351437,1608417616
Tungi,Tungi,23.8915,90.4023,Bangladesh,BD,BGD,Dhaka,,350000,1050143008
Chon Buri,Chon Buri,13.3611,100.985,Thailand,TH,THA,Chon Buri,admin,342959,1764202077
Naga City,Naga City,13.6244,123.1864,Philippines,PH,PHL,Naga,admin,342769,1608775993
Khipro,Khipro,25.823,69.377,Pakistan,PK,PAK,Sindh,,332833,1586003885
Chak Jhumra,Chak Jhumra,31.5667,73.1833,Pakistan,PK,PAK,Punjab,,332461,1586091428
Kendari,Kendari,-3.9907,122.5086,Indonesia,ID,IDN,Sulawesi Tenggara,admin,331013,1360992102
Phatthaya,Phatthaya,12.9357,100.889,Thailand,TH,THA,Chon Buri,,328961,1764492695
Cabanatuan City,Cabanatuan City,15.4908,120.9678,Philippines,PH,PHL,Nueva Ecija,,327325,1608247694
Si Racha,Si Racha,13.174,100.93,Thailand,TH,THA,Chon Buri,minor,327172,1764003327
San Pedro,San Pedro,14.3583,121.0583,Philippines,PH,PHL,Laguna,,326001,1608848483
Kuching,Kuching,1.53,110.33,Malaysia,MY,MYS,Sarawak,admin,325132,1458462262
Cotabato,Cotabato,7.22,124.25,Philippines,PH,PHL,Cotabato,admin,325079,1608753128
Kluang,Kluang,2.0383,103.3179,Malaysia,MY,MYS,Johor,,323762,1458692921
Sukabumi,Sukabumi,-6.9181,106.9315,Indonesia,ID,IDN,Jawa Barat,,320970,1360447543
Hafizabad,Hafizabad,32.0714,73.6878,Pakistan,PK,PAK,Punjab,minor,318621,1586945951
Muar,Muar,2.0337,102.5666,Malaysia,MY,MYS,Johor,,314776,1458170112
Kasur,Kasur,31.1167,74.45,Pakistan,PK,PAK,Punjab,minor,314617,1586858135
Binangonan,Binangonan,14.4514,121.1919,Philippines,PH,PHL,Rizal,,313631,1608102511
Pasir Gudang,Pasir Gudang,1.462,103.9053,Malaysia,MY,MYS,Johor,,312499,1458548800
Tanza,Tanza,14.3944,120.8531,Philippines,PH,PHL,Cavite,,312116,1608010777
Karawang,Karawang,-6.3125,107.295,Indonesia,ID,IDN,Jawa Barat,minor,307880,1360007357
Puerto Princesa,Puerto Princesa,9.75,118.75,Philippines,PH,PHL,Puerto Princesa,admin,307079,1608455700
Khairpur Tamewah,Khairpur Tamewah,29.58,72.2328,Pakistan,PK,PAK,Punjab,,300000,1586275896
Chakwal,Chakwal,32.9303,72.8556,Pakistan,PK,PAK,Punjab,minor,299751,1586412908
Jember,Jember,-8.1727,113.6873,Indonesia,ID,IDN,Jawa Timur,minor,298585,1360316553
Pekalongan,Pekalongan,-6.8833,109.6667,Indonesia,ID,IDN,Jawa Tengah,,298386,1360039434
Cirebon,Cirebon,-6.7071,108.5574,Indonesia,ID,IDN,Jawa Barat,,296389,1360011375
Tagum,Tagum,7.4478,125.8078,Philippines,PH,PHL,Davao del Norte,admin,296202,1608755366
Comilla,Comilla,23.45,91.2,Bangladesh,BD,BGD,Chattogram,,296010,1050609330
Pondokaren,Pondokaren,-6.2811,106.7019,Indonesia,ID,IDN,Jawa Barat,,295812,1360008284
Sorong,Sorong,-0.8667,131.25,Indonesia,ID,IDN,Papua Barat,admin,295809,1360018780
Silang,Silang,14.2306,120.975,Philippines,PH,PHL,Cavite,,295644,1608301996
Rangpur,Rangpur,25.75,89.2444,Bangladesh,BD,BGD,Rangpur,admin,294265,1050667437
Mabalacat,Mabalacat,15.22,120.58,Philippines,PH,PHL,Pampanga,,293244,1608402560
Santa Maria,Santa Maria,14.82,120.96,Philippines,PH,PHL,Bulacan,,289820,1608186208
San Pablo,San Pablo,14.07,121.325,Philippines,PH,PHL,Laguna,,285348,1608801564
Phitsanulok,Phitsanulok,16.8158,100.2636,Thailand,TH,THA,Phitsanulok,admin,281929,1764140981
Khanewal,Khanewal,30.3,71.9333,Pakistan,PK,PAK,Punjab,minor,281890,1586883649
Marot,Marot,28.51,71.5,Pakistan,PK,PAK,Punjab,,280000,1586565934
Mingaora,Mingaora,34.7717,72.36,Pakistan,PK,PAK,Khyber Pakhtunkhwa,,279914,1586782526
Lucena,Lucena,13.93,121.62,Philippines,PH,PHL,Lucena,admin,278924,1608000461
Mamuju,Mamuju,-2.6833,118.9,Indonesia,ID,IDN,Sulawesi Barat,admin,278764,1360687242
Pematangsiantar,Pematangsiantar,2.96,99.06,Indonesia,ID,IDN,Sumatera Utara,,278055,1360769496
Lashkar Gāh,Lashkar Gah,31.5831,64.3692,Afghanistan,AF,AFG,Helmand,admin,276831,1004765445
Tegal,Tegal,-6.8675,109.1375,Indonesia,ID,IDN,Jawa Tengah,,275789,1360035814
Mehrabpur,Mehrabpur,27.0994,68.4208,Pakistan,PK,PAK,Sindh,,273764,1586005380
San Mateo,San Mateo,14.6969,121.1219,Philippines,PH,PHL,Rizal,,273306,1608557779
Majene,Majene,-3.5403,118.9707,Indonesia,ID,IDN,Sulawesi Barat,minor,272377,1360498576
Binjai,Binjai,3.5986,98.4803,Indonesia,ID,IDN,Sumatera Utara,,269053,1360884608
Kunduz,Kunduz,36.7286,68.8681,Afghanistan,AF,AFG,Kunduz,admin,268893,1004227517
Turbat,Turbat,26.0042,63.0606,Pakistan,PK,PAK,Balochistan,minor,268625,1586802806
Brāhmanbāria,Brahmanbaria,23.9723,91.1099,Bangladesh,BD,BGD,Chattogram,,268279,1050193121
Khwazakhela,Khwazakhela,34.9333,72.4667,Pakistan,PK,PAK,Khyber Pakhtunkhwa,,265571,1586769187
Feni,Feni,23.015,91.3967,Bangladesh,BD,BGD,Chattogram,,265000,1050761871
Dumai,Dumai,1.6667,101.45,Indonesia,ID,IDN,Riau,,264084,1360153292
Jalālābād,Jalalabad,34.4342,70.4478,Afghanistan,AF,AFG,Nangarhār,admin,263312,1004315012
Nawabshah,Nawabshah,26.2442,68.41,Pakistan,PK,PAK,Sindh,minor,263102,1586294005
Talisay,Talisay,10.25,123.83,Philippines,PH,PHL,Cebu,,263048,1608040297
Malolos,Malolos,14.8436,120.8114,Philippines,PH,PHL,Bulacan,admin,261189,1608358783
Olongapo,Olongapo,14.83,120.28,Philippines,PH,PHL,Olongapo,admin,260317,1608001640
Skardu,Skardu,35.2903,75.6444,Pakistan,PK,PAK,Gilgit-Baltistan,,260000,1586428836
Kotri,Kotri,25.374,68.3013,Pakistan,PK,PAK,Sindh,,259358,1586308347
Tāluqān,Taluqan,36.7167,69.5167,Afghanistan,AF,AFG,Takhār,admin,258758,1004687194
Siddhirganj,Siddhirganj,23.6913,90.5149,Bangladesh,BD,BGD,Dhaka,,256760,1050651716
Pasarkemis,Pasarkemis,-6.1703,106.53,Indonesia,ID,IDN,Jawa Barat,,255345,1360028667
Kuala Terengganu,Kuala Terengganu,5.3304,103.12,Malaysia,MY,MYS,Terengganu,admin,255109,1458475563
Marilao,Marilao,14.7581,120.9481,Philippines,PH,PHL,Bulacan,,254453,1608371779
Jhenida,Jhenida,23.5425,89.1749,Bangladesh,BD,BGD,Khulna,,252500,1050491250
Cimanggis,Cimanggis,-6.3645,106.8591,Indonesia,ID,IDN,Jawa Barat,,252370,1360945721
Kediri,Kediri,-7.8111,112.0047,Indonesia,ID,IDN,Jawa Timur,,252000,1360498846
Tacloban,Tacloban,11.24,125,Philippines,PH,PHL,Tacloban,admin,251881,1608710592
Companiganj,Companiganj,22.873,91.2782,Bangladesh,BD,BGD,Chattogram,,250579,1050000075
Palangkaraya,Palangkaraya,-2.21,113.92,Indonesia,ID,IDN,Kalimantan Tengah,admin,249434,1360268553
Sibu,Sibu,2.303,111.843,Malaysia,MY,MYS,Sarawak,,247995,1458970454
Sahiwal,Sahiwal,30.6611,73.1083,Pakistan,PK,PAK,Punjab,minor,247706,1586672083
Navotas,Navotas,14.6667,120.9417,Philippines,PH,PHL,Navotas,admin,247543,1608538447
Mount Lavinia,Mount Lavinia,6.8339,79.8644,Sri Lanka,LK,LKA,Western,,245974,1144684385
Taiping,Taiping,4.865,100.72,Malaysia,MY,MYS,Perak,,245182,1458446120
Jessore,Jessore,23.1704,89.2,Bangladesh,BD,BGD,Khulna,,243987,1050244487
Kesbewa,Kesbewa,6.7914,79.9378,Sri Lanka,LK,LKA,Western,,243842,1144646065
Birāṭnagar,Biratnagar,26.4833,87.2833,Nepal,NP,NPL,Province Number One,admin,242548,1524520011
Bānchpār,Banchpar,23.2081,90.7979,Bangladesh,BD,BGD,Chattogram,,241799,1050224894
Mirpur Khas,Mirpur Khas,25.525,69.0158,Pakistan,PK,PAK,Sindh,minor,236961,1586156251
Kajang,Kajang,2.9927,101.7909,Malaysia,MY,MYS,Selangor,,236240,1458690147
Banda Aceh,Banda Aceh,5.55,95.3175,Indonesia,ID,IDN,Aceh,admin,235305,1360353144
Miri,Miri,4.3999,113.9845,Malaysia,MY,MYS,Sarawak,,234541,1458079883
Purwokerto,Purwokerto,-7.4278,109.2417,Indonesia,ID,IDN,Jawa Tengah,minor,233865,1360455408
Teluk Intan,Teluk Intan,4.0119,101.0314,Malaysia,MY,MYS,Perak,,232800,1458126062
Okara,Okara,30.8092,73.4536,Pakistan,PK,PAK,Punjab,minor,232386,1586880900
Nazipur,Nazipur,25.0455,88.7609,Bangladesh,BD,BGD,Rājshāhi,,231900,1050310011
Ormoc,Ormoc,11.0106,124.6075,Philippines,PH,PHL,Ormoc,admin,230998,1608269612
Singkawang,Singkawang,0.9,108.9833,Indonesia,ID,IDN,Kalimantan Barat,,230376,1360906363
Barishal,Barishal,22.7,90.3667,Bangladesh,BD,BGD,Barishal,admin,230000,1050297281
Kulai,Kulai,1.6561,103.6032,Malaysia,MY,MYS,Johor,,230000,1458153941
Meycauayan,Meycauayan,14.73,120.95,Philippines,PH,PHL,Bulacan,,225673,1608553352
Padangsidempuan,Padangsidempuan,1.3786,99.2722,Indonesia,ID,IDN,Sumatera Utara,,225544,1360506609
Chuādānga,Chuadanga,23.6418,88.8577,Bangladesh,BD,BGD,Khulna,,224576,1050405233
Cox’s Bāzār,Cox's Bazar,21.4539,91.9677,Bangladesh,BD,BGD,Chattogram,,223522,1050836471
Tanjung Morawa,Tanjung Morawa,3.5167,98.7833,Indonesia,ID,IDN,Sumatera Utara,,223450,1360038308
Probolinggo,Probolinggo,-7.75,113.2167,Indonesia,ID,IDN,Jawa Timur,,223159,1360138476
Ciputat,Ciputat,-6.3111,106.7619,Indonesia,ID,IDN,Jawa Barat,,222186,1360204080
Thatta,Thatta,24.7461,67.9244,Pakistan,PK,PAK,Sindh,minor,220000,1586208265
Pangkalpinang,Pangkalpinang,-2.1333,106.1167,Indonesia,ID,IDN,Kepulauan Bangka Belitung,admin,218569,1360901919
Bitung,Bitung,1.4472,125.1978,Indonesia,ID,IDN,Sulawesi Utara,,218520,1360695939
Santo Tomas,Santo Tomas,14.08,121.18,Philippines,PH,PHL,Batangas,,218500,1608845898
Alor Setar,Alor Setar,6.1133,100.3729,Malaysia,MY,MYS,Kedah,admin,217000,1458273978
Banjarbaru,Banjarbaru,-3.4425,114.8325,Indonesia,ID,IDN,Kalimantan Selatan,,216600,1360085654
Valencia,Valencia,7.9042,125.0928,Philippines,PH,PHL,Bukidnon,,216546,1608418474
Chilas,Chilas,35.4194,74.0944,Pakistan,PK,PAK,Gilgit-Baltistan,minor,214000,1586064350
Mirpur Bhtoro,Mirpur Bhtoro,24.73,68.25,Pakistan,PK,PAK,Sindh,,210959,1586808713
Trece Martires City,Trece Martires City,14.28,120.87,Philippines,PH,PHL,Cavite,admin,210503,1608990723
Pagadian,Pagadian,7.8272,123.4364,Philippines,PH,PHL,Zamboanga del Sur,admin,210452,1608329397
Bukit Mertajam,Bukit Mertajam,5.363,100.4667,Malaysia,MY,MYS,Pulau Pinang,,210000,1458619046
Legazpi City,Legazpi City,13.13,123.73,Philippines,PH,PHL,Albay,admin,209533,1608693683
Panabo,Panabo,7.3,125.68,Philippines,PH,PHL,Davao del Norte,,209230,1608577408
Cikupa,Cikupa,-6.4947,106.6511,Indonesia,ID,IDN,Jawa Barat,,209140,1360462500
Lubuklinggau,Lubuklinggau,-3.2967,102.8617,Indonesia,ID,IDN,Sumatera Selatan,,208225,1360359449
Toledo,Toledo,10.38,123.65,Philippines,PH,PHL,Cebu,,207314,1608665464
Marawi City,Marawi City,8.0031,124.285,Philippines,PH,PHL,Lanao del Sur,admin,207010,1608812117
Dinājpur,Dinajpur,25.63,88.65,Bangladesh,BD,BGD,Rangpur,,206200,1050817445
San Carlos City,San Carlos City,15.9281,120.3489,Philippines,PH,PHL,Pangasinan,,205424,1608542323
Brahmanpara,Brahmanpara,23.6165,91.0679,Bangladesh,BD,BGD,Chattogram,,204691,1050744970
Ternate,Ternate,0.78,127.3819,Indonesia,ID,IDN,Maluku Utara,,204215,1360041663
Santa Ana,Santa Ana,14.58,121.012,Philippines,PH,PHL,Manila,,203598,1608404042
Mandi Burewala,Mandi Burewala,30.1592,72.6817,Pakistan,PK,PAK,Punjab,,203454,1586997587
Banjar,Banjar,-7.3695,108.5414,Indonesia,ID,IDN,Jawa Barat,minor,203417,1360289512
Tanjungpinang,Tanjungpinang,0.9188,104.4554,Indonesia,ID,IDN,Kepulauan Riau,admin,203008,1360990589
Madiun,Madiun,-7.63,111.5231,Indonesia,ID,IDN,Jawa Timur,,202544,1360921516
Tarakan,Tarakan,3.3,117.6333,Indonesia,ID,IDN,Kalimantan Utara,,201635,1360080072
Jacobabad,Jacobabad,28.2769,68.4514,Pakistan,PK,PAK,Sindh,minor,200815,1586964444
Kabankalan,Kabankalan,9.98,122.82,Philippines,PH,PHL,Negros Occidental,,200198,1608697923
Lahad Datu,Lahad Datu,5.0464,118.336,Malaysia,MY,MYS,Sabah,,199830,1458472057
Martapura,Martapura,-3.45,114.8333,Indonesia,ID,IDN,Kalimantan Selatan,minor,198239,1360139854
Segamat,Segamat,2.5148,102.8158,Malaysia,MY,MYS,Johor,,197762,1458022258
Sawangan,Sawangan,-6.4086,106.7647,Indonesia,ID,IDN,Jawa Barat,,197170,1360017411
Koronadal,Koronadal,6.5,124.85,Philippines,PH,PHL,South Cotabato,,195398,1608000651
Maharagama,Maharagama,6.848,79.9265,Sri Lanka,LK,LKA,Western,,195355,1144551969
Tanauan,Tanauan,14.08,121.15,Philippines,PH,PHL,Batangas,,193936,1608053818
Gorontalo,Gorontalo,0.5422,123.0614,Indonesia,ID,IDN,Gorontalo,admin,191897,1360408580
Bago,Bago,10.5388,122.8384,Philippines,PH,PHL,Negros Occidental,,191210,1608943172
Malaybalay,Malaybalay,8.1564,125.1333,Philippines,PH,PHL,Bukidnon,admin,190712,1608859265
Jhelum,Jhelum,32.9425,73.7256,Pakistan,PK,PAK,Punjab,minor,190425,1586164490
Pābna,Pabna,24.0004,89.25,Bangladesh,BD,BGD,Rājshāhi,,190317,1050424286
Pak Kret,Pak Kret,13.9125,100.4978,Thailand,TH,THA,Nonthaburi,minor,190272,1764165203
Batu,Batu,-7.872,112.525,Indonesia,ID,IDN,Jawa Timur,,190184,1360427259
Saddiqabad,Saddiqabad,28.3006,70.1302,Pakistan,PK,PAK,Punjab,,189876,1586378758
Digos,Digos,6.75,125.35,Philippines,PH,PHL,Davao del Sur,admin,188376,1608635653
Prabumulih,Prabumulih,-3.4328,104.2356,Indonesia,ID,IDN,Sumatera Selatan,minor,188082,1360148993
Calbayog City,Calbayog City,12.07,124.6,Philippines,PH,PHL,Samar,,186960,1608088739
Pasuruan,Pasuruan,-7.6406,112.9065,Indonesia,ID,IDN,Jawa Timur,,186262,1360084806
Narsingdi,Narsingdi,23.9,90.7167,Bangladesh,BD,BGD,Dhaka,,185128,1050904616
Kuchlagh,Kuchlagh,31.0833,67.1056,Pakistan,PK,PAK,Balochistan,,184818,1586004129
Padalarang,Padalarang,-6.8435,107.4779,Indonesia,ID,IDN,Jawa Barat,,184182,1360652847
Tumpat,Tumpat,6.1978,102.171,Malaysia,MY,MYS,Kelantan,minor,183100,1458905603
Sorsogon,Sorsogon,12.9742,124.0058,Philippines,PH,PHL,Sorsogon,admin,182237,1608265953
Singosari,Singosari,-7.8925,112.6658,Indonesia,ID,IDN,Jawa Timur,,180740,1360458738
Mukdahan,Mukdahan,16.5431,104.7228,Thailand,TH,THA,Mukdahan,admin,180600,1764994534
Lhokseumawe,Lhokseumawe,5.1881,97.1403,Indonesia,ID,IDN,Aceh,,180200,1360418625
Palopo,Palopo,-3,120.2,Indonesia,ID,IDN,Sulawesi Selatan,,180130,1360740288
Petarukan,Petarukan,-6.8961,109.4514,Indonesia,ID,IDN,Jawa Tengah,,180084,1360979518
Buḍhānilkanṭha,Budhanilkantha,27.7758,85.3619,Nepal,NP,NPL,,,179688,1524541414
Roxas City,Roxas City,11.5894,122.7511,Philippines,PH,PHL,Capiz,admin,179292,1608344583
Purwakarta,Purwakarta,-6.5533,107.4472,Indonesia,ID,IDN,Jawa Barat,minor,179233,1360967092
Langsa,Langsa,4.48,97.9633,Indonesia,ID,IDN,Aceh,,178334,1360337304
Curug,Curug,-6.3711,106.8,Indonesia,ID,IDN,Jawa Barat,,176617,1360625815
Cianjur,Cianjur,-6.82,107.1408,Indonesia,ID,IDN,Jawa Barat,minor,176368,1360633374
Rantau Prapat,Rantau Prapat,2.3333,100.05,Indonesia,ID,IDN,Sumatera Utara,minor,175960,1360981676
Shibirghān,Shibirghan,36.665,65.752,Afghanistan,AF,AFG,Jowzjān,admin,175599,1004805783
Salatiga,Salatiga,-7.3247,110.5444,Indonesia,ID,IDN,Jawa Tengah,,175288,1360271289
Khapalu,Khapalu,35.1667,76.3333,Pakistan,PK,PAK,Gilgit-Baltistan,,175000,1586002802
Dagupan City,Dagupan City,16.043,120.334,Philippines,PH,PHL,Dagupan,admin,174302,1608530964
Lubao,Lubao,14.93,120.6,Philippines,PH,PHL,Pampanga,,173502,1608215915
Mexico,Mexico,15.0645,120.7203,Philippines,PH,PHL,Pampanga,,173403,1608191667
Keningau,Keningau,5.3378,116.1602,Malaysia,MY,MYS,Sabah,,173130,1458700775
Polomolok,Polomolok,6.22,125.07,Philippines,PH,PHL,South Cotabato,,172605,1608490461
General Mariano Alvarez,General Mariano Alvarez,14.3,121,Philippines,PH,PHL,Cavite,,172433,1608815735
San Miguel,San Miguel,15.1458,120.9783,Philippines,PH,PHL,Bulacan,,172073,1608046677
Talhar,Talhar,24.8833,68.8167,Pakistan,PK,PAK,Sindh,,172014,1586495104
Beji,Beji,-6.3704,106.8176,Indonesia,ID,IDN,Jawa Barat,,171660,1360401131
Surigao,Surigao,9.7897,125.4958,Philippines,PH,PHL,Surigao del Norte,admin,171107,1608611556
Kohat,Kohat,33.5833,71.4333,Pakistan,PK,PAK,Khyber Pakhtunkhwa,minor,170800,1586349992
Concepcion,Concepcion,15.3249,120.6554,Philippines,PH,PHL,Tarlac,,169953,1608682956
Tebingtinggi,Tebingtinggi,3.3194,99.1522,Indonesia,ID,IDN,Sumatera Utara,,169786,1360386781
Baliuag,Baliuag,14.954,120.901,Philippines,PH,PHL,Bulacan,,168470,1608703693
Moratuwa,Moratuwa,6.7804,79.88,Sri Lanka,LK,LKA,Western,,168280,1144324309
Teluknaga,Teluknaga,-6.0989,106.6381,Indonesia,ID,IDN,Jawa Barat,,167980,1360011332
Jamālpur,Jamalpur,24.9004,89.95,Bangladesh,BD,BGD,Mymensingh,,167900,1050233680
Sampit,Sampit,-2.5333,112.95,Indonesia,ID,IDN,Kalimantan Tengah,minor,166773,1360020231
Tuguegarao,Tuguegarao,17.6133,121.7303,Philippines,PH,PHL,Cagayan,admin,166334,1608110634
Ratnapura,Ratnapura,6.693,80.386,Sri Lanka,LK,LKA,Sabaragamuwa,admin,165998,1144739208
Tanjungbalai,Tanjungbalai,2.97,99.8,Indonesia,ID,IDN,Sumatera Utara,,165763,1360992709
Ungaran,Ungaran,-7.1381,110.405,Indonesia,ID,IDN,Jawa Tengah,minor,164916,1360790134
Tigaraksa,Tigaraksa,-6.2667,106.4667,Indonesia,ID,IDN,Jawa Barat,,163531,1360755390
Muridke,Muridke,31.802,74.255,Pakistan,PK,PAK,Punjab,,163268,1586205456
Muzaffargarh,Muzaffargarh,30.0694,71.1942,Pakistan,PK,PAK,Punjab,minor,163268,1586492401
Sariaya,Sariaya,13.97,121.53,Philippines,PH,PHL,Quezon,,161868,1608396060
Metro,Metro,-5.1167,105.3,Indonesia,ID,IDN,Lampung,,161799,1360659228
Bontang,Bontang,0.1333,117.5,Indonesia,ID,IDN,Kalimantan Timur,,161413,1360692406
Naic,Naic,14.32,120.77,Philippines,PH,PHL,Cavite,,160987,1608196842
Zaranj,Zaranj,30.96,61.86,Afghanistan,AF,AFG,Nīmrōz,admin,160902,1004504986
Kidapawan,Kidapawan,7.0083,125.0894,Philippines,PH,PHL,Cotabato,admin,160791,1608883158
Ziarat,Ziarat,30.381,67.727,Pakistan,PK,PAK,Balochistan,minor,160422,1586038421
Khanpur,Khanpur,28.65,70.68,Pakistan,PK,PAK,Punjab,,160308,1586169401
Khōst,Khost,33.3331,69.9169,Afghanistan,AF,AFG,Khōst,admin,160214,1004919977
Cadiz,Cadiz,10.95,123.3,Philippines,PH,PHL,Negros Occidental,,158544,1608224037
Ilagan,Ilagan,17.1489,121.8894,Philippines,PH,PHL,Isabela,admin,158218,1608190610
Gojra,Gojra,31.15,72.6833,Pakistan,PK,PAK,Punjab,,157863,1586904918
Panjgur,Panjgur,26.9683,64.1014,Pakistan,PK,PAK,Balochistan,minor,157693,1586296490
Mandi Bahauddin,Mandi Bahauddin,32.5797,73.4814,Pakistan,PK,PAK,Punjab,minor,157352,1586202018
Danao,Danao,10.53,123.93,Philippines,PH,PHL,Cebu,,156321,1608547808
Ghorāhī,Ghorahi,28.0408,82.4861,Nepal,NP,NPL,Lumbinī,minor,156164,1524494654
Capas,Capas,15.3372,120.59,Philippines,PH,PHL,Tarlac,,156056,1608379387
Pandi,Pandi,14.87,120.95,Philippines,PH,PHL,Bulacan,,155115,1608700526
Singaraja,Singaraja,-8.1167,115.0833,Indonesia,ID,IDN,Bali,minor,153930,1360426282
San Jose,San Jose,12.3528,121.0676,Philippines,PH,PHL,Occidental Mindoro,,153267,1608355709
Poblacion,Poblacion,10.4111,123.9822,Philippines,PH,PHL,Cebu,,153197,1608456191
Baubau,Baubau,-5.4622,122.6058,Indonesia,ID,IDN,Sulawesi Tenggara,,152143,1360789994
Minglanilla,Minglanilla,10.245,123.7964,Philippines,PH,PHL,Cebu,,151002,1608573791
San Jose,San Jose,15.8037,120.9991,Philippines,PH,PHL,Nueva Ecija,,150917,1608000478
Eminabad,Eminabad,32.0422,74.26,Pakistan,PK,PAK,Punjab,,150646,1586505120
Jaranwala,Jaranwala,31.3333,73.4167,Pakistan,PK,PAK,Punjab,,150380,1586829520
Naogaon,Naogaon,24.8118,88.947,Bangladesh,BD,BGD,Rājshāhi,minor,150025,1050668499
Mariveles,Mariveles,14.43,120.48,Philippines,PH,PHL,Bataan,,149879,1608735167
Saumlaki,Saumlaki,-7.975,131.3075,Indonesia,ID,IDN,Maluku,minor,149790,1360861988
Maīmanah,Maimanah,35.9333,64.75,Afghanistan,AF,AFG,Fāryāb,admin,149040,1004622920
Sagay,Sagay,10.9,123.42,Philippines,PH,PHL,Negros Occidental,,148894,1608284971
Abbottabad,Abbottabad,34.1558,73.2194,Pakistan,PK,PAK,Khyber Pakhtunkhwa,minor,148587,1586788758
Santiago,Santiago,16.68,121.55,Philippines,PH,PHL,Santiago,admin,148580,1608477470
Consolacion,Consolacion,10.4,123.95,Philippines,PH,PHL,Cebu,,148012,1608199695
Siem Reap,Siem Reap,13.3622,103.8597,Cambodia,KH,KHM,Siem Reap,admin,147866,1116263015
Kisaran,Kisaran,2.9833,99.6125,Indonesia,ID,IDN,Sumatera Utara,minor,147639,1360782288
Mati,Mati,6.9483,126.2272,Philippines,PH,PHL,Davao Oriental,admin,147547,1608000731
Dadu,Dadu,26.7325,67.7792,Pakistan,PK,PAK,Sindh,minor,146179,1586791198
Calapan,Calapan,13.414,121.18,Philippines,PH,PHL,Oriental Mindoro,admin,145786,1608578259
Calapan,Calapan,13.414,121.18,Philippines,PH,PHL,Bulacan,,145786,1608531332
Bhāndāria,Bhandaria,22.489,90.0627,Bangladesh,BD,BGD,Barishal,,145233,1050979013
Khairpur Mir’s,Khairpur Mir's,27.5333,68.7667,Pakistan,PK,PAK,Sindh,minor,144949,1586259149
Arayat,Arayat,15.1493,120.7692,Philippines,PH,PHL,Pampanga,,144875,1608482411
Rangkasbitung,Rangkasbitung,-6.3667,106.25,Indonesia,ID,IDN,Banten,minor,144733,1360558850
Urdaneta,Urdaneta,15.9761,120.5711,Philippines,PH,PHL,Pangasinan,,144577,1608117383
Lodhran,Lodhran,29.5333,71.6333,Pakistan,PK,PAK,Punjab,minor,144512,1586813871
Mehtar Lām,Mehtar Lam,34.6683,70.2089,Afghanistan,AF,AFG,Laghmān,admin,144162,1004590769
Calabayan,Calabayan,16.77,121.78,Philippines,PH,PHL,Isabela,,143403,1608955576
Ghaznī,Ghazni,33.5492,68.4233,Afghanistan,AF,AFG,Ghaznī,admin,143379,1004167490
Malasiqui,Malasiqui,15.92,120.42,Philippines,PH,PHL,Pangasinan,,143094,1608316754
Paghmān,Paghman,34.5833,68.95,Afghanistan,AF,AFG,Kābul,,143000,1004474181
Tinipuka,Tinipuka,-4.55,136.89,Indonesia,ID,IDN,Papua Tengah,,142909,1360525797
Nawābganj,Nawabganj,24.6,88.2667,Bangladesh,BD,BGD,Rājshāhi,,142361,1050253103
Negombo,Negombo,7.2111,79.8386,Sri Lanka,LK,LKA,Western,,142136,1144271397
Bahawalnagar,Bahawalnagar,29.9928,73.2536,Pakistan,PK,PAK,Punjab,minor,141935,1586152082
Bocaue,Bocaue,14.8,120.93,Philippines,PH,PHL,Bulacan,,141412,1608457468
Khuzdar,Khuzdar,27.8,66.6167,Pakistan,PK,PAK,Balochistan,,141395,1586530458
Subang,Subang,-6.5714,107.7614,Indonesia,ID,IDN,Jawa Barat,minor,141038,1360943203
Tabaco,Tabaco,13.35,123.73,Philippines,PH,PHL,Albay,,140961,1608252596
Porac,Porac,15.0719,120.5419,Philippines,PH,PHL,Pampanga,,140751,1608946840
Ozamiz City,Ozamiz City,8.15,123.85,Philippines,PH,PHL,Misamis Occidental,,140334,1608100412
Batu Pahat,Batu Pahat,1.8504,102.9333,Malaysia,MY,MYS,Johor,,140000,1458310769
Payatas,Payatas,14.7099,121.0997,Philippines,PH,PHL,Quezon,,139740,1608905832
Pakpattan,Pakpattan,30.3442,73.3839,Pakistan,PK,PAK,Punjab,minor,139525,1586409848
Tanay,Tanay,14.4972,121.2864,Philippines,PH,PHL,Rizal,,139420,1608260734
Dipolog,Dipolog,8.5872,123.3408,Philippines,PH,PHL,Zamboanga del Norte,admin,138141,1608664300
Candelaria,Candelaria,13.9311,121.4233,Philippines,PH,PHL,Quezon,minor,137881,1608579689
La Trinidad,La Trinidad,16.46,120.59,Philippines,PH,PHL,Benguet,admin,137404,1608000107
Jolo,Jolo,6,121,Philippines,PH,PHL,Sulu,admin,137266,1608685440
Gunungsitoli,Gunungsitoli,1.2833,97.6167,Indonesia,ID,IDN,Sumatera Utara,minor,137104,1360175198
Taxila,Taxila,33.7458,72.7875,Pakistan,PK,PAK,Punjab,,136900,1586018829
Gingoog,Gingoog,8.82,125.1,Philippines,PH,PHL,Misamis Oriental,,136698,1608630986
Nasugbu,Nasugbu,14.07,120.63,Philippines,PH,PHL,Batangas,,136524,1608413633
Bima,Bima,-8.46,118.7267,Indonesia,ID,IDN,Nusa Tenggara Barat,,136492,1360521866
Carcar,Carcar,10.12,123.63,Philippines,PH,PHL,Cebu,,136453,1608778175
Pageralam,Pageralam,-4.0167,103.25,Indonesia,ID,IDN,Sumatera Selatan,minor,136244,1360027360
Batang,Batang,-6.9081,109.7304,Indonesia,ID,IDN,Jawa Tengah,minor,136145,1360024582
Norzagaray,Norzagaray,14.92,121.05,Philippines,PH,PHL,Bulacan,,136064,1608520209
Birgañj,Birganj,27,84.8667,Nepal,NP,NPL,,,135904,1524676691
Floridablanca,Floridablanca,14.974,120.528,Philippines,PH,PHL,Pampanga,,135542,1608344732
Zafarwal,Zafarwal,32.35,74.9,Pakistan,PK,PAK,Punjab,,134275,1586796643
Dumaguete City,Dumaguete City,9.3103,123.3081,Philippines,PH,PHL,Negros Oriental,admin,134103,1608682936
Gubeng,Gubeng,-7.2729,112.7493,Indonesia,ID,IDN,Jawa Timur,,133900,1360012184
Daraga,Daraga,13.1619,123.6939,Philippines,PH,PHL,Albay,,133893,1608571209
Tokha,Tokha,27.75,85.3333,Nepal,NP,NPL,,,133755,1524599626
San Andres,San Andres,14.5739,121.0039,Philippines,PH,PHL,Rizal,,133727,1608862371
Tando Allahyar,Tando Allahyar,25.4617,68.7167,Pakistan,PK,PAK,Sindh,minor,133487,1586001015
Hagonoy,Hagonoy,14.83,120.73,Philippines,PH,PHL,Bulacan,,133448,1608693751
Batu Gajah,Batu Gajah,4.4692,101.0411,Malaysia,MY,MYS,Perak,,133422,1458671961
Naga,Naga,10.22,123.75,Philippines,PH,PHL,Cebu,,133184,1608928299
Srīpur,Sripur,24.2,90.4731,Bangladesh,BD,BGD,Dhaka,,132948,1050643433
San Carlos,San Carlos,10.4929,123.4095,Philippines,PH,PHL,Negros Occidental,,132650,1608048026
Adonara,Adonara,-8.25,123.15,Indonesia,ID,IDN,Nusa Tenggara Timur,,132345,1360760882
Talavera,Talavera,15.5839,120.9189,Philippines,PH,PHL,Nueva Ecija,,132338,1608474974
Surat Thani,Surat Thani,9.1397,99.3306,Thailand,TH,THA,Surat Thani,admin,132040,1764338230
Blitar,Blitar,-8.1,112.15,Indonesia,ID,IDN,Jawa Timur,,132018,1360011677
Leuwiliang,Leuwiliang,-6.5742,106.632,Indonesia,ID,IDN,Jawa Barat,,131352,1360771785
Maijdi,Maijdi,22.8667,91.1,Bangladesh,BD,BGD,Chattogram,,130842,1050060514
Udon Thani,Udon Thani,17.4167,102.75,Thailand,TH,THA,Udon Thani,admin,130531,1764676047
Angono,Angono,14.5234,121.1536,Philippines,PH,PHL,Rizal,,130494,1608373503
Silay,Silay,10.8,122.97,Philippines,PH,PHL,Negros Occidental,,130478,1608362038
City of Isabela,City of Isabela,6.7,121.97,Philippines,PH,PHL,Basilan,admin,130379,1608621038
Mojokerto,Mojokerto,-7.4722,112.4336,Indonesia,ID,IDN,Jawa Timur,,130196,1360053101
Battambang,Battambang,13.1028,103.1983,Cambodia,KH,KHM,Battambang,admin,130000,1116106237
Parepare,Parepare,-4.0167,119.6236,Indonesia,ID,IDN,Sulawesi Selatan,,129542,1360021476
Bamban,Bamban,15.2742,120.5669,Philippines,PH,PHL,Tarlac,,129011,1608680907
Sarhari,Sarhari,26.1,68.4833,Pakistan,PK,PAK,Sindh,,128958,1586621409
Guagua,Guagua,14.97,120.63,Philippines,PH,PHL,Pampanga,,128893,1608453085
Santo Tomas,Santo Tomas,7.53,125.62,Philippines,PH,PHL,Davao del Norte,,128667,1608792041
Rosario,Rosario,13.846,121.206,Philippines,PH,PHL,Batangas,,128352,1608786784
Tuaran,Tuaran,6.1774,116.2314,Malaysia,MY,MYS,Sabah,,128200,1458562692
Ahmadpur East,Ahmadpur East,29.1439,71.2592,Pakistan,PK,PAK,Punjab,,128112,1586824484
Wazirabad,Wazirabad,32.4353,74.1142,Pakistan,PK,PAK,Punjab,,128060,1586302348
Vihari,Vihari,30.0419,72.3528,Pakistan,PK,PAK,Punjab,minor,128034,1586888846
Garut,Garut,-7.2167,107.9,Indonesia,ID,IDN,Jawa Barat,minor,127980,1360030509
Guimba,Guimba,15.6606,120.765,Philippines,PH,PHL,Nueva Ecija,,127653,1608954884
Saidpur,Saidpur,25.7833,88.9,Bangladesh,BD,BGD,Rangpur,,127104,1050464696
Santa Cruz,Santa Cruz,14.5998,120.9802,Philippines,PH,PHL,Manila,,126735,1608318207
San Juan,San Juan,14.604,121.03,Philippines,PH,PHL,San Juan,admin,126347,1608817515
San Fernando,San Fernando,16.62,120.32,Philippines,PH,PHL,La Union,admin,125640,1608635527
Payakumbuh,Payakumbuh,-0.2333,100.6333,Indonesia,ID,IDN,Sumatera Barat,,125608,1360091636
Magelang,Magelang,-7.4667,110.2167,Indonesia,ID,IDN,Jawa Tengah,,124912,1360065728
New Mirpur,New Mirpur,33.15,73.7333,Pakistan,PK,PAK,Azad Kashmir,minor,124352,1586007078
Magalang,Magalang,15.22,120.67,Philippines,PH,PHL,Pampanga,minor,124188,1608172208
Baleraja,Baleraja,-6.5167,107.9169,Indonesia,ID,IDN,Jawa Barat,,124129,1360384725
Paleng,Paleng,-1.4,123.1667,Indonesia,ID,IDN,Sulawesi Tengah,,123580,1360144781
Santa Cruz,Santa Cruz,14.28,121.42,Philippines,PH,PHL,Laguna,,123574,1608971699
Gapan,Gapan,15.3122,120.9489,Philippines,PH,PHL,Nueva Ecija,,122968,1608386821
Pati,Pati,-6.7415,111.0347,Indonesia,ID,IDN,Jawa Tengah,minor,122785,1360407556
Bayawan,Bayawan,9.37,122.8,Philippines,PH,PHL,Negros Oriental,,122747,1608189345
Bayan Lepas,Bayan Lepas,5.2999,100.2605,Malaysia,MY,MYS,Pulau Pinang,,122654,1458488654
Indramayu,Indramayu,-6.3528,108.3242,Indonesia,ID,IDN,Jawa Barat,minor,122400,1360004807
Farīdpur,Faridpur,23.5986,89.8353,Bangladesh,BD,BGD,Dhaka,,121632,1050187264
Kamalia,Kamalia,30.7333,72.65,Pakistan,PK,PAK,Punjab,,121401,1586927428
Tabuk,Tabuk,17.4069,121.4425,Philippines,PH,PHL,Kalinga,,121033,1608831439
Nakhon Pathom,Nakhon Pathom,13.8206,100.0625,Thailand,TH,THA,Nakhon Pathom,admin,120657,1764251992
Kotamobagu,Kotamobagu,0.7333,124.3167,Indonesia,ID,IDN,Sulawesi Utara,,120597,1360015626
Pelabuhanratu,Pelabuhanratu,-6.9878,106.5439,Indonesia,ID,IDN,Jawa Barat,minor,120488,1360747715
Kot Addu,Kot Addu,30.4664,70.9656,Pakistan,PK,PAK,Punjab,,120479,1586130042
Poblacion,Poblacion,14.3854,121.029,Philippines,PH,PHL,Muntinlupa,,120115,1608197194
Kandy,Kandy,7.2931,80.635,Sri Lanka,LK,LKA,Central,admin,120087,1144308408
Ban Bang Pu Mai,Ban Bang Pu Mai,13.5204,100.666,Thailand,TH,THA,Samut Prakan,,120058,1764009212
Ghotki,Ghotki,28.1,69.19,Pakistan,PK,PAK,Sindh,minor,119879,1586388145
Fulgāzi,Fulgazi,23.1461,91.4409,Bangladesh,BD,BGD,Chattogram,,119558,1050136232
Candaba,Candaba,15.0933,120.8283,Philippines,PH,PHL,Pampanga,,119497,1608001625
Port Dickson,Port Dickson,2.5228,101.7959,Malaysia,MY,MYS,Negeri Sembilan,,119300,1458349611
Soasio,Soasio,0.6833,127.4,Indonesia,ID,IDN,Maluku Utara,,118613,1360827216
Nowshera,Nowshera,34.0153,71.9747,Pakistan,PK,PAK,Khyber Pakhtunkhwa,minor,118594,1586290729
Calumpit,Calumpit,14.92,120.77,Philippines,PH,PHL,Bulacan,,118471,1608584009
Butwāl,Butwal,27.7,83.45,Nepal,NP,NPL,Lumbinī,admin,118462,1524843250
Kampong Cham,Kampong Cham,12,105.45,Cambodia,KH,KHM,Kampong Cham,admin,118242,1116115849
Dinalupihan,Dinalupihan,14.88,120.47,Philippines,PH,PHL,Bataan,,118209,1608149999
Malita,Malita,6.4108,125.6144,Philippines,PH,PHL,Davao Occidental,admin,118197,1608802375
Ligao,Ligao,13.22,123.52,Philippines,PH,PHL,Albay,,118096,1608907106
Banyuwangi,Banyuwangi,-8.2186,114.3669,Indonesia,ID,IDN,Jawa Timur,minor,117558,1360008480
Badin,Badin,24.6572,68.8406,Pakistan,PK,PAK,Sindh,minor,117455,1586870705
Midsayap,Midsayap,7.19,124.53,Philippines,PH,PHL,Cotabato,,117365,1608454598
Apalit,Apalit,14.9496,120.7587,Philippines,PH,PHL,Pampanga,,117160,1608288417
Soreang,Soreang,-7.0372,107.5167,Indonesia,ID,IDN,Jawa Barat,minor,116780,1360684486
Samal,Samal,7.05,125.73,Philippines,PH,PHL,Davao del Norte,,116771,1608425228
Datu Odin Sinsuat,Datu Odin Sinsuat,7.1889,124.1839,Philippines,PH,PHL,,admin,116768,1608999953
Himamaylan,Himamaylan,10.1,122.87,Philippines,PH,PHL,Negros Occidental,,116240,1608765297
Dharān,Dharan,26.8167,87.2667,Nepal,NP,NPL,,,116181,1524888375
Bongao,Bongao,5.0292,119.7731,Philippines,PH,PHL,Tawi-Tawi,admin,116118,1608490585
Sri Jayewardenepura Kotte,Sri Jayewardenepura Kotte,6.9,79.9164,Sri Lanka,LK,LKA,Western,primary,115826,1144239330
San Ildefonso,San Ildefonso,15.0789,120.9419,Philippines,PH,PHL,Bulacan,,115713,1608068184
Tarogong,Tarogong,-7.215,107.8856,Indonesia,ID,IDN,Jawa Barat,minor,115660,1360293005
Los Baños,Los Banos,14.17,121.22,Philippines,PH,PHL,Laguna,,115353,1608920078
Swabi,Swabi,34.1202,72.4702,Pakistan,PK,PAK,Khyber Pakhtunkhwa,minor,115018,1586628764
Rawajaya,Rawajaya,-7.58,108.8828,Indonesia,ID,IDN,Jawa Tengah,,114869,1360338385
Thimphu,Thimphu,27.4722,89.6361,Bhutan,BT,BTN,Thimphu,primary,114551,1064010361
Iriga City,Iriga City,13.4231,123.4122,Philippines,PH,PHL,Camarines Sur,,114457,1608112592
Plaridel,Plaridel,14.8869,120.8569,Philippines,PH,PHL,Bulacan,,114432,1608000273
Tando Muhammad Khan,Tando Muhammad Khan,25.1239,68.5389,Pakistan,PK,PAK,Sindh,minor,114406,1586049182
San Juan,San Juan,13.826,121.396,Philippines,PH,PHL,Batangas,minor,114068,1608474998
Bintulu,Bintulu,3.1664,113.036,Malaysia,MY,MYS,Sarawak,,114058,1458164361
Tenggarong,Tenggarong,-0.4,116.9667,Indonesia,ID,IDN,Kalimantan Timur,minor,114039,1360391631
Kuningan,Kuningan,-6.9764,108.4844,Indonesia,ID,IDN,Jawa Barat,minor,113860,1360454767
Tawau,Tawau,4.271,117.896,Malaysia,MY,MYS,Sabah,,113809,1458745722
Pul-e Khumrī,Pul-e Khumri,35.95,68.7,Afghanistan,AF,AFG,Baghlān,admin,113500,1004123527
Guiguinto,Guiguinto,14.83,120.88,Philippines,PH,PHL,Bulacan,,113415,1608949348
Shahdadpur,Shahdadpur,25.9228,68.6206,Pakistan,PK,PAK,Sindh,,113342,1586276317
Bukittinggi,Bukittinggi,-0.3056,100.3692,Indonesia,ID,IDN,Sumatera Barat,,113326,1360552560
Sātkhira,Satkhira,22.7082,89.0718,Bangladesh,BD,BGD,Khulna,,113322,1050784467
Manolo Fortich,Manolo Fortich,8.3675,124.8656,Philippines,PH,PHL,Bukidnon,,113200,1608811201
Jauharabad,Jauharabad,32.2919,72.2736,Pakistan,PK,PAK,Punjab,,113188,1586975487
Mangaldan,Mangaldan,16.07,120.4039,Philippines,PH,PHL,Pangasinan,,113185,1608105622
Libmanan,Libmanan,13.6964,123.06,Philippines,PH,PHL,Camarines Sur,,112994,1608310701
Tayabas,Tayabas,14.02,121.58,Philippines,PH,PHL,Quezon,,112658,1608195528
Lawang,Lawang,-7.83,112.7,Indonesia,ID,IDN,Jawa Timur,,112540,1360944516
Goth Tando Sumro,Goth Tando Sumro,25.45,68.7167,Pakistan,PK,PAK,Sindh,,112335,1586855342
Sepatan,Sepatan,-6.1143,106.5784,Indonesia,ID,IDN,Jawa Barat,,112289,1360668571
Subic,Subic,14.8769,120.2328,Philippines,PH,PHL,Zambales,,111912,1608633194
Baybay,Baybay,10.68,124.8,Philippines,PH,PHL,Leyte,,111848,1608960920
Mawanella,Mawanella,7.2519,80.4453,Sri Lanka,LK,LKA,Sabaragamuwa,,111727,1144039144
Daet,Daet,14.1142,122.9564,Philippines,PH,PHL,Camarines Norte,admin,111700,1608562606
Laoag,Laoag,18.1978,120.5936,Philippines,PH,PHL,Ilocos Norte,admin,111651,1608043510
Santamesa,Santamesa,14.6,121.0167,Philippines,PH,PHL,Manila,,111292,1608043477
Khushab,Khushab,32.2986,72.3508,Pakistan,PK,PAK,Punjab,minor,110868,1586738716
Rosario,Rosario,14.42,120.85,Philippines,PH,PHL,Cavite,,110807,1608718800
Dera Ismail Khan,Dera Ismail Khan,31.8314,70.9019,Pakistan,PK,PAK,Khyber Pakhtunkhwa,minor,109686,1586008360
Quezon,Quezon,7.7306,125.1,Philippines,PH,PHL,Bukidnon,,109624,1608600962
Naujan,Naujan,13.3233,121.3028,Philippines,PH,PHL,Oriental Mindoro,,109587,1608362602
Glan,Glan,5.82,125.2,Philippines,PH,PHL,Sarangani,,109547,1608947570
Bayugan,Bayugan,8.71,125.75,Philippines,PH,PHL,Agusan del Sur,,109499,1608483872
Tacurong,Tacurong,6.68,124.67,Philippines,PH,PHL,Sultan Kudarat,,109319,1608479806
Labo,Labo,14.1561,122.8294,Philippines,PH,PHL,Camarines Norte,,109245,1608735236
Talisay,Talisay,10.73,122.97,Philippines,PH,PHL,Negros Occidental,,108909,1608509888
Pulilan,Pulilan,14.902,120.849,Philippines,PH,PHL,Bulacan,,108836,1608740996
Bagu Na Mohra,Bagu Na Mohra,33.22,73.21,Pakistan,PK,PAK,Punjab,,108784,1586067919
Cawayan,Cawayan,9.97,122.62,Philippines,PH,PHL,Negros Occidental,,108480,1608006603
Maramag,Maramag,7.7631,125.005,Philippines,PH,PHL,Bukidnon,,108293,1608275407
Lingayen,Lingayen,16.0167,120.2333,Philippines,PH,PHL,Pangasinan,admin,107728,1608464071
Chaman,Chaman,30.9222,66.4447,Pakistan,PK,PAK,Balochistan,,107660,1586640695
Pishin,Pishin,30.5848,66.9948,Pakistan,PK,PAK,Balochistan,minor,107646,1586004332
Kawit,Kawit,14.43,120.9,Philippines,PH,PHL,Cavite,,107535,1608411157
Kotmale,Kotmale,7.0142,80.5897,Sri Lanka,LK,LKA,Central,,107523,1144416345
Manokwari,Manokwari,-0.8667,134.0833,Indonesia,ID,IDN,Papua Barat,admin,107325,1360451991
Bagong Silangan,Bagong Silangan,14.7094,121.1,Philippines,PH,PHL,Quezon,,106886,1608517154
Kalmunai,Kalmunai,7.409,81.8347,Sri Lanka,LK,LKA,Eastern,,106780,1144059288
Catbalogan,Catbalogan,11.78,124.88,Philippines,PH,PHL,Samar,admin,106440,1608878798
Tiaong,Tiaong,13.95,121.32,Philippines,PH,PHL,Quezon,minor,106265,1608344411
Carmona,Carmona,14.32,121.05,Philippines,PH,PHL,Cavite,,106256,1608216694
Raba,Raba,-8.4614,118.7469,Indonesia,ID,IDN,Nusa Tenggara Barat,minor,106101,1360014952
Pangkalan Bun,Pangkalan Bun,-2.6833,111.6167,Indonesia,ID,IDN,Kalimantan Tengah,minor,105514,1360031431
Maluñgun,Malungun,6.27,125.28,Philippines,PH,PHL,Sarangani,,105465,1608972592
Charsadda,Charsadda,34.15,71.7333,Pakistan,PK,PAK,Khyber Pakhtunkhwa,minor,105414,1586928614
Bulan,Bulan,12.6697,123.8758,Philippines,PH,PHL,Sorsogon,,105190,1608516439
Sultan Kudarat,Sultan Kudarat,7.23,124.25,Philippines,PH,PHL,Maguindanao,,105121,1608836609
Kandhkot,Kandhkot,28.244,69.181,Pakistan,PK,PAK,Sindh,,105011,1586311788
Tagbilaran City,Tagbilaran City,9.65,123.85,Philippines,PH,PHL,Bohol,minor,104976,1608573250
Balanga,Balanga,14.68,120.53,Philippines,PH,PHL,Bataan,admin,104173,1608467104
Sindangan,Sindangan,8.2386,122.9986,Philippines,PH,PHL,Zamboanga del Norte,,103952,1608537090
Kilinochchi,Kilinochchi,9.4004,80.3999,Sri Lanka,LK,LKA,North Central,,103717,1144468936
Biak,Biak,-1.18,136.08,Indonesia,ID,IDN,Papua,minor,103610,1360911386
Gujar Khan,Gujar Khan,33.253,73.304,Pakistan,PK,PAK,Punjab,,103284,1586766300
San Rafael,San Rafael,14.95,120.97,Philippines,PH,PHL,Bulacan,,103097,1608373072
Tanjungpandan,Tanjungpandan,-2.75,107.75,Indonesia,ID,IDN,Kepulauan Bangka Belitung,minor,103062,1360732632
Paniqui,Paniqui,15.6681,120.5789,Philippines,PH,PHL,Tarlac,,103003,1608244278
Sumber,Sumber,-6.7544,108.4858,Indonesia,ID,IDN,Jawa Barat,minor,102973,1360755961
Parang,Parang,7.3744,124.2686,Philippines,PH,PHL,Maguindanao,,102914,1608326061
Guihulñgan,Guihulngan,10.12,123.27,Philippines,PH,PHL,Negros Oriental,,102656,1608628412
Ban Mangkon,Ban Mangkon,13.609,100.6638,Thailand,TH,THA,Samut Prakan,,102291,1764800579
Bahrain,Bahrain,35.2075,72.5456,Pakistan,PK,PAK,Khyber Pakhtunkhwa,,102253,1586382775
Nakhon Si Thammarat,Nakhon Si Thammarat,8.4364,99.9631,Thailand,TH,THA,Nakhon Si Thammarat,admin,102152,1764409111
Simanggang,Simanggang,1.2472,111.4528,Malaysia,MY,MYS,Sarawak,,102092,1458892132
Kot Radha Kishan,Kot Radha Kishan,31.1725,74.0997,Pakistan,PK,PAK,Punjab,,102057,1586349856
Lahān,Lahan,26.7167,86.4833,Nepal,NP,NPL,,,102031,1524293418
Dhangaḍhi̇̄,Dhangadhi,28.7056,80.575,Nepal,NP,NPL,,,101970,1524561456
Chishtian,Chishtian,29.8,72.8333,Pakistan,PK,PAK,Punjab,,101659,1586451544
Cinere,Cinere,-6.3333,106.7833,Indonesia,ID,IDN,Jawa Barat,,101600,1360008330
Hikkaduwa,Hikkaduwa,6.1407,80.1012,Sri Lanka,LK,LKA,Southern,,101342,1144660740
Sungai Penuh,Sungai Penuh,-2.0589,101.3914,Indonesia,ID,IDN,Jambi,,101325,1360337679
Santa Cruz,Santa Cruz,6.83,125.42,Philippines,PH,PHL,Davao del Sur,,101125,1608664930
Sungailiat,Sungailiat,-1.8561,106.1192,Indonesia,ID,IDN,Kepulauan Bangka Belitung,minor,100750,1360351006
Cavite City,Cavite City,14.48,120.9,Philippines,PH,PHL,Cavite,,100674,1608639398
Calasiao,Calasiao,16.02,120.37,Philippines,PH,PHL,Pangasinan,,100471,1608768907
Lamitan,Lamitan,6.65,122.13,Philippines,PH,PHL,Basilan,,100150,1608647250
Talipao,Talipao,5.976,121.1087,Philippines,PH,PHL,Sulu,minor,100088,1608300985
Renala Khurd,Renala Khurd,30.8833,73.6,Pakistan,PK,PAK,Punjab,,100054,1586606124
Bāmyān,Bamyan,34.825,67.8333,Afghanistan,AF,AFG,Bāmyān,admin,100000,1004274041
Nabire,Nabire,-3.3622,135.5028,Indonesia,ID,IDN,Papua Tengah,admin,99848,1360322221
Ciamis,Ciamis,-7.3281,108.3336,Indonesia,ID,IDN,Jawa Barat,minor,99750,1360022009
Putatan,Putatan,14.3984,121.0364,Philippines,PH,PHL,Muntinlupa,,99725,1608160137
Alaminos,Alaminos,16.1553,119.9808,Philippines,PH,PHL,Pangasinan,,99397,1608828653
Bislig,Bislig,8.2133,126.3161,Philippines,PH,PHL,Surigao del Sur,,99290,1608693408
Malate,Malate,14.5642,120.9913,Philippines,PH,PHL,Manila,,99257,1608713259
Pili,Pili,13.5542,123.2753,Philippines,PH,PHL,Camarines Sur,,99196,1608921556
Hasilpur,Hasilpur,29.6917,72.5453,Pakistan,PK,PAK,Punjab,,99171,1586677874
Trincomalee,Trincomalee,8.5667,81.2333,Sri Lanka,LK,LKA,Eastern,admin,99135,1144417074
Sisophon,Sisophon,13.5839,102.9736,Cambodia,KH,KHM,Banteay Meanchey,admin,99019,1116276411
Paoy Paet,Paoy Paet,13.65,102.5667,Cambodia,KH,KHM,Banteay Meanchey,,98934,1116750944
Uch Sharif,Uch Sharif,29.2333,71.0667,Pakistan,PK,PAK,Punjab,,98852,1586285059
Oton,Oton,10.6931,122.4736,Philippines,PH,PHL,Iloilo,,98509,1608471718
M’lang,M'lang,6.95,124.88,Philippines,PH,PHL,Cotabato,,98195,1608858911
Catarman,Catarman,12.4994,124.6328,Philippines,PH,PHL,Northern Samar,admin,97879,1608432162
Janakpur,Janakpur,26.7122,85.9217,Nepal,NP,NPL,Madhesh,admin,97776,1524563587
Kambar,Kambar,27.9833,68.65,Pakistan,PK,PAK,Sindh,,97691,1586424773
Isulan,Isulan,6.63,124.6,Philippines,PH,PHL,Sultan Kudarat,admin,97490,1608085930
Attock Khurd,Attock Khurd,33.7667,72.3667,Pakistan,PK,PAK,Punjab,,97374,1586388059
Harnai,Harnai,30.1,67.9378,Pakistan,PK,PAK,Balochistan,,97017,1586618193
Tomohon,Tomohon,1.325,124.8389,Indonesia,ID,IDN,Sulawesi Utara,minor,96411,1360014714
Escalante,Escalante,10.83,123.5,Philippines,PH,PHL,Negros Occidental,,96159,1608433743
Chārīkār,Charikar,35.0131,69.1689,Afghanistan,AF,AFG,Parwān,admin,96093,1004817775
Muzaffarabad,Muzaffarabad,34.3583,73.4722,Pakistan,PK,PAK,Azad Kashmir,,96000,1586389158
Balayan,Balayan,13.93,120.73,Philippines,PH,PHL,Batangas,,95913,1608903029
Arifwala,Arifwala,30.2981,73.0561,Pakistan,PK,PAK,Punjab,,95655,1586262431
Balamban,Balamban,10.47,123.78,Philippines,PH,PHL,Cebu,,95136,1608443221
Labuan,Labuan,5.2803,115.2475,Malaysia,MY,MYS,Labuan,admin,95120,1458460967
Mianwali,Mianwali,32.5853,71.5436,Pakistan,PK,PAK,Punjab,minor,95007,1586006907
Sibolga,Sibolga,1.74,98.78,Indonesia,ID,IDN,Sumatera Utara,,94971,1360021193
Lopez,Lopez,13.884,122.2604,Philippines,PH,PHL,Quezon,,94657,1608026330
Gerona,Gerona,15.6069,120.5986,Philippines,PH,PHL,Tarlac,,94485,1608730066
Monkayo,Monkayo,7.8239,126.0536,Philippines,PH,PHL,Davao de Oro,minor,93937,1608856677
Simeulu,Simeulu,2.63,96.09,Indonesia,ID,IDN,Aceh,,93762,1360154104
Daanbantayan,Daanbantayan,11.25,124,Philippines,PH,PHL,Cebu,,93502,1608517986
Lemery,Lemery,13.881,120.9127,Philippines,PH,PHL,Batangas,,93186,1608128712
Indanan,Indanan,6,120.97,Philippines,PH,PHL,Sulu,,93168,1608021703
Galle,Galle,6.0328,80.2156,Sri Lanka,LK,LKA,Southern,admin,93118,1144191486
Palimbang,Palimbang,6.22,124.2,Philippines,PH,PHL,Sultan Kudarat,,92828,1608177821
Ketapang,Ketapang,-1.85,109.9833,Indonesia,ID,IDN,Kalimantan Barat,minor,92755,1360864937
Sablayan,Sablayan,12.8428,120.775,Philippines,PH,PHL,Occidental Mindoro,,92598,1608764789
Tatakan,Tatakan,-6.1116,106.1036,Indonesia,ID,IDN,Banten,,92361,1360853285
Santa Barbara,Santa Barbara,16.0031,120.4008,Philippines,PH,PHL,Pangasinan,,92187,1608539009
Netrakona,Netrakona,24.8835,90.729,Bangladesh,BD,BGD,Mymensingh,,91936,1050803025
Shabqadar,Shabqadar,34.2054,71.5833,Pakistan,PK,PAK,Khyber Pakhtunkhwa,,91851,1586537331
Raub,Raub,3.7927,101.8423,Malaysia,MY,MYS,Pahang,,91731,1458881822
Goalundo Ghāt,Goalundo Ghat,23.7241,89.765,Bangladesh,BD,BGD,Dhaka,,91675,1050260023
Cisauk,Cisauk,-6.3333,106.65,Indonesia,ID,IDN,Jawa Barat,,91438,1360929502
Salaman,Salaman,6.6333,124.0667,Philippines,PH,PHL,Sultan Kudarat,,91344,1608705741
Pamekasan,Pamekasan,-7.1574,113.4718,Indonesia,ID,IDN,Jawa Timur,minor,91160,1360165118
Bauan,Bauan,13.7917,121.0085,Philippines,PH,PHL,Batangas,,90819,1608547248
Pantukan,Pantukan,7.1269,125.8975,Philippines,PH,PHL,Davao de Oro,,90786,1608894465
Pongotan,Pongotan,7.1269,125.8975,Philippines,PH,PHL,Davao de Oro,,90786,1608561205
Pinamalayan,Pinamalayan,13.0364,121.4889,Philippines,PH,PHL,Oriental Mindoro,,90383,1608931779
Nasatta,Nasatta,34.1022,71.7964,Pakistan,PK,PAK,Khyber Pakhtunkhwa,,90200,1586842057
Jalalpur Jattan,Jalalpur Jattan,32.6419,74.2033,Pakistan,PK,PAK,Punjab,,90130,1586822268
Victorias,Victorias,10.9,123.08,Philippines,PH,PHL,Negros Occidental,,90101,1608236440
Marudi,Marudi,4.1833,114.3167,Malaysia,MY,MYS,Sarawak,,90100,1458038564
Compostela,Compostela,7.67,126.08,Philippines,PH,PHL,Davao de Oro,,89884,1608079890
Bangkalan,Bangkalan,-7.0253,112.7519,Indonesia,ID,IDN,Jawa Timur,minor,89550,1360714643
Ipil,Ipil,7.7822,122.5867,Philippines,PH,PHL,Zamboanga Sibugay,admin,89401,1608307222
Surallah,Surallah,6.37,124.73,Philippines,PH,PHL,South Cotabato,,89340,1608974893
Polangui,Polangui,13.2922,123.4856,Philippines,PH,PHL,Albay,,89176,1608444152
Banga,Banga,6.3,124.78,Philippines,PH,PHL,South Cotabato,,89164,1608545440
Kalibo,Kalibo,11.7072,122.37,Philippines,PH,PHL,Aklan,admin,89127,1608268539
Hinigaran,Hinigaran,10.27,122.85,Philippines,PH,PHL,Negros Occidental,,88909,1608738002
Calabanga,Calabanga,13.7089,123.2161,Philippines,PH,PHL,Camarines Sur,,88906,1608274723
Passi,Passi,11.1,122.63,Philippines,PH,PHL,Iloilo,,88873,1608905309
Murcia,Murcia,10.6,123.03,Philippines,PH,PHL,Negros Occidental,,88868,1608306618
Bogo,Bogo,11.02,124,Philippines,PH,PHL,Cebu,,88867,1608673076
Bhakkar,Bhakkar,31.6278,71.0625,Pakistan,PK,PAK,Punjab,minor,88472,1586655125
Solana,Solana,17.6522,121.6914,Philippines,PH,PHL,Cagayan,,88445,1608155391
Echague,Echague,16.7056,121.6761,Philippines,PH,PHL,Isabela,,88410,1608221355
Aroroy,Aroroy,12.5125,123.3989,Philippines,PH,PHL,Masbate,,88351,1608024101
Prosperidad,Prosperidad,8.61,125.92,Philippines,PH,PHL,Agusan del Sur,admin,88321,1608461552
Alabel,Alabel,6.1023,125.2868,Philippines,PH,PHL,Sarangani,admin,88294,1608579431
Ban Laem Chabang,Ban Laem Chabang,13.0833,100.8833,Thailand,TH,THA,Chon Buri,,88271,1764108164
Jaffna,Jaffna,9.6647,80.0167,Sri Lanka,LK,LKA,North Central,admin,88138,1144005506
Tuban,Tuban,-6.9,112.05,Indonesia,ID,IDN,Jawa Timur,minor,87947,1360482232
Makilala,Makilala,6.97,125.08,Philippines,PH,PHL,Cotabato,,87927,1608709784
Baggao,Baggao,17.9347,121.7733,Philippines,PH,PHL,Cagayan,,87753,1608472700
Ende,Ende,-8.8333,121.65,Indonesia,ID,IDN,Nusa Tenggara Timur,minor,87723,1360796329
Calauan,Calauan,14.15,121.32,Philippines,PH,PHL,Laguna,,87693,1608352580
Baras,Baras,14.52,121.27,Philippines,PH,PHL,Rizal,,87637,1608108994
Western Bicutan,Western Bicutan,14.5094,121.0381,Philippines,PH,PHL,Taguig,,87508,1608357652
Maasin,Maasin,10.13,124.85,Philippines,PH,PHL,Southern Leyte,admin,87446,1608244406
San Fabian,San Fabian,16.15,120.45,Philippines,PH,PHL,La Union,,87428,1608702400
Chauk Azam,Chauk Azam,30.9648,71.217,Pakistan,PK,PAK,Punjab,,87376,1586262687
Calaca,Calaca,13.93,120.8131,Philippines,PH,PHL,Batangas,,87361,1608590026
Camiling,Camiling,15.6867,120.4131,Philippines,PH,PHL,Tarlac,,87319,1608136759
Bhola,Bhola,22.6833,90.65,Bangladesh,BD,BGD,Barishal,,87243,1050857393
Dipalpur,Dipalpur,30.6708,73.6533,Pakistan,PK,PAK,Punjab,,87176,1586506057
Binmaley,Binmaley,16.0323,120.269,Philippines,PH,PHL,Pangasinan,,86881,1608102609
Nabua,Nabua,13.4083,123.375,Philippines,PH,PHL,Camarines Sur,,86490,1608379220
Kalpitiya,Kalpitiya,8.2372,79.7628,Sri Lanka,LK,LKA,North Western,,86405,1144067438
Karanganyar,Karanganyar,-7.6033,110.9778,Indonesia,ID,IDN,Jawa Tengah,minor,86402,1360194209
Bantayan,Bantayan,11.2,123.73,Philippines,PH,PHL,Cebu,,86247,1608493740
Batticaloa,Batticaloa,7.717,81.7,Sri Lanka,LK,LKA,Eastern,,86227,1144464659
Cabiao,Cabiao,15.2522,120.8575,Philippines,PH,PHL,Nueva Ecija,,85862,1608607264
Guinobatan,Guinobatan,13.18,123.6,Philippines,PH,PHL,Albay,,85786,1608966710
Kharian,Kharian,32.8108,73.8647,Pakistan,PK,PAK,Punjab,,85765,1586004203
Pariaman,Pariaman,-0.6264,100.1178,Indonesia,ID,IDN,Sumatera Barat,minor,85485,1360811086
Batarasa,Batarasa,8.67,117.62,Philippines,PH,PHL,Palawan,,85439,1608320130
Tagaytay,Tagaytay,14.1,120.93,Philippines,PH,PHL,Cavite,,85330,1608593949
Dapitan,Dapitan,8.6549,123.4243,Philippines,PH,PHL,Zamboanga del Norte,,85202,1608014287
Pandacan,Pandacan,14.594,121.007,Philippines,PH,PHL,Manila,,84769,1608115179
Sumenep,Sumenep,-7.0049,113.8496,Indonesia,ID,IDN,Jawa Timur,minor,84656,1360439354
Sentani,Sentani,-2.5636,140.5146,Indonesia,ID,IDN,Papua,minor,84648,1360670830
Nabunturan,Nabunturan,7.6008,125.9656,Philippines,PH,PHL,Davao de Oro,admin,84340,1608879246
Bais,Bais,9.5907,123.1213,Philippines,PH,PHL,Negros Oriental,,84317,1608298426
Science City of Muñoz,Science City of Munoz,15.7153,120.9039,Philippines,PH,PHL,Nueva Ecija,,84308,1608795106
Athurugiriya,Athurugiriya,6.8687,79.9998,Sri Lanka,LK,LKA,Western,,84278,1144399714
Bangil,Bangil,-7.5978,112.7846,Indonesia,ID,IDN,Jawa Timur,minor,84240,1360140527
Heṭauḍā,Hetauda,27.4167,85.0333,Nepal,NP,NPL,Bāgmatī,admin,84000,1524551914
Bolinao,Bolinao,16.3881,119.8947,Philippines,PH,PHL,Pangasinan,,83979,1608471973
Baghlān,Baghlan,36.1328,68.7,Afghanistan,AF,AFG,Baghlān,minor,83490,1004943705
Taytay,Taytay,10.82,119.52,Philippines,PH,PHL,Palawan,,83357,1608175661
Maco,Maco,7.3619,125.8553,Philippines,PH,PHL,Davao de Oro,,83237,1608519654
Habiganj,Habiganj,24.3804,91.413,Bangladesh,BD,BGD,Sylhet,,83114,1050880972
Lakshmīpur,Lakshmipur,22.9443,90.8301,Bangladesh,BD,BGD,Chattogram,,83112,1050632014
Siaton,Siaton,9.07,123.03,Philippines,PH,PHL,Negros Oriental,,83082,1608000106
Kampong Trach,Kampong Trach,10.5585,104.4675,Cambodia,KH,KHM,Kampot,minor,83061,1116580812
San Antonio,San Antonio,15.3078,120.8533,Philippines,PH,PHL,Nueva Ecija,,83060,1608254250
Tual,Tual,-5.6368,132.7508,Indonesia,ID,IDN,Maluku,,82955,1360221504
Mabinay,Mabinay,9.73,122.92,Philippines,PH,PHL,Negros Oriental,,82953,1608313367
Wadala Sandhuan,Wadala Sandhuan,32.1833,74.4,Pakistan,PK,PAK,Punjab,,82835,1586959020
Tanjay,Tanjay,9.52,123.16,Philippines,PH,PHL,Negros Oriental,,82642,1608955515
Mian Channun,Mian Channun,30.45,72.3667,Pakistan,PK,PAK,Punjab,,82586,1586864091
Bhalwal,Bhalwal,32.2656,72.8994,Pakistan,PK,PAK,Punjab,,82556,1586233064
Calatrava,Calatrava,10.6,123.48,Philippines,PH,PHL,Negros Occidental,,82540,1608680606
Cukai,Cukai,4.2332,103.4479,Malaysia,MY,MYS,Terengganu,,82425,1458033606
Nakhon Sawan,Nakhon Sawan,15.7133,100.1353,Thailand,TH,THA,Nakhon Sawan,admin,82305,1764821078
Carmen,Carmen,7.3606,125.7064,Philippines,PH,PHL,Davao del Norte,,82018,1608601211
Ratodero,Ratodero,27.8,68.2833,Pakistan,PK,PAK,Sindh,,81935,1586891728
Jepara,Jepara,-6.5333,110.6667,Indonesia,ID,IDN,Jawa Tengah,minor,81920,1360703818
Ubay,Ubay,10.056,124.4729,Philippines,PH,PHL,Bohol,,81799,1608803591
Bhaktapur,Bhaktapur,27.6722,85.4278,Nepal,NP,NPL,,,81748,1524449093
Banco Filipino International Village,Banco Filipino International Village,14.4499,120.9996,Philippines,PH,PHL,Las Piñas,,81739,1608857586
Siasi,Siasi,5.5462,120.8145,Philippines,PH,PHL,Sulu,,81689,1608781969
Watampone,Watampone,-4.5386,120.3297,Indonesia,ID,IDN,Sulawesi Selatan,minor,81629,1360956480
Mandiraja Kulon,Mandiraja Kulon,-7.4722,109.5133,Indonesia,ID,IDN,Jawa Tengah,,81411,1360018564
Matalam,Matalam,7.08,124.9,Philippines,PH,PHL,Cotabato,,81355,1608220278
Buhi,Buhi,13.4347,123.5167,Philippines,PH,PHL,Camarines Sur,,81306,1608188485
Lambunao,Lambunao,11.05,122.48,Philippines,PH,PHL,Iloilo,,81236,1608674437
Bulacan,Bulacan,14.7928,120.8789,Philippines,PH,PHL,Bulacan,,81232,1608149284
Kapalong,Kapalong,7.5854,125.7052,Philippines,PH,PHL,Davao del Norte,,81068,1608204911
Dera Allahyar,Dera Allahyar,28.4167,68.1667,Pakistan,PK,PAK,Balochistan,minor,80908,1586853179
Kharan,Kharan,28.5833,65.4167,Pakistan,PK,PAK,Balochistan,minor,80806,1586588631
San Francisco,San Francisco,8.51,125.98,Philippines,PH,PHL,Agusan del Sur,,80760,1608328732
Malapatan,Malapatan,5.97,125.28,Philippines,PH,PHL,Sarangani,,80741,1608544416
Barili,Barili,10.12,123.53,Philippines,PH,PHL,Cebu,,80715,1608468753
Butterworth,Butterworth,5.4171,100.4,Malaysia,MY,MYS,Pulau Pinang,,80378,1458469233
Cabadbaran,Cabadbaran,9.12,125.53,Philippines,PH,PHL,Agusan del Norte,admin,80354,1608889253
Tagoloan,Tagoloan,8.53,124.75,Philippines,PH,PHL,Misamis Oriental,,80319,1608502082
Kathri,Kathri,26.4583,68.3192,Pakistan,PK,PAK,Sindh,,80000,1586828294
Jamshoro,Jamshoro,25.4244,68.2811,Pakistan,PK,PAK,Sindh,minor,80000,1586889028
Khewra,Khewra,32.65,73.0167,Pakistan,PK,PAK,Punjab,,80000,1586632141
San Jose,San Jose,13.8772,121.105,Philippines,PH,PHL,Batangas,,79868,1608353630
Paco,Paco,14.583,120.983,Philippines,PH,PHL,Manila,,79839,1608451394
Ban Map Ta Phut,Ban Map Ta Phut,12.7258,101.1722,Thailand,TH,THA,Rayong,,79773,1764852224
Poblacion,Poblacion,6.8,124.63,Philippines,PH,PHL,Sultan Kudarat,minor,79739,1608318645
Tissamaharama,Tissamaharama,6.2765,81.2865,Sri Lanka,LK,LKA,Southern,,79618,1144672530
Patikul,Patikul,6.07,121.1,Philippines,PH,PHL,Sulu,,79564,1608678238
Robles,Robles,10.35,123.07,Philippines,PH,PHL,Negros Occidental,,79492,1608534023
San Isidro,San Isidro,14.4685,121.0118,Philippines,PH,PHL,Parañaque,,79372,1608329833
Mangatarem,Mangatarem,15.7874,120.2921,Philippines,PH,PHL,Pangasinan,,79323,1608841442
Ban Talat Rangsit,Ban Talat Rangsit,13.9833,100.6167,Thailand,TH,THA,Pathum Thani,,79319,1764039814
Phuket,Phuket,7.8881,98.3975,Thailand,TH,THA,Phuket,admin,79308,1764327831
Ban Nong Prue,Ban Nong Prue,12.9228,100.9375,Thailand,TH,THA,Chon Buri,,79258,1764743967
Jaen,Jaen,15.3392,120.9069,Philippines,PH,PHL,Nueva Ecija,,79189,1608058419
Carmen,Carmen,7.2,124.78,Philippines,PH,PHL,Cotabato,,79140,1608666262
Subulussalam,Subulussalam,2.6422,98.0042,Indonesia,ID,IDN,Aceh,,78801,1360306114
Pagbilao,Pagbilao,13.972,121.687,Philippines,PH,PHL,Quezon,,78700,1608158304
Bauang,Bauang,16.53,120.33,Philippines,PH,PHL,La Union,,78449,1608237333
Dinga,Dinga,32.641,73.7243,Pakistan,PK,PAK,Punjab,,78422,1586527774
Pototan,Pototan,10.95,122.63,Philippines,PH,PHL,Iloilo,,78298,1608792754
Limay,Limay,14.5619,120.5983,Philippines,PH,PHL,Bataan,,78272,1608113327
Bamban,Bamban,15.2742,120.5669,Philippines,PH,PHL,Tarlac,,78260,1608808534
Argao,Argao,9.88,123.6,Philippines,PH,PHL,Cebu,minor,78187,1608797040
Macabebe,Macabebe,14.9081,120.7156,Philippines,PH,PHL,Pampanga,,78151,1608096291
Godāwari̇̄,Godawari,28.91,80.59,Nepal,NP,NPL,Sudūrpashchim,admin,78018,1524020578
Narra,Narra,9.28,118.42,Philippines,PH,PHL,Palawan,,77948,1608000798
Maumere,Maumere,-8.6222,122.2122,Indonesia,ID,IDN,Nusa Tenggara Timur,minor,77909,1360776014
Santa Catalina,Santa Catalina,9.3331,122.8658,Philippines,PH,PHL,Negros Oriental,,77501,1608085821
Hermosa,Hermosa,14.83,120.5,Philippines,PH,PHL,Bataan,,77443,1608543263
Ban Tha Khlong,Ban Tha Khlong,14.0894,100.6236,Thailand,TH,THA,Pathum Thani,,77243,1764699235
Pattoki,Pattoki,31.0167,73.85,Pakistan,PK,PAK,Punjab,,77210,1586235509
Harunabad,Harunabad,29.6097,73.1378,Pakistan,PK,PAK,Punjab,,77206,1586810051
Bustos,Bustos,14.95,120.92,Philippines,PH,PHL,Bulacan,,77199,1608938758
Kabacan,Kabacan,7.12,124.82,Philippines,PH,PHL,Cotabato,,77164,1608578355
Umingan,Umingan,15.9289,120.8419,Philippines,PH,PHL,Pangasinan,,77074,1608046328
Talakag,Talakag,8.2319,124.6025,Philippines,PH,PHL,Bukidnon,,77027,1608541231
Balagtas,Balagtas,14.8145,120.9085,Philippines,PH,PHL,Bulacan,,77018,1608000709
Balkh,Balkh,36.7581,66.8981,Afghanistan,AF,AFG,Balkh,minor,77000,1004654094
Bongabong,Bongabong,12.7469,121.4881,Philippines,PH,PHL,Oriental Mindoro,,76973,1608784210
Usta Muhammad,Usta Muhammad,28.1783,68.0431,Pakistan,PK,PAK,Balochistan,,76753,1586111836
Atambua,Atambua,-9.1061,124.8925,Indonesia,ID,IDN,Nusa Tenggara Timur,minor,76732,1360853693
Virac,Virac,13.58,124.23,Philippines,PH,PHL,Catanduanes,admin,76520,1608265120
Palo,Palo,11.1583,124.9917,Philippines,PH,PHL,Leyte,,76213,1608826823
Infanta,Infanta,14.7425,121.6494,Philippines,PH,PHL,Quezon,,76186,1608594453
Kahror Pakka,Kahror Pakka,29.6236,71.9167,Pakistan,PK,PAK,Punjab,,76098,1586974931
Manaoag,Manaoag,16.0439,120.4856,Philippines,PH,PHL,Pangasinan,,76045,1608599715
Sakon Nakhon,Sakon Nakhon,17.1564,104.1456,Thailand,TH,THA,Sakon Nakhon,admin,76000,1764476362
Toba Tek Singh,Toba Tek Singh,30.9711,72.4825,Pakistan,PK,PAK,Punjab,minor,75943,1586875835
Pilar,Pilar,12.9244,123.6756,Philippines,PH,PHL,Sorsogon,,75793,1608564166
Santa Rosa,Santa Rosa,15.4239,120.9389,Philippines,PH,PHL,Nueva Ecija,,75649,1608266790
Sehwan,Sehwan,26.4193,67.8594,Pakistan,PK,PAK,Sindh,,75167,1586916835
Pinamungahan,Pinamungahan,10.27,123.58,Philippines,PH,PHL,Cebu,,75131,1608414270
Mawatagama,Mawatagama,7.4322,80.4479,Sri Lanka,LK,LKA,North Western,,75081,1144574156
Libon,Libon,13.3,123.4333,Philippines,PH,PHL,Albay,,75073,1608618102
Bugallon,Bugallon,15.92,120.18,Philippines,PH,PHL,Pangasinan,,74962,1608802354
Ubud,Ubud,-8.5069,115.2624,Indonesia,ID,IDN,Bali,,74800,1360332409
Pozorrubio,Pozorrubio,16.12,120.55,Philippines,PH,PHL,Pangasinan,,74729,1608447063
Esperanza,Esperanza,6.7167,124.5167,Philippines,PH,PHL,Sultan Kudarat,,74696,1608191259
Mirpur Mathelo,Mirpur Mathelo,28.0167,69.5333,Pakistan,PK,PAK,Sindh,,74651,1586000335
Dalaguete,Dalaguete,9.7612,123.5349,Philippines,PH,PHL,Cebu,minor,74596,1608288277
Īṭahari̇̄,Itahari,26.6667,87.2833,Nepal,NP,NPL,,,74501,1524696654
Balingasag,Balingasag,8.75,124.78,Philippines,PH,PHL,Misamis Oriental,,74385,1608537192
Brookes Point,Brookes Point,8.78,117.83,Philippines,PH,PHL,Palawan,,73994,1608472411
Kahan,Kahan,29.2982,68.9023,Pakistan,PK,PAK,Balochistan,,73981,1586040347
Sarai Alamgir,Sarai Alamgir,32.9,73.75,Pakistan,PK,PAK,Punjab,,73967,1586338206
Singaparna,Singaparna,-7.3497,108.1106,Indonesia,ID,IDN,Jawa Barat,minor,73965,1360770818
Majalengka,Majalengka,-6.8353,108.2278,Indonesia,ID,IDN,Jawa Barat,minor,73948,1360611152
Samundri,Samundri,31.0625,72.9542,Pakistan,PK,PAK,Punjab,,73911,1586905223
Dumangas,Dumangas,10.83,122.72,Philippines,PH,PHL,Iloilo,,73899,1608791064
Alicia,Alicia,16.7787,121.6972,Philippines,PH,PHL,Isabela,,73874,1608136235
Bat Khela,Bat Khela,34.62,71.97,Pakistan,PK,PAK,Khyber Pakhtunkhwa,,73525,1586033847
Tupi,Tupi,6.33,124.95,Philippines,PH,PHL,South Cotabato,,73459,1608022150
Lala,Lala,7.97,123.75,Philippines,PH,PHL,Lanao del Norte,,73425,1608312825
Jose Abad Santos,Jose Abad Santos,5.92,125.65,Philippines,PH,PHL,Davao Occidental,,73381,1608681407
Ban Plai Bua Phatthana,Ban Plai Bua Phatthana,13.9032,100.3989,Thailand,TH,THA,Pathum Thani,,73369,1764928382
Bagan Si Api-api,Bagan Si Api-api,2.1667,100.8167,Indonesia,ID,IDN,Riau,minor,73360,1360940689
Shakargarh,Shakargarh,32.2628,75.1583,Pakistan,PK,PAK,Punjab,,73160,1586086639
Bula,Bula,13.4694,123.2775,Philippines,PH,PHL,Camarines Sur,,73143,1608911288
Catanauan,Catanauan,13.5917,122.325,Philippines,PH,PHL,Quezon,,72752,1608072794
Carles,Carles,11.57,123.13,Philippines,PH,PHL,Iloilo,,72637,1608210040
Sanwal,Sanwal,27.63,83.65,Nepal,NP,NPL,Lumbinī,,72621,1524197976
San Dionisio,San Dionisio,14.4839,120.9925,Philippines,PH,PHL,Parañaque,,72522,1608848150
Weligama,Weligama,5.975,80.4297,Sri Lanka,LK,LKA,Southern,,72511,1144776498
Nepālgañj,Nepalganj,28.05,81.6167,Nepal,NP,NPL,,,72503,1524207917
Tangalla,Tangalla,6.024,80.7911,Sri Lanka,LK,LKA,Southern,,72500,1144402312
Bacacay,Bacacay,13.2925,123.7917,Philippines,PH,PHL,Albay,,72485,1608847770
Sipalay,Sipalay,9.75,122.4,Philippines,PH,PHL,Negros Occidental,,72448,1608396492
Dambulla,Dambulla,7.86,80.6517,Sri Lanka,LK,LKA,Central,,72306,1144340825
Oroquieta,Oroquieta,8.48,123.8,Philippines,PH,PHL,Misamis Occidental,admin,72301,1608239509
San Fernando,San Fernando,10.17,123.7,Philippines,PH,PHL,Cebu,,72224,1608073409
Camalig,Camalig,13.13,123.67,Philippines,PH,PHL,Albay,,72042,1608361656
Sakrand,Sakrand,26.1381,68.2731,Pakistan,PK,PAK,Sindh,,72040,1586485600
Borongan,Borongan,11.6094,125.4361,Philippines,PH,PHL,Eastern Samar,admin,71961,1608990192
Gumaca,Gumaca,13.921,122.1002,Philippines,PH,PHL,Quezon,,71942,1608989555
Calauag,Calauag,13.9575,122.2875,Philippines,PH,PHL,Quezon,,71809,1608371509
Kresek,Kresek,-6.1314,106.38,Indonesia,ID,IDN,Jawa Barat,,71795,1360535530
Sambrial,Sambrial,32.16,74.4,Pakistan,PK,PAK,Punjab,,71766,1586539893
Mānikganj,Manikganj,23.8614,90.0003,Bangladesh,BD,BGD,Dhaka,,71698,1050452657
Tarīn Kōṯ,Tarin Kot,32.6267,65.8733,Afghanistan,AF,AFG,Uruzgān,admin,71604,1004893931
Pililla,Pililla,14.48,121.3,Philippines,PH,PHL,Rizal,,71535,1608814633
Parang,Parang,5.92,120.92,Philippines,PH,PHL,Sulu,,71495,1608491577
Binalbagan,Binalbagan,10.2,122.87,Philippines,PH,PHL,Negros Occidental,,71407,1608949607
Goa,Goa,13.6983,123.4889,Philippines,PH,PHL,Camarines Sur,,71368,1608724845
Talibon,Talibon,10.12,124.28,Philippines,PH,PHL,Bohol,,71272,1608420317
Waingapu,Waingapu,-9.65,120.2667,Indonesia,ID,IDN,Nusa Tenggara Timur,minor,71218,1360882365
Morong,Morong,14.5127,121.2385,Philippines,PH,PHL,Rizal,,71151,1608636821
Hala,Hala,25.81,68.43,Pakistan,PK,PAK,Sindh,,71094,1586002765
Sihanoukville,Sihanoukville,10.6333,103.5,Cambodia,KH,KHM,Preah Sihanouk,admin,71082,1116098692
Mauban,Mauban,14.1911,121.7308,Philippines,PH,PHL,Quezon,,71081,1608083644
Alabang,Alabang,14.4184,121.0385,Philippines,PH,PHL,Muntinlupa,,71075,1608950948
Samraong,Samraong,14.25,103.5833,Cambodia,KH,KHM,Oddar Meanchey,admin,70944,1116989175
Gwadar,Gwadar,25.1264,62.3225,Pakistan,PK,PAK,Balochistan,minor,70852,1586857142
Tumauini,Tumauini,17.27,121.8,Philippines,PH,PHL,Isabela,,70743,1608685501
Gardēz,Gardez,33.6,69.2169,Afghanistan,AF,AFG,Paktiyā,admin,70641,1004468894
Poblacion,Poblacion,10.25,123.95,Philippines,PH,PHL,Cebu,,70595,1608772527
Shujaabad,Shujaabad,29.8792,71.3028,Pakistan,PK,PAK,Punjab,,70595,1586679997
Kaukhāli,Kaukhali,22.6333,90.0667,Bangladesh,BD,BGD,Barishal,,70515,1050299194
Pavia,Pavia,10.775,122.5417,Philippines,PH,PHL,Iloilo,,70388,1608401350
Aliaga,Aliaga,15.5036,120.845,Philippines,PH,PHL,Nueva Ecija,,70363,1608044866
Orani,Orani,14.8,120.53,Philippines,PH,PHL,Bataan,,70342,1608338403
Hujra Shah Muqim,Hujra Shah Muqim,30.7333,73.8167,Pakistan,PK,PAK,Punjab,,70204,1586402344
Rizal,Rizal,15.71,121.1047,Philippines,PH,PHL,Nueva Ecija,,70196,1608031788
Tinambac,Tinambac,13.8183,123.3244,Philippines,PH,PHL,Camarines Sur,,70176,1608308136
San Antonio,San Antonio,14.4656,121.0311,Philippines,PH,PHL,Parañaque,,70134,1608229793
Kabirwala,Kabirwala,30.2,70.43,Pakistan,PK,PAK,Punjab,,70123,1586254267
Ko Samui,Ko Samui,9.5,100,Thailand,TH,THA,Surat Thani,minor,70059,1764771934
Talamba,Talamba,30.5255,72.2398,Pakistan,PK,PAK,Punjab,,70000,1586391761
Raha Tiga,Raha Tiga,-4.8311,122.7239,Indonesia,ID,IDN,Sulawesi Tenggara,,69980,1360037142
Raha,Raha,-4.8311,122.7239,Indonesia,ID,IDN,Sulawesi Tenggara,minor,69980,1360221477
Rohri,Rohri,27.6831,68.9,Pakistan,PK,PAK,Sindh,,69920,1586107565
Chiang Rai,Chiang Rai,19.9094,99.8275,Thailand,TH,THA,Chiang Rai,admin,69888,1764748484
Ratnanagar,Ratnanagar,27.5833,84.5,Nepal,NP,NPL,,,69851,1524017473
Roxas,Roxas,10.3197,119.3408,Philippines,PH,PHL,Palawan,,69624,1608957509
Victoria,Victoria,15.5781,120.6819,Philippines,PH,PHL,Tarlac,,69370,1608954565
Don Carlos,Don Carlos,7.6808,124.9953,Philippines,PH,PHL,Bukidnon,,69273,1608683274
Cawayan,Cawayan,11.9303,123.7689,Philippines,PH,PHL,Masbate,,69265,1608114662
Mansehra,Mansehra,34.3339,73.2014,Pakistan,PK,PAK,Khyber Pakhtunkhwa,minor,69085,1586902336
San Pascual,San Pascual,13.8,121.03,Philippines,PH,PHL,Batangas,,69009,1608710457
La Paz,La Paz,15.4431,120.7289,Philippines,PH,PHL,Tarlac,,68952,1608056666
Bagumbayan,Bagumbayan,6.5339,124.5633,Philippines,PH,PHL,Maguindanao,,68947,1608205674
Buenavista,Buenavista,8.97,125.41,Philippines,PH,PHL,Agusan del Norte,,68892,1608153897
Aparri,Aparri,18.3575,121.6372,Philippines,PH,PHL,Cagayan,,68839,1608370398
Indang,Indang,14.2,120.88,Philippines,PH,PHL,Cavite,,68699,1608838014
Alamada,Alamada,7.3868,124.5534,Philippines,PH,PHL,Cotabato,,68659,1608117314
Solok,Solok,-0.7997,100.6661,Indonesia,ID,IDN,Sumatera Barat,,68602,1360178406
San Leonardo,San Leonardo,15.3611,120.9622,Philippines,PH,PHL,Nueva Ecija,,68536,1608550688
Ubon Ratchathani,Ubon Ratchathani,15.2281,104.8594,Thailand,TH,THA,Ubon Ratchathani,admin,68477,1764611048
Mamungan,Mamungan,8.12,124.22,Philippines,PH,PHL,Lanao del Norte,,68465,1608275086
Tangub,Tangub,8.0667,123.75,Philippines,PH,PHL,Misamis Occidental,,68389,1608158776
Bardi̇̄bās,Bardibas,26.9917,85.8917,Nepal,NP,NPL,,,68353,1524003789
Matara,Matara,5.95,80.5333,Sri Lanka,LK,LKA,Southern,,68244,1144127163
Sipocot,Sipocot,13.7675,122.9783,Philippines,PH,PHL,Camarines Sur,,68169,1608134009
Tuburan,Tuburan,10.73,123.83,Philippines,PH,PHL,Cebu,,68167,1608192465
Miagao,Miagao,10.6442,122.2352,Philippines,PH,PHL,Iloilo,,68115,1608200248
Cuyapo,Cuyapo,15.7778,120.6608,Philippines,PH,PHL,Nueva Ecija,,68066,1608467809
Putrajaya,Putrajaya,2.914,101.7019,Malaysia,MY,MYS,Putrajaya,primary,67964,1458000206
Castillejos,Castillejos,14.93,120.2,Philippines,PH,PHL,Zambales,,67889,1608611623
Bayombong,Bayombong,16.48,121.15,Philippines,PH,PHL,Nueva Vizcaya,admin,67714,1608066874
Santa Barbara,Santa Barbara,10.8231,122.5344,Philippines,PH,PHL,Iloilo,,67630,1608991655
Banepā,Banepa,27.6333,85.5167,Nepal,NP,NPL,,,67629,1524404748
Taman Senai,Taman Senai,1.6006,103.6419,Malaysia,MY,MYS,Johor,,67440,1458142462
Lala Musa,Lala Musa,32.7003,73.9578,Pakistan,PK,PAK,Punjab,,67283,1586484801
Bay,Bay,14.18,121.28,Philippines,PH,PHL,Laguna,,67182,1608468352
Pikit,Pikit,7.05,124.67,Philippines,PH,PHL,Cotabato,,67024,1608218990
Lupon,Lupon,6.8969,126.0117,Philippines,PH,PHL,Davao Oriental,minor,66979,1608289249
Bongabon,Bongabon,15.6321,121.1448,Philippines,PH,PHL,Nueva Ecija,,66839,1608482440
Janiuay,Janiuay,10.95,122.5,Philippines,PH,PHL,Iloilo,,66786,1608317775
Botolan,Botolan,15.2896,120.0245,Philippines,PH,PHL,Zambales,,66739,1608875011
Rosales,Rosales,15.8944,120.6328,Philippines,PH,PHL,Pangasinan,,66711,1608568753
La Carlota,La Carlota,10.42,122.92,Philippines,PH,PHL,Negros Occidental,,66664,1608234277
San Mateo,San Mateo,16.88,121.58,Philippines,PH,PHL,Isabela,,66663,1608259452
Opol,Opol,8.52,124.57,Philippines,PH,PHL,Misamis Oriental,,66327,1608552657
Kampung Tengah,Kampung Tengah,1.4836,101.9561,Indonesia,ID,IDN,Riau,,66211,1360731304
Bengkalis,Bengkalis,1.4897,102.0797,Indonesia,ID,IDN,Riau,minor,66211,1360245964
Ban Suan,Ban Suan,13.3516,101.0082,Thailand,TH,THA,Chon Buri,,66092,1764305340
Oas,Oas,13.2589,123.4953,Philippines,PH,PHL,Albay,,66084,1608286760
Wamena,Wamena,-4.0975,138.9511,Indonesia,ID,IDN,Papua Pegunungan,admin,66080,1360024872
Agoo,Agoo,16.322,120.3647,Philippines,PH,PHL,La Union,,66028,1608343645
Taman Johor Jaya,Taman Johor Jaya,1.5392,103.8092,Malaysia,MY,MYS,Johor,,66000,1458837224
Hua Hin,Hua Hin,12.5686,99.9578,Thailand,TH,THA,Prachuap Khiri Khan,minor,65983,1764352388
Lantapan,Lantapan,8,125.0233,Philippines,PH,PHL,Bukidnon,,65974,1608127977
Lahat,Lahat,-3.8,103.5333,Indonesia,ID,IDN,Sumatera Selatan,minor,65906,1360094721
Coron,Coron,12,120.2,Philippines,PH,PHL,Palawan,,65855,1608577211
Roxas,Roxas,17.12,121.62,Philippines,PH,PHL,Isabela,,65839,1608794677
Kiamba,Kiamba,5.9912,124.6257,Philippines,PH,PHL,Sarangani,,65774,1608301851
San Remigio,San Remigio,11,123.95,Philippines,PH,PHL,Cebu,,65744,1608661314
Ruteng,Ruteng,-8.6127,120.463,Indonesia,ID,IDN,Nusa Tenggara Timur,minor,65694,1360084520
Lutayan,Lutayan,6.6,124.85,Philippines,PH,PHL,Maguindanao,,65644,1608798193
Angat,Angat,14.9281,121.0293,Philippines,PH,PHL,Bulacan,,65617,1608108649
Kirtipur,Kirtipur,27.6667,85.2833,Nepal,NP,NPL,,,65602,1524402867
Kronjo,Kronjo,-6.0667,106.4167,Indonesia,ID,IDN,Jawa Barat,,65599,1360000841
Solano,Solano,16.5183,121.1811,Philippines,PH,PHL,Nueva Vizcaya,,65287,1608750917
Quezon,Quezon,9.235,117.9967,Philippines,PH,PHL,Palawan,,65283,1608588871
Tigbauan,Tigbauan,10.6747,122.3776,Philippines,PH,PHL,Iloilo,,65245,1608641668
Pateros,Pateros,14.5448,121.0671,Philippines,PH,PHL,,,65227,1608860224
San Jose,San Jose,10.7433,121.9411,Philippines,PH,PHL,Antique,admin,65140,1608138574
Toboali,Toboali,-2.9997,106.4656,Indonesia,ID,IDN,Kepulauan Bangka Belitung,,65138,1360078937
Villasis,Villasis,15.9,120.58,Philippines,PH,PHL,Pangasinan,,65047,1608468696
Bāzār-e Yakāwlang,Bazar-e Yakawlang,34.7333,66.9667,Afghanistan,AF,AFG,Bāmyān,,65000,1004505407
Patuakhāli,Patuakhali,22.2591,90.3184,Bangladesh,BD,BGD,Khulna,,65000,1050608887
Saidu Sharif,Saidu Sharif,34.75,72.3572,Pakistan,PK,PAK,Khyber Pakhtunkhwa,minor,65000,1586619596
Maasin,Maasin,5.87,125,Philippines,PH,PHL,Sarangani,,64940,1608825863
Kolonnawa,Kolonnawa,6.9329,79.8848,Sri Lanka,LK,LKA,Western,,64887,1144205591
Nagcarlan,Nagcarlan,14.1364,121.4165,Philippines,PH,PHL,Laguna,,64866,1608123291
Faīẕābād,Faizabad,37.1166,70.58,Afghanistan,AF,AFG,Badakhshān,admin,64704,1004452653
Meulaboh,Meulaboh,4.1333,96.1167,Indonesia,ID,IDN,Aceh,minor,64646,1360010778
Isabela,Isabela,10.2,122.98,Philippines,PH,PHL,Negros Occidental,,64516,1608475400
Hilongos,Hilongos,10.37,124.75,Philippines,PH,PHL,Leyte,,64514,1608448862
Chunian,Chunian,31.0167,73.85,Pakistan,PK,PAK,Punjab,,64386,1586655697
Malvar,Malvar,14.0417,121.1583,Philippines,PH,PHL,Batangas,,64379,1608841812
Sibulan,Sibulan,9.35,123.28,Philippines,PH,PHL,Negros Oriental,,64343,1608031686
Saravia,Saravia,10.88,122.97,Philippines,PH,PHL,Negros Occidental,,64290,1608260082
Atimonan,Atimonan,14.0036,121.9199,Philippines,PH,PHL,Quezon,,64260,1608726423
Rayong,Rayong,12.6742,101.2789,Thailand,TH,THA,Rayong,admin,64256,1764920057
Qal‘ah-ye Now,Qal`ah-ye Now,34.9867,63.1292,Afghanistan,AF,AFG,Bādghīs,admin,64125,1004947440
Talagang,Talagang,32.9278,72.4111,Pakistan,PK,PAK,Punjab,,64083,1586379973
Teresa,Teresa,14.5586,121.2083,Philippines,PH,PHL,Rizal,,64072,1608949971
Kashmor,Kashmor,28.26,69.35,Pakistan,PK,PAK,Sindh,,63984,1586006545
Tuao,Tuao,17.735,121.4553,Philippines,PH,PHL,Cagayan,,63970,1608369053
Santa Cruz,Santa Cruz,15.77,119.92,Philippines,PH,PHL,Zambales,,63839,1608192524
Sibalom,Sibalom,10.7883,122.0175,Philippines,PH,PHL,Antique,,63833,1608887661
Ambarawa,Ambarawa,-7.2667,110.4,Indonesia,ID,IDN,Jawa Tengah,,63725,1360693146
Jose Pañganiban,Jose Panganiban,14.2922,122.6928,Philippines,PH,PHL,Camarines Norte,,63662,1608483049
Tanjung Selor,Tanjung Selor,2.85,117.3833,Indonesia,ID,IDN,Kalimantan Utara,admin,63588,1360029270
Bhairāhawā,Bhairahawa,27.5,83.45,Nepal,NP,NPL,Lumbinī,minor,63483,1524444140
Akurana,Akurana,7.3667,80.6167,Sri Lanka,LK,LKA,Central,,63397,1144063686
Sumbawa Besar,Sumbawa Besar,-8.5,117.4167,Indonesia,ID,IDN,Nusa Tenggara Barat,minor,63362,1360601862
Galgamuwa,Galgamuwa,8,80.2831,Sri Lanka,LK,LKA,North Western,,63273,1144102254
Ban Lam Sam Kaeo,Ban Lam Sam Kaeo,13.9728,100.6511,Thailand,TH,THA,Pathum Thani,,63271,1764012428
Anuradhapura,Anuradhapura,8.335,80.4108,Sri Lanka,LK,LKA,Northern,admin,63208,1144764835
Nankana Sahib,Nankana Sahib,31.45,73.7067,Pakistan,PK,PAK,Punjab,,63073,1586529540
San Fernando,San Fernando,7.9178,125.3286,Philippines,PH,PHL,Bukidnon,,63045,1608257172
Calinog,Calinog,11.13,122.5,Philippines,PH,PHL,Iloilo,,62853,1608343887
Moncada,Moncada,15.7331,120.5725,Philippines,PH,PHL,Tarlac,,62819,1608310036
Gampaha,Gampaha,7.0897,79.9925,Sri Lanka,LK,LKA,Western,,62797,1144612731
Bansalan,Bansalan,6.78,125.22,Philippines,PH,PHL,Davao del Sur,,62737,1608747221
Tandag,Tandag,9.0789,126.1986,Philippines,PH,PHL,Surigao del Sur,admin,62669,1608155856
Kapatagan,Kapatagan,7.9,123.77,Philippines,PH,PHL,Lanao del Norte,,62571,1608715438
Phalia,Phalia,32.4328,73.5778,Pakistan,PK,PAK,Punjab,,62453,1586011713
Panchari Bazar,Panchari Bazar,23.2867,91.9027,Bangladesh,BD,BGD,Chattogram,,62198,1050934898
Bannu,Bannu,32.9864,70.6044,Pakistan,PK,PAK,Khyber Pakhtunkhwa,minor,62191,1586858934
Aurora,Aurora,13.35,122.52,Philippines,PH,PHL,Quezon,,62097,1608074830
Cambanugoy,Cambanugoy,7.5386,125.7508,Philippines,PH,PHL,Davao del Norte,,61893,1608478243
Nakhyaungcharīpāra,Nakhyaungcharipara,21.4281,92.1779,Bangladesh,BD,BGD,Chattogram,,61788,1050252175
Songkhla,Songkhla,7.2061,100.5967,Thailand,TH,THA,Songkhla,admin,61758,1764543650
Santa Ana,Santa Ana,15.0939,120.7681,Philippines,PH,PHL,Pampanga,,61537,1608719510
Itogon,Itogon,16.37,120.67,Philippines,PH,PHL,Benguet,,61498,1608685404
Baao,Baao,13.4535,123.3654,Philippines,PH,PHL,Camarines Sur,,61493,1608696551
Taal,Taal,13.88,120.93,Philippines,PH,PHL,Batangas,,61460,1608961915
Candon,Candon,17.1958,120.4489,Philippines,PH,PHL,Ilocos Sur,,61432,1608761578
Sawahlunto,Sawahlunto,-0.6667,100.7833,Indonesia,ID,IDN,Sumatera Barat,,61427,1360188622
Tunasan,Tunasan,14.3725,121.0364,Philippines,PH,PHL,Muntinlupa,,61374,1608804779
Abuyog,Abuyog,10.7458,125.0122,Philippines,PH,PHL,Leyte,,61216,1608485452
Cabatuan,Cabatuan,10.88,122.48,Philippines,PH,PHL,Iloilo,,61110,1608225814
Santo Domingo,Santo Domingo,15.59,120.8786,Philippines,PH,PHL,Nueva Ecija,,61092,1608625033
Tulunan,Tulunan,6.83,124.88,Philippines,PH,PHL,Cotabato,,60978,1608290320
Chachoengsao,Chachoengsao,13.6903,101.0703,Thailand,TH,THA,Chachoengsao,admin,60893,1764632382
Jinoba-an,Jinoba-an,9.6018,122.4668,Philippines,PH,PHL,Negros Occidental,,60865,1608549313
Saraburi,Saraburi,14.5286,100.9114,Thailand,TH,THA,Saraburi,admin,60809,1764111243
Orion,Orion,14.6206,120.5817,Philippines,PH,PHL,Bataan,,60771,1608943799
Castilla,Castilla,12.9553,123.8764,Philippines,PH,PHL,Sorsogon,,60635,1608283593
Yala,Yala,6.5425,101.2831,Thailand,TH,THA,Yala,admin,60617,1764430323
Laoang,Laoang,12.57,125.02,Philippines,PH,PHL,Northern Samar,,60607,1608435487
Tigaon,Tigaon,13.6319,123.4975,Philippines,PH,PHL,Camarines Sur,,60524,1608875000
Matanao,Matanao,6.75,125.23,Philippines,PH,PHL,Davao del Sur,,60493,1608710140
Lalmanirhat,Lalmanirhat,25.9172,89.4459,Bangladesh,BD,BGD,Rangpur,,60322,1050802394
Gubat,Gubat,12.9189,124.1231,Philippines,PH,PHL,Sorsogon,,60294,1608486429
Rosario,Rosario,16.23,120.48,Philippines,PH,PHL,La Union,,60278,1608229457
Paracale,Paracale,14.2797,122.7869,Philippines,PH,PHL,Camarines Norte,,60198,1608056397
San Mariano,San Mariano,16.98,122.02,Philippines,PH,PHL,Isabela,,60124,1608181731
Samut Sakhon,Samut Sakhon,13.5486,100.2775,Thailand,TH,THA,Samut Sakhon,admin,60103,1764502057
Malay,Malay,11.8997,121.9094,Philippines,PH,PHL,Aklan,,60077,1608537061
Pirojpur,Pirojpur,22.5796,89.9752,Bangladesh,BD,BGD,Barishal,,60056,1050919505
Kratie,Kratie,12.4881,106.0188,Cambodia,KH,KHM,Kratie,admin,60000,1116453792
Faruka,Faruka,31.8853,72.4153,Pakistan,PK,PAK,Punjab,,60000,1586537346
Obando,Obando,14.7083,120.9375,Philippines,PH,PHL,Bulacan,,59978,1608662635
Arankhola,Arankhola,24.6928,90.0806,Bangladesh,BD,BGD,Dhaka,,59895,1050000837
Trang,Trang,7.5575,99.6103,Thailand,TH,THA,Trang,admin,59894,1764343817
Sigaboy,Sigaboy,6.6536,126.0717,Philippines,PH,PHL,Davao Oriental,,59891,1608254982
Ilog,Ilog,10.03,122.77,Philippines,PH,PHL,Negros Occidental,,59855,1608971808
Ragay,Ragay,13.8217,122.7897,Philippines,PH,PHL,Camarines Sur,,59770,1608263758
Kananya,Kananya,11.1856,124.5597,Philippines,PH,PHL,Leyte,,59696,1608771995
Medellin,Medellin,11.1286,123.9622,Philippines,PH,PHL,Cebu,,59605,1608853186
Maimbung,Maimbung,5.93,121.03,Philippines,PH,PHL,Sulu,,59597,1608928235
Ban Bang Kaeo,Ban Bang Kaeo,13,38,Thailand,TH,THA,Samut Prakan,,59478,1764813354
Esperanza,Esperanza,8.68,125.65,Philippines,PH,PHL,Agusan del Sur,,59353,1608011025
Alfonso,Alfonso,14.1379,120.8552,Philippines,PH,PHL,Cavite,,59306,1608847500
Gaibandha,Gaibandha,25.329,89.5415,Bangladesh,BD,BGD,Rangpur,minor,59289,1050299100
Irosin,Irosin,12.705,124.0319,Philippines,PH,PHL,Sorsogon,,59267,1608326292
San Francisco,San Francisco,10.65,124.35,Philippines,PH,PHL,Cebu,,59236,1608306591
San Simon,San Simon,14.998,120.78,Philippines,PH,PHL,Pampanga,,59182,1608210651
Mansalay,Mansalay,12.5204,121.4385,Philippines,PH,PHL,Oriental Mindoro,,59114,1608124573
Upi,Upi,7.0106,124.1629,Philippines,PH,PHL,Maguindanao,,59004,1608496674
Gattaran,Gattaran,18.0611,121.6453,Philippines,PH,PHL,Cagayan,,58874,1608571054
Roxas,Roxas,12.58,121.5,Philippines,PH,PHL,Oriental Mindoro,,58849,1608811315
Ban Rangsit,Ban Rangsit,14.0167,100.75,Thailand,TH,THA,Pathum Thani,,58838,1764251181
Canlaon,Canlaon,10.38,123.2,Philippines,PH,PHL,Negros Oriental,,58822,1608924591
El Salvador,El Salvador,8.57,124.52,Philippines,PH,PHL,Misamis Oriental,,58771,1608813941
Calatagan,Calatagan,13.8322,120.6322,Philippines,PH,PHL,Batangas,,58719,1608624641
Baganga,Baganga,7.5752,126.5585,Philippines,PH,PHL,Davao Oriental,,58714,1608125933
Pasrur,Pasrur,32.2637,74.6628,Pakistan,PK,PAK,Punjab,,58644,1586432904
Raharpur,Raharpur,24.8194,88.325,Bangladesh,BD,BGD,Rājshāhi,,58624,1050222103
San Luis,San Luis,15.04,120.7919,Philippines,PH,PHL,Pampanga,,58551,1608207383
Ibaan,Ibaan,13.8176,121.133,Philippines,PH,PHL,Batangas,,58507,1608946525
Chaiyaphum,Chaiyaphum,15.8056,102.0311,Thailand,TH,THA,Chaiyaphum,admin,58350,1764784757
Palompon,Palompon,11.05,124.38,Philippines,PH,PHL,Leyte,,58313,1608156798
Pursat,Pursat,12.5337,103.9167,Cambodia,KH,KHM,Pursat,admin,58255,1116566865
Naval,Naval,11.58,124.45,Philippines,PH,PHL,Biliran,admin,58187,1608929611
Barotac Nuevo,Barotac Nuevo,10.9,122.7,Philippines,PH,PHL,Iloilo,,58176,1608457314
Lampang,Lampang,18.3,99.5,Thailand,TH,THA,Lampang,admin,58074,1764081847
Timargara,Timargara,34.8278,71.8417,Pakistan,PK,PAK,Khyber Pakhtunkhwa,minor,58050,1586843763
Lop Buri,Lop Buri,14.8,100.6269,Thailand,TH,THA,Lop Buri,admin,58000,1764574750
Masantol,Masantol,14.9,120.72,Philippines,PH,PHL,Pampanga,,57990,1608226462
New Corella,New Corella,7.5866,125.8237,Philippines,PH,PHL,Davao del Norte,,57913,1608906825
Cogan,Cogan,10.58,123.97,Philippines,PH,PHL,Cebu,,57897,1608004314
Dumanjog,Dumanjog,10.05,123.48,Philippines,PH,PHL,Cebu,,57823,1608704492
Asingan,Asingan,16.0023,120.6695,Philippines,PH,PHL,Pangasinan,,57811,1608557401
Dompu,Dompu,-8.5364,118.4633,Indonesia,ID,IDN,Nusa Tenggara Barat,minor,57680,1360208134
Taliwang,Taliwang,-8.7336,116.8667,Indonesia,ID,IDN,Nusa Tenggara Barat,minor,57540,1360014762
Milagros,Milagros,12.2192,123.5089,Philippines,PH,PHL,Masbate,,57538,1608783254
Santa Maria,Santa Maria,6.55,125.47,Philippines,PH,PHL,Davao del Sur,,57526,1608601046
Tanauan,Tanauan,11.12,125.02,Philippines,PH,PHL,Leyte,,57455,1608895946
Buluan,Buluan,6.7154,124.7854,Philippines,PH,PHL,,admin,57406,1608130728
Boac,Boac,13.45,121.83,Philippines,PH,PHL,Marinduque,admin,57283,1608972476
Cupang,Cupang,14.4315,121.0486,Philippines,PH,PHL,Muntinlupa,,57196,1608273325
Alangalang,Alangalang,11.2061,124.8478,Philippines,PH,PHL,Leyte,,57185,1608580659
Uson,Uson,12.2253,123.7834,Philippines,PH,PHL,Masbate,,57166,1608634164
Jasaan,Jasaan,8.65,124.75,Philippines,PH,PHL,Misamis Oriental,,57055,1608206601
Machang,Machang,5.7641,102.2141,Malaysia,MY,MYS,Kelantan,,56937,1458948946
Hagonoy,Hagonoy,6.68,125.3,Philippines,PH,PHL,Davao del Sur,,56919,1608185614
Limbang,Limbang,4.75,115,Malaysia,MY,MYS,Sarawak,,56900,1458405498
Dina,Dina,33.0283,73.6011,Pakistan,PK,PAK,Azad Kashmir,,56886,1586703216
Pinagkaisahan,Pinagkaisahan,14.5229,121.0555,Philippines,PH,PHL,Makati,,56835,1608216406
Bebandem,Bebandem,-8.4046,115.5395,Indonesia,ID,IDN,Bali,minor,56800,1360542849
Lagonoy,Lagonoy,13.7353,123.5208,Philippines,PH,PHL,Camarines Sur,,56714,1608249256
Basey,Basey,11.2817,125.0683,Philippines,PH,PHL,Samar,,56685,1608223943
Pangantocan,Pangantocan,7.8331,124.8294,Philippines,PH,PHL,Bukidnon,,56580,1608437961
Ramon,Ramon,16.78,121.53,Philippines,PH,PHL,Isabela,,56523,1608504575
Tiwi,Tiwi,13.4585,123.6805,Philippines,PH,PHL,Albay,,56444,1608988529
Binalonan,Binalonan,16.05,120.6,Philippines,PH,PHL,Pangasinan,,56382,1608750754
Sucat,Sucat,14.46,121.05,Philippines,PH,PHL,Muntinlupa,,56354,1608931938
Placer,Placer,11.8689,123.9167,Philippines,PH,PHL,Masbate,,56340,1608961300
Lian,Lian,14.03,120.65,Philippines,PH,PHL,Batangas,,56280,1608855034
Narammala,Narammala,7.4337,80.1971,Sri Lanka,LK,LKA,North Western,,56279,1144688397
Libungan,Libungan,7.25,124.52,Philippines,PH,PHL,Cotabato,,56269,1608132103
Magsaysay,Magsaysay,6.77,125.18,Philippines,PH,PHL,Davao del Sur,,56263,1608985215
Sarikei,Sarikei,2.1167,111.5167,Malaysia,MY,MYS,Sarawak,,56228,1458988350
Khlong Luang,Khlong Luang,14.0647,100.6458,Thailand,TH,THA,Pathum Thani,minor,56128,1764560763
Tilakpur,Tilakpur,28.5278,81.1189,Nepal,NP,NPL,,,56127,1524027768
Diffun,Diffun,16.5936,121.5025,Philippines,PH,PHL,Quirino,,56102,1608094956
Lower Bicutan,Lower Bicutan,14.5053,121.0654,Philippines,PH,PHL,Taguig,,55928,1608620171
General Tinio,General Tinio,15.35,121.05,Philippines,PH,PHL,Nueva Ecija,,55925,1608687077
Poblacion,Poblacion,10.47,123.97,Philippines,PH,PHL,Cebu,,55874,1608466886
Bambang,Bambang,16.3872,121.1075,Philippines,PH,PHL,Nueva Vizcaya,,55789,1608731814
Gulariyā,Gulariya,28.2056,81.3472,Nepal,NP,NPL,,,55747,1524608654
Paombong,Paombong,14.8311,120.7892,Philippines,PH,PHL,Bulacan,,55696,1608381288
Barabai,Barabai,-2.5833,115.3833,Indonesia,ID,IDN,Kalimantan Selatan,minor,55687,1360007824
Jambe,Jambe,-6.316,106.4853,Indonesia,ID,IDN,Jawa Barat,,55650,1360420986
Iba,Iba,15.33,119.98,Philippines,PH,PHL,Zambales,admin,55581,1608986957
Mulanay,Mulanay,13.5222,122.4042,Philippines,PH,PHL,Quezon,,55576,1608804064
Kuala Kapuas,Kuala Kapuas,-3.0013,114.3916,Indonesia,ID,IDN,Kalimantan Tengah,minor,55573,1360858401
Urbiztondo,Urbiztondo,15.8227,120.3295,Philippines,PH,PHL,Pangasinan,,55557,1608709126
Batac,Batac,18.0554,120.5649,Philippines,PH,PHL,Ilocos Norte,,55484,1608314719
Tatalon,Tatalon,14.6242,121.0153,Philippines,PH,PHL,Quezon,,55404,1608367432
Asturias,Asturias,10.5679,123.7172,Philippines,PH,PHL,Cebu,,55397,1608719784
Mercedes,Mercedes,14.1093,123.0109,Philippines,PH,PHL,Camarines Norte,,55334,1608000459
Manapla,Manapla,10.958,123.123,Philippines,PH,PHL,Negros Occidental,,55083,1608826969
Rangewala,Rangewala,30.8222,74.2611,Pakistan,PK,PAK,Punjab,,55057,1586869503
Elenga,Elenga,24.3386,89.9219,Bangladesh,BD,BGD,Dhaka,,55000,1050181953
Santa Cruz,Santa Cruz,13.48,122.03,Philippines,PH,PHL,Marinduque,,54692,1608716782
Carigara,Carigara,11.3,124.68,Philippines,PH,PHL,Leyte,,54656,1608370270
Sara,Sara,11.25,123.02,Philippines,PH,PHL,Iloilo,,54637,1608000829
Pila,Pila,14.23,121.37,Philippines,PH,PHL,Laguna,,54613,1608427597
Masinloc,Masinloc,15.53,119.95,Philippines,PH,PHL,Zambales,,54529,1608869223
Pontevedra,Pontevedra,10.37,122.88,Philippines,PH,PHL,Negros Occidental,,54502,1608571163
Trento,Trento,8.05,126.06,Philippines,PH,PHL,Agusan del Sur,,54492,1608000411
Tapas,Tapas,11.2622,122.5369,Philippines,PH,PHL,Capiz,,54423,1608778423
Karak,Karak,-0.5298,101.5721,Indonesia,ID,IDN,Riau,,54381,1360126272
San Isidro,San Isidro,15.3097,120.9069,Philippines,PH,PHL,Nueva Ecija,,54372,1608420595
Dikwella South,Dikwella South,5.9667,80.6833,Sri Lanka,LK,LKA,Southern,,54370,1144562731
San Manuel,San Manuel,16.0656,120.6667,Philippines,PH,PHL,Pangasinan,,54271,1608368777
Don Bosco,Don Bosco,14.4817,121.0258,Philippines,PH,PHL,Parañaque,,54188,1608303018
Jālākāti,Jalakati,22.6409,90.1988,Bangladesh,BD,BGD,Khulna,,54029,1050710024
Tagkawayan,Tagkawayan,13.97,122.53,Philippines,PH,PHL,Quezon,,54003,1608280860
Ghōriyān,Ghoriyan,34.34,61.47,Afghanistan,AF,AFG,Herāt,minor,54000,1004208542
Titay,Titay,7.8703,122.5594,Philippines,PH,PHL,Zamboanga Sibugay,,53994,1608727863
Minalabac,Minalabac,13.57,123.1844,Philippines,PH,PHL,Camarines Sur,,53981,1608455061
Chenab Nagar,Chenab Nagar,31.7528,72.9222,Pakistan,PK,PAK,Punjab,,53965,1586549514
Vigan,Vigan,17.5747,120.3869,Philippines,PH,PHL,Ilocos Sur,admin,53935,1608368724
Cabagan,Cabagan,17.43,121.77,Philippines,PH,PHL,Isabela,,53897,1608000078
Impasugong,Impasugong,8.3028,125.0014,Philippines,PH,PHL,Bukidnon,,53863,1608213204
Ban Om Noi,Ban Om Noi,13.7001,100.3241,Thailand,TH,THA,Samut Sakhon,,53821,1764298817
Magpet,Magpet,7.12,125.12,Philippines,PH,PHL,Cotabato,,53800,1608152372
Kitaotao,Kitaotao,7.6406,125.0086,Philippines,PH,PHL,Bukidnon,,53796,1608491957
Hadali,Hadali,32.2922,72.1922,Pakistan,PK,PAK,Punjab,,53669,1586468441
Ajuy,Ajuy,11.1725,123.0196,Philippines,PH,PHL,Iloilo,,53462,1608027727
Pasacao,Pasacao,13.5103,123.0419,Philippines,PH,PHL,Camarines Sur,,53461,1608469033
Sibonga,Sibonga,10.03,123.57,Philippines,PH,PHL,Cebu,,53424,1608015475
Guiuan,Guiuan,11.03,125.73,Philippines,PH,PHL,Eastern Samar,,53361,1608781474
Gorkhā,Gorkha,28,84.6333,Nepal,NP,NPL,Karṇālī,,53285,1524733316
Estancia,Estancia,11.45,123.15,Philippines,PH,PHL,Iloilo,,53200,1608481642
Lubuk Sikaping,Lubuk Sikaping,0.15,100.1667,Indonesia,ID,IDN,Sumatera Barat,minor,53150,1360776561
Barobo,Barobo,8.5292,126.1217,Philippines,PH,PHL,Surigao del Sur,minor,53146,1608503227
Molave,Molave,8.0933,123.485,Philippines,PH,PHL,Zamboanga del Sur,,53140,1608000808
Lucban,Lucban,14.1133,121.5569,Philippines,PH,PHL,Quezon,,53091,1608544826
Zaragoza,Zaragoza,15.4492,120.7933,Philippines,PH,PHL,Nueva Ecija,,53090,1608154006
Aurora,Aurora,7.9484,123.5819,Philippines,PH,PHL,Zamboanga del Sur,,52995,1608800482
Buenavista,Buenavista,10.7,122.63,Philippines,PH,PHL,Iloilo,,52899,1608364604
Pigcawayan,Pigcawayan,7.28,124.43,Philippines,PH,PHL,Cotabato,,52744,1608129711
Pabbi,Pabbi,34.01,71.7975,Pakistan,PK,PAK,Khyber Pakhtunkhwa,,52701,1586515787
Hamtic,Hamtic,10.7,121.98,Philippines,PH,PHL,Antique,,52685,1608000341
San Joaquin,San Joaquin,10.6,122.08,Philippines,PH,PHL,Iloilo,,52617,1608754625
Bani,Bani,16.1869,119.8592,Philippines,PH,PHL,Pangasinan,,52603,1608695660
Lalian,Lalian,31.8253,72.8027,Pakistan,PK,PAK,Punjab,,52542,1586600950
President Roxas,President Roxas,7.1544,125.0558,Philippines,PH,PHL,Cotabato,,52512,1608182795
Burauen,Burauen,10.98,124.9,Philippines,PH,PHL,Leyte,,52511,1608412407
Dauis,Dauis,9.625,123.865,Philippines,PH,PHL,Bohol,minor,52492,1608702299
Claveria,Claveria,8.61,124.8947,Philippines,PH,PHL,Misamis Oriental,,52478,1608363693
Padangpanjang,Padangpanjang,-0.45,100.4167,Indonesia,ID,IDN,Sumatera Barat,,52422,1360231049
Ibajay,Ibajay,11.8211,122.1617,Philippines,PH,PHL,Aklan,,52364,1608871627
Mae Sot,Mae Sot,16.7131,98.5747,Thailand,TH,THA,Tak,minor,52350,1764198529
Sison,Sison,16.17,120.52,Philippines,PH,PHL,Pangasinan,,52320,1608509271
Naguilian,Naguilian,16.53,120.4,Philippines,PH,PHL,La Union,,52189,1608096678
Victoria,Victoria,13.1719,121.2756,Philippines,PH,PHL,Oriental Mindoro,,52175,1608650895
Bato,Bato,13.3578,123.3678,Philippines,PH,PHL,Camarines Sur,,52155,1608558575
Bhajani,Bhajani,28.4924,80.9753,Nepal,NP,NPL,,,52128,1524835482
Tangkak,Tangkak,2.2673,102.5453,Malaysia,MY,MYS,Johor,,52014,1458970376
Takeo,Takeo,10.9833,104.7833,Cambodia,KH,KHM,Takeo,admin,52000,1116674518
Leon,Leon,10.7808,122.3894,Philippines,PH,PHL,Iloilo,,51990,1608404496
Muban Saeng Bua Thong,Muban Saeng Bua Thong,13.965,100.3924,Thailand,TH,THA,Nonthaburi,,51932,1764003021
Liaquatpur,Liaquatpur,28.9353,70.9508,Pakistan,PK,PAK,Punjab,,51888,1586244483
Padre Garcia,Padre Garcia,13.88,121.22,Philippines,PH,PHL,Batangas,,51853,1608742356
Matta,Matta,35.0931,72.3097,Pakistan,PK,PAK,Khyber Pakhtunkhwa,,51821,1586260777
Sherpur,Sherpur,24.6765,89.4159,Bangladesh,BD,BGD,Rājshāhi,,51750,1050871216
Caramoan,Caramoan,13.7707,123.8631,Philippines,PH,PHL,Camarines Sur,,51728,1608379060
Santa Ignacia,Santa Ignacia,15.62,120.43,Philippines,PH,PHL,Tarlac,,51626,1608541696
Alaminos,Alaminos,14.0635,121.2451,Philippines,PH,PHL,Laguna,,51619,1608904750
Menggala,Menggala,-4.475,105.2414,Indonesia,ID,IDN,Lampung,minor,51574,1360247711
Tulsīpur,Tulsipur,28.1278,82.2956,Nepal,NP,NPL,Lumbinī,,51537,1524921574
Abdul Hakim,Abdul Hakim,30.55,72.1328,Pakistan,PK,PAK,Punjab,,51494,1586991157
Bantacan,Bantacan,7.5483,126.1381,Philippines,PH,PHL,Davao de Oro,,51466,1608426176
Gopālganj,Gopalganj,23,89.8167,Bangladesh,BD,BGD,Dhaka,,51346,1050452906
Kalawana,Kalawana,6.5391,80.4039,Sri Lanka,LK,LKA,Sabaragamuwa,,51307,1144289812
Wāliṅ,Walin,27.9889,83.7675,Nepal,NP,NPL,,,51243,1524405522
Sar-e Pul,Sar-e Pul,36.2214,65.9278,Afghanistan,AF,AFG,Sar-e Pul,admin,51075,1004047427
Ocampo,Ocampo,13.5594,123.3761,Philippines,PH,PHL,Camarines Sur,,51073,1608626195
San Narciso,San Narciso,13.5677,122.5667,Philippines,PH,PHL,Quezon,,51058,1608673260
Kot Mumin,Kot Mumin,32.1883,73.0286,Pakistan,PK,PAK,Punjab,,51021,1586835039
Kalamansig,Kalamansig,6.57,124.05,Philippines,PH,PHL,Sultan Kudarat,,50900,1608935312
Mabini,Mabini,13.7496,120.9405,Philippines,PH,PHL,Batangas,,50858,1608253644
Phra Nakhon Si Ayutthaya,Phra Nakhon Si Ayutthaya,14.3478,100.5606,Thailand,TH,THA,Phra Nakhon Si Ayutthaya,admin,50830,1764002329
Sunāmganj,Sunamganj,25.0667,91.4,Bangladesh,BD,BGD,Sylhet,,50664,1050577147
Cataingan,Cataingan,12.0028,123.9944,Philippines,PH,PHL,Masbate,,50623,1608181917
Haskah Mēnah,Haskah Menah,34.1,70.4667,Afghanistan,AF,AFG,Nangarhār,,50595,1004312725
Gloria,Gloria,12.9722,121.4778,Philippines,PH,PHL,Oriental Mindoro,,50496,1608174467
El Nido,El Nido,11.1956,119.4075,Philippines,PH,PHL,Palawan,,50494,1608909858
Maḩmūd-e Rāqī,Mahmud-e Raqi,35.0206,69.3306,Afghanistan,AF,AFG,Kāpīsā,admin,50490,1004151943
Amahai,Amahai,-3.3439,128.9322,Indonesia,ID,IDN,Maluku,minor,50478,1360767250
Bangued,Bangued,17.6,120.62,Philippines,PH,PHL,Abra,admin,50382,1608442037
Aringay,Aringay,16.3982,120.3555,Philippines,PH,PHL,La Union,,50380,1608034182
Wao,Wao,7.6404,124.7257,Philippines,PH,PHL,Lanao del Sur,,50366,1608411072
Chbar Mon,Chbar Mon,11.4533,104.5208,Cambodia,KH,KHM,Kampong Speu,,50359,1116044649
Amulung,Amulung,17.8387,121.7235,Philippines,PH,PHL,Cagayan,,50336,1608751634
Peñablanca,Penablanca,17.6258,121.7853,Philippines,PH,PHL,Cagayan,,50300,1608098995
Donsol,Donsol,12.9083,123.5981,Philippines,PH,PHL,Sorsogon,,50281,1608774508
Gombong,Gombong,-7.6,109.5167,Indonesia,ID,IDN,Jawa Tengah,,50200,1360408971
Gopālpur,Gopalpur,24.5601,89.9218,Bangladesh,BD,BGD,Dhaka,,50160,1050090584
Cardona,Cardona,14.4861,121.2289,Philippines,PH,PHL,Rizal,,50143,1608017809
Bang Bua Thong,Bang Bua Thong,13.9102,100.4258,Thailand,TH,THA,Nonthaburi,minor,50141,1764694888
Tubod,Tubod,8.05,123.8,Philippines,PH,PHL,Lanao del Norte,admin,50073,1608442374
Hassan Abdal,Hassan Abdal,33.8195,72.689,Pakistan,PK,PAK,Punjab,,50044,1586993764
Chak Thirty-six North Branch,Chak Thirty-six North Branch,32.1261,72.7297,Pakistan,PK,PAK,Punjab,,50000,1586793706
Rukan,Rukan,32.4236,73.2722,Pakistan,PK,PAK,Punjab,,50000,1586002005
Buni,Buni,36.2728,72.2597,Pakistan,PK,PAK,Khyber Pakhtunkhwa,,50000,1586804859
Chak Sixty-one Gugera Branch,Chak Sixty-one Gugera Branch,31.5875,73.6897,Pakistan,PK,PAK,Punjab,,50000,1586944611
Simraungaḍh,Simraungadh,26.8893,85.1168,Nepal,NP,NPL,,,49939,1524001163
Muktāgācha,Muktagacha,24.7668,90.2573,Bangladesh,BD,BGD,Mymensingh,,49915,1050147298
Pananaw,Pananaw,5.98,121.25,Philippines,PH,PHL,Sulu,,49849,1608891560
Chitral,Chitral,35.8461,71.7858,Pakistan,PK,PAK,Khyber Pakhtunkhwa,minor,49780,1586861716
Pontevedra,Pontevedra,11.48,122.83,Philippines,PH,PHL,Capiz,,49725,1608713952
Bignay,Bignay,14.7456,120.9961,Philippines,PH,PHL,Caloocan,,49716,1608750105
Rosario,Rosario,8.38,126,Philippines,PH,PHL,Agusan del Sur,,49610,1608932289
Kandangan,Kandangan,-2.7833,115.2667,Indonesia,ID,IDN,Kalimantan Selatan,minor,49604,1360314802
Dumarao,Dumarao,11.2631,122.6878,Philippines,PH,PHL,Capiz,,49506,1608348217
Noveleta,Noveleta,14.43,120.88,Philippines,PH,PHL,Cavite,,49452,1608459830
Kiblawan,Kiblawan,6.62,125.22,Philippines,PH,PHL,Davao del Sur,,49381,1608861661
Bagumbayan,Bagumbayan,14.4744,121.0569,Philippines,PH,PHL,Taguig,,49319,1608516685
Haripur,Haripur,33.9942,72.9333,Pakistan,PK,PAK,Khyber Pakhtunkhwa,minor,49318,1586000122
Odiongan,Odiongan,12.4,122,Philippines,PH,PHL,Romblon,,49284,1608412988
Carmen,Carmen,9.82,124.2,Philippines,PH,PHL,Bohol,,49191,1608657913
Qalāt,Qalat,32.1061,66.9069,Afghanistan,AF,AFG,Zābul,admin,49158,1004016690
Malabang,Malabang,7.5933,124.0722,Philippines,PH,PHL,Lanao del Sur,,49088,1608464101
Pio Duran,Pio Duran,13.03,123.45,Philippines,PH,PHL,Albay,,49070,1608712032
Vinzons,Vinzons,14.1739,122.9081,Philippines,PH,PHL,Camarines Norte,,49042,1608285881
Dulag,Dulag,10.9525,125.0317,Philippines,PH,PHL,Leyte,,48992,1608955994
Libona,Libona,8.3333,124.7433,Philippines,PH,PHL,Bukidnon,,48965,1608325771
Alcala,Alcala,15.8468,120.5218,Philippines,PH,PHL,Pangasinan,,48908,1608910031
Kangar,Kangar,6.433,100.19,Malaysia,MY,MYS,Perlis,admin,48898,1458939333
Panay,Panay,11.5553,122.7931,Philippines,PH,PHL,Capiz,minor,48890,1608684570
Dumingag,Dumingag,8.155,123.345,Philippines,PH,PHL,Zamboanga del Sur,,48881,1608267722
Nikaweratiya,Nikaweratiya,7.7475,80.1156,Sri Lanka,LK,LKA,North Western,,48770,1144142030
Tunglangan,Tunglangan,-8.4167,115.3,Indonesia,ID,IDN,Bali,,48740,1360405152
Lal-lo,Lal-lo,18.2,121.6622,Philippines,PH,PHL,Cagayan,,48733,1608280944
Barotac Viejo,Barotac Viejo,11.05,122.85,Philippines,PH,PHL,Iloilo,,48614,1608392273
Nushki,Nushki,29.5556,66.0217,Pakistan,PK,PAK,Balochistan,,48572,1586696773
Inabanga,Inabanga,10.03,124.07,Philippines,PH,PHL,Bohol,,48534,1608000352
Siocon,Siocon,7.7067,122.1361,Philippines,PH,PHL,Zamboanga del Norte,,48524,1608916747
Minalin,Minalin,14.97,120.68,Philippines,PH,PHL,Pampanga,,48380,1608713479
Tuba,Tuba,16.3928,120.5603,Philippines,PH,PHL,Baguio,,48312,1608336813
Mahayag,Mahayag,8.1297,123.4383,Philippines,PH,PHL,Zamboanga del Sur,,48258,1608887239
Berastagi,Berastagi,3.1833,98.5167,Indonesia,ID,IDN,Sumatera Utara,,48244,1360817903
Chhāgalnāiya,Chhagalnaiya,23.0248,91.5109,Bangladesh,BD,BGD,Chattogram,,48243,1050234698
Santa Rita,Santa Rita,14.9953,120.6153,Philippines,PH,PHL,Pampanga,,48209,1608145435
Bacolor,Bacolor,14.9984,120.6526,Philippines,PH,PHL,Pampanga,,48066,1608706572
Balimbing,Balimbing,5.0728,119.8847,Philippines,PH,PHL,Tawi-Tawi,,48055,1608866055
New Washington,New Washington,11.6483,122.4339,Philippines,PH,PHL,Aklan,,47955,1608369678
Birendranagar,Birendranagar,28.6,81.6333,Nepal,NP,NPL,Karṇālī,admin,47914,1524574121
Tibigan,Tibigan,9.95,123.97,Philippines,PH,PHL,Bohol,,47886,1608122914
Chong Nonsi,Chong Nonsi,13.6965,100.5427,Thailand,TH,THA,Krung Thep Maha Nakhon,,47872,1764522683
Luwuk,Luwuk,-0.9396,122.79,Indonesia,ID,IDN,Sulawesi Tengah,minor,47778,1360727028
Mamburao,Mamburao,13.2233,120.596,Philippines,PH,PHL,Occidental Mindoro,admin,47705,1608912012
Kefamenanu,Kefamenanu,-9.4467,124.4781,Indonesia,ID,IDN,Nusa Tenggara Timur,minor,47628,1360755918
Sogod,Sogod,10.38,124.98,Philippines,PH,PHL,Southern Leyte,,47552,1608917978
Bunawan,Bunawan,8.18,125.99,Philippines,PH,PHL,Agusan del Sur,,47512,1608342650
Rengam,Rengam,1.8867,103.4015,Malaysia,MY,MYS,Johor,,47510,1458801146
Poso,Poso,-1.4,120.75,Indonesia,ID,IDN,Sulawesi Tengah,minor,47477,1360727615
Malinao,Malinao,13.4,123.7,Philippines,PH,PHL,Albay,,47395,1608177010
Sumisip,Sumisip,6.42,121.98,Philippines,PH,PHL,Basilan,,47345,1608552751
Albuera,Albuera,10.9186,124.6923,Philippines,PH,PHL,Leyte,,47151,1608775659
Ayungon,Ayungon,9.8584,123.1468,Philippines,PH,PHL,Negros Oriental,,47102,1608744490
Pilar,Pilar,11.4878,122.9956,Philippines,PH,PHL,Capiz,,47100,1608061178
Banisilan,Banisilan,7.5,124.7,Philippines,PH,PHL,Cotabato,,46995,1608096617
Kabasalan,Kabasalan,7.7968,122.7627,Philippines,PH,PHL,Zamboanga Sibugay,minor,46884,1608527751
Isabel,Isabel,10.93,124.43,Philippines,PH,PHL,Leyte,,46781,1608929940
Norala,Norala,6.55,124.67,Philippines,PH,PHL,South Cotabato,,46682,1608152835
Muara Teweh,Muara Teweh,-0.9535,114.8981,Indonesia,ID,IDN,Kalimantan Tengah,minor,46652,1360980558
Montevista,Montevista,7.7053,125.9903,Philippines,PH,PHL,Davao de Oro,,46558,1608301294
Tuy,Tuy,14.02,120.73,Philippines,PH,PHL,Batangas,,46519,1608702969
Lower Tungawan,Lower Tungawan,7.6047,122.4228,Philippines,PH,PHL,Zamboanga Sibugay,,46497,1608107982
Cordon,Cordon,16.67,121.45,Philippines,PH,PHL,Isabela,,46477,1608294077
Pagalungan,Pagalungan,7.0592,124.6987,Philippines,PH,PHL,Maguindanao,,46277,1608925189
Pilar,Pilar,14.67,120.57,Philippines,PH,PHL,Bataan,,46239,1608351430
Talisay,Talisay,14.1,121.02,Philippines,PH,PHL,Batangas,,46238,1608635733
Narvacan,Narvacan,17.4192,120.4756,Philippines,PH,PHL,Ilocos Sur,,46234,1608024817
Lawas,Lawas,4.8604,115.409,Malaysia,MY,MYS,Sarawak,,46200,1458655014
Nong Khai,Nong Khai,17.8681,102.7444,Thailand,TH,THA,Nong Khai,admin,46180,1764279113
Zhob,Zhob,31.3417,69.4486,Pakistan,PK,PAK,Balochistan,minor,46164,1586969046
Ban Bang Mae Nang,Ban Bang Mae Nang,13.8521,100.3889,Thailand,TH,THA,Nonthaburi,,45974,1764607798
Dingle,Dingle,11.05,122.67,Philippines,PH,PHL,Iloilo,,45965,1608576091
Lupao,Lupao,15.8794,120.8994,Philippines,PH,PHL,Nueva Ecija,,45917,1608945408
Lumba-a-Bayabao,Lumba-a-Bayabao,7.88,124.38,Philippines,PH,PHL,Lanao del Sur,,45909,1608241306
Badrashni,Badrashni,33.9886,72.025,Pakistan,PK,PAK,Khyber Pakhtunkhwa,,45771,1586934509
Tantangan,Tantangan,6.62,124.75,Philippines,PH,PHL,South Cotabato,,45744,1608138127
Maluso,Maluso,6.55,121.88,Philippines,PH,PHL,Basilan,,45730,1608259525
Puttalam,Puttalam,8.033,79.826,Sri Lanka,LK,LKA,North Western,,45661,1144219740
Jones,Jones,16.5583,121.7,Philippines,PH,PHL,Isabela,,45628,1608556354
Talagutong,Talagutong,6.27,125.67,Philippines,PH,PHL,Davao Occidental,,45540,1608694317
Palayan City,Palayan City,15.5422,121.0844,Philippines,PH,PHL,Nueva Ecija,admin,45383,1608192136
Tayug,Tayug,16.0267,120.7478,Philippines,PH,PHL,Pangasinan,,45241,1608042299
Basud,Basud,14.07,122.97,Philippines,PH,PHL,Camarines Norte,,45133,1608662670
Aguilar,Aguilar,15.8899,120.2379,Philippines,PH,PHL,Pangasinan,,45100,1608688044
Kanganpur,Kanganpur,30.9489,73.7433,Pakistan,PK,PAK,Punjab,,45000,1586615198
Tank,Tank,32.13,70.23,Pakistan,PK,PAK,Khyber Pakhtunkhwa,minor,44996,1586200762
Angadanan,Angadanan,16.7571,121.7479,Philippines,PH,PHL,Isabela,,44977,1608436473
Maria Aurora,Maria Aurora,15.7967,121.4737,Philippines,PH,PHL,Aurora,,44958,1608487496
Buguias,Buguias,16.8033,120.8211,Philippines,PH,PHL,Benguet,,44877,1608025236
Parigi,Parigi,-7.6914,108.5372,Indonesia,ID,IDN,Jawa Barat,minor,44857,1360904302
Nasipit,Nasipit,8.99,125.34,Philippines,PH,PHL,Agusan del Norte,,44822,1608538280
Barru,Barru,-4.3587,119.6399,Indonesia,ID,IDN,Sulawesi Selatan,minor,44817,1360568258
Manjuyod,Manjuyod,9.68,123.15,Philippines,PH,PHL,Negros Oriental,,44799,1608403935
Pemangkat,Pemangkat,1.1768,108.9624,Indonesia,ID,IDN,Kalimantan Barat,,44783,1360279205
Pemangkat,Pemangkat,-1.1003,109.8902,Indonesia,ID,IDN,Kalimantan Barat,,44783,1360421520
Katipunan,Katipunan,8.5134,123.2847,Philippines,PH,PHL,Zamboanga del Norte,,44661,1608419137
Bhārella,Bharella,23.5653,91.0889,Bangladesh,BD,BGD,Chattogram,,44656,1050643387
Concepcion,Concepcion,11.2,123.1,Philippines,PH,PHL,Iloilo,,44633,1608504711
Dolores,Dolores,12.0378,125.4828,Philippines,PH,PHL,Eastern Samar,,44626,1608089533
Upper Bicutan,Upper Bicutan,14.4873,121.0503,Philippines,PH,PHL,Taguig,,44592,1608556218
Mach,Mach,29.8669,67.3264,Pakistan,PK,PAK,Balochistan,,44542,1586827801
Tarutung,Tarutung,2.0167,98.9667,Indonesia,ID,IDN,Sumatera Utara,minor,44523,1360333240
Culasi,Culasi,11.4272,122.056,Philippines,PH,PHL,Antique,,44494,1608277332
Banaybanay,Banaybanay,6.9664,126.0114,Philippines,PH,PHL,Davao Oriental,minor,44451,1608436387
San Pascual,San Pascual,13.1286,122.9775,Philippines,PH,PHL,Masbate,,44449,1608784902
Bacnotan,Bacnotan,16.7197,120.3481,Philippines,PH,PHL,La Union,,44388,1608914452
Kandiaro,Kandiaro,27.0581,68.2078,Pakistan,PK,PAK,Sindh,,44382,1586530610
Bulalacao,Bulalacao,12.325,121.343,Philippines,PH,PHL,Oriental Mindoro,,44366,1608165022
Pattani,Pattani,6.8664,101.2508,Thailand,TH,THA,Pattani,admin,44353,1764277891
San Jacinto,San Jacinto,16.0725,120.4411,Philippines,PH,PHL,Pangasinan,,44351,1608800600
Kaimana,Kaimana,-3.6444,133.6953,Indonesia,ID,IDN,Papua Barat,minor,44332,1360777936
Pagsanjan,Pagsanjan,14.27,121.45,Philippines,PH,PHL,Laguna,,44327,1608065525
General Mamerto Natividad,General Mamerto Natividad,15.603,121.051,Philippines,PH,PHL,Nueva Ecija,,44311,1608562386
Labangan,Labangan,7.8667,123.5167,Philippines,PH,PHL,Zamboanga del Sur,,44262,1608208159
Loon,Loon,9.8,123.8,Philippines,PH,PHL,Bohol,,44224,1608295204
Cateel,Cateel,7.79,126.4531,Philippines,PH,PHL,Davao Oriental,,44207,1608641837
Maitum,Maitum,6.03,124.48,Philippines,PH,PHL,Sarangani,,44185,1608001059
Central Signal Village,Central Signal Village,14.5115,121.0563,Philippines,PH,PHL,Taguig,,44126,1608571433
Mandaon,Mandaon,12.2259,123.2842,Philippines,PH,PHL,Masbate,,44122,1608226028
Guinayangan,Guinayangan,13.9,122.45,Philippines,PH,PHL,Quezon,,44045,1608150826
San Jose,San Jose,13.6981,123.5186,Philippines,PH,PHL,Camarines Sur,,43973,1608136409
Labason,Labason,8.0647,122.52,Philippines,PH,PHL,Zamboanga del Norte,,43934,1608176586
Bakamune,Bakamune,7.7833,80.8167,Sri Lanka,LK,LKA,Northern,,43915,1144645119
Loreto,Loreto,8.19,125.85,Philippines,PH,PHL,Agusan del Sur,,43880,1608248294
Hinatuan,Hinatuan,8.3661,126.3361,Philippines,PH,PHL,Surigao del Sur,minor,43841,1608000148
Baler,Baler,15.7583,121.5625,Philippines,PH,PHL,Aurora,admin,43785,1608495530
Jaro,Jaro,11.1894,124.7853,Philippines,PH,PHL,Leyte,,43758,1608163116
Badian,Badian,9.8694,123.3959,Philippines,PH,PHL,Cebu,minor,43735,1608819592
Kalilangan,Kalilangan,7.7464,124.7475,Philippines,PH,PHL,Bukidnon,,43711,1608709843
Cameron Highlands,Cameron Highlands,4.4833,101.45,Malaysia,MY,MYS,Pahang,,43700,1458039687
Santa Elena,Santa Elena,14.1797,122.3919,Philippines,PH,PHL,Camarines Norte,,43582,1608770058
Roseller Lim,Roseller Lim,7.6583,122.4639,Philippines,PH,PHL,Zamboanga Sibugay,minor,43575,1608602794
Guambog,Guambog,7.3092,125.8556,Philippines,PH,PHL,Davao de Oro,,43552,1608180955
Cimerak,Cimerak,-7.7422,108.4244,Indonesia,ID,IDN,Jawa Barat,minor,43500,1360250961
Moises Padilla,Moises Padilla,10.27,123.08,Philippines,PH,PHL,Negros Occidental,,43462,1608308845
Toboso,Toboso,10.72,123.52,Philippines,PH,PHL,Negros Occidental,,43445,1608947836
Victoria,Victoria,14.225,121.325,Philippines,PH,PHL,Laguna,,43408,1608591152
Laurel,Laurel,14.0504,120.9323,Philippines,PH,PHL,Batangas,,43210,1608000356
South Upi,South Upi,6.8548,124.1443,Philippines,PH,PHL,Maguindanao,,43197,1608025115
Rantepao,Rantepao,-2.969,119.9,Indonesia,ID,IDN,Sulawesi Selatan,minor,43123,1360797389
Betun,Betun,-9.4953,124.9603,Indonesia,ID,IDN,Nusa Tenggara Timur,minor,43016,1360175629
Abucay,Abucay,14.7222,120.5354,Philippines,PH,PHL,Bataan,,42984,1608999598
Badulla,Badulla,6.9847,81.0564,Sri Lanka,LK,LKA,Uva,admin,42923,1144962750
Char Fasson,Char Fasson,22.1865,90.761,Bangladesh,BD,BGD,Khulna,,42915,1050997444
Sevanagala,Sevanagala,6.3635,80.9197,Sri Lanka,LK,LKA,Uva,,42894,1144828840
Villaba,Villaba,11.22,124.4,Philippines,PH,PHL,Leyte,,42859,1608389528
Santo Tomas,Santo Tomas,15,120.75,Philippines,PH,PHL,Pampanga,,42846,1608099364
Kalaiyā,Kalaiya,27.0333,85,Nepal,NP,NPL,,,42826,1524196942
Ban Pet,Ban Pet,16.4262,102.7609,Thailand,TH,THA,Khon Kaen,,42772,1764339108
Nueva Valencia,Nueva Valencia,10.5259,122.5398,Philippines,PH,PHL,Guimaras,,42771,1608858098
Proper Bansud,Proper Bansud,12.8594,121.4567,Philippines,PH,PHL,Oriental Mindoro,,42671,1608041757
Sukheke Mandi,Sukheke Mandi,31.8833,73.4667,Pakistan,PK,PAK,Punjab,,42626,1586314131
Panitan,Panitan,11.4639,122.7694,Philippines,PH,PHL,Capiz,,42565,1608830815
Balabac,Balabac,7.98,117.05,Philippines,PH,PHL,Palawan,,42527,1608341109
Tucuran,Tucuran,7.8547,123.5783,Philippines,PH,PHL,Zamboanga del Sur,,42429,1608400809
Singhanakhon,Singhanakhon,7.239,100.5527,Thailand,TH,THA,Songkhla,minor,42423,1764839884
Carranglan,Carranglan,15.9608,121.0631,Philippines,PH,PHL,Nueva Ecija,,42420,1608667517
Santa Cruz,Santa Cruz,13.0831,120.7192,Philippines,PH,PHL,Occidental Mindoro,,42417,1608892530
Bang Kruai,Bang Kruai,13.805,100.4728,Thailand,TH,THA,Nonthaburi,minor,42390,1764357378
Santa Rita,Santa Rita,11.4522,124.9408,Philippines,PH,PHL,Samar,,42384,1608542075
Kotabumi,Kotabumi,-4.8333,104.9,Indonesia,ID,IDN,Lampung,minor,42366,1360396080
Llanera,Llanera,15.6625,121.0197,Philippines,PH,PHL,Nueva Ecija,,42281,1608388009
Polanco,Polanco,8.5319,123.3631,Philippines,PH,PHL,Zamboanga del Norte,,42265,1608083261
President Quirino,President Quirino,6.7,124.73,Philippines,PH,PHL,Sultan Kudarat,minor,42244,1608129077
Liloy,Liloy,8.1228,122.6736,Philippines,PH,PHL,Zamboanga del Norte,,42213,1608049613
Aritao,Aritao,16.2973,121.0338,Philippines,PH,PHL,Nueva Vizcaya,,42197,1608014234
Claveria,Claveria,12.9035,123.2457,Philippines,PH,PHL,Masbate,minor,42142,1608229626
Madridejos,Madridejos,11.27,123.73,Philippines,PH,PHL,Cebu,,42039,1608629186
Pā̃chkhāl,Pachkhal,27.65,85.6167,Nepal,NP,NPL,,,42011,1524811458
Tinpiple,Tinpiple,27.6283,85.6136,Nepal,NP,NPL,,,42011,1524388860
Matnog,Matnog,12.5856,124.0856,Philippines,PH,PHL,Sorsogon,,41989,1608099282
Puerto Galera,Puerto Galera,13.5,120.9542,Philippines,PH,PHL,Oriental Mindoro,,41961,1608505295
Amadeo,Amadeo,14.1728,120.9277,Philippines,PH,PHL,Cavite,,41901,1608636193
Kibawe,Kibawe,7.5678,124.9903,Philippines,PH,PHL,Bukidnon,,41897,1608899134
Ban Wat Lak Hok,Ban Wat Lak Hok,13.552,99.9898,Thailand,TH,THA,Ratchaburi,,41884,1764000965
Quezon,Quezon,15.5542,120.8111,Philippines,PH,PHL,Nueva Ecija,,41845,1608944332
San Miguel,San Miguel,8.9322,126.0403,Philippines,PH,PHL,Surigao del Sur,,41809,1608334875
Kasibu,Kasibu,16.3181,121.2958,Philippines,PH,PHL,Nueva Vizcaya,,41776,1608558514
Naga,Naga,7.7978,122.6944,Philippines,PH,PHL,Zamboanga Sibugay,,41743,1608430919
Kampong Chhnang,Kampong Chhnang,12.25,104.6667,Cambodia,KH,KHM,Kampong Chhnang,admin,41700,1116735270
Gonzaga,Gonzaga,18.2614,121.9969,Philippines,PH,PHL,Cagayan,,41680,1608287955
Larantuka,Larantuka,-8.3133,123.0042,Indonesia,ID,IDN,Nusa Tenggara Timur,minor,41642,1360493926
Soe,Soe,-9.8667,124.2833,Indonesia,ID,IDN,Nusa Tenggara Timur,minor,41640,1360125783
Daram,Daram,11.6341,124.7947,Philippines,PH,PHL,Samar,,41608,1608081438
Socorro,Socorro,13.0583,121.4117,Philippines,PH,PHL,Oriental Mindoro,,41585,1608390330
Amuntai,Amuntai,-2.4177,115.2494,Indonesia,ID,IDN,Kalimantan Selatan,minor,41554,1360306329
Anda,Anda,16.2896,119.9491,Philippines,PH,PHL,Pangasinan,,41548,1608003034
Tagudin,Tagudin,16.9361,120.4464,Philippines,PH,PHL,Ilocos Sur,,41538,1608233490
Tabogon,Tabogon,10.93,124.03,Philippines,PH,PHL,Cebu,,41432,1608318557
Svay Rieng,Svay Rieng,11.0833,105.8,Cambodia,KH,KHM,Svay Rieng,admin,41424,1116432743
Mondragon,Mondragon,12.52,124.75,Philippines,PH,PHL,Northern Samar,,41415,1608295984
Santa Cruz,Santa Cruz,17.0853,120.4553,Philippines,PH,PHL,Ilocos Sur,,41366,1608559758
Maulavi Bāzār,Maulavi Bazar,24.4889,91.7708,Bangladesh,BD,BGD,Sylhet,,41358,1050743879
Alcala,Alcala,17.9031,121.6556,Philippines,PH,PHL,Cagayan,,41295,1608450739
Maayon,Maayon,11.3903,122.7828,Philippines,PH,PHL,Capiz,,41226,1608644841
Lasam,Lasam,18.07,121.6,Philippines,PH,PHL,Cagayan,,41225,1608352483
Bacong,Bacong,9.2464,123.2948,Philippines,PH,PHL,Negros Oriental,,41207,1608952649
San Jose de Urquico,San Jose de Urquico,15.4781,120.4639,Philippines,PH,PHL,Tarlac,,41182,1608469501
Washuk,Washuk,27.7231,64.8122,Pakistan,PK,PAK,Balochistan,,41107,1586033429
Mambajao,Mambajao,9.25,124.72,Philippines,PH,PHL,Camiguin,admin,41094,1608281273
La Libertad,La Libertad,10.03,123.22,Philippines,PH,PHL,Negros Oriental,,41089,1608768196
Tagbina,Tagbina,8.4578,126.1578,Philippines,PH,PHL,Surigao del Sur,,41051,1608525528
Tampakan,Tampakan,6.45,124.93,Philippines,PH,PHL,South Cotabato,,41018,1608000995
Maddela,Maddela,16.3411,121.6833,Philippines,PH,PHL,Quirino,,40943,1608762330
Jalalpur Bhattian,Jalalpur Bhattian,32.0644,73.377,Pakistan,PK,PAK,Punjab,,40897,1586256278
Malilipot,Malilipot,13.32,123.73,Philippines,PH,PHL,Albay,,40857,1608138791
Santo Tomas,Santo Tomas,16.28,120.38,Philippines,PH,PHL,La Union,,40846,1608081597
Mobo,Mobo,12.3372,123.6581,Philippines,PH,PHL,Masbate,,40823,1608308283
Vallehermoso,Vallehermoso,10.33,123.32,Philippines,PH,PHL,Negros Oriental,,40779,1608255760
Lobo,Lobo,13.6473,121.2104,Philippines,PH,PHL,Batangas,,40736,1608882529
Mambusao,Mambusao,11.43,122.5953,Philippines,PH,PHL,Capiz,,40690,1608156919
Maragondon,Maragondon,14.27,120.73,Philippines,PH,PHL,Cavite,,40687,1608780945
Nabas,Nabas,11.8278,122.0939,Philippines,PH,PHL,Aklan,,40632,1608047597
Siay,Siay,7.7056,122.8641,Philippines,PH,PHL,Zamboanga Sibugay,,40585,1608466245
Romblon,Romblon,12.55,122.28,Philippines,PH,PHL,Romblon,admin,40554,1608428749
Narathiwat,Narathiwat,6.4167,101.8167,Thailand,TH,THA,Narathiwat,admin,40521,1764748532
San Juan,San Juan,16.67,120.33,Philippines,PH,PHL,La Union,,40507,1608765235
Rizal,Rizal,12.47,120.97,Philippines,PH,PHL,Occidental Mindoro,,40429,1608028243
Villanueva,Villanueva,8.58,124.78,Philippines,PH,PHL,Misamis Oriental,,40419,1608541985
Leyte,Leyte,11.37,124.48,Philippines,PH,PHL,Leyte,,40397,1608131998
Balaoan,Balaoan,16.82,120.4,Philippines,PH,PHL,La Union,,40339,1608406936
Kualaserba,Kualaserba,4.2333,97.8667,Indonesia,ID,IDN,Aceh,,40327,1360306823
Bañga,Banga,11.6389,122.3331,Philippines,PH,PHL,Aklan,,40318,1608293619
Payabon,Payabon,9.77,123.13,Philippines,PH,PHL,Negros Oriental,,40308,1608351258
Ampana,Ampana,-0.8667,121.5833,Indonesia,ID,IDN,Sulawesi Tengah,minor,40299,1360217456
Leramatang,Leramatang,-8.4,123.57,Indonesia,ID,IDN,Nusa Tenggara Timur,minor,40200,1360546099
Malalag,Malalag,6.6,125.4,Philippines,PH,PHL,Davao del Sur,,40158,1608009678
Balud,Balud,12.0369,123.1935,Philippines,PH,PHL,Masbate,,40155,1608021152
Maha Sarakham,Maha Sarakham,16.1772,103.3008,Thailand,TH,THA,Maha Sarakham,admin,40154,1764568961
Dohazāri,Dohazari,22.1639,92.0733,Bangladesh,BD,BGD,Chattogram,,40147,1050014013
Taysan,Taysan,13.78,121.2,Philippines,PH,PHL,Batangas,,40146,1608589412
Dingras,Dingras,18.1036,120.6975,Philippines,PH,PHL,Ilocos Norte,,40127,1608342928
Si Sa Ket,Si Sa Ket,15.1069,104.3294,Thailand,TH,THA,Si Sa Ket,admin,40117,1764002764
Bukit Gambir,Bukit Gambir,2.211,102.6546,Malaysia,MY,MYS,Johor,,40000,1458592084
Safdarabad,Safdarabad,31.7167,73.5667,Pakistan,PK,PAK,Khyber Pakhtunkhwa,,40000,1586477959
Safdarabad,Safdarabad,31.7256,73.5771,Pakistan,PK,PAK,Punjab,,40000,1586029980
Jalalabad,Jalalabad,35.88,74.493,Pakistan,PK,PAK,Gilgit-Baltistan,,40000,1586185836
Choa Saidan Shah,Choa Saidan Shah,32.7167,72.9833,Pakistan,PK,PAK,Punjab,,40000,1586295967
Ranipur,Ranipur,27.2889,68.5044,Pakistan,PK,PAK,Sindh,,40000,1586454377
Valladolid,Valladolid,10.47,122.83,Philippines,PH,PHL,Negros Occidental,,39996,1608471228
Cabatuan,Cabatuan,16.9589,121.6692,Philippines,PH,PHL,Isabela,,39990,1608638742
Plaridel,Plaridel,8.6214,123.7101,Philippines,PH,PHL,Misamis Occidental,,39840,1608091150
Panglao,Panglao,9.579,123.745,Philippines,PH,PHL,Bohol,,39839,1608819048
Tago,Tago,9.0192,126.2333,Philippines,PH,PHL,Surigao del Sur,,39831,1608986143
Baco,Baco,13.3584,121.0977,Philippines,PH,PHL,Oriental Mindoro,,39817,1608441009
Pamplona,Pamplona,9.47,123.12,Philippines,PH,PHL,Negros Oriental,,39805,1608085129
Santo Niño,Santo Nino,6.43,124.68,Philippines,PH,PHL,South Cotabato,,39796,1608688474
Palauig,Palauig,15.4336,119.9083,Philippines,PH,PHL,Zambales,,39784,1608524035
San Nicolas,San Nicolas,16.07,120.7653,Philippines,PH,PHL,Pangasinan,,39778,1608738282
Magsaysay,Magsaysay,12.3117,121.1472,Philippines,PH,PHL,Occidental Mindoro,,39767,1608874631
Hangu,Hangu,33.5333,71.0667,Pakistan,PK,PAK,Khyber Pakhtunkhwa,minor,39766,1586769539
Andkhōy,Andkhoy,36.95,65.1167,Afghanistan,AF,AFG,Fāryāb,minor,39730,1004472345
Alimodian,Alimodian,10.8196,122.4322,Philippines,PH,PHL,Iloilo,,39722,1608277073
Veruela,Veruela,8.07,125.96,Philippines,PH,PHL,Agusan del Sur,,39708,1608516164
Caraga,Caraga,7.3283,126.5658,Philippines,PH,PHL,Davao Oriental,,39704,1608528892
Buldon,Buldon,7.52,124.37,Philippines,PH,PHL,Maguindanao,,39684,1608528294
Talacogon,Talacogon,8.45,125.79,Philippines,PH,PHL,Agusan del Sur,,39678,1608543218
Poblacion,Poblacion,7.5086,125.9206,Philippines,PH,PHL,Davao de Oro,,39631,1608344073
Charbagh,Charbagh,34.8333,72.4417,Pakistan,PK,PAK,Khyber Pakhtunkhwa,,39605,1586949124
Manay,Manay,7.2108,126.5328,Philippines,PH,PHL,Davao Oriental,,39572,1608580743
Jordan,Jordan,10.6,122.6,Philippines,PH,PHL,Guimaras,admin,39566,1608769914
Kalingalan Caluang,Kalingalan Caluang,5.88,121.27,Philippines,PH,PHL,Sulu,,39549,1608192303
Lilio,Lilio,14.13,121.436,Philippines,PH,PHL,Laguna,,39491,1608390374
Siniloan,Siniloan,14.42,121.45,Philippines,PH,PHL,Laguna,,39460,1608472370
Alicia,Alicia,7.506,122.9412,Philippines,PH,PHL,Zamboanga Sibugay,,39456,1608675842
Sogod,Sogod,10.75,124,Philippines,PH,PHL,Cebu,,39447,1608748948
Kalu Khan,Kalu Khan,34.2167,72.3,Pakistan,PK,PAK,Khyber Pakhtunkhwa,,39432,1586868114
Clarin,Clarin,8.2,123.85,Philippines,PH,PHL,Misamis Occidental,,39356,1608833654
Pamplona,Pamplona,13.5925,123.0833,Philippines,PH,PHL,Camarines Sur,,39333,1608392531
Damulog,Damulog,7.4853,124.9411,Philippines,PH,PHL,Bukidnon,,39322,1608647933
Galkot,Galkot,28.25,83.42,Nepal,NP,NPL,,,39277,1524020706
Masamba,Masamba,-2.5531,120.3275,Indonesia,ID,IDN,Sulawesi Selatan,minor,39266,1360929880
Kampot,Kampot,10.6,104.1667,Cambodia,KH,KHM,Kampot,admin,39186,1116966757
Surin,Surin,14,53,Thailand,TH,THA,Surin,admin,39179,1764813179
Bayanan,Bayanan,14.4078,121.05,Philippines,PH,PHL,Muntinlupa,,39150,1608397045
Manggar,Manggar,-2.89,108.27,Indonesia,ID,IDN,Kepulauan Bangka Belitung,minor,39135,1360793335
Cakung,Cakung,-6.2138,106.9473,Indonesia,ID,IDN,Jakarta,,39126,1360997891
Agoncillo,Agoncillo,13.9334,120.9285,Philippines,PH,PHL,Batangas,,39101,1608191192
Sual,Sual,16.0661,120.0958,Philippines,PH,PHL,Pangasinan,,39091,1608276228
San Dionisio,San Dionisio,11.2711,123.0948,Philippines,PH,PHL,Iloilo,,39048,1608238884
Gabaldon,Gabaldon,15.4506,121.3378,Philippines,PH,PHL,Nueva Ecija,,38958,1608599479
Caluya,Caluya,11.932,121.548,Philippines,PH,PHL,Antique,,38908,1608445589
San Nicolas,San Nicolas,18.175,120.595,Philippines,PH,PHL,Ilocos Norte,,38895,1608708008
Cabugao,Cabugao,17.7947,120.4556,Philippines,PH,PHL,Ilocos Sur,,38884,1608084710
Marikina Heights,Marikina Heights,14.6534,121.1187,Philippines,PH,PHL,Marikina,,38795,1608286421
Ban Bang Khu Lat,Ban Bang Khu Lat,13.877,100.3687,Thailand,TH,THA,Nonthaburi,,38758,1764924013
Aborlan,Aborlan,9.4386,118.5481,Philippines,PH,PHL,Palawan,,38736,1608193671
Sujawal,Sujawal,24.6031,68.0792,Pakistan,PK,PAK,Sindh,,38736,1586114726
Valencia,Valencia,9.28,123.25,Philippines,PH,PHL,Negros Oriental,,38733,1608009046
Real,Real,14.67,121.6,Philippines,PH,PHL,Quezon,,38678,1608401187
Jamindan,Jamindan,11.4094,122.5103,Philippines,PH,PHL,Capiz,,38670,1608186987
Margosatubig,Margosatubig,7.5783,123.1659,Philippines,PH,PHL,Zamboanga del Sur,,38660,1608570803
San Fernando,San Fernando,13.5661,123.1422,Philippines,PH,PHL,Camarines Sur,,38626,1608187766
Kampung Baharu Nilai,Kampung Baharu Nilai,2.8033,101.7972,Malaysia,MY,MYS,Negeri Sembilan,,38612,1458945059
Su-ngai Kolok,Su-ngai Kolok,6.0333,101.9667,Thailand,TH,THA,Narathiwat,minor,38612,1764527716
Phatthalung,Phatthalung,7.5,100,Thailand,TH,THA,Phatthalung,admin,38576,1764240863
Ban Na Pa,Ban Na Pa,13.3986,101.0077,Thailand,TH,THA,Chon Buri,,38548,1764865021
San Andres,San Andres,13.5961,124.0992,Philippines,PH,PHL,Catanduanes,,38480,1608257765
Maasin,Maasin,10.88,122.43,Philippines,PH,PHL,Iloilo,,38461,1608867615
Olutanga,Olutanga,7.3106,122.8464,Philippines,PH,PHL,Zamboanga Sibugay,,38438,1608000162
Buug,Buug,7.7286,123.0608,Philippines,PH,PHL,Zamboanga Sibugay,,38425,1608366123
Patnongon,Patnongon,10.9142,121.9947,Philippines,PH,PHL,Antique,,38329,1608542383
Samal,Samal,14.7678,120.5431,Philippines,PH,PHL,Bataan,,38302,1608128409
Laur,Laur,15.5797,121.1864,Philippines,PH,PHL,Nueva Ecija,,38263,1608394734
Borbon,Borbon,10.83,124,Philippines,PH,PHL,Cebu,,38187,1608861452
Naushahro Firoz,Naushahro Firoz,26.85,68.1333,Pakistan,PK,PAK,Sindh,minor,38181,1586454087
Tayasan,Tayasan,9.92,123.15,Philippines,PH,PHL,Negros Oriental,,38159,1608000640
Vavuniya,Vavuniya,8.7514,80.4971,Sri Lanka,LK,LKA,North Central,,38101,1144186197
Sabang,Sabang,5.8942,95.3192,Indonesia,ID,IDN,Aceh,,38077,1360742506
Mapandan,Mapandan,16.026,120.454,Philippines,PH,PHL,Pangasinan,,38058,1608000894
Bangar,Bangar,16.9,120.42,Philippines,PH,PHL,La Union,,38041,1608636378
Mantingan,Mantingan,-7.3682,111.1644,Indonesia,ID,IDN,Jawa Timur,,38023,1360342191
Shambhunāth,Shambhunath,26.6316,86.6951,Nepal,NP,NPL,Madhesh,,38018,1524032035
Gūdārah,Gudarah,34.8169,69.0878,Afghanistan,AF,AFG,Kābul,,38000,1004814762
Bagabag,Bagabag,16.6044,121.2521,Philippines,PH,PHL,Nueva Vizcaya,,37985,1608331162
Luuk,Luuk,5.9676,121.3133,Philippines,PH,PHL,Sulu,,37873,1608357369
Gampola,Gampola,7.1643,80.5696,Sri Lanka,LK,LKA,Central,,37871,1144422771
Namlea,Namlea,-3.25,127.0833,Indonesia,ID,IDN,Maluku,minor,37869,1360926873
Bangkinang,Bangkinang,0.35,101.0333,Indonesia,ID,IDN,Riau,minor,37847,1360571456
Sillanwali,Sillanwali,31.825,72.5389,Pakistan,PK,PAK,Punjab,,37776,1586313628
Santo Domingo,Santo Domingo,13.235,123.7769,Philippines,PH,PHL,Albay,,37765,1608392602
Marantao,Marantao,7.95,124.233,Philippines,PH,PHL,Lanao del Sur,,37763,1608129790
Karuhatan,Karuhatan,14.6883,120.9761,Philippines,PH,PHL,Valenzuela,,37748,1608392998
Hanumānnagar,Hanumannagar,26.5394,86.7483,Nepal,NP,NPL,,,37738,1524363655
San Marcelino,San Marcelino,14.9742,120.1573,Philippines,PH,PHL,Zambales,,37719,1608276470
Basista,Basista,15.8524,120.3976,Philippines,PH,PHL,Pangasinan,,37679,1608619317
Allahabad,Allahabad,28.9333,70.9667,Pakistan,PK,PAK,Punjab,,37500,1586357487
Tambulig,Tambulig,8.07,123.5372,Philippines,PH,PHL,Zamboanga del Sur,,37480,1608474492
San Andres,San Andres,13.3231,122.6761,Philippines,PH,PHL,Quezon,,37454,1608116909
Oras,Oras,12.1414,125.4392,Philippines,PH,PHL,Eastern Samar,,37451,1608000184
San Antonio,San Antonio,14.9486,120.0864,Philippines,PH,PHL,Zambales,,37450,1608496787
Magallanes,Magallanes,12.8283,123.8344,Philippines,PH,PHL,Sorsogon,,37411,1608899039
Mabuhay,Mabuhay,7.4176,122.837,Philippines,PH,PHL,Zamboanga Sibugay,,37390,1608353639
Bayur,Bayur,-0.261,100.222,Indonesia,ID,IDN,Sumatera Barat,,37368,1360540790
Mullaittivu,Mullaittivu,9.2833,80.8,Sri Lanka,LK,LKA,North Central,,37339,1144339427
Sitangkai,Sitangkai,4.6615,119.3919,Philippines,PH,PHL,Tawi-Tawi,,37319,1608529201
Luna,Luna,16.85,120.38,Philippines,PH,PHL,La Union,,37318,1608663387
Mankayan,Mankayan,16.8567,120.7933,Philippines,PH,PHL,Benguet,,37233,1608432367
Bantay,Bantay,17.5839,120.3908,Philippines,PH,PHL,Ilocos Sur,,37118,1608378458
Imbatug,Imbatug,8.3128,124.6873,Philippines,PH,PHL,Bukidnon,,37111,1608682824
Languyan,Languyan,5.2667,120.0833,Philippines,PH,PHL,Tawi-Tawi,,37096,1608286000
Long Lama,Long Lama,3.7667,114.4,Malaysia,MY,MYS,Sarawak,,37082,1458314812
Kalutara,Kalutara,6.5869,79.9603,Sri Lanka,LK,LKA,Western,,37081,1144948559
Uthal,Uthal,25.8,66.6167,Pakistan,PK,PAK,Balochistan,minor,37071,1586468494
Kālihāti,Kalihati,24.3833,89.9833,Bangladesh,BD,BGD,Rājshāhi,,37038,1050684659
Bentota,Bentota,6.4254,79.9948,Sri Lanka,LK,LKA,Southern,,37000,1144048882
Ban Doi Suthep,Ban Doi Suthep,18.7944,98.9142,Thailand,TH,THA,Chiang Mai,,36952,1764508260
Moalboal,Moalboal,9.95,123.4,Philippines,PH,PHL,Cebu,,36930,1608515460
Basilisa,Basilisa,10.0654,125.5968,Philippines,PH,PHL,Surigao del Norte,,36911,1608815842
San Enrique,San Enrique,11.0697,122.6567,Philippines,PH,PHL,Iloilo,,36911,1608715558
Manucan,Manucan,8.5161,123.0917,Philippines,PH,PHL,Zamboanga del Norte,,36887,1608513294
Sagnay,Sagnay,13.6039,123.5233,Philippines,PH,PHL,Camarines Sur,,36841,1608123253
Magsaysay,Magsaysay,9.02,125.18,Philippines,PH,PHL,Misamis Oriental,,36803,1608823576
Enrile,Enrile,17.5622,121.7011,Philippines,PH,PHL,Cagayan,,36705,1608990960
Pande,Pande,-8.684,115.2264,Indonesia,ID,IDN,Bali,,36665,1360521210
Risalpur Cantonment,Risalpur Cantonment,34.0811,71.9725,Pakistan,PK,PAK,Khyber Pakhtunkhwa,,36653,1586844436
Sītākund,Sitakund,22.6216,91.6594,Bangladesh,BD,BGD,Chattogram,,36650,1050226556
Aurora,Aurora,16.9918,121.6357,Philippines,PH,PHL,Isabela,,36621,1608526044
Las Navas,Las Navas,12.34,125.032,Philippines,PH,PHL,Northern Samar,,36621,1608082772
Bandhi,Bandhi,26.5833,68.3,Pakistan,PK,PAK,Sindh,,36588,1586663100
Benāpol,Benapol,23.0419,88.8956,Bangladesh,BD,BGD,Khulna,,36524,1050467047
Surab,Surab,28.4925,66.2597,Pakistan,PK,PAK,Balochistan,,36468,1586127180
Matale,Matale,7.4667,80.6167,Sri Lanka,LK,LKA,Central,,36451,1144554963
Simbahan,Simbahan,6.3,120.58,Philippines,PH,PHL,Sulu,,36374,1608320501
Dinas,Dinas,7.6161,123.3378,Philippines,PH,PHL,Zamboanga del Sur,,36291,1608805302
Cabanglasan,Cabanglasan,8.0772,125.2992,Philippines,PH,PHL,Bukidnon,,36286,1608230715
Prey Veng,Prey Veng,11.484,105.324,Cambodia,KH,KHM,Prey Veng,admin,36254,1116378797
Siayan,Siayan,8.2517,123.1144,Philippines,PH,PHL,Zamboanga del Norte,,36236,1608937514
Cuenca,Cuenca,13.8988,121.0505,Philippines,PH,PHL,Batangas,,36235,1608210905
Capalonga,Capalonga,14.3314,122.4928,Philippines,PH,PHL,Camarines Norte,,36223,1608015273
Canaman,Canaman,13.6481,123.1711,Philippines,PH,PHL,Camarines Sur,,36205,1608395412
Gasan,Gasan,13.32,121.85,Philippines,PH,PHL,Marinduque,,36197,1608036488
Dagami,Dagami,11.0611,124.9031,Philippines,PH,PHL,Leyte,,36178,1608027608
San Luis,San Luis,13.83,120.93,Philippines,PH,PHL,Batangas,,36172,1608597506
Ratchaburi,Ratchaburi,13.5356,99.8133,Thailand,TH,THA,Ratchaburi,admin,36169,1764773366
Ban Mueang Na Tai,Ban Mueang Na Tai,19.7308,98.9017,Thailand,TH,THA,Chiang Mai,,36156,1764800951
Rapu-Rapu,Rapu-Rapu,13.18,124.13,Philippines,PH,PHL,Albay,,36151,1608870516
Barira,Barira,7.4706,124.3561,Philippines,PH,PHL,Maguindanao,,36143,1608237236
Kishmat Dhanbāri,Kishmat Dhanbari,24.6167,90.025,Bangladesh,BD,BGD,Dhaka,,36125,1050355548
Gutalac,Gutalac,7.98,122.4,Philippines,PH,PHL,Zamboanga del Norte,,36090,1608515089
Sibuco,Sibuco,7.2928,122.0669,Philippines,PH,PHL,Zamboanga del Norte,,36049,1608708028
Matanog,Matanog,7.47,124.25,Philippines,PH,PHL,Maguindanao,,36034,1608202820
Claveria,Claveria,9.5742,125.7328,Philippines,PH,PHL,Surigao del Norte,,36033,1608512763
Bel-Air,Bel-Air,14.5639,121.0263,Philippines,PH,PHL,Makati,,36007,1608102267
Krong Kep,Krong Kep,10.4833,104.3167,Cambodia,KH,KHM,Kep,admin,35990,1116392544
Pandan,Pandan,11.7206,122.0961,Philippines,PH,PHL,Antique,,35965,1608538108
San Antonio,San Antonio,13.9,121.3,Philippines,PH,PHL,Quezon,minor,35891,1608858854
Karak,Karak,33.1167,71.1,Pakistan,PK,PAK,Khyber Pakhtunkhwa,minor,35844,1586491871
Jagna,Jagna,9.65,124.37,Philippines,PH,PHL,Bohol,,35832,1608424671
Tambolaka,Tambolaka,-9.4333,119.2333,Indonesia,ID,IDN,Nusa Tenggara Timur,minor,35790,1360753806
Nawan Shahr,Nawan Shahr,34.1642,73.2639,Pakistan,PK,PAK,Khyber Pakhtunkhwa,,35737,1586981081
Pak Chong,Pak Chong,14.708,101.4161,Thailand,TH,THA,Nakhon Ratchasima,minor,35736,1764898547
Sukhothai,Sukhothai,17.0167,99.7,Thailand,TH,THA,Sukhothai,admin,35713,1764175777
Numancia,Numancia,11.7042,122.3289,Philippines,PH,PHL,Aklan,,35693,1608072562
Santa Ana,Santa Ana,18.4589,122.1419,Philippines,PH,PHL,Cagayan,,35688,1608694374
Medina,Medina,8.92,125.02,Philippines,PH,PHL,Misamis Oriental,,35612,1608096754
Casiguran,Casiguran,12.8731,124.0081,Philippines,PH,PHL,Sorsogon,,35602,1608909406
Cha-am,Cha-am,12.8,99.9667,Thailand,TH,THA,Phetchaburi,minor,35581,1764087780
Aībak,Aibak,36.2653,68.0167,Afghanistan,AF,AFG,Samangān,admin,35560,1004564619
Pambujan,Pambujan,12.57,124.93,Philippines,PH,PHL,Northern Samar,,35532,1608440228
Sungaiselam,Sungaiselam,-2.3839,105.98,Indonesia,ID,IDN,Kepulauan Bangka Belitung,,35495,1360317432
Pola,Pola,13.1439,121.44,Philippines,PH,PHL,Oriental Mindoro,,35455,1608906063
Kundian,Kundian,32.4522,71.4718,Pakistan,PK,PAK,Punjab,,35406,1586180022
Bautista,Bautista,15.8103,120.4756,Philippines,PH,PHL,Pangasinan,,35398,1608749594
Ratnapur,Ratnapur,27.85,83.8667,Nepal,NP,NPL,,,35396,1524009803
Morong,Morong,14.68,120.2683,Philippines,PH,PHL,Bataan,,35394,1608129969
Tahuna,Tahuna,3.6119,125.5008,Indonesia,ID,IDN,Sulawesi Utara,minor,35307,1360805845
Juban,Juban,12.8478,123.9894,Philippines,PH,PHL,Sorsogon,,35297,1608767825
Pansol,Pansol,14.6514,121.08,Philippines,PH,PHL,Quezon,,35254,1608991025
Chandanais,Chandanais,22.2113,92.0111,Bangladesh,BD,BGD,Chattogram,,35248,1050506316
Gandara,Gandara,12.013,124.8118,Philippines,PH,PHL,Samar,,35242,1608802493
Allacapan,Allacapan,18.227,121.5556,Philippines,PH,PHL,Cagayan,,35234,1608618208
San Luis,San Luis,8.5,125.74,Philippines,PH,PHL,Agusan del Sur,,35196,1608855724
Praya,Praya,-8.7223,116.2923,Indonesia,ID,IDN,Nusa Tenggara Barat,minor,35183,1360664646
Abra de Ilog,Abra de Ilog,13.4448,120.726,Philippines,PH,PHL,Occidental Mindoro,,35176,1608871272
Sulop,Sulop,6.5986,125.3436,Philippines,PH,PHL,Davao del Sur,,35151,1608421469
Lingig,Lingig,8.0381,126.4127,Philippines,PH,PHL,Surigao del Sur,,35142,1608738480
Trinidad,Trinidad,10.0795,124.3432,Philippines,PH,PHL,Bohol,,35119,1608919708
Balasan,Balasan,11.4728,123.0878,Philippines,PH,PHL,Iloilo,,35064,1608796347
Umarkot,Umarkot,25.3631,69.7425,Pakistan,PK,PAK,Sindh,minor,35059,1586494172
Suong,Suong,11.9118,105.6582,Cambodia,KH,KHM,Tbong Khmum,admin,35054,1116319433
Guimbal,Guimbal,10.67,122.32,Philippines,PH,PHL,Iloilo,,35022,1608964265
Munai,Munai,7.9758,124.0636,Philippines,PH,PHL,Lanao del Norte,,35020,1608067274
Kōṯah-ye ‘As̲h̲rō,Kotah-ye `Ashro,34.4492,68.7939,Afghanistan,AF,AFG,Wardak,,35008,1004450357
Maīdān Shahr,Maidan Shahr,34.3972,68.8697,Afghanistan,AF,AFG,Wardak,admin,35008,1004798735
Mannar,Mannar,8.9667,79.8833,Sri Lanka,LK,LKA,North Central,,35000,1144238069
Chakdarra,Chakdarra,34.65,72.0333,Pakistan,PK,PAK,Khyber Pakhtunkhwa,,35000,1586973326
Payao,Payao,7.5857,122.8022,Philippines,PH,PHL,Zamboanga Sibugay,,34952,1608479429
Gaur,Gaur,26.7644,85.2783,Nepal,NP,NPL,,,34937,1524560237
Mendez-Nuñez,Mendez-Nunez,14.1286,120.9058,Philippines,PH,PHL,Cavite,,34879,1608479897
Leganes,Leganes,10.78,122.58,Philippines,PH,PHL,Iloilo,,34725,1608931505
Simpang Renggam,Simpang Renggam,1.825,103.3107,Malaysia,MY,MYS,Johor,,34701,1458888646
Bugasong,Bugasong,11.0447,122.0647,Philippines,PH,PHL,Antique,,34676,1608618288
Dueñas,Duenas,11.07,122.62,Philippines,PH,PHL,Iloilo,,34597,1608780214
Abulug,Abulug,18.4441,121.4576,Philippines,PH,PHL,Cagayan,,34579,1608894919
Bonifacio,Bonifacio,8.0527,123.6136,Philippines,PH,PHL,Misamis Occidental,,34558,1608594855
Pasni,Pasni,25.2652,63.4698,Pakistan,PK,PAK,Balochistan,,34524,1586321279
Bayog,Bayog,7.8474,123.0423,Philippines,PH,PHL,Zamboanga del Sur,,34519,1608058578
Mogpog,Mogpog,13.48,121.87,Philippines,PH,PHL,Marinduque,,34516,1608266747
Santa Maria,Santa Maria,14.475,121.425,Philippines,PH,PHL,Laguna,,34511,1608364592
Barugo,Barugo,11.32,124.73,Philippines,PH,PHL,Leyte,,34497,1608857790
Sadda,Sadda,33.7056,70.3292,Pakistan,PK,PAK,Khyber Pakhtunkhwa,,34495,1586420679
Ballesteros,Ballesteros,18.4108,121.5169,Philippines,PH,PHL,Cagayan,,34488,1608497933
Santa Fe,Santa Fe,11.15,123.8,Philippines,PH,PHL,Cebu,,34471,1608538046
Aloguinsan,Aloguinsan,10.2229,123.5491,Philippines,PH,PHL,Cebu,,34466,1608628202
Saparua,Saparua,-3.5749,128.647,Indonesia,ID,IDN,Maluku,minor,34460,1360081288
Hatibanda,Hatibanda,24.2155,90.16,Bangladesh,BD,BGD,Dhaka,,34445,1050959978
Kalasin,Kalasin,16.4342,103.5092,Thailand,TH,THA,Kalasin,admin,34429,1764060973
Merauke,Merauke,-8.4932,140.4018,Indonesia,ID,IDN,Papua Selatan,admin,34412,1360904439
Phra Phutthabat,Phra Phutthabat,14.7253,100.7954,Thailand,TH,THA,Saraburi,minor,34322,1764815202
Tandubas,Tandubas,5.134,120.3461,Philippines,PH,PHL,Tawi-Tawi,,34316,1608495674
Pinukpuk,Pinukpuk,17.5731,121.3653,Philippines,PH,PHL,Kalinga,,34275,1608337793
New Panamao,New Panamao,5.97,121.2,Philippines,PH,PHL,Sulu,,34249,1608080145
Simunul,Simunul,4.898,119.8213,Philippines,PH,PHL,Tawi-Tawi,,34245,1608851616
Sibutu,Sibutu,4.85,119.47,Philippines,PH,PHL,Tawi-Tawi,,34243,1608534545
Roi Et,Roi Et,16.0531,103.6511,Thailand,TH,THA,Roi Et,admin,34229,1764216668
General Nakar,General Nakar,14.7631,121.635,Philippines,PH,PHL,Quezon,,34225,1608579527
Santa Maria,Santa Maria,15.9808,120.7003,Philippines,PH,PHL,Pangasinan,,34220,1608045097
Pangururan,Pangururan,2.6075,98.6959,Indonesia,ID,IDN,Sumatera Utara,minor,34209,1360440190
Bintuni,Bintuni,-2.1167,133.5333,Indonesia,ID,IDN,Papua Barat,minor,34192,1360482675
Talayan,Talayan,6.9844,124.3564,Philippines,PH,PHL,Maguindanao,,34156,1608918556
Tobelo,Tobelo,1.7319,128.0078,Indonesia,ID,IDN,Maluku Utara,minor,34150,1360613851
Laoac East,Laoac East,16.0333,120.55,Philippines,PH,PHL,Pangasinan,,34128,1608510641
Guindulman,Guindulman,9.762,124.488,Philippines,PH,PHL,Bohol,,34104,1608000310
San Manuel,San Manuel,17.02,121.63,Philippines,PH,PHL,Isabela,,34085,1608882654
Cantilan,Cantilan,9.3356,125.9769,Philippines,PH,PHL,Surigao del Sur,,34060,1608479522
San Remigio,San Remigio,10.8331,122.0875,Philippines,PH,PHL,Antique,,34045,1608377520
Palapag,Palapag,12.547,125.116,Philippines,PH,PHL,Northern Samar,,34034,1608117306
Jalajala,Jalajala,14.354,121.324,Philippines,PH,PHL,Rizal,,34017,1608617458
Shariff Aguak,Shariff Aguak,6.8647,124.4417,Philippines,PH,PHL,,,33982,1608346338
San Quintin,San Quintin,15.9844,120.815,Philippines,PH,PHL,Pangasinan,,33980,1608250761
Milaor,Milaor,13.5956,123.1781,Philippines,PH,PHL,Camarines Sur,,33963,1608100026
Sibagat,Sibagat,8.82,125.69,Philippines,PH,PHL,Agusan del Sur,,33957,1608693755
Initao,Initao,8.5,124.3167,Philippines,PH,PHL,Misamis Oriental,,33902,1608853525
Lupi Viejo,Lupi Viejo,13.7908,122.9092,Philippines,PH,PHL,Camarines Sur,,33897,1608378429
Lianga,Lianga,8.633,126.0932,Philippines,PH,PHL,Surigao del Sur,minor,33869,1608000757
Tabango,Tabango,11.3067,124.3714,Philippines,PH,PHL,Leyte,,33868,1608467512
Baclaran,Baclaran,14.5319,120.9942,Philippines,PH,PHL,Parañaque,,33850,1608042950
Dao,Dao,11.38,122.63,Philippines,PH,PHL,Capiz,,33842,1608336072
Waikabubak,Waikabubak,-9.6358,119.4131,Indonesia,ID,IDN,Nusa Tenggara Timur,minor,33821,1360399705
Tobias Fornier,Tobias Fornier,10.5178,121.945,Philippines,PH,PHL,Antique,,33816,1608748452
Naguilian,Naguilian,17.02,121.85,Philippines,PH,PHL,Isabela,,33788,1608878667
Catmon,Catmon,10.67,123.95,Philippines,PH,PHL,Cebu,,33745,1608086129
Kadingilan,Kadingilan,7.6003,124.9097,Philippines,PH,PHL,Bukidnon,,33735,1608332793
Capoocan,Capoocan,11.2944,124.6419,Philippines,PH,PHL,Leyte,,33721,1608022763
Midsalip,Midsalip,8.0328,123.3147,Philippines,PH,PHL,Zamboanga del Sur,,33711,1608000929
Landi Kotal,Landi Kotal,34.1053,71.1553,Pakistan,PK,PAK,Khyber Pakhtunkhwa,,33697,1586730255
Datu Paglas,Datu Paglas,6.7669,124.85,Philippines,PH,PHL,Maguindanao,,33682,1608409121
Batobato,Batobato,6.8361,126.0889,Philippines,PH,PHL,Davao Oriental,,33664,1608375365
Bārhadashi̇̄,Barhadashi,26.55,87.92,Nepal,NP,NPL,,,33653,1524013222
Chumphon,Chumphon,10.4939,99.18,Thailand,TH,THA,Chumphon,admin,33633,1764012939
Koh Kong,Koh Kong,11.6167,102.9833,Cambodia,KH,KHM,Koh Kong,admin,33591,1116924669
Masiu,Masiu,7.82,124.32,Philippines,PH,PHL,Lanao del Sur,,33580,1608760371
Sapa Sapa,Sapa Sapa,5.0899,120.2729,Philippines,PH,PHL,Tawi-Tawi,,33580,1608223776
Dāganbhuiya,Daganbhuiya,22.9366,91.3036,Bangladesh,BD,BGD,Chattogram,,33574,1050791657
Bagh,Bagh,33.9735,73.7918,Pakistan,PK,PAK,Azad Kashmir,minor,33548,1586174149
Cabarroguis,Cabarroguis,16.5103,121.5222,Philippines,PH,PHL,Quirino,admin,33533,1608312278
Columbio,Columbio,6.7,124.93,Philippines,PH,PHL,Sultan Kudarat,,33527,1608232119
San Vicente,San Vicente,10.5281,119.2542,Philippines,PH,PHL,Palawan,,33507,1608866365
Bacarra,Bacarra,18.2519,120.6107,Philippines,PH,PHL,Ilocos Norte,,33496,1608322238
Batan,Batan,11.5853,122.4981,Philippines,PH,PHL,Aklan,,33484,1608398108
Getafe,Getafe,10.15,124.15,Philippines,PH,PHL,Bohol,,33422,1608770120
Ban Pak Phun,Ban Pak Phun,8.5298,99.9722,Thailand,TH,THA,Nakhon Si Thammarat,,33407,1764808518
Banate,Banate,11.05,122.78,Philippines,PH,PHL,Iloilo,,33376,1608443731
Uttaradit,Uttaradit,17.6231,100.0958,Thailand,TH,THA,Uttaradit,admin,33357,1764146253
Vintar,Vintar,18.2306,120.6489,Philippines,PH,PHL,Ilocos Norte,,33339,1608954444
Dupax Del Norte,Dupax Del Norte,16.3075,121.1019,Philippines,PH,PHL,Nueva Vizcaya,,33295,1608433556
Barguna,Barguna,22.1567,90.1176,Bangladesh,BD,BGD,Barishal,,33235,1050705630
Kampong Speu,Kampong Speu,11.452,104.519,Cambodia,KH,KHM,Kampong Speu,admin,33231,1116446492
Pandami,Pandami,5.53,120.75,Philippines,PH,PHL,Sulu,,33177,1608493332
Dipaculao,Dipaculao,15.98,121.63,Philippines,PH,PHL,Aurora,,33131,1608371572
Calape,Calape,9.88,123.88,Philippines,PH,PHL,Bohol,,33079,1608336876
Musikoṭ-Khalaṅgā,Musikot-Khalanga,28.6291,82.4554,Nepal,NP,NPL,,,32939,1524443799
Dumalinao,Dumalinao,7.82,123.37,Philippines,PH,PHL,Zamboanga del Sur,,32928,1608596790
Sanana,Sanana,-2.0545,125.9754,Indonesia,ID,IDN,Maluku Utara,minor,32831,1360020915
Krabi,Krabi,8.0592,98.9189,Thailand,TH,THA,Krabi,admin,32644,1764587855
Mayantoc,Mayantoc,15.6203,120.3775,Philippines,PH,PHL,Tarlac,,32597,1608123368
Matalom,Matalom,10.28,124.8,Philippines,PH,PHL,Leyte,,32586,1608519626
Diplahan,Diplahan,7.6911,122.9853,Philippines,PH,PHL,Zamboanga Sibugay,,32585,1608903309
Balindong,Balindong,7.92,124.2,Philippines,PH,PHL,Lanao del Sur,,32573,1608101746
Badoc,Badoc,17.9267,120.4754,Philippines,PH,PHL,Ilocos Norte,,32530,1608039575
Dolores,Dolores,14.0157,121.4011,Philippines,PH,PHL,Quezon,,32514,1608414696
Sendawar,Sendawar,2.1833,98.3833,Indonesia,ID,IDN,Sumatera Utara,,32438,1360006405
Lumbang,Lumbang,14.297,121.459,Philippines,PH,PHL,Laguna,,32330,1608829120
Peñaranda,Penaranda,15.3531,121.0017,Philippines,PH,PHL,Nueva Ecija,,32269,1608867657
Jimalalud,Jimalalud,9.9797,123.1999,Philippines,PH,PHL,Negros Oriental,,32256,1608267364
Mallig,Mallig,17.2086,121.6106,Philippines,PH,PHL,Isabela,,32208,1608733659
Igbaras,Igbaras,10.72,122.27,Philippines,PH,PHL,Iloilo,,32197,1608731890
Catubig,Catubig,12.408,125.054,Philippines,PH,PHL,Northern Samar,,32174,1608682352
Alubijid,Alubijid,8.5714,124.4751,Philippines,PH,PHL,Misamis Oriental,,32163,1608269125
Buguey,Buguey,18.2882,121.8331,Philippines,PH,PHL,Cagayan,minor,32148,1608139858
Salug,Salug,8.1075,122.7575,Philippines,PH,PHL,Zamboanga del Norte,,32134,1608808940
Balimbing,Balimbing,7.9,123.85,Philippines,PH,PHL,Lanao del Norte,,32115,1608968849
Caramoran,Caramoran,13.98,124.13,Philippines,PH,PHL,Catanduanes,,32114,1608187782
Tamparan,Tamparan,7.879,124.333,Philippines,PH,PHL,Lanao del Sur,,32074,1608808635
Malangas,Malangas,7.6317,123.0322,Philippines,PH,PHL,Zamboanga Sibugay,,32022,1608502020
Bauko,Bauko,16.9917,120.8644,Philippines,PH,PHL,Mountain,,32021,1608534033
Bandarawela,Bandarawela,6.8333,80.9853,Sri Lanka,LK,LKA,Uva,,32000,1144549772
Ghuenke,Ghuenke,32.4244,74.4603,Pakistan,PK,PAK,Punjab,,32000,1586863781
Ban Bang Krang,Ban Bang Krang,13.8422,100.4539,Thailand,TH,THA,Nonthaburi,,31954,1764797592
Sergio Osmeña Sr,Sergio Osmena Sr,8.3003,123.5083,Philippines,PH,PHL,Zamboanga del Sur,,31942,1608000320
Polillo,Polillo,14.72,121.95,Philippines,PH,PHL,Quezon,,31908,1608558714
Claveria,Claveria,18.6061,121.0822,Philippines,PH,PHL,Cagayan,,31900,1608555618
Samut Prakan,Samut Prakan,13.5897,100.6386,Thailand,TH,THA,Samut Prakan,admin,31887,1764159228
Kampong Thom,Kampong Thom,12.7,104.9,Cambodia,KH,KHM,Kampong Thom,admin,31871,1116471297
Pantabangan,Pantabangan,15.8086,121.1433,Philippines,PH,PHL,Nueva Ecija,,31763,1608834097
Tubao,Tubao,16.35,120.42,Philippines,PH,PHL,La Union,,31763,1608119731
Sigma,Sigma,11.4214,122.6662,Philippines,PH,PHL,Capiz,,31688,1608472773
Bagrāmī,Bagrami,34.4911,69.2756,Afghanistan,AF,AFG,Kābul,minor,31680,1004712473
Calubian,Calubian,11.4467,124.4278,Philippines,PH,PHL,Leyte,,31646,1608361988
Chum Phae,Chum Phae,16.5443,102.0992,Thailand,TH,THA,Khon Kaen,minor,31597,1764511790
Merida,Merida,10.9098,124.5376,Philippines,PH,PHL,Leyte,,31574,1608181701
Airmadidi,Airmadidi,1.4333,124.9833,Indonesia,ID,IDN,Sulawesi Utara,minor,31446,1360792086
Nagdha Simla,Nagdha Simla,24.6071,89.9151,Bangladesh,BD,BGD,Dhaka,,31436,1050208700
Lemery,Lemery,11.23,122.93,Philippines,PH,PHL,Iloilo,,31414,1608458862
Bagac,Bagac,14.5951,120.3918,Philippines,PH,PHL,Bataan,,31365,1608665049
Dasol,Dasol,15.9896,119.8805,Philippines,PH,PHL,Pangasinan,,31355,1608297635
Point Pedro,Point Pedro,9.8167,80.2333,Sri Lanka,LK,LKA,North Central,,31351,1144518773
Dimataling,Dimataling,7.5297,123.3661,Philippines,PH,PHL,Zamboanga del Sur,,31340,1608315903
Magsingal,Magsingal,17.685,120.4244,Philippines,PH,PHL,Ilocos Sur,,31308,1608782120
Ivisan,Ivisan,11.5217,122.6908,Philippines,PH,PHL,Capiz,,31278,1608052349
President Roxas,President Roxas,11.4297,122.9247,Philippines,PH,PHL,Capiz,,31269,1608614914
Paracelis,Paracelis,17.1811,121.4036,Philippines,PH,PHL,Mountain,,31168,1608673530
Siraway,Siraway,7.5853,122.1406,Philippines,PH,PHL,Zamboanga del Norte,,31163,1608364909
Buenavista,Buenavista,13.7394,122.4675,Philippines,PH,PHL,Quezon,,31160,1608200372
Gata,Gata,7.85,124.35,Philippines,PH,PHL,Lanao del Sur,,31141,1608491707
Tairan Camp,Tairan Camp,6.65,121.87,Philippines,PH,PHL,Basilan,,31040,1608342208
Ban Chang,Ban Chang,12.7208,101.0669,Thailand,TH,THA,Rayong,minor,30983,1764733644
Ban Ang Sila,Ban Ang Sila,13.3364,100.9278,Thailand,TH,THA,Chon Buri,,30981,1764931523
Thal,Thal,33.3644,70.5478,Pakistan,PK,PAK,Khyber Pakhtunkhwa,,30977,1586079634
La Paz,La Paz,8.28,125.81,Philippines,PH,PHL,Agusan del Sur,,30969,1608150705
Lohāgāra,Lohagara,22.0112,92.1009,Bangladesh,BD,BGD,Chattogram,,30815,1050428352
Nālchiti,Nalchiti,22.637,90.2719,Bangladesh,BD,BGD,Barishal,,30803,1050419528
Ganassi,Ganassi,7.8269,124.1034,Philippines,PH,PHL,Lanao del Sur,,30802,1608113357
San Narciso,San Narciso,15.02,120.08,Philippines,PH,PHL,Zambales,,30759,1608230911
Ban Sai Ma Tai,Ban Sai Ma Tai,13.8642,100.4741,Thailand,TH,THA,Nonthaburi,,30750,1764698508
Chak Five Hundred Seventy-five,Chak Five Hundred Seventy-five,31.55,73.8333,Pakistan,PK,PAK,Punjab,,30738,1586006531
Udaypur Gaḍhi̇̄,Udaypur Gadhi,26.9333,86.5167,Nepal,NP,NPL,,,30731,1524108057
San Isidro,San Isidro,11.42,124.35,Philippines,PH,PHL,Leyte,,30722,1608758636
Aglipay,Aglipay,16.4889,121.5874,Philippines,PH,PHL,Quirino,,30714,1608815754
Balatan,Balatan,13.3167,123.2333,Philippines,PH,PHL,Camarines Sur,,30669,1608458938
Gamu,Gamu,17.05,121.83,Philippines,PH,PHL,Isabela,,30655,1608641716
Mataas Na Kahoy,Mataas Na Kahoy,13.9592,121.1126,Philippines,PH,PHL,Batangas,,30621,1608270985
Anilao,Anilao,10.9785,122.7531,Philippines,PH,PHL,Iloilo,,30520,1608171466
Thung Song,Thung Song,8.154,99.7286,Thailand,TH,THA,Nakhon Si Thammarat,minor,30500,1764422992
Masho Khel,Masho Khel,33.9103,71.5025,Pakistan,PK,PAK,Khyber Pakhtunkhwa,,30492,1586821243
Torrijos,Torrijos,13.32,122.08,Philippines,PH,PHL,Marinduque,,30476,1608448413
Maguing,Maguing,7.9,124.4,Philippines,PH,PHL,Lanao del Sur,,30436,1608901118
Bālā Kōh,Bala Koh,36.5753,66.8203,Afghanistan,AF,AFG,Balkh,,30419,1004171817
Banlung,Banlung,13.7394,106.9873,Cambodia,KH,KHM,Ratanakiri,admin,30399,1116605438
Samrong,Samrong,13.6516,100.5922,Thailand,TH,THA,Samut Prakan,,30382,1764003521
Pothuhera,Pothuhera,7.4214,80.3303,Sri Lanka,LK,LKA,North Western,,30315,1144415368
Kurunegala,Kurunegala,7.4833,80.3667,Sri Lanka,LK,LKA,North Western,admin,30315,1144602660
Candelaria,Candelaria,15.63,119.93,Philippines,PH,PHL,Zambales,,30263,1608679847
Majidpur,Majidpur,23.5797,90.7684,Bangladesh,BD,BGD,Chattogram,,30257,1050816935
Pantao-Ragat,Pantao-Ragat,8.05,124.15,Philippines,PH,PHL,Lanao del Norte,,30247,1608760882
Las Nieves,Las Nieves,8.74,125.6,Philippines,PH,PHL,Agusan del Norte,,30240,1608365860
Calintaan,Calintaan,12.5756,120.9428,Philippines,PH,PHL,Occidental Mindoro,,30190,1608559951
Lewoleba,Lewoleba,-8.3833,123.4,Indonesia,ID,IDN,Nusa Tenggara Timur,minor,30151,1360652469
Piagapo,Piagapo,8,124.2,Philippines,PH,PHL,Lanao del Sur,,30132,1608525630
Candijay,Candijay,9.818,124.496,Philippines,PH,PHL,Bohol,,30119,1608954791
Marogong,Marogong,7.67,124.15,Philippines,PH,PHL,Lanao del Sur,,30118,1608554059
Pulupandan,Pulupandan,10.52,122.8,Philippines,PH,PHL,Negros Occidental,,30117,1608181104
San Miguel,San Miguel,10.78,122.47,Philippines,PH,PHL,Iloilo,,30115,1608896431
Dumalag,Dumalag,11.3039,122.6214,Philippines,PH,PHL,Capiz,,30098,1608493161
Balete,Balete,11.5553,122.3792,Philippines,PH,PHL,Aklan,,30090,1608488735
Iguig,Iguig,17.7517,121.7364,Philippines,PH,PHL,Cagayan,,30060,1608362919
Dauin,Dauin,9.2,123.27,Philippines,PH,PHL,Negros Oriental,,30018,1608545503
Kulat,Kulat,-8.8243,115.0983,Indonesia,ID,IDN,Bali,,30012,1360003468
Santa Maria,Santa Maria,17.3719,120.4814,Philippines,PH,PHL,Ilocos Sur,,30006,1608975400
Balungao,Balungao,15.9,120.7,Philippines,PH,PHL,Pangasinan,,30004,1608858364
Kuah,Kuah,6.3265,99.8432,Malaysia,MY,MYS,Kedah,,30000,1458485956
Dulmial,Dulmial,32.7333,72.9167,Pakistan,PK,PAK,Punjab,,30000,1586111177
Malak Abad,Malak Abad,34.8,71.8,Pakistan,PK,PAK,Khyber Pakhtunkhwa,,30000,1586405890
Makhdum Rashid,Makhdum Rashid,30,5,Pakistan,PK,PAK,Punjab,,30000,1586125576
Fang,Fang,19.9189,99.2136,Thailand,TH,THA,Chiang Mai,minor,30000,1764804984
Salay,Salay,8.87,124.8,Philippines,PH,PHL,Misamis Oriental,,29998,1608139757
Agno,Agno,16.1161,119.8027,Philippines,PH,PHL,Pangasinan,,29947,1608574609
Pind Dadan Khan,Pind Dadan Khan,32.5883,73.0447,Pakistan,PK,PAK,Punjab,,29935,1586507485
Ragan Sur,Ragan Sur,17.32,121.78,Philippines,PH,PHL,Isabela,,29928,1608589574
San Roque,San Roque,12.533,124.867,Philippines,PH,PHL,Northern Samar,,29882,1608667043
Mabole,Mabole,7.0022,79.898,Sri Lanka,LK,LKA,Western,,29880,1144304678
Padada,Padada,6.63,125.35,Philippines,PH,PHL,Davao del Sur,,29878,1608991234
Balabagan,Balabagan,7.53,124.12,Philippines,PH,PHL,Lanao del Sur,,29863,1608273813
Quiapo,Quiapo,14.6,120.983,Philippines,PH,PHL,Manila,,29846,1608465903
San Luis,San Luis,15.72,121.52,Philippines,PH,PHL,Aurora,,29824,1608491560
Bontoc,Bontoc,10.35,124.97,Philippines,PH,PHL,Southern Leyte,,29799,1608980422
Benito Soliven,Benito Soliven,16.98,121.95,Philippines,PH,PHL,Isabela,,29752,1608904633
Makato,Makato,11.712,122.2922,Philippines,PH,PHL,Aklan,,29717,1608336520
Buenavista,Buenavista,10.08,124.12,Philippines,PH,PHL,Bohol,,29711,1608981835
Parsuram,Parsuram,23.2114,91.4686,Bangladesh,BD,BGD,Chattogram,,29691,1050185603
San Jacinto,San Jacinto,12.5683,123.7336,Philippines,PH,PHL,Masbate,,29686,1608975961
Pasuquin,Pasuquin,18.3342,120.6183,Philippines,PH,PHL,Ilocos Norte,,29678,1608946484
Stung Treng,Stung Treng,13.5259,105.9683,Cambodia,KH,KHM,Stung Treng,admin,29665,1116286673
West Rembo,West Rembo,14.5602,121.0615,Philippines,PH,PHL,Makati,,29649,1608832412
Placer,Placer,9.657,125.6016,Philippines,PH,PHL,Surigao del Norte,,29616,1608949184
South Ubian,South Ubian,5.18,120.48,Philippines,PH,PHL,Tawi-Tawi,,29583,1608837264
Zamboanguita,Zamboanguita,9.1,123.199,Philippines,PH,PHL,Negros Oriental,,29569,1608790324
Sumilao,Sumilao,8.3281,124.9783,Philippines,PH,PHL,Bukidnon,,29531,1608478133
Kumalarang,Kumalarang,7.7478,123.1442,Philippines,PH,PHL,Zamboanga del Sur,,29479,1608494719
Manticao,Manticao,8.4042,124.2867,Philippines,PH,PHL,Misamis Oriental,,29469,1608455267
Garchitorena,Garchitorena,13.88,123.7,Philippines,PH,PHL,Camarines Sur,,29436,1608974221
Lavezares,Lavezares,12.53,124.33,Philippines,PH,PHL,Northern Samar,,29390,1608921102
Bagong Pag-Asa,Bagong Pag-Asa,14.6622,121.0331,Philippines,PH,PHL,Quezon,,29389,1608625000
Bāglung,Baglung,28.2667,83.6,Nepal,NP,NPL,Gaṇḍakī,,29360,1524266307
Shikharpur,Shikharpur,27.7467,85.5097,Nepal,NP,NPL,,,29318,1524315710
Licab,Licab,15.54,120.7619,Philippines,PH,PHL,Nueva Ecija,,29269,1608362580
Oslob,Oslob,9.55,123.4,Philippines,PH,PHL,Cebu,,29264,1608302642
Poona-Piagapo,Poona-Piagapo,8.08,124.08,Philippines,PH,PHL,Lanao del Norte,,29183,1608243882
Hinunangan,Hinunangan,10.4,125.2,Philippines,PH,PHL,Southern Leyte,,29149,1608201687
Ban Bang Khu Wat,Ban Bang Khu Wat,13.9576,100.4903,Thailand,TH,THA,Pathum Thani,,29138,1764948515
Pālpā,Palpa,27.8667,83.55,Nepal,NP,NPL,,,29095,1524400922
Sexmoan,Sexmoan,14.936,120.623,Philippines,PH,PHL,Pampanga,,29076,1608694965
Lugus,Lugus,5.7,120.82,Philippines,PH,PHL,Sulu,,29043,1608911835
Santo Domingo,Santo Domingo,17.6414,120.4108,Philippines,PH,PHL,Ilocos Sur,,29041,1608638724
Johi,Johi,26.6921,67.6133,Pakistan,PK,PAK,Sindh,,29031,1586118124
Kudat,Kudat,6.8837,116.8477,Malaysia,MY,MYS,Sabah,,29025,1458364098
Dapa,Dapa,9.7578,126.0528,Philippines,PH,PHL,Surigao del Norte,,29006,1608000744
Hajira,Hajira,33.7717,73.8961,Pakistan,PK,PAK,Azad Kashmir,,28953,1586842312
Hakmana,Hakmana,6.0836,80.6445,Sri Lanka,LK,LKA,Southern,,28941,1144021831
Ampatuan,Ampatuan,6.8348,124.4581,Philippines,PH,PHL,Maguindanao,,28941,1608744041
Santo Niño,Santo Nino,14.5033,121.0031,Philippines,PH,PHL,Parañaque,,28925,1608225111
Siquijor,Siquijor,9.18,123.58,Philippines,PH,PHL,Siquijor,admin,28915,1608692949
Ban Phai,Ban Phai,16.06,102.731,Thailand,TH,THA,Khon Kaen,minor,28913,1764026556
Jimenez,Jimenez,8.3333,123.8333,Philippines,PH,PHL,Misamis Occidental,,28909,1608870263
Tabuelan,Tabuelan,10.85,123.9,Philippines,PH,PHL,Cebu,,28907,1608122773
Ponot,Ponot,8.4428,123.0219,Philippines,PH,PHL,Zamboanga del Norte,,28881,1608607022
Baleno,Baleno,12.4739,123.4982,Philippines,PH,PHL,Masbate,,28855,1608892797
Mathba,Mathba,22.2862,89.9588,Bangladesh,BD,BGD,Barishal,,28851,1050564750
Babatngon,Babatngon,11.4207,124.8434,Philippines,PH,PHL,Leyte,,28823,1608546355
Kamphaeng Phet,Kamphaeng Phet,16.4811,99.5222,Thailand,TH,THA,Kamphaeng Phet,admin,28817,1764367755
Tibiao,Tibiao,11.2892,122.0342,Philippines,PH,PHL,Antique,,28703,1608615251
Mabini,Mabini,9.865,124.523,Philippines,PH,PHL,Bohol,,28701,1608176606
Pilar,Pilar,9.83,124.33,Philippines,PH,PHL,Bohol,,28693,1608391596
Bang Phongphang,Bang Phongphang,13.6791,100.5291,Thailand,TH,THA,Samut Prakan,,28692,1764502075
Santiago,Santiago,9.27,125.56,Philippines,PH,PHL,Agusan del Norte,,28657,1608671914
Doña Remedios Trinidad,Dona Remedios Trinidad,15,121.08,Philippines,PH,PHL,Bulacan,,28656,1608246190
Mirzāpur,Mirzapur,24.1029,90.0984,Bangladesh,BD,BGD,Dhaka,,28602,1050315197
Tudela,Tudela,8.2472,123.8424,Philippines,PH,PHL,Misamis Occidental,,28599,1608684783
Santo Niño,Santo Nino,17.8861,121.5691,Philippines,PH,PHL,Cagayan,,28537,1608449787
Basay,Basay,9.42,122.63,Philippines,PH,PHL,Negros Oriental,,28531,1608826752
Siraha,Siraha,26.6528,86.2069,Nepal,NP,NPL,,,28442,1524369856
Tha Yang,Tha Yang,12.9723,99.8827,Thailand,TH,THA,Phetchaburi,minor,28437,1764170056
Saint Bernard,Saint Bernard,10.28,125.13,Philippines,PH,PHL,Southern Leyte,,28414,1608368658
Valencia,Valencia,9.6097,124.208,Philippines,PH,PHL,Bohol,,28392,1608239988
San Manuel,San Manuel,15.7975,120.6072,Philippines,PH,PHL,Tarlac,,28387,1608808386
Datu Piang,Datu Piang,7.0178,124.4974,Philippines,PH,PHL,Maguindanao,,28380,1608264842
Libacao,Libacao,11.48,122.3,Philippines,PH,PHL,Aklan,,28272,1608816911
Kolambugan,Kolambugan,8.1144,123.8971,Philippines,PH,PHL,Lanao del Norte,,28265,1608474341
Ayun,Ayun,35.7225,71.7669,Pakistan,PK,PAK,Khyber Pakhtunkhwa,,28182,1586095198
Warin Chamrap,Warin Chamrap,15.1932,104.8628,Thailand,TH,THA,Ubon Ratchathani,minor,28154,1764105770
Pinyahan,Pinyahan,14.64,121.0461,Philippines,PH,PHL,Quezon,,28129,1608055244
Cabangan,Cabangan,15.13,120.15,Philippines,PH,PHL,Zambales,,28118,1608614054
Khulm,Khulm,36.6833,67.6833,Afghanistan,AF,AFG,Balkh,minor,28078,1004486677
Bayang,Bayang,7.793,124.192,Philippines,PH,PHL,Lanao del Sur,,28023,1608918894
Mainit,Mainit,9.5369,125.5231,Philippines,PH,PHL,Surigao del Norte,,28019,1608163552
Cuartero,Cuartero,11.3428,122.6714,Philippines,PH,PHL,Capiz,,27993,1608559971
Lubok Antu,Lubok Antu,1.0419,111.834,Malaysia,MY,MYS,Sarawak,,27984,1458036872
Aloran,Aloran,8.4146,123.8228,Philippines,PH,PHL,Misamis Occidental,,27934,1608445813
Sabaur,Sabaur,32.8031,74.0614,Pakistan,PK,PAK,Punjab,,27915,1586766315
Reina Mercedes Viejo,Reina Mercedes Viejo,17.0018,121.7863,Philippines,PH,PHL,Isabela,,27900,1608400065
Reina Mercedes,Reina Mercedes,16.9872,121.8272,Philippines,PH,PHL,Isabela,,27900,1608126589
Majayjay,Majayjay,14.1463,121.4729,Philippines,PH,PHL,Laguna,,27893,1608576645
Caridad,Caridad,14.4828,120.8958,Philippines,PH,PHL,Cavite,,27891,1608839244
Dingalan,Dingalan,15.38,121.4,Philippines,PH,PHL,Aurora,,27878,1608912340
Talusan,Talusan,7.4263,122.8084,Philippines,PH,PHL,Zamboanga Sibugay,,27873,1608149746
San Isidro,San Isidro,12.388,124.331,Philippines,PH,PHL,Northern Samar,,27867,1608612789
Mahaplag,Mahaplag,10.6072,124.9636,Philippines,PH,PHL,Leyte,,27865,1608946105
Magdalena,Magdalena,14.2,121.43,Philippines,PH,PHL,Laguna,,27816,1608837240
Lapuyan,Lapuyan,7.6325,123.1914,Philippines,PH,PHL,Zamboanga del Sur,,27737,1608412170
Phuntsholing,Phuntsholing,26.85,89.3833,Bhutan,BT,BTN,Chhukha,,27658,1064177612
Leon Postigo,Leon Postigo,8.1514,122.9244,Philippines,PH,PHL,Zamboanga del Norte,,27639,1608711286
Bhimbar,Bhimbar,32.9747,74.0731,Pakistan,PK,PAK,Azad Kashmir,,27636,1586116634
Nakhon Phanom,Nakhon Phanom,17.4069,104.7808,Thailand,TH,THA,Nakhon Phanom,admin,27591,1764103547
Atharan Hazari,Atharan Hazari,31.1671,72.0898,Pakistan,PK,PAK,Punjab,,27561,1586329391
Conner,Conner,17.8086,121.2889,Philippines,PH,PHL,Apayao,,27552,1608855963
Pitogo,Pitogo,7.4536,123.3133,Philippines,PH,PHL,Zamboanga del Sur,,27516,1608000920
Daulatkhān,Daulatkhan,22.5998,90.7414,Bangladesh,BD,BGD,Barishal,,27514,1050010402
Nuwara Eliya,Nuwara Eliya,6.9667,80.7667,Sri Lanka,LK,LKA,Central,,27500,1144687416
Villareal,Villareal,11.57,124.93,Philippines,PH,PHL,Samar,,27394,1608546195
Panauti,Panauti,27.5844,85.5147,Nepal,NP,NPL,,,27358,1524203755
Palanas,Palanas,12.1464,123.9219,Philippines,PH,PHL,Masbate,,27322,1608982092
Macalelon,Macalelon,13.75,122.13,Philippines,PH,PHL,Quezon,,27312,1608722865
Zarraga,Zarraga,10.82,122.6,Philippines,PH,PHL,Iloilo,,27305,1608101435
Ramon Magsaysay,Ramon Magsaysay,8.0053,123.4869,Philippines,PH,PHL,Zamboanga del Sur,,27280,1608096621
Talisay,Talisay,14.1356,122.9244,Philippines,PH,PHL,Camarines Norte,,27244,1608025167
Taraka,Taraka,7.8994,124.3481,Philippines,PH,PHL,Lanao del Sur,,27184,1608550964
Rappang,Rappang,-3.8447,119.8205,Indonesia,ID,IDN,Sulawesi Selatan,minor,27116,1360002024
Batgram,Batgram,34.6833,73.0167,Pakistan,PK,PAK,Khyber Pakhtunkhwa,minor,27083,1586989930
Badiangan,Badiangan,10.986,122.5369,Philippines,PH,PHL,Iloilo,,27056,1608786837
San Isidro,San Isidro,16.87,121.77,Philippines,PH,PHL,Isabela,,27044,1608367745
Quezon,Quezon,17.3119,121.605,Philippines,PH,PHL,Isabela,,27037,1608313013
Arandu,Arandu,35.3103,71.5486,Pakistan,PK,PAK,Khyber Pakhtunkhwa,,27000,1586109324
Jaglot,Jaglot,35.685,74.6239,Pakistan,PK,PAK,Gilgit-Baltistan,,27000,1586251819
Tarragona,Tarragona,7.0491,126.4471,Philippines,PH,PHL,Davao Oriental,,26996,1608231910
Tambo,Tambo,14.5164,120.9889,Philippines,PH,PHL,Parañaque,,26928,1608929158
Prachuap Khiri Khan,Prachuap Khiri Khan,11.8167,99.8,Thailand,TH,THA,Prachuap Khiri Khan,admin,26926,1764877766
Wahga,Wahga,31.6047,74.5731,Pakistan,PK,PAK,Punjab,,26900,1586031751
Alitagtag,Alitagtag,13.865,121.0063,Philippines,PH,PHL,Batangas,,26819,1608000702
Santa Margarita,Santa Margarita,12.0378,124.6578,Philippines,PH,PHL,Samar,,26816,1608562056
Labrador,Labrador,16.0339,120.1392,Philippines,PH,PHL,Pangasinan,,26811,1608960162
Ban Phonla Krang,Ban Phonla Krang,15.0199,102.0123,Thailand,TH,THA,Nakhon Ratchasima,,26804,1764032168
Khānābād,Khanabad,36.6831,69.1636,Afghanistan,AF,AFG,Kunduz,minor,26803,1004931539
Bidur,Bidur,27.8961,85.1456,Nepal,NP,NPL,,,26750,1524355084
Magarao,Magarao,13.6619,123.1903,Philippines,PH,PHL,Camarines Sur,,26742,1608965435
Malitbog,Malitbog,8.5361,124.8808,Philippines,PH,PHL,Bukidnon,,26741,1608929640
Ḩukūmatī Baghrān,Hukumati Baghran,33.0669,65.0917,Afghanistan,AF,AFG,Helmand,,26724,1004391533
Saguiaran,Saguiaran,8.03,124.27,Philippines,PH,PHL,Lanao del Sur,,26712,1608961026
Sapian,Sapian,11.4939,122.6047,Philippines,PH,PHL,Capiz,,26697,1608481925
San Juan,San Juan,17.7431,120.4583,Philippines,PH,PHL,Ilocos Sur,,26674,1608362566
Bien Unido,Bien Unido,10.13,124.38,Philippines,PH,PHL,Bohol,,26666,1608389168
Bugho,Bugho,10.8,124.93,Philippines,PH,PHL,Leyte,,26658,1608894978
Suphan Buri,Suphan Buri,14.4675,100.1169,Thailand,TH,THA,Suphan Buri,admin,26656,1764759549
San Pablo,San Pablo,7.6578,123.4597,Philippines,PH,PHL,Zamboanga del Sur,,26648,1608873105
Pantar,Pantar,8.0667,124.2667,Philippines,PH,PHL,Lanao del Norte,,26599,1608597402
Macrohon,Macrohon,10.0797,124.9431,Philippines,PH,PHL,Southern Leyte,,26580,1608879566
Lauaan,Lauaan,11.1429,122.0417,Philippines,PH,PHL,Antique,,26580,1608082047
Casiguran,Casiguran,16.28,122.12,Philippines,PH,PHL,Aurora,,26564,1608404856
Plainview,Plainview,14.5777,121.0337,Philippines,PH,PHL,Mandaluyong,,26557,1608416217
Ban Wang Kalang,Ban Wang Kalang,15.1505,98.4525,Thailand,TH,THA,Kanchanaburi,,26524,1764955396
Bubong,Bubong,8.02,124.48,Philippines,PH,PHL,Lanao del Sur,,26514,1608714839
Madalum,Madalum,7.853,124.119,Philippines,PH,PHL,Lanao del Sur,,26478,1608644937
Kayapa,Kayapa,16.3583,120.8861,Philippines,PH,PHL,Nueva Vizcaya,,26469,1608843014
Mabini,Mabini,16.0697,119.94,Philippines,PH,PHL,Pangasinan,,26454,1608238060
Santa Josefa,Santa Josefa,7.98,126.03,Philippines,PH,PHL,Agusan del Sur,,26432,1608144664
Del Gallego,Del Gallego,13.9233,122.5961,Philippines,PH,PHL,Camarines Sur,,26403,1608303439
San Jose,San Jose,10.0083,125.5889,Philippines,PH,PHL,Dinagat Islands,,26375,1608706852
Lagindingan,Lagindingan,8.58,124.45,Philippines,PH,PHL,Misamis Oriental,,26363,1608139544
Pandag,Pandag,6.7411,124.7827,Philippines,PH,PHL,Maguindanao,,26356,1608191003
Duptiair,Duptiair,23.9925,89.7973,Bangladesh,BD,BGD,Dhaka,,26336,1050168412
Parit Buntar,Parit Buntar,5.1267,100.4932,Malaysia,MY,MYS,Perak,,26328,1458515879
San Pablo,San Pablo,17.4478,121.795,Philippines,PH,PHL,Isabela,,26320,1608290602
Khā̃dbāri̇̄,Khadbari,27.3667,87.2167,Nepal,NP,NPL,,,26301,1524504106
Infanta,Infanta,15.8208,119.9083,Philippines,PH,PHL,Pangasinan,,26242,1608909845
Lamut,Lamut,16.6517,121.2178,Philippines,PH,PHL,Ifugao,,26235,1608437546
Poro,Poro,10.629,124.407,Philippines,PH,PHL,Cebu,,26232,1608111818
Phetchaburi,Phetchaburi,13.1119,99.9458,Thailand,TH,THA,Phetchaburi,admin,26181,1764000534
Sanchez-Mira,Sanchez-Mira,18.5611,121.2344,Philippines,PH,PHL,Cagayan,,26164,1608566052
Manito,Manito,13.1235,123.8693,Philippines,PH,PHL,Albay,,26162,1608821494
Amnat Charoen,Amnat Charoen,15.85,104.6333,Thailand,TH,THA,Amnat Charoen,admin,26118,1764038011
Sierra Bullones,Sierra Bullones,9.82,124.28,Philippines,PH,PHL,Bohol,,26095,1608138395
Kathu,Kathu,7.909,98.3332,Thailand,TH,THA,Phuket,minor,26078,1764733770
Dancagan,Dancagan,7.6119,125.0028,Philippines,PH,PHL,Bukidnon,,26076,1608456608
Buenavista,Buenavista,13.25,121.95,Philippines,PH,PHL,Marinduque,,26043,1608976324
Burgos,Burgos,17.07,121.7,Philippines,PH,PHL,Isabela,,26040,1608000109
Sinait,Sinait,17.8667,120.4583,Philippines,PH,PHL,Ilocos Sur,,25998,1608219534
Lakshmīcharīpāra,Lakshmicharipara,22.7937,91.916,Bangladesh,BD,BGD,Chattogram,,25994,1050022288
Santa Lucia,Santa Lucia,17.1222,120.4494,Philippines,PH,PHL,Ilocos Sur,,25966,1608914119
Binidayan,Binidayan,7.8,124.17,Philippines,PH,PHL,Lanao del Sur,,25965,1608188559
Bobon,Bobon,12.52,124.57,Philippines,PH,PHL,Northern Samar,,25964,1608017004
Socorro,Socorro,9.618,125.966,Philippines,PH,PHL,Surigao del Norte,,25942,1608166420
Ban Pa Sak,Ban Pa Sak,16.8477,100.2563,Thailand,TH,THA,Phitsanulok,,25863,1764248083
Tubay,Tubay,9.16,125.52,Philippines,PH,PHL,Agusan del Norte,,25785,1608372831
Santo Cristo,Santo Cristo,14.6603,121.03,Philippines,PH,PHL,Quezon,,25783,1608708630
Pura,Pura,15.6248,120.648,Philippines,PH,PHL,Tarlac,,25781,1608629577
Natividad,Natividad,16.0422,120.7953,Philippines,PH,PHL,Pangasinan,,25771,1608325844
Talisayan,Talisayan,8.9917,124.8833,Philippines,PH,PHL,Misamis Oriental,,25761,1608510465
Santa Maria,Santa Maria,17.47,121.75,Philippines,PH,PHL,Isabela,,25758,1608195670
Tabina,Tabina,7.4655,123.4086,Philippines,PH,PHL,Zamboanga del Sur,,25734,1608883183
Ban Piang Luang,Ban Piang Luang,19.6826,98.626,Thailand,TH,THA,Chiang Mai,,25725,1764002589
Tarangnan,Tarangnan,11.9,124.75,Philippines,PH,PHL,Samar,,25713,1608797331
Kanchanaburi,Kanchanaburi,14.0194,99.5311,Thailand,TH,THA,Kanchanaburi,admin,25651,1764455558
Altavas,Altavas,11.5383,122.4869,Philippines,PH,PHL,Aklan,,25639,1608142591
Phulpur,Phulpur,24.9487,90.2495,Bangladesh,BD,BGD,Mymensingh,,25628,1050550788
Samut Songkhram,Samut Songkhram,13.4097,100.0017,Thailand,TH,THA,Samut Songkhram,admin,25623,1764305010
Alegria,Alegria,9.7243,123.3402,Philippines,PH,PHL,Cebu,,25620,1608812207
Busuanga,Busuanga,12.1335,119.9363,Philippines,PH,PHL,Palawan,,25617,1608290614
Tipo-Tipo,Tipo-Tipo,6.53,122.17,Philippines,PH,PHL,Basilan,,25531,1608266318
Ayuquitan,Ayuquitan,9.4644,123.2237,Philippines,PH,PHL,Negros Oriental,,25513,1608812083
Lopez Jaena,Lopez Jaena,8.55,123.7667,Philippines,PH,PHL,Misamis Occidental,,25507,1608136774
Bungku,Bungku,-2.5333,121.9667,Indonesia,ID,IDN,Sulawesi Tengah,minor,25477,1360661164
Unisan,Unisan,13.8413,121.9752,Philippines,PH,PHL,Quezon,,25448,1608135212
Tumbao,Tumbao,7.12,124.38,Philippines,PH,PHL,Maguindanao,,25439,1608047878
Nagtipunan,Nagtipunan,16.22,121.6,Philippines,PH,PHL,Quirino,,25399,1608561096
San Miguel,San Miguel,10,124.32,Philippines,PH,PHL,Bohol,,25356,1608318281
Talugtug,Talugtug,15.7789,120.8111,Philippines,PH,PHL,Nueva Ecija,,25236,1608248844
Camalaniugan,Camalaniugan,18.2756,121.6756,Philippines,PH,PHL,Cagayan,,25236,1608820417
Allen,Allen,12.5013,124.282,Philippines,PH,PHL,Northern Samar,,25228,1608146334
Sarrat,Sarrat,18.1578,120.6447,Philippines,PH,PHL,Ilocos Norte,,25186,1608165020
Monreal,Monreal,12.644,123.6648,Philippines,PH,PHL,Masbate,,25164,1608903492
Prachin Buri,Prachin Buri,14.0567,101.3739,Thailand,TH,THA,Prachin Buri,admin,25157,1764262472
Malaṅgawā,Malangawa,26.8667,85.5667,Nepal,NP,NPL,,,25102,1524985987
Pagudpud,Pagudpud,18.5614,120.7878,Philippines,PH,PHL,Ilocos Norte,,25098,1608369823
Soccorro,Soccorro,14.6179,121.0558,Philippines,PH,PHL,Quezon,,25073,1608135320
Camaligan,Camaligan,13.6208,123.1656,Philippines,PH,PHL,Camarines Sur,,25036,1608478686
San Felipe,San Felipe,15.0619,120.07,Philippines,PH,PHL,Zambales,,25033,1608994010
Pangil,Pangil,14.4,121.47,Philippines,PH,PHL,Laguna,,25026,1608594203
Quirino,Quirino,17.1356,121.735,Philippines,PH,PHL,Isabela,,25023,1608140160
Paoay,Paoay,18.0625,120.5203,Philippines,PH,PHL,Ilocos Norte,,25001,1608717163
Tegalbuleud,Tegalbuleud,-7.3578,106.622,Indonesia,ID,IDN,Jawa Barat,,25000,1360719911
Bidur,Bidur,4.1167,101.2833,Malaysia,MY,MYS,Perak,,25000,1458028952
Dainyor,Dainyor,35.9194,74.3889,Pakistan,PK,PAK,Gilgit-Baltistan,,25000,1586862411
Paete,Paete,14.37,121.48,Philippines,PH,PHL,Laguna,,24945,1608131728
Dimasalang,Dimasalang,12.1933,123.8583,Philippines,PH,PHL,Masbate,,24909,1608843461
Jabonga,Jabonga,9.3431,125.5156,Philippines,PH,PHL,Agusan del Norte,,24855,1608225880
Solsona,Solsona,18.0961,120.7725,Philippines,PH,PHL,Ilocos Norte,,24851,1608585456
Piat,Piat,17.7919,121.4769,Philippines,PH,PHL,Cagayan,,24805,1608280728
General Luna,General Luna,13.6881,122.1708,Philippines,PH,PHL,Quezon,,24804,1608376950
Poblacion,Poblacion,10.1614,125.1303,Philippines,PH,PHL,Southern Leyte,,24800,1608122231
Pamplona,Pamplona,18.4661,121.3425,Philippines,PH,PHL,Cagayan,,24781,1608804149
Tugaya,Tugaya,7.884,124.172,Philippines,PH,PHL,Lanao del Sur,,24778,1608559480
Kalayaan,Kalayaan,14.328,121.48,Philippines,PH,PHL,Laguna,,24755,1608777170
Ban Khamen,Ban Khamen,13.8823,100.2879,Thailand,TH,THA,Nonthaburi,,24745,1764794976
Tuburan,Tuburan,6.6,122.2,Philippines,PH,PHL,Basilan,,24742,1608240278
Kulachi,Kulachi,31.9286,70.4592,Pakistan,PK,PAK,Khyber Pakhtunkhwa,,24738,1586015711
Patian,Patian,5.8444,121.1439,Philippines,PH,PHL,Sulu,,24736,1608801724
Bāzārak,Bazarak,35.3128,69.5158,Afghanistan,AF,AFG,Panjshir,admin,24723,1004374554
Betong,Betong,5.7731,101.0725,Thailand,TH,THA,Yala,minor,24688,1764484131
Baroy,Baroy,8.03,123.78,Philippines,PH,PHL,Lanao del Norte,,24683,1608036111
Tamilisan,Tamilisan,7.9761,122.6639,Philippines,PH,PHL,Zamboanga del Norte,,24680,1608811551
Ternate,Ternate,14.28,120.72,Philippines,PH,PHL,Cavite,,24653,1608912964
Burdeos,Burdeos,14.8436,121.9697,Philippines,PH,PHL,Quezon,,24644,1608885174
Ban Bang Phun,Ban Bang Phun,13.9851,100.5701,Thailand,TH,THA,Pathum Thani,,24625,1764792338
Carrascal,Carrascal,9.3683,125.9494,Philippines,PH,PHL,Surigao del Sur,,24586,1608000823
Takhli,Takhli,15.2667,100.35,Thailand,TH,THA,Nakhon Sawan,minor,24563,1764978785
Santo Tomas,Santo Tomas,17.4,121.77,Philippines,PH,PHL,Isabela,,24528,1608577163
Malinao,Malinao,11.6431,122.3072,Philippines,PH,PHL,Aklan,,24517,1608219095
Napindan,Napindan,14.5403,121.0961,Philippines,PH,PHL,Taguig,,24437,1608393325
Garcia Hernandez,Garcia Hernandez,9.6144,124.2946,Philippines,PH,PHL,Bohol,,24430,1608000451
Ramain,Ramain,7.97,124.35,Philippines,PH,PHL,Lanao del Sur,,24406,1608918458
Tbeng Meanchey,Tbeng Meanchey,13.8167,104.9667,Cambodia,KH,KHM,Preah Vihear,admin,24380,1116207762
Alicia,Alicia,9.8957,124.4415,Philippines,PH,PHL,Bohol,,24374,1608855246
Bacolod,Bacolod,8.1892,124.0238,Philippines,PH,PHL,Lanao del Norte,,24367,1608296127
Preah Vihear,Preah Vihear,13.8047,104.9783,Cambodia,KH,KHM,Preah Vihear,,24360,1116000285
Sagbayan,Sagbayan,9.92,124.1,Philippines,PH,PHL,Bohol,,24335,1608415406
Lucena,Lucena,10.88,122.6,Philippines,PH,PHL,Iloilo,,24314,1608674517
Qazi Ahmad,Qazi Ahmad,26.4083,68.1564,Pakistan,PK,PAK,Sindh,,24305,1586364391
Dakṣiṇkāli̇̄,Daksinkali,27.6089,85.2672,Nepal,NP,NPL,,,24297,1524170564
Benua Baru,Benua Baru,0.9878,117.98,Indonesia,ID,IDN,Kalimantan Timur,minor,24245,1360503352
Kauswagan,Kauswagan,8.1917,124.0847,Philippines,PH,PHL,Lanao del Norte,,24193,1608069927
Lagonglong,Lagonglong,8.8,124.78,Philippines,PH,PHL,Misamis Oriental,,24190,1608442449
San Enrique,San Enrique,10.42,122.85,Philippines,PH,PHL,Negros Occidental,,24177,1608409119
San Fernando,San Fernando,12.32,122.6,Philippines,PH,PHL,Romblon,,24171,1608719636
Caibiran,Caibiran,11.57,124.58,Philippines,PH,PHL,Biliran,,24167,1608798672
San Agustin,San Agustin,12.5689,122.1314,Philippines,PH,PHL,Romblon,,24115,1608747283
Bontoc,Bontoc,17.09,120.9772,Philippines,PH,PHL,Mountain,admin,24104,1608526537
Balete,Balete,14.02,121.1,Philippines,PH,PHL,Batangas,,24055,1608299609
Quezon,Quezon,16.4894,121.2639,Philippines,PH,PHL,Nueva Vizcaya,,24055,1608056116
Mina,Mina,10.93,122.58,Philippines,PH,PHL,Iloilo,,24042,1608196122
Sheghnān,Sheghnan,37.6167,71.45,Afghanistan,AF,AFG,Badakhshān,,24000,1004187710
Cavinti,Cavinti,14.245,121.507,Philippines,PH,PHL,Laguna,,23980,1608823208
General Emilio Aguinaldo,General Emilio Aguinaldo,14.18,120.8,Philippines,PH,PHL,Cavite,,23973,1608472178
Bulusan,Bulusan,12.7522,124.1356,Philippines,PH,PHL,Sorsogon,,23932,1608161228
San Nicolas,San Nicolas,13.9283,120.951,Philippines,PH,PHL,Batangas,,23908,1608000052
Magallanes,Magallanes,14.18,120.75,Philippines,PH,PHL,Cavite,,23851,1608040710
Phetchabun,Phetchabun,16.4169,101.1533,Thailand,TH,THA,Phetchabun,admin,23823,1764518331
Kalawit,Kalawit,7.9051,122.5279,Philippines,PH,PHL,Zamboanga del Norte,,23812,1608843662
Catigbian,Catigbian,9.83,124.03,Philippines,PH,PHL,Bohol,,23805,1608374807
Lawang Bato,Lawang Bato,14.73,120.9961,Philippines,PH,PHL,Valenzuela,,23786,1608444502
Baliguian,Baliguian,7.8088,122.1452,Philippines,PH,PHL,Zamboanga del Norte,,23771,1608476966
Candoni,Candoni,9.82,122.6,Philippines,PH,PHL,Negros Occidental,,23751,1608991604
Burgos,Burgos,16.0465,119.8568,Philippines,PH,PHL,Pangasinan,,23749,1608000110
Limbuhan,Limbuhan,11.8836,124.0497,Philippines,PH,PHL,Masbate,,23744,1608489510
Tangalan,Tangalan,11.7775,122.2603,Philippines,PH,PHL,Aklan,,23704,1608572229
Bang Sao Thong,Bang Sao Thong,13.595,100.8304,Thailand,TH,THA,Samut Prakan,minor,23630,1764260674
Pitogo,Pitogo,10.121,124.553,Philippines,PH,PHL,Bohol,,23625,1608889123
Jaleshwar,Jaleshwar,26.65,85.8,Nepal,NP,NPL,,,23533,1524945108
Dumaran,Dumaran,10.53,119.77,Philippines,PH,PHL,Palawan,,23528,1608027520
Ban Phru,Ban Phru,6.9514,100.4723,Thailand,TH,THA,Songkhla,,23518,1764608441
Pakil,Pakil,14.38,121.48,Philippines,PH,PHL,Laguna,,23495,1608247786
Cuyo,Cuyo,10.85,121.02,Philippines,PH,PHL,Palawan,,23489,1608896568
Padre Burgos,Padre Burgos,13.9226,121.8116,Philippines,PH,PHL,Quezon,minor,23488,1608396818
Maharlika Village,Maharlika Village,14.4974,121.0555,Philippines,PH,PHL,Taguig,,23470,1608284292
Sakhipur,Sakhipur,24.3199,90.1694,Bangladesh,BD,BGD,Dhaka,,23429,1050079670
Sattahip,Sattahip,12.6664,100.9007,Thailand,TH,THA,Chon Buri,minor,23418,1764518101
Ban Thoet Thai,Ban Thoet Thai,20.3084,99.6445,Thailand,TH,THA,Chiang Rai,,23392,1764807861
Gamay,Gamay,12.38,125.3,Philippines,PH,PHL,Northern Samar,,23367,1608289207
Buri Ram,Buri Ram,14.9942,103.1022,Thailand,TH,THA,Buri Ram,admin,23364,1764141031
Barbasa,Barbasa,11.1961,122.0389,Philippines,PH,PHL,Antique,,23359,1608243064
Maigo,Maigo,8.15,123.97,Philippines,PH,PHL,Lanao del Norte,,23337,1608670705
Sai Mai,Sai Mai,13.9207,100.6455,Thailand,TH,THA,Krung Thep Maha Nakhon,minor,23316,1764423311
Calbiga,Calbiga,11.63,125.02,Philippines,PH,PHL,Samar,,23310,1608755840
Tugatog,Tugatog,14.6629,120.969,Philippines,PH,PHL,Malabon,,23296,1608956003
Cajidiocan,Cajidiocan,12.37,122.68,Philippines,PH,PHL,Romblon,,23259,1608803885
Maibog,Maibog,10.15,125,Philippines,PH,PHL,Southern Leyte,,23256,1608524831
Calamba,Calamba,8.5583,123.6417,Philippines,PH,PHL,Misamis Occidental,,23227,1608994208
Culion,Culion,11.8944,120.0186,Philippines,PH,PHL,Palawan,,23213,1608889308
Carmen,Carmen,9,125.26,Philippines,PH,PHL,Agusan del Norte,,23172,1608585358
Chanthaburi,Chanthaburi,12.6086,102.1039,Thailand,TH,THA,Chanthaburi,admin,23130,1764151688
Caba,Caba,16.4316,120.3446,Philippines,PH,PHL,La Union,,23119,1608755935
Tembagapura,Tembagapura,-4.1428,137.0906,Indonesia,ID,IDN,Papua Tengah,minor,23022,1360289992
Tubungan,Tubungan,10.78,122.3,Philippines,PH,PHL,Iloilo,,23021,1608093467
Wichian Buri,Wichian Buri,15.6578,101.106,Thailand,TH,THA,Phetchabun,minor,22995,1764906431
Pul-e ‘Alam,Pul-e `Alam,33.9808,69.035,Afghanistan,AF,AFG,Lōgar,admin,22914,1004180853
Ramos,Ramos,15.6667,120.6417,Philippines,PH,PHL,Tarlac,,22879,1608310757
Kalat,Kalat,29.03,66.589,Pakistan,PK,PAK,Balochistan,minor,22879,1586475161
Viga,Viga,13.87,124.3,Philippines,PH,PHL,Catanduanes,,22869,1608216822
Oteiza,Oteiza,8.7437,126.2214,Philippines,PH,PHL,Surigao del Sur,,22855,1608974134
General Luna,General Luna,9.783,126.156,Philippines,PH,PHL,Surigao del Norte,,22853,1608814874
Blangmangat,Blangmangat,5.1881,97.1403,Indonesia,ID,IDN,Aceh,,22850,1360562688
Pitogo,Pitogo,13.785,122.0881,Philippines,PH,PHL,Quezon,,22798,1608648467
Lumbatan,Lumbatan,7.785,124.256,Philippines,PH,PHL,Lanao del Sur,,22780,1608418624
Butig,Butig,7.7239,124.3011,Philippines,PH,PHL,Lanao del Sur,,22768,1608715004
Idak,Idak,32.9741,70.1988,Pakistan,PK,PAK,Khyber Pakhtunkhwa,,22724,1586610948
Prieto Diaz,Prieto Diaz,13.0408,124.1931,Philippines,PH,PHL,Sorsogon,,22644,1608000004
Barakī Barak,Baraki Barak,33.9692,68.9447,Afghanistan,AF,AFG,Lōgar,minor,22622,1004707647
Parabcan,Parabcan,13.71,123.745,Philippines,PH,PHL,Camarines Sur,,22591,1608553429
Santa Ana,Santa Ana,14.5277,121.0766,Philippines,PH,PHL,Taguig,,22581,1608461883
Sarangani,Sarangani,5.412,125.422,Philippines,PH,PHL,Davao del Sur,,22515,1608711725
Lazi,Lazi,9.128,123.634,Philippines,PH,PHL,Siquijor,,22488,1608438262
Piddig,Piddig,18.1647,120.7172,Philippines,PH,PHL,Ilocos Norte,,22475,1608284501
Baclayon,Baclayon,9.6227,123.9135,Philippines,PH,PHL,Bohol,minor,22461,1608417534
Naawan,Naawan,8.4333,124.3,Philippines,PH,PHL,Misamis Oriental,,22444,1608771890
Tapaktuan,Tapaktuan,3.25,97.1667,Indonesia,ID,IDN,Aceh,,22352,1360203588
Magallanes,Magallanes,9.02,125.52,Philippines,PH,PHL,Agusan del Norte,,22293,1608148038
Ugong,Ugong,14.5842,121.0729,Philippines,PH,PHL,Pasig,,22266,1608448625
Phularwan,Phularwan,32.1883,73.0286,Pakistan,PK,PAK,Punjab,,22184,1586647610
Maribojoc,Maribojoc,9.75,123.85,Philippines,PH,PHL,Bohol,minor,22178,1608369009
Batad,Batad,11.42,123.12,Philippines,PH,PHL,Iloilo,,22157,1608532395
Ban Pa Tueng,Ban Pa Tueng,20.1339,99.8325,Thailand,TH,THA,Chiang Rai,,22139,1764197530
Salcedo,Salcedo,11.15,125.67,Philippines,PH,PHL,Eastern Samar,,22136,1608306893
Santa Fe,Santa Fe,11.1856,124.9161,Philippines,PH,PHL,Leyte,,22102,1608498927
San Agustin,San Agustin,16.52,121.75,Philippines,PH,PHL,Isabela,,22096,1608476600
Madamba,Madamba,7.88,124.07,Philippines,PH,PHL,Lanao del Sur,,22050,1608005333
Anini-y,Anini-y,10.4325,121.9253,Philippines,PH,PHL,Antique,,22018,1608618256
San Jose,San Jose,9.42,123.23,Philippines,PH,PHL,Negros Oriental,,21956,1608586571
Mundamāla,Mundamala,24.6081,88.4728,Bangladesh,BD,BGD,Rājshāhi,,21940,1050162124
Krathum Baen,Krathum Baen,13.6631,100.2572,Thailand,TH,THA,Samut Sakhon,minor,21904,1764425264
Membakut,Membakut,5.4748,115.803,Malaysia,MY,MYS,Sabah,,21900,1458057986
Gigaquit,Gigaquit,9.5947,125.6975,Philippines,PH,PHL,Surigao del Norte,,21849,1608408271
Amtali,Amtali,22.1189,90.221,Bangladesh,BD,BGD,Barishal,,21808,1050553814
Looc,Looc,12.2605,121.9926,Philippines,PH,PHL,Romblon,,21799,1608317666
Puruk Cahu,Puruk Cahu,-0.6384,114.5677,Indonesia,ID,IDN,Kalimantan Tengah,minor,21781,1360025620
Bato,Bato,13.6,124.3,Philippines,PH,PHL,Catanduanes,,21748,1608668224
Cagwait,Cagwait,8.9181,126.3017,Philippines,PH,PHL,Surigao del Sur,,21747,1608922741
Guipos,Guipos,7.735,123.3231,Philippines,PH,PHL,Zamboanga del Sur,,21738,1608106395
Can-Avid,Can-Avid,12,125.45,Philippines,PH,PHL,Eastern Samar,,21682,1608000580
Tigbao,Tigbao,7.8205,123.2277,Philippines,PH,PHL,Zamboanga del Sur,,21675,1608240626
San Fernando,San Fernando,12.4858,123.7628,Philippines,PH,PHL,Masbate,,21600,1608341558
MacArthur,MacArthur,10.8356,124.9964,Philippines,PH,PHL,Leyte,,21578,1608224197
Rancheria Payau,Rancheria Payau,7.8509,123.1542,Philippines,PH,PHL,Zamboanga del Sur,,21559,1608410057
Santa Teresita,Santa Teresita,13.8664,120.9814,Philippines,PH,PHL,Batangas,,21559,1608023323
Cabucgayan,Cabucgayan,11.4719,124.575,Philippines,PH,PHL,Biliran,,21542,1608804448
Satun,Satun,6.6147,100.0681,Thailand,TH,THA,Satun,admin,21498,1764836023
Pandan,Pandan,14.05,124.17,Philippines,PH,PHL,Catanduanes,,21473,1608192117
Kotli,Kotli,33.5156,73.9019,Pakistan,PK,PAK,Azad Kashmir,minor,21462,1586677063
Llorente,Llorente,11.4125,125.5458,Philippines,PH,PHL,Eastern Samar,,21459,1608195797
Shāhbāzpur,Shahbazpur,24.0517,91.1733,Bangladesh,BD,BGD,Chattogram,,21429,1050688770
Inopacan,Inopacan,10.5,124.75,Philippines,PH,PHL,Leyte,,21389,1608108768
Doaba,Doaba,33.5333,70.7333,Pakistan,PK,PAK,Khyber Pakhtunkhwa,,21341,1586911871
Wang Nam Yen,Wang Nam Yen,13.5033,102.1812,Thailand,TH,THA,Sa Kaeo,minor,21301,1764123627
Luna,Luna,18.3311,121.3725,Philippines,PH,PHL,Apayao,,21297,1608625482
Krus na Ligas,Krus na Ligas,14.6442,121.0636,Philippines,PH,PHL,Quezon,,21287,1608179113
Kitcharao,Kitcharao,9.46,125.58,Philippines,PH,PHL,Agusan del Norte,,21278,1608800839
Mabitac,Mabitac,14.43,121.42,Philippines,PH,PHL,Laguna,,21275,1608651432
Linamon,Linamon,8.18,124.17,Philippines,PH,PHL,Lanao del Norte,,21269,1608680252
Nang Rong,Nang Rong,14.6283,102.7933,Thailand,TH,THA,Buri Ram,minor,21257,1764430858
Bhairi̇̄,Bhairi,28.93,81.63,Nepal,NP,NPL,,,21233,1524022332
Dupax del Sur,Dupax del Sur,16.2842,121.0917,Philippines,PH,PHL,Nueva Vizcaya,,21224,1608036917
Clarin,Clarin,9.97,124.02,Philippines,PH,PHL,Bohol,,21158,1608201092
Loyola Heights,Loyola Heights,14.6403,121.0744,Philippines,PH,PHL,Quezon,,21140,1608400351
Yasothon,Yasothon,15.7972,104.1431,Thailand,TH,THA,Yasothon,admin,21134,1764520637
Aguinaldo,Aguinaldo,16.9789,121.3272,Philippines,PH,PHL,Santiago,,21128,1608419129
Sadao,Sadao,6.6388,100.4234,Thailand,TH,THA,Songkhla,minor,21086,1764417199
Nong Bua Lamphu,Nong Bua Lamphu,17.2042,102.4444,Thailand,TH,THA,Nong Bua Lamphu,admin,21072,1764333285
Loei,Loei,17.4853,101.7303,Thailand,TH,THA,Loei,admin,21013,1764996883
Ronda,Ronda,10.0003,123.4095,Philippines,PH,PHL,Cebu,,21005,1608631219
Barcelona,Barcelona,12.8694,124.1419,Philippines,PH,PHL,Sorsogon,,20987,1608408567
Punturin,Punturin,14.7381,120.9978,Philippines,PH,PHL,Valenzuela,,20930,1608903782
San Guillermo,San Guillermo,16.7244,121.81,Philippines,PH,PHL,Isabela,,20915,1608485443
Murree,Murree,33.9042,73.3903,Pakistan,PK,PAK,Punjab,,20869,1586573416
Luisiana,Luisiana,14.185,121.5109,Philippines,PH,PHL,Laguna,,20859,1608821290
Hindang,Hindang,10.4339,124.7278,Philippines,PH,PHL,Leyte,,20849,1608422710
Sonāgāzi,Sonagazi,22.8518,91.3916,Bangladesh,BD,BGD,Chattogram,,20810,1050889149
Banting,Banting,5.7167,120.9,Philippines,PH,PHL,Sulu,,20799,1608676732
Tolosa,Tolosa,11.0633,125.0353,Philippines,PH,PHL,Leyte,,20708,1608095230
Luna,Luna,16.97,121.73,Philippines,PH,PHL,Isabela,,20697,1608621353
Banaue,Banaue,16.9119,121.0614,Philippines,PH,PHL,Ifugao,,20652,1608712825
Na Klang,Na Klang,17.3072,102.1889,Thailand,TH,THA,Nong Bua Lamphu,minor,20609,1764000026
Kapay,Kapay,8.08,124.4,Philippines,PH,PHL,Lanao del Sur,,20581,1608601607
Lugait,Lugait,8.3411,124.2592,Philippines,PH,PHL,Misamis Oriental,,20559,1608172910
Guadalupe Nuevo,Guadalupe Nuevo,14.5587,121.0446,Philippines,PH,PHL,Makati,,20533,1608843390
Binondo,Binondo,14.6,120.967,Philippines,PH,PHL,Manila,,20491,1608318528
Sapang Dalaga,Sapang Dalaga,8.55,123.57,Philippines,PH,PHL,Misamis Occidental,,20490,1608409297
Magsaysay,Magsaysay,8.03,123.92,Philippines,PH,PHL,Lanao del Norte,,20463,1608966155
Kawayan,Kawayan,11.7,124.37,Philippines,PH,PHL,Biliran,,20455,1608294088
Pak Phanang,Pak Phanang,8.3511,100.202,Thailand,TH,THA,Nakhon Si Thammarat,minor,20425,1764714642
Kuala Pembuang,Kuala Pembuang,-3.3871,112.5434,Indonesia,ID,IDN,Kalimantan Tengah,minor,20413,1360736097
Phichit,Phichit,16.4431,100.3467,Thailand,TH,THA,Phichit,admin,20408,1764024236
Samboan,Samboan,9.5288,123.3064,Philippines,PH,PHL,Cebu,,20373,1608765850
Tak,Tak,16.8711,99.125,Thailand,TH,THA,Tak,admin,20290,1764055292
San Martin De Porres,San Martin De Porres,14.4817,121.0425,Philippines,PH,PHL,Parañaque,,20283,1608242946
Ban Wiang Phan,Ban Wiang Phan,20.4128,99.8853,Thailand,TH,THA,Chiang Rai,,20252,1764466562
Danao,Danao,10.02,124.27,Philippines,PH,PHL,Bohol,,20245,1608630019
Piñan,Pinan,8.4822,123.45,Philippines,PH,PHL,Zamboanga del Norte,,20221,1608273058
Ban Tha Pha,Ban Tha Pha,13.8454,99.8652,Thailand,TH,THA,Ratchaburi,,20211,1764900404
Ban Klang,Ban Klang,16.976,100.56,Thailand,TH,THA,Phitsanulok,,20174,1764339376
Akora,Akora,34.0006,72.1217,Pakistan,PK,PAK,Khyber Pakhtunkhwa,,20157,1586486842
Del Carmen,Del Carmen,9.869,125.97,Philippines,PH,PHL,Surigao del Norte,,20127,1608397694
Bela,Bela,26.2267,66.3113,Pakistan,PK,PAK,Balochistan,,20119,1586579650
Villa Verde,Villa Verde,16.6067,121.1828,Philippines,PH,PHL,Nueva Vizcaya,,20118,1608397059
Bueng Kan,Bueng Kan,18.3254,103.6704,Thailand,TH,THA,Bueng Kan,admin,20103,1764944006
Mithi,Mithi,24.74,69.8,Pakistan,PK,PAK,Sindh,,20079,1586400830
Ban Wat Sala Daeng,Ban Wat Sala Daeng,13.8097,100.3589,Thailand,TH,THA,Krung Thep Maha Nakhon,,20057,1764831787
Nan,Nan,18.7833,100.7833,Thailand,TH,THA,Nan,admin,20012,1764061223
Sangīn,Sangin,32.0733,64.8339,Afghanistan,AF,AFG,Helmand,minor,20000,1004067824
Kuala Lipis,Kuala Lipis,4.184,102.042,Malaysia,MY,MYS,Pahang,,20000,1458124212
Gahi Mammar,Gahi Mammar,29.7375,71.9575,Pakistan,PK,PAK,Punjab,,20000,1586450706
Valderrama,Valderrama,11.0036,122.1294,Philippines,PH,PHL,Antique,,19971,1608087263
Kampong Thum,Kampong Thum,12.712,104.889,Cambodia,KH,KHM,Kampong Thom,,19951,1116000326
Mulundo,Mulundo,7.93,124.38,Philippines,PH,PHL,Lanao del Sur,,19932,1608789953
Ban Tha Ton,Ban Tha Ton,20.0608,99.3622,Thailand,TH,THA,Chiang Mai,,19902,1764205588
Teminabuan,Teminabuan,-1.4333,132.0167,Indonesia,ID,IDN,Papua Barat,minor,19876,1360620056
Dagohoy,Dagohoy,9.92,124.28,Philippines,PH,PHL,Bohol,,19874,1608161316
San Miguel,San Miguel,7.65,123.2678,Philippines,PH,PHL,Zamboanga del Sur,,19838,1608922363
Jagatpur,Jagatpur,23.6075,90.766,Bangladesh,BD,BGD,Chattogram,,19830,1050544125
Ban Na San,Ban Na San,8.8004,99.3637,Thailand,TH,THA,Surat Thani,minor,19801,1764021256
Malabuyoc,Malabuyoc,9.65,123.33,Philippines,PH,PHL,Cebu,,19770,1608741221
San Miguel,San Miguel,11.2942,124.83,Philippines,PH,PHL,Leyte,,19753,1608453434
Sinacaban,Sinacaban,8.2854,123.8436,Philippines,PH,PHL,Misamis Occidental,,19671,1608859514
Caoayan,Caoayan,17.5469,120.3831,Philippines,PH,PHL,Ilocos Sur,,19574,1608000679
Santa Teresita,Santa Teresita,18.2519,121.91,Philippines,PH,PHL,Cagayan,,19573,1608448920
Rizal,Rizal,17.5,121.6,Philippines,PH,PHL,Kalinga,,19554,1608640536
Santiago,Santiago,17.2947,120.4453,Philippines,PH,PHL,Ilocos Sur,,19471,1608306642
Cervantes,Cervantes,16.9917,120.7333,Philippines,PH,PHL,Ilocos Sur,,19449,1608265222
Marihatag,Marihatag,8.8008,126.2983,Philippines,PH,PHL,Surigao del Sur,,19441,1608424422
Tublay,Tublay,16.4764,120.6333,Philippines,PH,PHL,Benguet,,19429,1608250449
Ban Thap Kwang,Ban Thap Kwang,14.6103,101.0753,Thailand,TH,THA,Saraburi,,19425,1764264191
Siruma,Siruma,14.0219,123.2589,Philippines,PH,PHL,Camarines Sur,,19419,1608719782
Kantharalak,Kantharalak,14.6406,104.6499,Thailand,TH,THA,Si Sa Ket,minor,19392,1764009547
Pastrana,Pastrana,11.13,124.88,Philippines,PH,PHL,Leyte,,19359,1608924926
Buruanga,Buruanga,11.8438,121.8888,Philippines,PH,PHL,Aklan,,19357,1608311797
Ban Bueng,Ban Bueng,13.3142,101.1114,Thailand,TH,THA,Chon Buri,minor,19346,1764134032
Ban Patong,Ban Patong,7.8931,98.2983,Thailand,TH,THA,Phuket,,19346,1764195169
Tadian,Tadian,16.9961,120.8208,Philippines,PH,PHL,Mountain,,19341,1608338407
Pugo,Pugo,16.28,120.48,Philippines,PH,PHL,La Union,,19337,1608886606
San Roque,San Roque,14.48,120.9011,Philippines,PH,PHL,Cavite,,19335,1608320897
Ban Fang Tuen,Ban Fang Tuen,19.5497,99.7566,Thailand,TH,THA,Chiang Rai,,19326,1764355524
Espiritu,Espiritu,17.9806,120.6544,Philippines,PH,PHL,Ilocos Norte,,19297,1608000475
Kapangan,Kapangan,16.5764,120.6053,Philippines,PH,PHL,Benguet,,19297,1608871034
Balintawak,Balintawak,14.6506,121.0014,Philippines,PH,PHL,Quezon,,19260,1608021022
Cabusao,Cabusao,13.7275,123.1142,Philippines,PH,PHL,Camarines Sur,,19257,1608781251
Diadi,Diadi,16.66,121.3686,Philippines,PH,PHL,Nueva Vizcaya,,19236,1608324482
Atok,Atok,16.6272,120.7672,Philippines,PH,PHL,Benguet,,19218,1608057883
Tingloy,Tingloy,13.65,120.87,Philippines,PH,PHL,Batangas,minor,19215,1608774107
Kalabahi,Kalabahi,-8.2167,124.5167,Indonesia,ID,IDN,Nusa Tenggara Timur,minor,19210,1360839467
Lumphat,Lumphat,13.507,106.981,Cambodia,KH,KHM,Ratanakiri,minor,19205,1116149070
Jiabong,Jiabong,11.7625,124.9519,Philippines,PH,PHL,Samar,,19205,1608853752
Ermita,Ermita,14.583,120.983,Philippines,PH,PHL,Manila,,19189,1608901388
Alcoy,Alcoy,9.7082,123.506,Philippines,PH,PHL,Cebu,,19186,1608968544
La Paz,La Paz,10.8911,124.9572,Philippines,PH,PHL,Leyte,,19174,1608196714
Ban Mon Pin,Ban Mon Pin,19.9168,99.1583,Thailand,TH,THA,Chiang Mai,,19123,1764739974
San Teodoro,San Teodoro,13.4358,121.0192,Philippines,PH,PHL,Oriental Mindoro,,19121,1608549628
Phayao,Phayao,19.1653,99.9036,Thailand,TH,THA,Phayao,admin,19118,1764291128
Lumbayanague,Lumbayanague,7.78,124.28,Philippines,PH,PHL,Lanao del Sur,,19091,1608423809
Rizal,Rizal,17.8478,121.345,Philippines,PH,PHL,Cagayan,,19077,1608052586
Ban Bueng Phra,Ban Bueng Phra,16.746,100.275,Thailand,TH,THA,Phitsanulok,,19074,1764002068
Malanday,Malanday,14.7194,120.9547,Philippines,PH,PHL,Valenzuela,,19060,1608047856
Svay Pak,Svay Pak,11.646,104.8741,Cambodia,KH,KHM,Phnom Penh,,19042,1116000411
Dadeldhurā,Dadeldhura,29.3,80.6,Nepal,NP,NPL,Sudūrpashchim,,19014,1524639464
Ban Na Yang,Ban Na Yang,12.8849,99.9475,Thailand,TH,THA,Phetchaburi,,18961,1764003401
Tamman,Tamman,33.6772,72.8558,Pakistan,PK,PAK,Punjab,,18956,1586019004
San Gabriel,San Gabriel,16.67,120.4,Philippines,PH,PHL,La Union,,18943,1608723804
Fakfak,Fakfak,-2.9167,132.3,Indonesia,ID,IDN,Papua Barat,minor,18900,1360400295
Madalag,Madalag,11.5269,122.3064,Philippines,PH,PHL,Aklan,,18890,1608730047
Lagawe,Lagawe,16.7975,121.1228,Philippines,PH,PHL,Ifugao,admin,18876,1608396110
Duero,Duero,9.72,124.4,Philippines,PH,PHL,Bohol,,18861,1608996005
Malimono,Malimono,9.6183,125.4019,Philippines,PH,PHL,Surigao del Norte,,18852,1608228503
Nunuñgan,Nunungan,7.82,123.97,Philippines,PH,PHL,Lanao del Norte,,18827,1608001234
Sebaste,Sebaste,11.5901,122.0945,Philippines,PH,PHL,Antique,,18816,1608993841
Ban Bang Rin,Ban Bang Rin,9.9531,98.6342,Thailand,TH,THA,Ranong,,18788,1764108342
Taft,Taft,11.9058,125.4181,Philippines,PH,PHL,Eastern Samar,,18786,1608376132
Ban Bo Haeo,Ban Bo Haeo,18.3048,99.4657,Thailand,TH,THA,Lampang,,18777,1764536818
Paglat,Paglat,6.7811,124.7849,Philippines,PH,PHL,Maguindanao,,18727,1608170498
Balilihan,Balilihan,9.75,123.97,Philippines,PH,PHL,Bohol,,18694,1608731665
San Miguel,San Miguel,14.6,121,Philippines,PH,PHL,Manila,,18599,1608270995
Kasongan,Kasongan,-1.8959,113.3878,Indonesia,ID,IDN,Kalimantan Tengah,,18572,1360902352
Paluan,Paluan,13.42,120.47,Philippines,PH,PHL,Occidental Mindoro,,18566,1608778604
Ban Mae Kha Tai,Ban Mae Kha Tai,18.7352,98.9678,Thailand,TH,THA,Chiang Mai,,18546,1764637838
Ban Mae Hia Nai,Ban Mae Hia Nai,18.7433,98.964,Thailand,TH,THA,Chiang Mai,,18546,1764930475
Santander,Santander,9.45,123.33,Philippines,PH,PHL,Cebu,,18527,1608606634
Bilar,Bilar,9.7,124.1,Philippines,PH,PHL,Bohol,,18512,1608720598
Galhinna,Galhinna,7.4162,80.5639,Sri Lanka,LK,LKA,Central,,18507,1144327642
Tinoc,Tinoc,16.675,120.9367,Philippines,PH,PHL,Ifugao,,18475,1608797221
Baliangao,Baliangao,8.67,123.6,Philippines,PH,PHL,Misamis Occidental,,18433,1608124408
Tinajeros,Tinajeros,14.6733,120.969,Philippines,PH,PHL,Malabon,,18387,1608675793
Cagdianao,Cagdianao,9.92,125.67,Philippines,PH,PHL,Dinagat Islands,,18350,1608094230
Cortes,Cortes,9.72,123.88,Philippines,PH,PHL,Bohol,,18344,1608052044
Rizal,Rizal,14.1083,121.3917,Philippines,PH,PHL,Laguna,,18332,1608889949
Pathum Thani,Pathum Thani,14.05,100.4833,Thailand,TH,THA,Pathum Thani,admin,18320,1764434288
Tha Bo,Tha Bo,17.85,102.5814,Thailand,TH,THA,Nong Khai,minor,18320,1764956322
Santa Fe,Santa Fe,16.1592,120.9378,Philippines,PH,PHL,Nueva Vizcaya,,18276,1608768804
Ban Mai,Ban Mai,14.9658,102.0205,Thailand,TH,THA,Nakhon Ratchasima,,18255,1764316736
Sikhio,Sikhio,14.9,101.7167,Thailand,TH,THA,Nakhon Ratchasima,minor,18209,1764681503
Bhadrapur,Bhadrapur,26.5419,88.0944,Nepal,NP,NPL,,,18164,1524000201
Pinabacdao,Pinabacdao,11.62,124.98,Philippines,PH,PHL,Samar,,18136,1608226074
Barīkot,Barikot,29.04,82.33,Nepal,NP,NPL,Karṇālī,,18083,1524411277
Mayorga,Mayorga,10.9,125,Philippines,PH,PHL,Leyte,,18071,1608478434
Libjo,Libjo,10.196,125.5328,Philippines,PH,PHL,Dinagat Islands,,18051,1608332155
Buadiposo-Buntong,Buadiposo-Buntong,7.97,124.38,Philippines,PH,PHL,Lanao del Sur,,18046,1608795603
Marcos,Marcos,18.0444,120.6786,Philippines,PH,PHL,Ilocos Norte,,18010,1608612564
Qal‘ah-ye Zāl,Qal`ah-ye Zal,37.015,68.4672,Afghanistan,AF,AFG,Kunduz,,18000,1004481163
Kolonodale,Kolonodale,-1.9833,121.3333,Indonesia,ID,IDN,Sulawesi Tengah,minor,17997,1360484541
Bombon,Bombon,13.6867,123.1994,Philippines,PH,PHL,Camarines Sur,,17995,1608029555
Kegalle,Kegalle,7.2531,80.3453,Sri Lanka,LK,LKA,Sabaragamuwa,,17962,1144224835
Almeria,Almeria,11.6206,124.3794,Philippines,PH,PHL,Biliran,,17954,1608711562
Bucay,Bucay,17.54,120.72,Philippines,PH,PHL,Abra,,17953,1608666532
Flora,Flora,18.2147,121.4186,Philippines,PH,PHL,Apayao,,17944,1608587235
Cortes,Cortes,9.2753,126.1911,Philippines,PH,PHL,Surigao del Sur,,17924,1608215343
Gitagum,Gitagum,8.5956,124.4054,Philippines,PH,PHL,Misamis Oriental,,17920,1608366014
Roulia,Roulia,32.7972,74.0639,Pakistan,PK,PAK,Punjab,,17915,1586741878
Ban Tha Kham,Ban Tha Kham,9.1059,99.2326,Thailand,TH,THA,Surat Thani,,17880,1764400647
San Kamphaeng,San Kamphaeng,18.7449,99.1195,Thailand,TH,THA,Chiang Mai,minor,17857,1764805486
Loay,Loay,9.6,124.02,Philippines,PH,PHL,Bohol,,17855,1608763593
Sing Buri,Sing Buri,14.8911,100.4031,Thailand,TH,THA,Sing Buri,admin,17843,1764482111
Marabut,Marabut,11.12,125.22,Philippines,PH,PHL,Samar,,17842,1608504628
Santa Fe,Santa Fe,12.15,122,Philippines,PH,PHL,Romblon,,17802,1608199689
San Rafael,San Rafael,11.1728,122.8267,Philippines,PH,PHL,Iloilo,,17795,1608423819
Jovellar,Jovellar,13.07,123.6,Philippines,PH,PHL,Albay,,17795,1608200196
Anda,Anda,9.744,124.576,Philippines,PH,PHL,Bohol,minor,17778,1608563628
Klaeng,Klaeng,12.7797,101.6483,Thailand,TH,THA,Rayong,minor,17764,1764855012
Ban Mae Ngon Khilek,Ban Mae Ngon Khilek,19.8021,99.1614,Thailand,TH,THA,Chiang Mai,,17715,1764180148
Kiangan,Kiangan,16.7775,121.0878,Philippines,PH,PHL,Ifugao,,17691,1608326470
Palanan,Palanan,17.0589,122.43,Philippines,PH,PHL,Isabela,,17684,1608029043
Biliran,Biliran,11.58,124.48,Philippines,PH,PHL,Biliran,,17662,1608175854
San Jose,San Jose,12.531,124.487,Philippines,PH,PHL,Northern Samar,,17641,1608912746
Ban Mae Ka Hua Thung,Ban Mae Ka Hua Thung,19.0942,99.9136,Thailand,TH,THA,Phayao,,17629,1764621599
Pinili,Pinili,17.954,120.527,Philippines,PH,PHL,Ilocos Norte,,17626,1608153949
Sam Phran,Sam Phran,13.727,100.2153,Thailand,TH,THA,Nakhon Pathom,minor,17611,1764639144
San Jorge,San Jorge,11.98,124.82,Philippines,PH,PHL,Samar,,17579,1608420594
Catarman,Catarman,9.13,124.68,Philippines,PH,PHL,Camiguin,,17569,1608981725
Ban Thum,Ban Thum,16.4515,102.7198,Thailand,TH,THA,Khon Kaen,,17564,1764043980
Gadani,Gadani,25.1194,66.7319,Pakistan,PK,PAK,Balochistan,,17540,1586523100
Esperanza,Esperanza,11.7369,124.0417,Philippines,PH,PHL,Masbate,,17534,1608888956
Harinākunda,Harinakunda,23.65,89.0333,Bangladesh,BD,BGD,Khulna,,17533,1050173632
Boljoon,Boljoon,9.63,123.43,Philippines,PH,PHL,Cebu,,17525,1608991858
Matagob,Matagob,11.1469,124.4733,Philippines,PH,PHL,Leyte,,17522,1608448233
Libertad,Libertad,11.769,121.9189,Philippines,PH,PHL,Antique,,17507,1608653541
Īlām,Ilam,26.908,87.926,Nepal,NP,NPL,,,17491,1524034598
Karukh,Karukh,34.4922,62.5922,Afghanistan,AF,AFG,Herāt,minor,17484,1004546127
Kushk,Kushk,33.2956,61.9522,Afghanistan,AF,AFG,Herāt,,17479,1004679765
Talitay,Talitay,7.0353,124.3758,Philippines,PH,PHL,Maguindanao,,17463,1608386370
Sibutao,Sibutao,8.6131,123.4797,Philippines,PH,PHL,Zamboanga del Norte,,17453,1608536412
Lubang,Lubang,13.8586,120.1228,Philippines,PH,PHL,Occidental Mindoro,,17437,1608630434
Loboc,Loboc,9.63,124.03,Philippines,PH,PHL,Bohol,,17418,1608516341
Calayan,Calayan,19.2619,121.4753,Philippines,PH,PHL,Cagayan,,17410,1608516921
Ban Song,Ban Song,8.6355,99.3716,Thailand,TH,THA,Surat Thani,,17373,1764610829
Tagana-an,Tagana-an,9.6964,125.5825,Philippines,PH,PHL,Surigao del Norte,,17323,1608157822
Tak Bai,Tak Bai,6.2592,102.0531,Thailand,TH,THA,Narathiwat,minor,17317,1764842940
Ban Pong,Ban Pong,13.8163,99.8774,Thailand,TH,THA,Ratchaburi,minor,17298,1764963515
Dadhar,Dadhar,29.47,67.65,Pakistan,PK,PAK,Balochistan,,17276,1586640229
Rattaphum,Rattaphum,7.1348,100.2565,Thailand,TH,THA,Songkhla,minor,17257,1764151351
Sudipen,Sudipen,16.9,120.47,Philippines,PH,PHL,La Union,,17187,1608633480
Alcantara,Alcantara,12.2584,122.0543,Philippines,PH,PHL,Romblon,,17171,1608033218
Sawankhalok,Sawankhalok,17.316,99.8319,Thailand,TH,THA,Sukhothai,minor,17148,1764710205
Saguday,Saguday,16.5394,121.5636,Philippines,PH,PHL,Quirino,,17137,1608148393
Ban Phe,Ban Phe,12.6282,101.4376,Thailand,TH,THA,Rayong,,17116,1764896078
Dilasag,Dilasag,16.4,122.22,Philippines,PH,PHL,Aurora,,17102,1608348381
Santa Magdalena,Santa Magdalena,12.6489,124.1083,Philippines,PH,PHL,Sorsogon,,17096,1608724436
Kibungan,Kibungan,16.6939,120.6539,Philippines,PH,PHL,Benguet,,17051,1608673701
Tomas Oppus,Tomas Oppus,10.25,124.98,Philippines,PH,PHL,Southern Leyte,,16990,1608136756
Ban Rawai,Ban Rawai,7.7851,98.3316,Thailand,TH,THA,Phuket,,16988,1764734104
Aranyaprathet,Aranyaprathet,13.6928,102.5017,Thailand,TH,THA,Sa Kaeo,minor,16937,1764167237
Alcantara,Alcantara,9.9715,123.4047,Philippines,PH,PHL,Cebu,minor,16910,1608085067
Ginatilan,Ginatilan,9.6,123.35,Philippines,PH,PHL,Cebu,,16906,1608666277
Tubaran,Tubaran,7.72,124.17,Philippines,PH,PHL,Lanao del Sur,,16896,1608579261
Ban Tha Mai I,Ban Tha Mai I,18.7461,98.9819,Thailand,TH,THA,Chiang Mai,,16859,1764002973
Latifpur,Latifpur,24.1283,90.1398,Bangladesh,BD,BGD,Dhaka,,16857,1050431969
Pran Buri,Pran Buri,12.3849,99.9016,Thailand,TH,THA,Prachuap Khiri Khan,minor,16851,1764353337
Famy,Famy,14.43,121.45,Philippines,PH,PHL,Laguna,,16791,1608223932
Buntok,Buntok,-1.719,114.8448,Indonesia,ID,IDN,Kalimantan Tengah,minor,16774,1360010323
Asadābād,Asadabad,34.8742,71.1528,Afghanistan,AF,AFG,Kunaṟ,admin,16700,1004251962
Madrid,Madrid,9.2619,125.9647,Philippines,PH,PHL,Surigao del Sur,,16653,1608854529
Ban Na Sai,Ban Na Sai,17.7334,98.9513,Thailand,TH,THA,Lamphun,,16645,1764024755
Barangka,Barangka,14.6297,121.0803,Philippines,PH,PHL,Marikina,,16639,1608277849
Sa Kaeo,Sa Kaeo,13.8206,102.0589,Thailand,TH,THA,Sa Kaeo,admin,16591,1764207048
Ban Cho Ho,Ban Cho Ho,15.0279,102.1395,Thailand,TH,THA,Nakhon Ratchasima,,16527,1764003189
Haji Shah,Haji Shah,33.75,72.4,Pakistan,PK,PAK,Punjab,,16506,1586146979
Qarqīn,Qarqin,37.4128,66.0472,Afghanistan,AF,AFG,Jowzjān,minor,16500,1004340289
La Paz,La Paz,17.6739,120.6847,Philippines,PH,PHL,Abra,,16493,1608998670
Ban Lam Narai,Ban Lam Narai,15.2039,101.1308,Thailand,TH,THA,Lop Buri,,16470,1764729465
Ban Nong Han,Ban Nong Han,18.9,99,Thailand,TH,THA,Chiang Mai,,16463,1764321776
San Miguel,San Miguel,11.492,119.871,Philippines,PH,PHL,Palawan,,16424,1608547539
Islām Qal‘ah,Islam Qal`ah,34.6667,61.0667,Afghanistan,AF,AFG,Herāt,,16408,1004574354
Panukulan,Panukulan,14.93,121.82,Philippines,PH,PHL,Quezon,,16376,1608744035
Piru,Piru,-3.0811,128.1411,Indonesia,ID,IDN,Maluku,minor,16368,1360998768
San Juan,San Juan,9.159,123.494,Philippines,PH,PHL,Siquijor,,16363,1608471746
Arteche,Arteche,12.2694,125.3712,Philippines,PH,PHL,Eastern Samar,,16360,1608901984
Ban Thung Tam Sao,Ban Thung Tam Sao,6.9476,100.3675,Thailand,TH,THA,Songkhla,,16344,1764139945
Ban Wang Nok Aen,Ban Wang Nok Aen,16.83,100.48,Thailand,TH,THA,Phitsanulok,,16310,1764425126
Zumarraga,Zumarraga,11.639,124.841,Philippines,PH,PHL,Samar,,16279,1608985918
Ransiki,Ransiki,-1.5,134.1667,Indonesia,ID,IDN,Papua Barat,minor,16245,1360755420
Kabugao,Kabugao,18.0239,121.1833,Philippines,PH,PHL,Apayao,admin,16215,1608841504
Alegria,Alegria,9.4667,125.5767,Philippines,PH,PHL,Surigao del Norte,,16184,1608913712
Bingawan,Bingawan,11.23,122.57,Philippines,PH,PHL,Iloilo,,16164,1608856667
Ranong,Ranong,9.9619,98.6389,Thailand,TH,THA,Ranong,admin,16163,1764623795
Ban Kao,Ban Kao,13.8667,99.15,Thailand,TH,THA,Kanchanaburi,,16147,1764249203
Bang Phae,Bang Phae,13.6916,99.9298,Thailand,TH,THA,Ratchaburi,minor,16130,1764337429
Chai Prakan,Chai Prakan,19.7322,99.1403,Thailand,TH,THA,Chiang Mai,minor,16090,1764347576
Tankal,Tankal,8,124,Philippines,PH,PHL,Lanao del Norte,,16075,1608156636
Baltit,Baltit,36.333,74.666,Pakistan,PK,PAK,Gilgit-Baltistan,,16000,1586417994
Despujols,Despujols,12.5183,122.0108,Philippines,PH,PHL,Romblon,,15940,1608108433
Alabat,Alabat,14.1023,122.0136,Philippines,PH,PHL,Quezon,,15936,1608115829
Quezon,Quezon,14.0068,122.1824,Philippines,PH,PHL,Quezon,,15886,1608656453
Lam Luk Ka,Lam Luk Ka,13.9323,100.7494,Thailand,TH,THA,Pathum Thani,minor,15881,1764490226
Ban Dung,Ban Dung,17.6986,103.2611,Thailand,TH,THA,Udon Thani,minor,15836,1764905558
Ban Samo Khae,Ban Samo Khae,16.8408,100.3415,Thailand,TH,THA,Phitsanulok,,15821,1764002915
Kabayan,Kabayan,16.6233,120.8381,Philippines,PH,PHL,Benguet,,15806,1608199009
Sulat,Sulat,11.82,125.45,Philippines,PH,PHL,Eastern Samar,,15758,1608107294
Si Satchanalai,Si Satchanalai,17.5203,99.764,Thailand,TH,THA,Sukhothai,minor,15691,1764174789
San Miguel,San Miguel,13.6411,124.3008,Philippines,PH,PHL,Catanduanes,,15680,1608306903
Dhanot,Dhanot,29.5333,71.6333,Pakistan,PK,PAK,Punjab,,15672,1586715623
Melonguane,Melonguane,4.0045,126.6827,Indonesia,ID,IDN,Sulawesi Utara,minor,15670,1360210043
Zaṟah Sharan,Zarah Sharan,33.13,68.78,Afghanistan,AF,AFG,Paktīkā,,15651,1004895469
Ban Tha Pho,Ban Tha Pho,16.8582,100.2291,Thailand,TH,THA,Phitsanulok,,15648,1764936471
Leso,Leso,11.6697,122.3269,Philippines,PH,PHL,Aklan,,15639,1608823601
Mayoyao,Mayoyao,16.9736,121.2214,Philippines,PH,PHL,Ifugao,,15621,1608130519
Chom Thong,Chom Thong,18.4901,98.6747,Thailand,TH,THA,Chiang Mai,minor,15618,1764003802
Calumpang,Calumpang,14.6249,121.0865,Philippines,PH,PHL,Marikina,,15602,1608980243
Julita,Julita,10.9731,124.9622,Philippines,PH,PHL,Leyte,,15598,1608180902
Nakhon Nayok,Nakhon Nayok,14.2069,101.2142,Thailand,TH,THA,Nakhon Nayok,admin,15585,1764068248
Ban Pang Mu,Ban Pang Mu,19.3336,97.9656,Thailand,TH,THA,Mae Hong Son,,15577,1764504430
Pudtol,Pudtol,18.2356,121.3733,Philippines,PH,PHL,Apayao,,15491,1608544633
Ambaguio,Ambaguio,16.5316,121.0282,Philippines,PH,PHL,Nueva Vizcaya,,15472,1608849107
Ban Nong Kathao,Ban Nong Kathao,16.9833,100.7833,Thailand,TH,THA,Phitsanulok,,15470,1764811554
Ban Duea,Ban Duea,16.1264,101.901,Thailand,TH,THA,Chaiyaphum,,15463,1764693756
Cipanas,Cipanas,-6.733,107.041,Indonesia,ID,IDN,Jawa Barat,,15435,1360915257
Uthai Thani,Uthai Thani,15.38,100.025,Thailand,TH,THA,Uthai Thani,admin,15434,1764844835
Khao Yoi,Khao Yoi,13.2402,99.8243,Thailand,TH,THA,Phetchaburi,minor,15416,1764047925
Magdiwang,Magdiwang,12.48,122.52,Philippines,PH,PHL,Romblon,,15385,1608595511
Ban Khek Noi,Ban Khek Noi,16.8118,100.9671,Thailand,TH,THA,Phetchabun,,15382,1764751835
San Policarpo,San Policarpo,12.1791,125.5072,Philippines,PH,PHL,Eastern Samar,,15365,1608259196
Victoria,Victoria,12.45,124.32,Philippines,PH,PHL,Northern Samar,,15361,1608413047
Thoen,Thoen,17.6129,99.2161,Thailand,TH,THA,Lampang,minor,15360,1764582305
Rājgaḍh,Rajgadh,26.5,87.9333,Nepal,NP,NPL,,,15354,1524013031
Anao-aon,Anao-aon,9.7778,125.4231,Philippines,PH,PHL,Surigao del Norte,,15347,1608949695
Phrae,Phrae,18.1453,100.1419,Thailand,TH,THA,Phrae,admin,15316,1764209592
Maydolong,Maydolong,11.5,125.5,Philippines,PH,PHL,Eastern Samar,,15314,1608825891
Motiong,Motiong,11.78,125,Philippines,PH,PHL,Samar,,15276,1608299750
Project Six,Project Six,14.6561,121.0408,Philippines,PH,PHL,Quezon,,15255,1608051707
Libagon,Libagon,10.3,125.05,Philippines,PH,PHL,Southern Leyte,,15244,1608224039
Ban Na Kham,Ban Na Kham,14.0048,101.8409,Thailand,TH,THA,Prachin Buri,,15123,1764834379
Silvino Lobos,Silvino Lobos,12.3281,124.8464,Philippines,PH,PHL,Northern Samar,,15100,1608688340
Ban Ton Thong Chai,Ban Ton Thong Chai,18.3375,99.5334,Thailand,TH,THA,Lampang,,15093,1764171016
Tagoloan,Tagoloan,8.1333,124.2667,Philippines,PH,PHL,Lanao del Norte,,15091,1608053612
Hatton,Hatton,6.8897,80.5981,Sri Lanka,LK,LKA,Central,,15073,1144603282
Tatarikan,Tatarikan,7.73,124.12,Philippines,PH,PHL,Lanao del Sur,,15057,1608749088
Patnanungan,Patnanungan,14.78,122.18,Philippines,PH,PHL,Quezon,,15052,1608203189
Rizal,Rizal,8.5272,123.5517,Philippines,PH,PHL,Zamboanga del Norte,,15052,1608940142
Tubod,Tubod,9.5547,125.5697,Philippines,PH,PHL,Surigao del Norte,,15043,1608095348
Ban Ho Mae Salong,Ban Ho Mae Salong,20.1631,99.6225,Thailand,TH,THA,Chiang Rai,,15028,1764427138
Bangui,Bangui,18.5378,120.7653,Philippines,PH,PHL,Ilocos Norte,,15019,1608972484
Ban Mae Sun Luang,Ban Mae Sun Luang,19.8305,99.1706,Thailand,TH,THA,Chiang Mai,,15019,1764535667
Fayrōz Kōh,Fayroz Koh,34.5225,65.2517,Afghanistan,AF,AFG,Ghōr,admin,15000,1004988038
Taywarah,Taywarah,33.51,64.42,Afghanistan,AF,AFG,Ghōr,minor,15000,1004304837
Barakī,Baraki,33.9333,68.9167,Afghanistan,AF,AFG,Lōgar,,15000,1004392037
Bāisāri,Baisari,22.7959,90.1259,Bangladesh,BD,BGD,Barishal,,15000,1050065179
Rāmechhāp,Ramechhap,27.326,86.087,Nepal,NP,NPL,,,15000,1524628973
Bhimphedi,Bhimphedi,27.551,85.13,Nepal,NP,NPL,,,15000,1524596923
Salyan,Salyan,28.35,82.1833,Nepal,NP,NPL,,,15000,1524828921
Mian Sahib,Mian Sahib,28.1559,68.6397,Pakistan,PK,PAK,Sindh,,15000,1586510355
Awan Patti,Awan Patti,34.25,73.66,Pakistan,PK,PAK,Azad Kashmir,,15000,1586260952
Santa,Santa,17.486,120.4344,Philippines,PH,PHL,Ilocos Sur,,14992,1608245743
Antequera,Antequera,9.7812,123.8975,Philippines,PH,PHL,Bohol,,14990,1608570243
Calanogas,Calanogas,7.75,124.1,Philippines,PH,PHL,Lanao del Sur,,14985,1608508694
Iṭaharā,Itahara,26.55,87.62,Nepal,NP,NPL,,,14931,1524010413
Lagangilang,Lagangilang,17.61,120.73,Philippines,PH,PHL,Abra,,14914,1608928439
San Juan,San Juan,10.27,125.18,Philippines,PH,PHL,Southern Leyte,,14912,1608987406
Dimiao,Dimiao,9.62,124.17,Philippines,PH,PHL,Bohol,,14889,1608602385
Bacuag,Bacuag,9.6081,125.6405,Philippines,PH,PHL,Surigao del Norte,,14881,1608421649
San Tomas,San Tomas,15.8792,120.5883,Philippines,PH,PHL,Pangasinan,,14878,1608865943
Tayum,Tayum,17.62,120.66,Philippines,PH,PHL,Abra,,14869,1608000454
San Julian,San Julian,11.7536,125.4558,Philippines,PH,PHL,Eastern Samar,,14800,1608494835
Matungao,Matungao,8.13,124.17,Philippines,PH,PHL,Lanao del Norte,,14756,1608497733
Lope de Vega,Lope de Vega,12.2983,124.6238,Philippines,PH,PHL,Northern Samar,,14690,1608016163
Mahinog,Mahinog,9.15,124.78,Philippines,PH,PHL,Camiguin,,14634,1608465702
Boston,Boston,7.8697,126.3761,Philippines,PH,PHL,Davao Oriental,,14618,1608800917
Batuan,Batuan,12.4222,123.7817,Philippines,PH,PHL,Masbate,,14610,1608145736
Sangota,Sangota,34.7833,72.4167,Pakistan,PK,PAK,Khyber Pakhtunkhwa,,14587,1586001723
Ban San Phak Wan Luang,Ban San Phak Wan Luang,18.7049,98.9661,Thailand,TH,THA,Chiang Mai,,14557,1764106797
Ban Du,Ban Du,19.9691,99.8589,Thailand,TH,THA,Chiang Rai,,14542,1764009256
Bakun,Bakun,16.7925,120.6614,Philippines,PH,PHL,Benguet,,14535,1608668315
Ban Kaeng,Ban Kaeng,16.394,102.0586,Thailand,TH,THA,Chaiyaphum,,14529,1764204808
Pualas,Pualas,7.82,124.07,Philippines,PH,PHL,Lanao del Sur,,14526,1608420799
Quinapundan,Quinapundan,11.1578,125.5208,Philippines,PH,PHL,Eastern Samar,,14507,1608910750
Santa Catalina,Santa Catalina,17.5917,120.3644,Philippines,PH,PHL,Ilocos Sur,,14493,1608658662
Nampicuan,Nampicuan,15.7342,120.6356,Philippines,PH,PHL,Nueva Ecija,,14471,1608623397
Chai Nat,Chai Nat,15.1872,100.1283,Thailand,TH,THA,Chai Nat,admin,14469,1764848732
Larena,Larena,9.249,123.591,Philippines,PH,PHL,Siquijor,,14454,1608113335
Bokod,Bokod,16.4914,120.83,Philippines,PH,PHL,Benguet,,14435,1608394399
Ban Ao Nang,Ban Ao Nang,8.0314,98.8225,Thailand,TH,THA,Krabi,,14435,1764704232
Araceli,Araceli,10.5529,119.9904,Philippines,PH,PHL,Palawan,,14434,1608953216
Perai,Perai,5.3833,100.3833,Malaysia,MY,MYS,Pulau Pinang,,14433,1458507737
Bagulin,Bagulin,16.6079,120.4378,Philippines,PH,PHL,La Union,,14428,1608422405
Painan,Painan,-1.3511,100.5756,Indonesia,ID,IDN,Sumatera Barat,minor,14425,1360654433
General MacArthur,General MacArthur,11.2486,125.54,Philippines,PH,PHL,Eastern Samar,,14411,1608572895
Ghora Gali,Ghora Gali,33.8833,73.3833,Pakistan,PK,PAK,Punjab,,14410,1586486470
Maria,Maria,9.196,123.655,Philippines,PH,PHL,Siquijor,,14385,1608861500
Balangiga,Balangiga,11.1092,125.3864,Philippines,PH,PHL,Eastern Samar,,14341,1608562317
Balangkas,Balangkas,14.7381,120.9978,Philippines,PH,PHL,Bataan,,14318,1608211994
Sison,Sison,9.6592,125.5272,Philippines,PH,PHL,Surigao del Norte,,14290,1608527049
Ban Don Kaeo,Ban Don Kaeo,18.8567,98.9689,Thailand,TH,THA,Chiang Mai,,14286,1764651646
Ban Nong Kula,Ban Nong Kula,16.65,99.95,Thailand,TH,THA,Phitsanulok,,14273,1764676544
Pak Thong Chai,Pak Thong Chai,14.7167,102.0167,Thailand,TH,THA,Nakhon Ratchasima,minor,14272,1764718877
Ban Tha Thong,Ban Tha Thong,16.8582,100.2291,Thailand,TH,THA,Phitsanulok,,14270,1764306656
Det Udom,Det Udom,14.906,105.0784,Thailand,TH,THA,Ubon Ratchathani,minor,14264,1764920064
Mapanas,Mapanas,12.475,125.254,Philippines,PH,PHL,Northern Samar,,14234,1608249381
Mankera,Mankera,31.3833,71.4333,Pakistan,PK,PAK,Punjab,,14184,1586069710
Bua Yai,Bua Yai,15.584,102.4186,Thailand,TH,THA,Nakhon Ratchasima,minor,14168,1764992879
Santol,Santol,16.77,120.45,Philippines,PH,PHL,La Union,,14166,1608145061
Shergarh,Shergarh,30.8281,73.7383,Pakistan,PK,PAK,Punjab,,14152,1586922023
Thong Pha Phum,Thong Pha Phum,14.7382,98.632,Thailand,TH,THA,Kanchanaburi,minor,14141,1764883114
Sai Buri,Sai Buri,6.7013,101.6167,Thailand,TH,THA,Pattani,minor,14137,1764406670
Belison,Belison,10.8381,121.9606,Philippines,PH,PHL,Antique,,14129,1608259543
Kinogitan,Kinogitan,8.9855,124.7937,Philippines,PH,PHL,Misamis Oriental,,14091,1608778669
Sungai Guntung,Sungai Guntung,0.2956,103.6114,Indonesia,ID,IDN,Riau,,14088,1360986029
Ban Mueang Nga,Ban Mueang Nga,18.5997,99.0181,Thailand,TH,THA,Lamphun,,14067,1764686544
Bambang,Bambang,14.5257,121.0729,Philippines,PH,PHL,Taguig,,13949,1608593645
Bang Racham,Bang Racham,14.9,100.3167,Thailand,TH,THA,Sing Buri,minor,13937,1764338966
Taphan Hin,Taphan Hin,16.2209,100.4198,Thailand,TH,THA,Phichit,minor,13868,1764640959
Batuan,Batuan,9.8,124.13,Philippines,PH,PHL,Bohol,,13845,1608180055
Ban Bang Muang,Ban Bang Muang,13.8474,100.4167,Thailand,TH,THA,Nonthaburi,,13786,1764508090
Ban Tha Luang Lang,Ban Tha Luang Lang,12.6816,102.169,Thailand,TH,THA,Chanthaburi,,13785,1764285638
Ang Thong,Ang Thong,14.5925,100.4572,Thailand,TH,THA,Ang Thong,admin,13738,1764529940
Zarghūn Shahr,Zarghun Shahr,32.85,68.4167,Afghanistan,AF,AFG,Paktīkā,,13737,1004965319
Hinabangan,Hinabangan,11.7,125.07,Philippines,PH,PHL,Samar,,13693,1608780476
Lanuza,Lanuza,9.2322,126.0592,Philippines,PH,PHL,Surigao del Sur,,13642,1608065312
Sampaloc,Sampaloc,14.1625,121.6378,Philippines,PH,PHL,Quezon,,13629,1608820568
Serui,Serui,-1.878,136.237,Indonesia,ID,IDN,Papua,minor,13568,1360061109
Ban Bung Kha,Ban Bung Kha,16.1462,104.6507,Thailand,TH,THA,Yasothon,,13507,1764502861
Ban Mae Kaluang,Ban Mae Kaluang,19.0565,99.9402,Thailand,TH,THA,Phayao,,13502,1764438481
Baras,Baras,13.67,124.37,Philippines,PH,PHL,Catanduanes,,13484,1608759660
Dok Kham Tai,Dok Kham Tai,19.1624,99.9934,Thailand,TH,THA,Phayao,minor,13450,1764998774
Dakit,Dakit,10.06,125.1606,Philippines,PH,PHL,Southern Leyte,,13436,1608424493
Sultanpur Mor,Sultanpur Mor,32.1883,73.0286,Pakistan,PK,PAK,Punjab,,13413,1586324583
Ban Don Thong,Ban Don Thong,16.904,100.3563,Thailand,TH,THA,Phitsanulok,,13401,1764925902
Buli,Buli,14.443,121.051,Philippines,PH,PHL,Muntinlupa,,13341,1608451344
Santa Marcela,Santa Marcela,18.2872,121.4375,Philippines,PH,PHL,Apayao,,13317,1608825041
Ban Na Chom Thian,Ban Na Chom Thian,12.8356,100.9264,Thailand,TH,THA,Chon Buri,,13305,1764606820
Ban Chomphu Nuea,Ban Chomphu Nuea,16.6833,100.6667,Thailand,TH,THA,Phitsanulok,,13266,1764044071
Ban Khlong,Ban Khlong,16.8353,100.232,Thailand,TH,THA,Phitsanulok,,13186,1764509673
San Clemente,San Clemente,15.7119,120.3603,Philippines,PH,PHL,Tarlac,,13181,1608579832
Ban Chorakhe Samphan,Ban Chorakhe Samphan,14.3278,99.8554,Thailand,TH,THA,Suphan Buri,,13157,1764660410
Tinglayan,Tinglayan,17.265,121.1489,Philippines,PH,PHL,Kalinga,,13148,1608957422
Ban Nong Hoi,Ban Nong Hoi,18.75,99.0167,Thailand,TH,THA,Chiang Mai,,13144,1764993744
San Vicente,San Vicente,17.5947,120.3753,Philippines,PH,PHL,Ilocos Sur,,13118,1608946096
Giporlos,Giporlos,11.1208,125.4494,Philippines,PH,PHL,Eastern Samar,,13117,1608760153
Silago,Silago,10.5291,125.1618,Philippines,PH,PHL,Southern Leyte,,13116,1608487781
Phra Samut Chedi,Phra Samut Chedi,13.6022,100.5721,Thailand,TH,THA,Samut Prakan,minor,13082,1764769560
Lawaan,Lawaan,11.1408,125.3011,Philippines,PH,PHL,Eastern Samar,,13003,1608580234
Culaba,Culaba,11.6578,124.5425,Philippines,PH,PHL,Leyte,,12972,1608715779
Libertad,Libertad,8.5583,124.35,Philippines,PH,PHL,Misamis Oriental,,12948,1608897342
Song Phi Nong,Song Phi Nong,14.2241,100.0209,Thailand,TH,THA,Suphan Buri,minor,12926,1764684967
Balbalan,Balbalan,17.4436,121.2008,Philippines,PH,PHL,Kalinga,,12914,1608060387
Nurkot,Nurkot,32.2017,75.1186,Pakistan,PK,PAK,Punjab,,12876,1586853360
Kuala Kurun,Kuala Kurun,-1.1016,113.8664,Indonesia,ID,IDN,Kalimantan Tengah,,12870,1360003464
Agutaya,Agutaya,11.152,120.9396,Philippines,PH,PHL,Palawan,,12867,1608681129
Perigi Dua,Perigi Dua,-6.2656,106.6969,Indonesia,ID,IDN,Jawa Barat,,12859,1360121501
Sagay,Sagay,9.12,124.72,Philippines,PH,PHL,Camiguin,,12826,1608754014
Ban Krang,Ban Krang,16.746,100.275,Thailand,TH,THA,Phitsanulok,,12800,1764045308
Burgos,Burgos,17.3331,120.4944,Philippines,PH,PHL,Ilocos Sur,,12793,1608752427
Perez,Perez,14.18,121.93,Philippines,PH,PHL,Quezon,minor,12767,1608929976
Agdangan,Agdangan,13.8758,121.9122,Philippines,PH,PHL,Quezon,minor,12764,1608783470
Dhubaria,Dhubaria,24.0104,89.8404,Bangladesh,BD,BGD,Dhaka,,12760,1050353483
Ban Tat,Ban Tat,17.3081,102.7844,Thailand,TH,THA,Udon Thani,,12760,1764551392
Kaeng Khoi,Kaeng Khoi,14.5862,100.9976,Thailand,TH,THA,Saraburi,minor,12752,1764167813
Beaufort,Beaufort,5.3473,115.7455,Malaysia,MY,MYS,Sabah,,12742,1458309122
Ban Sop Tia,Ban Sop Tia,18.3895,98.678,Thailand,TH,THA,Chiang Mai,,12739,1764003065
Chaiyo,Chaiyo,14.6488,100.4788,Thailand,TH,THA,Ang Thong,minor,12710,1764400832
Imām Şāḩib,Imam Sahib,37.1844,68.9144,Afghanistan,AF,AFG,Kunduz,minor,12655,1004051505
Magsaysay,Magsaysay,10.87,121.05,Philippines,PH,PHL,Palawan,,12603,1608360033
Tagoloan,Tagoloan,8.1092,124.4392,Philippines,PH,PHL,Lanao del Sur,,12602,1608551661
Lamphun,Lamphun,18.5864,99.0119,Thailand,TH,THA,Lamphun,admin,12595,1764104264
Ban Tom Klang,Ban Tom Klang,19.199,99.8352,Thailand,TH,THA,Phayao,,12586,1764492879
San Vicente,San Vicente,14.1061,122.8733,Philippines,PH,PHL,Camarines Norte,,12579,1608940211
Maba,Maba,0.7,128.3,Indonesia,ID,IDN,Maluku Utara,minor,12560,1360800707
Rong Kwang,Rong Kwang,18.339,100.3174,Thailand,TH,THA,Phrae,minor,12553,1764929562
Calanasan,Calanasan,18.255,121.0436,Philippines,PH,PHL,Apayao,,12550,1608799917
Pajo,Pajo,-8.5167,120.3333,Indonesia,ID,IDN,Nusa Tenggara Timur,,12545,1360777434
Ban Laem,Ban Laem,13.2047,99.9796,Thailand,TH,THA,Phetchaburi,minor,12541,1764878982
Kantang,Kantang,7.4054,99.5156,Thailand,TH,THA,Trang,minor,12533,1764372106
Santo Niño,Santo Nino,11.9263,124.4492,Philippines,PH,PHL,Samar,,12519,1608284547
Pilar,Pilar,10.807,124.565,Philippines,PH,PHL,Cebu,,12506,1608112350
Bang Phlat,Bang Phlat,13.8247,100.4908,Thailand,TH,THA,Krung Thep Maha Nakhon,minor,12482,1764119231
Pidigan,Pidigan,17.57,120.59,Philippines,PH,PHL,Abra,,12475,1608879662
Ban Bang Non,Ban Bang Non,10.0178,98.656,Thailand,TH,THA,Ranong,,12466,1764844910
Kuhsān,Kuhsan,34.65,61.1667,Afghanistan,AF,AFG,Herāt,minor,12463,1004303723
Putussibau,Putussibau,0.8575,112.925,Indonesia,ID,IDN,Kalimantan Barat,minor,12459,1360803364
Bandipur,Bandipur,27.9381,84.4069,Nepal,NP,NPL,,,12450,1524589061
Hinundayan,Hinundayan,10.35,125.25,Philippines,PH,PHL,Southern Leyte,,12398,1608679493
Huai Yot,Huai Yot,7.7894,99.6347,Thailand,TH,THA,Trang,minor,12337,1764009966
Nong Khae,Nong Khae,14.3406,100.8673,Thailand,TH,THA,Saraburi,minor,12336,1764836619
Capul,Capul,12.423,124.182,Philippines,PH,PHL,Northern Samar,,12323,1608632874
Doi Lo,Doi Lo,18.4667,98.7833,Thailand,TH,THA,Chiang Mai,minor,12261,1764750189
Gandara West,Gandara West,5.9333,80.6,Sri Lanka,LK,LKA,Southern,,12254,1144177995
Ban Tap Tao,Ban Tap Tao,19.7154,100.2906,Thailand,TH,THA,Chiang Rai,,12252,1764322223
Lila,Lila,9.6,124.1,Philippines,PH,PHL,Bohol,,12240,1608056848
Ban Huai So Nuea,Ban Huai So Nuea,20.0536,100.2828,Thailand,TH,THA,Chiang Rai,,12239,1764115664
Currimao,Currimao,18.0203,120.4864,Philippines,PH,PHL,Ilocos Norte,,12215,1608940282
Anao,Anao,15.7304,120.6264,Philippines,PH,PHL,,,12208,1608758954
Josefina,Josefina,8.2144,123.5439,Philippines,PH,PHL,Zamboanga del Sur,,12205,1608897115
Na Wa,Na Wa,17.4897,104.1006,Thailand,TH,THA,Nakhon Phanom,minor,12160,1764746729
Ban Bo Luang,Ban Bo Luang,18.1505,98.3508,Thailand,TH,THA,Chiang Mai,,12143,1764468755
Ban Bang Sai,Ban Bang Sai,13.4005,100.9994,Thailand,TH,THA,Chon Buri,,12136,1764574957
Ban Noen Phoem,Ban Noen Phoem,17.1167,100.8667,Thailand,TH,THA,Phitsanulok,,12136,1764544563
Ishkāshim,Ishkashim,36.7092,71.5739,Afghanistan,AF,AFG,Badakhshān,,12120,1004691621
Ban Muang Ngam,Ban Muang Ngam,7.3508,100.4885,Thailand,TH,THA,Songkhla,,12084,1764397075
Ban Pae,Ban Pae,18.2108,98.6164,Thailand,TH,THA,Chiang Mai,,12050,1764427283
Ḩukūmatī Gīzāb,Hukumati Gizab,33.3813,66.2655,Afghanistan,AF,AFG,Dāykundī,,12000,1004394458
Padang,Padang,-0.95,100.3531,Indonesia,ID,IDN,Sumatera Barat,admin,12000,1360900986
Abdul Khel,Abdul Khel,32.3997,70.9136,Pakistan,PK,PAK,Khyber Pakhtunkhwa,,12000,1586746669
Saidpur,Saidpur,33.7421,73.0677,Pakistan,PK,PAK,Islamabad,,12000,1586603702
Wang Saphung,Wang Saphung,17.301,101.7685,Thailand,TH,THA,Loei,minor,11992,1764106072
Nueva Era,Nueva Era,17.92,120.67,Philippines,PH,PHL,Ilocos Norte,,11968,1608573219
Mariana,Mariana,14.6194,121.0347,Philippines,PH,PHL,Quezon,,11967,1608248744
Nong Bua,Nong Bua,15.8646,100.5858,Thailand,TH,THA,Nakhon Sawan,minor,11951,1764078338
Don Sak,Don Sak,9.3168,99.6918,Thailand,TH,THA,Surat Thani,minor,11934,1764466914
Fort Bonifacio,Fort Bonifacio,14.5311,121.0478,Philippines,PH,PHL,Makati,,11912,1608422255
Tabontabon,Tabontabon,11.03,124.97,Philippines,PH,PHL,Leyte,,11902,1608562896
Hattian Bala,Hattian Bala,34.1691,73.7432,Pakistan,PK,PAK,Azad Kashmir,,11880,1586168777
Ban Nong Kop,Ban Nong Kop,13.8178,99.9353,Thailand,TH,THA,Ratchaburi,,11877,1764673162
Ban,Ban,-8.2333,115.4833,Indonesia,ID,IDN,Bali,,11858,1360520678
Lapinig,Lapinig,12.315,125.302,Philippines,PH,PHL,Northern Samar,,11844,1608361312
Sonosari,Sonosari,-7.8014,110.3644,Indonesia,ID,IDN,Yogyakarta,,11807,1360754867
Kehen,Kehen,-8.5589,115.2869,Indonesia,ID,IDN,Bali,,11779,1360573405
Pragatinagar,Pragatinagar,27.6667,84.1833,Nepal,NP,NPL,,,11771,1524028516
Agcogon,Agcogon,12.07,121.93,Philippines,PH,PHL,Romblon,,11759,1608922039
Kuchinarai,Kuchinarai,16.541,104.05,Thailand,TH,THA,Kalasin,minor,11753,1764821226
Ban Phan Don,Ban Phan Don,17.1427,102.9726,Thailand,TH,THA,Udon Thani,,11739,1764073724
Mutia,Mutia,8.4176,123.4771,Philippines,PH,PHL,Zamboanga del Norte,,11726,1608508785
Carmen,Carmen,9.2289,126.0167,Philippines,PH,PHL,Surigao del Sur,,11720,1608605257
Lom Sak,Lom Sak,16.7798,101.2422,Thailand,TH,THA,Phetchabun,minor,11685,1764798281
Ban Mae Tuen,Ban Mae Tuen,18.01,98.8809,Thailand,TH,THA,Lamphun,,11617,1764530285
Tuktukan,Tuktukan,14.528,121.0718,Philippines,PH,PHL,Taguig,,11614,1608288559
Manabo,Manabo,17.43,120.7,Philippines,PH,PHL,Abra,,11611,1608286735
Phon,Phon,15.816,102.5998,Thailand,TH,THA,Khon Kaen,minor,11593,1764718749
Sablan,Sablan,16.4967,120.4875,Philippines,PH,PHL,Benguet,,11588,1608270967
Gainza,Gainza,13.6167,123.1414,Philippines,PH,PHL,Camarines Sur,,11584,1608497467
Ban Mae Kham Lang Wat,Ban Mae Kham Lang Wat,20.2225,99.8561,Thailand,TH,THA,Chiang Rai,,11569,1764260824
Den Chai,Den Chai,17.9837,100.0522,Thailand,TH,THA,Phrae,minor,11542,1764349674
Dolores,Dolores,17.65,120.71,Philippines,PH,PHL,Abra,,11512,1608270517
Sagada,Sagada,17.0842,120.9008,Philippines,PH,PHL,Mountain,,11510,1608945892
Ban Saeo,Ban Saeo,20.2158,100.225,Thailand,TH,THA,Chiang Rai,,11444,1764365143
Satuek,Satuek,15.297,103.2919,Thailand,TH,THA,Buri Ram,minor,11444,1764714909
Sevilla,Sevilla,9.7,124.05,Philippines,PH,PHL,Bohol,,11376,1608440527
Calatrava,Calatrava,12.6167,122.0708,Philippines,PH,PHL,Romblon,,11342,1608281259
Ban Bang Lamung,Ban Bang Lamung,13.047,100.9289,Thailand,TH,THA,Chon Buri,,11324,1764268034
Ban Yang Hom,Ban Yang Hom,19.9222,100.3056,Thailand,TH,THA,Chiang Rai,,11316,1764266179
Tudela,Tudela,10.636,124.47,Philippines,PH,PHL,Cebu,,11304,1608811039
Ban Kat,Ban Kat,18.1764,97.9339,Thailand,TH,THA,Mae Hong Son,,11283,1764182671
Biri,Biri,12.67,124.38,Philippines,PH,PHL,Northern Samar,,11274,1608743251
Lang Suan,Lang Suan,9.95,99.0667,Thailand,TH,THA,Chumphon,minor,11250,1764676997
Alburquerque,Alburquerque,9.6104,123.9549,Philippines,PH,PHL,Bohol,,11246,1608280390
Tentena,Tentena,-1.7822,120.6494,Indonesia,ID,IDN,Sulawesi Tengah,minor,11233,1360336165
Kaset Wisai,Kaset Wisai,15.6556,103.5836,Thailand,TH,THA,Roi Et,minor,11217,1764985093
Hambantota,Hambantota,6.1244,81.1253,Sri Lanka,LK,LKA,Southern,,11213,1144358863
Salaya,Salaya,13.802,100.3211,Thailand,TH,THA,Nakhon Pathom,minor,11180,1764189749
Padre Burgos,Padre Burgos,10.03,125.02,Philippines,PH,PHL,Southern Leyte,minor,11159,1608301402
Salcedo,Salcedo,17.1517,120.5361,Philippines,PH,PHL,Ilocos Sur,,11110,1608432119
Tha Chang,Tha Chang,9.2642,99.1922,Thailand,TH,THA,Surat Thani,minor,11108,1764489461
Firoza,Firoza,28.75,70.8167,Pakistan,PK,PAK,Punjab,,11107,1586662384
Bang Ban,Bang Ban,14.3739,100.4853,Thailand,TH,THA,Phra Nakhon Si Ayutthaya,minor,11092,1764275286
Ban Wang Daeng,Ban Wang Daeng,17.479,100.1247,Thailand,TH,THA,Uttaradit,,11091,1764486186
Si Wilai,Si Wilai,18.1819,103.7479,Thailand,TH,THA,Bueng Kan,minor,11090,1764803853
Bagamanoc,Bagamanoc,13.9408,124.2888,Philippines,PH,PHL,Catanduanes,,11086,1608272701
Phanat Nikhom,Phanat Nikhom,13.4458,101.1844,Thailand,TH,THA,Chon Buri,minor,11032,1764762615
Balingoan,Balingoan,9,124.85,Philippines,PH,PHL,Misamis Oriental,,11020,1608600721
Abasingammedda,Abasingammedda,7.3147,80.666,Sri Lanka,LK,LKA,Central,,11000,1144237899
Fao Rai,Fao Rai,18.0179,103.3039,Thailand,TH,THA,Nong Khai,minor,10978,1764038877
Rosario,Rosario,12.52,124.42,Philippines,PH,PHL,Northern Samar,,10949,1608007576
Tibubeneng,Tibubeneng,-8.6469,115.1503,Indonesia,ID,IDN,Bali,,10919,1360364927
Mae Wang,Mae Wang,18.6567,98.6816,Thailand,TH,THA,Chiang Mai,minor,10879,1764671792
Phrai Bueng,Phrai Bueng,14.7483,104.3626,Thailand,TH,THA,Si Sa Ket,minor,10864,1764845950
Phibun Mangsahan,Phibun Mangsahan,15.2447,105.2291,Thailand,TH,THA,Ubon Ratchathani,minor,10842,1764591980
Khlung,Khlung,12.4547,102.2214,Thailand,TH,THA,Chanthaburi,minor,10835,1764654331
Pua,Pua,19.175,100.9162,Thailand,TH,THA,Nan,minor,10831,1764017430
Panaon,Panaon,8.3667,123.8333,Philippines,PH,PHL,Misamis Occidental,,10797,1608096447
Tamiang Layang,Tamiang Layang,-2.116,115.1691,Indonesia,ID,IDN,Kalimantan Tengah,minor,10780,1360507252
Ban Bang Yai,Ban Bang Yai,13.8409,100.3708,Thailand,TH,THA,Nonthaburi,,10767,1764949681
Suyo,Suyo,16.9839,120.5139,Philippines,PH,PHL,Ilocos Sur,,10766,1608201191
Burgos,Burgos,18.5114,120.6444,Philippines,PH,PHL,Ilocos Norte,,10759,1608640535
Doi Saket,Doi Saket,18.8667,99.1333,Thailand,TH,THA,Chiang Mai,minor,10750,1764197318
Wang Sombun,Wang Sombun,13.3618,102.1911,Thailand,TH,THA,Sa Kaeo,minor,10747,1764786290
Sam Ko,Sam Ko,14.6074,100.2186,Thailand,TH,THA,Ang Thong,minor,10696,1764322082
San Juan,San Juan,17.68,120.73,Philippines,PH,PHL,Abra,,10688,1608664813
Urgūn,Urgun,32.9006,69.1569,Afghanistan,AF,AFG,Paktīkā,minor,10665,1004285541
Dinagat,Dinagat,9.9561,125.5933,Philippines,PH,PHL,Dinagat Islands,,10621,1608566761
Miro Khan,Miro Khan,27.7597,68.0917,Pakistan,PK,PAK,Sindh,,10590,1586812945
Pasil,Pasil,17.3894,121.1597,Philippines,PH,PHL,Kalinga,,10577,1608891863
Ban Ko,Ban Ko,13.6405,100.04,Thailand,TH,THA,Ratchaburi,,10561,1764504275
Don Galo,Don Galo,14.5072,120.9844,Philippines,PH,PHL,Parañaque,,10550,1608536522
San Ricardo,San Ricardo,9.92,125.28,Philippines,PH,PHL,Southern Leyte,,10500,1608184956
Ban Thung Khao Phuang,Ban Thung Khao Phuang,19.5483,98.9538,Thailand,TH,THA,Chiang Mai,,10500,1764832106
Ban Lueak,Ban Lueak,13.7062,99.873,Thailand,TH,THA,Ratchaburi,,10480,1764013692
Phai Sali,Phai Sali,15.6,100.6494,Thailand,TH,THA,Nakhon Sawan,minor,10450,1764690719
Libānggaon,Libanggaon,28.3,82.6333,Nepal,NP,NPL,Lumbinī,,10417,1524465146
Trat,Trat,12.2417,102.5125,Thailand,TH,THA,Trat,admin,10413,1764126822
Prakhon Chai,Prakhon Chai,14.6107,103.0792,Thailand,TH,THA,Buri Ram,minor,10404,1764447694
Ban Ueam,Ban Ueam,18.4246,99.4434,Thailand,TH,THA,Lampang,,10401,1764673656
Faradābād,Faradabad,23.7445,90.8772,Bangladesh,BD,BGD,Chattogram,,10381,1050280343
Ban Non Sombun,Ban Non Sombun,18.2983,103.6528,Thailand,TH,THA,Bueng Kan,,10376,1764177972
Pilar,Pilar,9.8639,126.1008,Philippines,PH,PHL,Surigao del Norte,,10374,1608555528
Kelandis,Kelandis,-8.6595,115.227,Indonesia,ID,IDN,Bali,,10353,1360695846
Natonin,Natonin,17.1089,121.2797,Philippines,PH,PHL,Mountain,,10339,1608385034
Ban Dan Na Kham,Ban Dan Na Kham,17.7167,100.1333,Thailand,TH,THA,Uttaradit,,10329,1764004017
Ban Wisit,Ban Wisit,18.348,103.6308,Thailand,TH,THA,Bueng Kan,,10278,1764349189
Kut Chap,Kut Chap,17.4257,102.5669,Thailand,TH,THA,Udon Thani,minor,10259,1764618058
Phon Charoen,Phon Charoen,18.0258,103.7094,Thailand,TH,THA,Bueng Kan,minor,10254,1764018147
Bueng Khong Long,Bueng Khong Long,17.9667,104.045,Thailand,TH,THA,Bueng Kan,minor,10245,1764051727
Galimuyod,Galimuyod,17.18,120.47,Philippines,PH,PHL,Ilocos Sur,,10244,1608931989
Tha Muang,Tha Muang,13.9612,99.6412,Thailand,TH,THA,Kanchanaburi,minor,10219,1764391380
Pintuyan,Pintuyan,9.95,125.25,Philippines,PH,PHL,Southern Leyte,,10202,1608530375
Phra Pradaeng,Phra Pradaeng,13.6592,100.5331,Thailand,TH,THA,Samut Prakan,minor,10190,1764849819
Balangkayan,Balangkayan,11.4728,125.5108,Philippines,PH,PHL,Eastern Samar,,10185,1608965885
Kranuan,Kranuan,16.7067,103.0788,Thailand,TH,THA,Khon Kaen,minor,10169,1764256426
Ban Bong Tai,Ban Bong Tai,17.408,103.2932,Thailand,TH,THA,Sakon Nakhon,,10168,1764226625
Ban Bang Toei,Ban Bang Toei,14.0737,100.5079,Thailand,TH,THA,Pathum Thani,,10164,1764390237
Pilar,Pilar,17.42,120.6,Philippines,PH,PHL,Abra,,10146,1608856140
Gakuch,Gakuch,36.1736,73.7667,Pakistan,PK,PAK,Gilgit-Baltistan,minor,10142,1586006258
Ban Pa Hung,Ban Pa Hung,19.5672,99.7013,Thailand,TH,THA,Chiang Rai,,10138,1764832108
Plaridel,Plaridel,13.9511,122.0203,Philippines,PH,PHL,Quezon,,10129,1608849599
Monaragala,Monaragala,6.8714,81.3487,Sri Lanka,LK,LKA,Uva,,10123,1144735194
Corcuera,Corcuera,12.8,122.05,Philippines,PH,PHL,Romblon,,10112,1608239865
Nong Ki,Nong Ki,14.6868,102.538,Thailand,TH,THA,Buri Ram,minor,10089,1764002755
Ban Bu Sung,Ban Bu Sung,14.9613,104.2095,Thailand,TH,THA,Si Sa Ket,,10063,1764702503
Sung Noen,Sung Noen,14.8992,101.8208,Thailand,TH,THA,Nakhon Ratchasima,minor,10061,1764245412
Manahari,Manahari,27.55,84.79,Nepal,NP,NPL,,,10013,1524017214
Haider Khel,Haider Khel,32.9449,70.296,Pakistan,PK,PAK,Khyber Pakhtunkhwa,,10001,1586028141
Tujg,Tujg,32.0686,61.8058,Afghanistan,AF,AFG,Farāh,,10000,1004622853
Fatikchari,Fatikchari,22.6877,91.7812,Bangladesh,BD,BGD,Chattogram,,10000,1050662697
Haria,Haria,-3.5833,128.6167,Indonesia,ID,IDN,Maluku,,10000,1360043988
Padang Besar,Padang Besar,6.6623,100.3142,Malaysia,MY,MYS,Perlis,,10000,1458304939
Surmon Chogga Grong,Surmon Chogga Grong,35.1518,76.4454,Pakistan,PK,PAK,Gilgit-Baltistan,,10000,1586445471
Basla,Basla,33.3833,73.3167,Pakistan,PK,PAK,Punjab,,10000,1586287583
Bunji,Bunji,35.6422,74.6336,Pakistan,PK,PAK,Gilgit-Baltistan,,10000,1586909748
Ghota Fatehgarh,Ghota Fatehgarh,32.09,74.78,Pakistan,PK,PAK,Punjab,,10000,1586256175
Makale,Makale,-3.1,119.85,Indonesia,ID,IDN,Sulawesi Selatan,minor,9960,1360576738
Ban Ngao,Ban Ngao,19.6736,100.2583,Thailand,TH,THA,Chiang Rai,,9943,1764076569
Kamalasai,Kamalasai,16.3384,103.5756,Thailand,TH,THA,Kalasin,minor,9942,1764734520
Hingyon,Hingyon,16.8522,121.0989,Philippines,PH,PHL,Ifugao,,9930,1608866748
Karimunjawa,Karimunjawa,-5.8192,110.459,Indonesia,ID,IDN,Jawa Tengah,,9926,1360892611
Ban Pong Yaeng Nai,Ban Pong Yaeng Nai,18.8833,98.8167,Thailand,TH,THA,Chiang Mai,,9922,1764702190
San Isidro,San Isidro,9.8,124.3,Philippines,PH,PHL,Bohol,,9909,1608028784
Phak Hai,Phak Hai,14.4574,100.3699,Thailand,TH,THA,Phra Nakhon Si Ayutthaya,minor,9905,1764882344
Latifpur,Latifpur,22.4067,91.7464,Bangladesh,BD,BGD,Chattogram,,9901,1050917791
Panjāb,Panjab,34.3833,67.0167,Afghanistan,AF,AFG,Bāmyān,minor,9900,1004837341
Ban Pha Bong,Ban Pha Bong,19.2266,97.9707,Thailand,TH,THA,Mae Hong Son,,9874,1764208458
Sarkeghāṭ,Sarkeghat,29.7833,81.9333,Nepal,NP,NPL,Karṇālī,,9868,1524035735
Geylegphug,Geylegphug,26.8706,90.4856,Bhutan,BT,BTN,Sarpang,,9858,1064875901
Tha Mai,Tha Mai,12.6214,102.0048,Thailand,TH,THA,Chanthaburi,minor,9843,1764588619
Nong Wua So,Nong Wua So,17.1626,102.5727,Thailand,TH,THA,Udon Thani,minor,9816,1764122140
Ban Mae Sam Laep,Ban Mae Sam Laep,17.975,97.7392,Thailand,TH,THA,Mae Hong Son,,9802,1764091055
Mae O,Mae O,19.65,99.8333,Thailand,TH,THA,Chiang Rai,,9799,1764995328
Sugbongkogon,Sugbongkogon,8.95,124.78,Philippines,PH,PHL,Misamis Oriental,,9764,1608060841
Ban Mae Chedi,Ban Mae Chedi,19.1833,99.5167,Thailand,TH,THA,Chiang Rai,,9742,1764605248
Non Sung,Non Sung,15.1801,102.2569,Thailand,TH,THA,Nakhon Ratchasima,minor,9730,1764677081
Chiang Klang,Chiang Klang,19.2938,100.8617,Thailand,TH,THA,Nan,minor,9721,1764084763
Panganiban,Panganiban,13.9,124.3,Philippines,PH,PHL,Catanduanes,,9713,1608983202
Haraiyā,Haraiya,27.09,85.09,Nepal,NP,NPL,,,9710,1524137444
Loreto,Loreto,10.3586,125.5816,Philippines,PH,PHL,Dinagat Islands,,9690,1608087453
Ban Bueng Kok,Ban Bueng Kok,16.6833,100.0333,Thailand,TH,THA,Phitsanulok,,9688,1764708028
Amritpur,Amritpur,28.1196,81.5965,Nepal,NP,NPL,,,9680,1524026946
Thap Khlo,Thap Khlo,16.16,100.5966,Thailand,TH,THA,Phichit,minor,9676,1764391912
Ban Kang,Ban Kang,18.5444,98.8889,Thailand,TH,THA,Chiang Mai,,9676,1764006978
Ban Dong Mada,Ban Dong Mada,19.7237,99.7153,Thailand,TH,THA,Chiang Rai,,9642,1764346183
Ban Lao Yao,Ban Lao Yao,18.3667,98.7833,Thailand,TH,THA,Lamphun,,9641,1764997700
Sabangan,Sabangan,17.0044,120.9233,Philippines,PH,PHL,Mountain,,9621,1608583625
Ban Nam Dip Luang,Ban Nam Dip Luang,18.45,98.8333,Thailand,TH,THA,Lamphun,,9592,1764671694
Wiang Sa,Wiang Sa,8.6358,99.3666,Thailand,TH,THA,Surat Thani,minor,9587,1764748345
Photharam,Photharam,13.6923,99.8497,Thailand,TH,THA,Ratchaburi,minor,9575,1764429218
Ban Wiang Ka Long,Ban Wiang Ka Long,19.2332,99.5165,Thailand,TH,THA,Chiang Rai,,9572,1764433764
Mae Rim,Mae Rim,18.9106,98.948,Thailand,TH,THA,Chiang Mai,minor,9567,1764340535
Phangnga,Phangnga,8.4644,98.5317,Thailand,TH,THA,Phangnga,admin,9559,1764855952
Māmā Khēl,Mama Khel,34.25,70.01,Afghanistan,AF,AFG,Nangarhār,minor,9536,1004178793
Ban Phan Chali,Ban Phan Chali,16.63,100.48,Thailand,TH,THA,Phitsanulok,,9533,1764623789
Basco,Basco,20.45,121.97,Philippines,PH,PHL,Batanes,admin,9517,1608620601
Ban Nong Tong,Ban Nong Tong,18.6115,98.9466,Thailand,TH,THA,Chiang Mai,,9512,1764899658
Kanchanadit,Kanchanadit,9.1661,99.4701,Thailand,TH,THA,Surat Thani,minor,9492,1764472524
Deh-e Shū,Deh-e Shu,30.4344,63.3183,Afghanistan,AF,AFG,Helmand,,9482,1004870289
Corella,Corella,9.68,123.92,Philippines,PH,PHL,Bohol,minor,9479,1608691384
Ban Krot,Ban Krot,14.3009,100.6002,Thailand,TH,THA,Phra Nakhon Si Ayutthaya,,9471,1764143463
Ban Sathan,Ban Sathan,18.2667,100.7167,Thailand,TH,THA,Nan,,9453,1764353853
Jantho,Jantho,5.3,95.6333,Indonesia,ID,IDN,Aceh,,9440,1360164924
Ban Bang Phlap,Ban Bang Phlap,13.9385,100.4528,Thailand,TH,THA,Nonthaburi,,9434,1764411697
Ban San Pong,Ban San Pong,18.9424,98.9439,Thailand,TH,THA,Chiang Mai,,9425,1764920268
Santa Monica,Santa Monica,10.02,126.038,Philippines,PH,PHL,Surigao del Norte,,9423,1608035680
Tha Maka,Tha Maka,13.8865,99.801,Thailand,TH,THA,Kanchanaburi,minor,9411,1764775732
Ban Khi Lek,Ban Khi Lek,19.0625,98.9396,Thailand,TH,THA,Chiang Mai,,9334,1764319884
Samdrup Jongkhar,Samdrup Jongkhar,26.8,91.505,Bhutan,BT,BTN,Samdrup Jongkhar,admin,9325,1064656050
Concepcion,Concepcion,8.4167,123.6,Philippines,PH,PHL,Misamis Occidental,,9324,1608761536
Lubuagan,Lubuagan,17.35,121.18,Philippines,PH,PHL,Kalinga,,9323,1608300636
Bang Khla,Bang Khla,13.7214,101.2081,Thailand,TH,THA,Chachoengsao,minor,9311,1764157593
Quirino,Quirino,17.1383,120.6764,Philippines,PH,PHL,Ilocos Sur,,9306,1608682755
Ban Bo Phlap,Ban Bo Phlap,13.8366,100.0746,Thailand,TH,THA,Nakhon Pathom,,9281,1764002485
Nakhon Thai,Nakhon Thai,17.1006,100.8374,Thailand,TH,THA,Phitsanulok,minor,9278,1764255388
Almagro,Almagro,11.9108,124.2852,Philippines,PH,PHL,Samar,,9273,1608267193
Ban Son Loi,Ban Son Loi,13.9122,100.42,Thailand,TH,THA,Nonthaburi,,9245,1764617566
Nong Kung Si,Nong Kung Si,16.6559,103.2972,Thailand,TH,THA,Kalasin,minor,9213,1764488443
Pong Nam Ron,Pong Nam Ron,12.9057,102.2622,Thailand,TH,THA,Chanthaburi,minor,9210,1764739470
Ban Kham Pom,Ban Kham Pom,15.9671,105.1729,Thailand,TH,THA,Ubon Ratchathani,,9209,1764689114
Ban Chang Phuak,Ban Chang Phuak,18.8032,98.9811,Thailand,TH,THA,Chiang Mai,,9191,1764077139
Suwannaphum,Suwannaphum,15.6035,103.8021,Thailand,TH,THA,Roi Et,minor,9183,1764109943
Ban Wat Chan,Ban Wat Chan,16.8033,100.2351,Thailand,TH,THA,Phitsanulok,,9171,1764351898
Ban Yaeng,Ban Yaeng,16.8833,100.8,Thailand,TH,THA,Phitsanulok,,9170,1764144794
Ban Wang Krachae,Ban Wang Krachae,14.2333,98.8667,Thailand,TH,THA,Kanchanaburi,,9134,1764682800
Jandola,Jandola,32.3317,70.1228,Pakistan,PK,PAK,Khyber Pakhtunkhwa,,9126,1586550143
Ban Tha Phra,Ban Tha Phra,16.348,102.7983,Thailand,TH,THA,Khon Kaen,,9075,1764897483
Jumlā,Jumla,29.25,82.2167,Nepal,NP,NPL,,,9073,1524473131
Ban Ngio Ngam,Ban Ngio Ngam,17.6671,100.1754,Thailand,TH,THA,Uttaradit,,9040,1764014160
Ban Wang Pradu,Ban Wang Pradu,16.76,100.35,Thailand,TH,THA,Phitsanulok,,9016,1764001245
Akat Amnuai,Akat Amnuai,17.5964,103.9816,Thailand,TH,THA,Sakon Nakhon,minor,9013,1764592273
Kaeng Khro,Kaeng Khro,16.1086,102.2581,Thailand,TH,THA,Chaiyaphum,minor,9012,1764376495
Burgos,Burgos,16.525,120.4583,Philippines,PH,PHL,La Union,,9006,1608508445
Tha Luang,Tha Luang,15.0712,101.098,Thailand,TH,THA,Lop Buri,minor,9003,1764595647
Kosum Phisai,Kosum Phisai,16.2486,103.0674,Thailand,TH,THA,Maha Sarakham,minor,8984,1764287207
Bayabas,Bayabas,8.9678,126.2817,Philippines,PH,PHL,Surigao del Sur,,8979,1608996722
Thung Sai,Thung Sai,16.3149,99.8327,Thailand,TH,THA,Kamphaeng Phet,minor,8971,1764018177
Wangdue Phodrang,Wangdue Phodrang,27.4833,89.9,Bhutan,BT,BTN,Wangdue Phodrang,admin,8954,1064353953
Ban Nikhom Phatthana,Ban Nikhom Phatthana,16.7242,99.9697,Thailand,TH,THA,Phitsanulok,,8936,1764788584
Thap Than,Thap Than,15.4606,99.8917,Thailand,TH,THA,Uthai Thani,minor,8931,1764003260
Sai Ngam,Sai Ngam,16.4669,99.8902,Thailand,TH,THA,Kamphaeng Phet,minor,8918,1764631031
Kui Buri,Kui Buri,12.0828,99.8543,Thailand,TH,THA,Prachuap Khiri Khan,minor,8916,1764298038
San Antonio,San Antonio,12.414,124.279,Philippines,PH,PHL,Northern Samar,,8882,1608468978
Hunduan,Hunduan,16.83,121,Philippines,PH,PHL,Ifugao,,8866,1608819248
Gilgit,Gilgit,35.9208,74.3083,Pakistan,PK,PAK,Gilgit-Baltistan,minor,8851,1586284242
Ban Pong Tao,Ban Pong Tao,18.8333,99.95,Thailand,TH,THA,Lampang,,8846,1764488080
Drazinda,Drazinda,31.7069,70.1352,Pakistan,PK,PAK,Khyber Pakhtunkhwa,,8842,1586761242
Ban Noen Kum Nueng,Ban Noen Kum Nueng,16.55,100.4167,Thailand,TH,THA,Phitsanulok,,8838,1764306020
Ban Muang Kham,Ban Muang Kham,19.5008,99.7466,Thailand,TH,THA,Chiang Rai,,8837,1764185323
Takua Pa,Takua Pa,8.8705,98.3438,Thailand,TH,THA,Phangnga,minor,8815,1764000562
Ban Si Don Chai,Ban Si Don Chai,20.13,100.3614,Thailand,TH,THA,Chiang Rai,,8813,1764853542
Tagapul-an,Tagapul-an,12.05,124.15,Philippines,PH,PHL,Samar,,8805,1608865320
Chok Chai,Chok Chai,14.7333,102.1667,Thailand,TH,THA,Nakhon Ratchasima,minor,8793,1764008665
Chīchkah,Chichkah,37.0706,69.2983,Afghanistan,AF,AFG,Kunduz,,8792,1004736488
Tlagasana,Tlagasana,-7.1786,109.5057,Indonesia,ID,IDN,Jawa Tengah,,8786,1360739732
Ban Sai Yoi,Ban Sai Yoi,16.4167,100.6,Thailand,TH,THA,Phitsanulok,,8784,1764133988
Galela,Galela,1.8236,127.8431,Indonesia,ID,IDN,Maluku Utara,,8760,1360398495
Pa Mok,Pa Mok,14.4899,100.4485,Thailand,TH,THA,Ang Thong,minor,8758,1764706108
Tanudan,Tanudan,17.2814,121.2303,Philippines,PH,PHL,Kalinga,,8746,1608424545
Nam Som,Nam Som,17.7704,102.1895,Thailand,TH,THA,Udon Thani,minor,8742,1764181212
Ranai,Ranai,3.9333,108.3833,Indonesia,ID,IDN,Kepulauan Riau,minor,8735,1360035725
Gigmoto,Gigmoto,13.78,124.38,Philippines,PH,PHL,Catanduanes,,8712,1608786417
San Sebastian,San Sebastian,11.7,125.02,Philippines,PH,PHL,Samar,,8704,1608756540
Phimai,Phimai,15.2232,102.4947,Thailand,TH,THA,Nakhon Ratchasima,minor,8696,1764598578
Yang Talat,Yang Talat,16.3998,103.3678,Thailand,TH,THA,Kalasin,minor,8666,1764746980
Pa Sang,Pa Sang,18.5262,98.9394,Thailand,TH,THA,Lamphun,minor,8645,1764346712
Wiang Haeng,Wiang Haeng,19.55,98.65,Thailand,TH,THA,Chiang Mai,minor,8631,1764350186
Slateng Dua,Slateng Dua,-8.1324,113.9836,Indonesia,ID,IDN,Jawa Timur,minor,8630,1360733120
La Huerta,La Huerta,14.4972,120.9953,Philippines,PH,PHL,Parañaque,,8592,1608905252
Kalaun,Kalaun,29.84,80.54,Nepal,NP,NPL,Sudūrpashchim,,8577,1524035219
Ban Ratchakrut,Ban Ratchakrut,9.7392,98.5988,Thailand,TH,THA,Ranong,,8569,1764197759
Na Yung,Na Yung,17.8975,102.1498,Thailand,TH,THA,Udon Thani,minor,8564,1764147446
Alfonso Castañeda,Alfonso Castaneda,15.7933,121.3025,Philippines,PH,PHL,Nueva Vizcaya,,8539,1608693079
Chak Thathi,Chak Thathi,30.3701,73.2215,Pakistan,PK,PAK,Punjab,,8535,1586011348
Ban Charoen Mueang,Ban Charoen Mueang,19.6075,99.7547,Thailand,TH,THA,Chiang Rai,,8534,1764029573
Ban Wat Phrik,Ban Wat Phrik,16.746,100.275,Thailand,TH,THA,Phitsanulok,,8533,1764677008
Hernani,Hernani,11.3239,125.6181,Philippines,PH,PHL,Eastern Samar,,8531,1608420046
San Isidro,San Isidro,9.9369,126.0886,Philippines,PH,PHL,Surigao del Norte,,8519,1608104521
Sen Monorom,Sen Monorom,12.4558,107.1881,Cambodia,KH,KHM,Mondolkiri,admin,7500,1116978997
Mae Hong Son,Mae Hong Son,19.3011,97.97,Thailand,TH,THA,Mae Hong Son,admin,7066,1764090874
Magugpo Poblacion,Magugpo Poblacion,7.3821,125.8017,Philippines,PH,PHL,Davao del Norte,,6726,1608255342
Punakha,Punakha,27.5833,89.8583,Bhutan,BT,BTN,Punakha,admin,6262,1064171188
Jakar,Jakar,27.55,90.7333,Bhutan,BT,BTN,Bumthang,admin,6243,1064194738
Samtse,Samtse,27.0333,89.0833,Bhutan,BT,BTN,Samtse,admin,4981,1064763429
Mongar,Mongar,27.275,91.24,Bhutan,BT,BTN,Mongar,admin,3502,1064208677
Nonthaburi,Nonthaburi,13.8667,100.5167,Thailand,TH,THA,Nonthaburi,admin,3418,1764667935
Trashigang,Trashigang,27.3326,91.5528,Bhutan,BT,BTN,Trashigang,admin,3037,1064123227
Trashi Yangtse,Trashi Yangtse,27.5833,91.4667,Bhutan,BT,BTN,Trashi Yangtse,admin,2735,1064210713
Trongsa,Trongsa,27.4994,90.5047,Bhutan,BT,BTN,Trongsa,admin,2695,1064630357
Paro,Paro,27.4333,89.4167,Bhutan,BT,BTN,Paro,admin,2362,1064216277
Zhemgang,Zhemgang,27.2134,90.655,Bhutan,BT,BTN,Zhemgang,admin,2332,1064512651
Sofifi,Sofifi,0.7244,127.5806,Indonesia,ID,IDN,Maluku Utara,admin,2000,1360431437
Pārūn,Parun,35.4167,70.9169,Afghanistan,AF,AFG,Nūristān,admin,1647,1004795942
Daga,Daga,27.0667,89.8833,Bhutan,BT,BTN,Dagana,admin,1146,1064785735
Buton,Buton,4.217,108.2,Indonesia,ID,IDN,Kepulauan Riau,,140,1360984658